9,Oct-99,1999,OCTOBER,10,0.815,0.000,,,,,,,,,,,,,,,,,,
10,Oct-99,1999,OCTOBER,10,1.056,0.000,0.935,0.000,0,-0.996419909858602,-0.996419909858602,,,graphs not updated for 2020-2024 data,,,,,,,,,-0.641497418972452,-0.641497418972452
9,Nov-99,1999,NOVEMBER,11,0.501,0.000,,,,,,,,,,,,,,,,,,
10,Nov-99,1999,NOVEMBER,11,0.606,0.000,0.554,0.000,0,-0.996419909858602,-1.9928398197172,,,,,,,,,,,,-0.719027181119837,-1.36052460009229
9,Dec-99,1999,DECEMBER,12,0.343,0.000,,,,,,,,,,,,,,,,,,
10,Dec-99,1999,DECEMBER,12,0.571,0.000,0.457,0.000,0,-0.996419909858602,-2.98925972957581,,,,,,,,,,,,-0.738674768562874,-2.09919936865516
9,Jan-00,2000,JANUARY,1,0.689,0.009,,,,,,,,,,,,,,,,,,
10,Jan-00,2000,JANUARY,1,1.349,0.012,1.019,0.011,0.0103134678901358,-0.0167933573421427,-3.00605308691795,,,,,,,,,,,,-0.624523843990075,-2.72372321264524
9,Feb-00,2000,FEBRUARY,2,4.912,0.014,,,,,,,,,,,,,,,,,,
10,Feb-00,2000,FEBRUARY,2,4.529,0.058,4.721,0.036,0.00765586914662472,-0.269225839103965,-3.27527892602191,,,,,,,,,,,,0.12692049072489,-2.59680272192035
9,Mar-00,2000,MARCH,3,0.854,0.013,,,,,,,,,,,,,,,,,,
10,Mar-00,2000,MARCH,3,1.856,0.013,1.355,0.013,0.00989418277484411,-0.0566192273976966,-3.33189815341961,,,,,,,,,,,,-0.556374602423952,-3.1531773243443
9,Apr-00,2000,APRIL,4,0.989,0.000,,,,,,,,,,,,,,,,,,
10,Apr-00,2000,APRIL,4,1.456,0.009,1.223,0.004,0.00367561666393454,-0.647290817760868,-3.97918897118048,,,,,,,,,,,,-0.583211293022209,-3.73638861736651
9,May-00,2000,MAY,5,2.061,0.000,,,,,,,,,,,,,,,,,,
10,May-00,2000,MAY,5,2.268,0.015,2.165,0.008,0.00350059047502895,-0.663915710945601,-4.64310468212608,,,,,,,,,,,,-0.391981833242919,-4.12837045060943
9,Jun-00,2000,JUNE,6,3.116,0.044,,,,,,,,,,,,,,,,,,
10,Jun-00,2000,JUNE,6,5.029,0.058,4.073,0.051,0.0125526702737705,0.195897672952791,-4.44720700917329,,,,,,,,,,,,-0.00461725501654203,-4.13298770562597
9,Jul-00,2000,JULY,7,5.816,0.027,,,,,,,,,,,,,,,,,,
10,Jul-00,2000,JULY,7,6.692,0.045,6.254,0.036,0.00575643529639174,-0.449643895790453,-4.89685090496374,,,,,,,,,,,,0.438280675050802,-3.69470703057517
9,Aug-00,2000,AUGUST,8,0.846,0.047,,,,,,,,,,,,,,,,,,
10,Aug-00,2000,AUGUST,8,3.577,0.152,2.211,0.099,0.044972511314638,3.27530194805336,-1.62154895691039,,,,,,,,,,,,-0.382459702749841,-4.07716673332501
9,Sep-00,2000,SEPTEMBER,9,1.206,0.000,,,,,,,,,,,,,,,,,,
10,Sep-00,2000,SEPTEMBER,9,1.800,0.034,1.503,0.017,0.0112916710267627,0.0761214387868196,-1.54542751812357,,,,,,,,,,,,-0.52619085851377,-4.60335759183878
9,Oct-00,2000,OCTOBER,10,0.440,0.000,,,,,,,,,,,,,,,,,,
10,Oct-00,2000,OCTOBER,10,1.562,0.000,1.001,0.000,0,-0.996419909858602,-2.54184742798217,,,,,,,,,,,,-0.628200326532663,-5.23155791837144
9,Nov-00,2000,NOVEMBER,11,0.395,0.000,,,,,,,,,,,,,,,,,,
10,Nov-00,2000,NOVEMBER,11,0.540,0.000,0.468,0.000,0,-0.996419909858602,-3.53826733784077,,,,,,,,,,,,-0.736475398038216,-5.96803331640966
9,Dec-00,2000,DECEMBER,12,3.302,0.016,,,,,,,,,,,,,,,,,,
10,Dec-00,2000,DECEMBER,12,3.391,0.012,3.347,0.014,0.00404039569854576,-0.612642217317923,-4.15090955515869,,,,,,,,,,,,-0.15202475359284,-6.1200580700025
9,Jan-01,2001,JANUARY,1,3.918,0.034,,,,,,,,,,,,,,,,,,
10,Jan-01,2001,JANUARY,1,3.824,0.041,3.871,0.038,0.00975846808268568,-0.0695101111839502,-4.22041966634264,,,,,,,,,,,,-0.0455504852058581,-6.16560855520836
9,Feb-01,2001,FEBRUARY,2,3.886,0.031,,,,,,,,,,,,,,,,,,
10,Feb-01,2001,FEBRUARY,2,2.356,0.028,3.121,0.030,0.00953538366418918,-0.0906998237171007,-4.31111949005974,,,,,,,,,,,,-0.19778195276504,-6.3633905079734
9,Mar-01,2001,MARCH,3,5.607,0.048,,,,,,,,,,,,,,,,,,
10,Mar-01,2001,MARCH,3,8.920,0.044,7.264,0.046,0.00631472936033617,-0.396614236419003,-4.70773372647875,,,,,,,,,,,,0.643194957791636,-5.72019555018176
9,Apr-01,2001,APRIL,4,0.823,0.000,,,,,,,,,,,,,,,,,,
10,Apr-01,2001,APRIL,4,1.609,0.000,1.216,0.000,0,-0.996419909858602,-5.70415363633735,,,,,,,,,,,,-0.584622312278512,-6.30481786246027
9,May-01,2001,MAY,5,0.283,0.000,,,,,,,,,,,,,,,,,,
10,May-01,2001,MAY,5,0.653,0.000,0.468,0.000,0,-0.996419909858602,-6.70057354619595,,,,,,,,,,,,-0.73633333091658,-7.04115119337685
9,Jun-01,2001,JUNE,6,1.663,0.008,,,,,,,,,,,,,,,,,,
10,Jun-01,2001,JUNE,6,3.569,0.079,2.616,0.043,0.0165566077047356,0.57621237056672,-6.12436117562923,,,,,,,,,,,,-0.300338949131531,-7.34149014250838
9,Jul-01,2001,JULY,7,4.999,0.266,,,,,,,,,,,,,,,,,,
10,Jul-01,2001,JULY,7,3.929,0.154,4.464,0.210,0.0469855185387236,3.46650779153184,-2.65785338409739,,,,,,,,,,,,0.0747263484218381,-7.26676379408654
9,Aug-01,2001,AUGUST,8,3.304,0.089,,,,,,,,,,,,,,,,,,
10,Aug-01,2001,AUGUST,8,1.665,0.069,2.485,0.079,0.0319019939403614,2.03379656777138,-0.624056816326013,,,,,,,,,,,,-0.32697710371882,-7.59374089780536
9,Sep-01,2001,SEPTEMBER,9,2.935,0.028,,,,,,,,,,,,,,,,,,
10,Sep-01,2001,SEPTEMBER,9,2.794,0.050,2.865,0.039,0.0135609327084853,0.291667656771351,-0.332389159554663,,,,,,,,,,,,-0.24987466444182,-7.84361556224718
9,Oct-01,2001,OCTOBER,10,0.472,0.000,,,,,,,,,,,,,,,,,,
10,Oct-01,2001,OCTOBER,10,1.211,0.009,0.842,0.005,0.00559486693264887,-0.464990495096835,-0.797379654651498,,,,,,,,,,,,-0.660532194352713,-8.5041477565999
9,Nov-01,2001,NOVEMBER,11,0.479,0.000,,,,,,,,,,,,,,,,,,
10,Nov-01,2001,NOVEMBER,11,0.310,0.000,0.394,0.000,0,-0.996419909858602,-1.7937995645101,,,,,,,,,,,,-0.751388669416531,-9.25553642601643
9,Dec-01,2001,DECEMBER,12,0.419,0.000,,,,,,,,,,,,,,,,,,
10,Dec-01,2001,DECEMBER,12,0.757,0.008,0.588,0.004,0.00680309480963447,-0.350226758748004,-2.1440263232581,,,,,,,,,,,,-0.712036333614945,-9.96757275963137
9,Jan-02,2002,JANUARY,1,1.148,0.006,,,,,,,,,,,,,,,,,,
10,Jan-02,2002,JANUARY,1,1.682,0.009,1.415,0.008,0.00551479227805762,-0.472596400177142,-2.61662272343525,,,,,,,,,,,,-0.544143722395697,-10.5117164820271
9,Feb-02,2002,FEBRUARY,2,0.713,0.011,,,,,,,,,,,,,,,,,,
10,Feb-02,2002,FEBRUARY,2,0.954,0.022,0.833,0.017,0.0199525951637671,0.898780833698506,-1.71784188973674,,,,,,,,,,,,-0.662237870266738,-11.1739543522938
9,Mar-02,2002,MARCH,3,1.348,0.000,,,,,,,,,,,,,,,,,,
10,Mar-02,2002,MARCH,3,1.289,0.012,1.318,0.006,0.00443685441909063,-0.57498451636227,-2.29282640609901,,,,,,,,,,,,-0.563755219459575,-11.7377095717534
9,Apr-02,2002,APRIL,4,0.858,0.000,,,,,,,,,,,,,,,,,,
10,Apr-02,2002,APRIL,4,1.103,0.014,0.980,0.007,0.00698966643047195,-0.332505220690642,-2.62533162678965,,,,,,,,,,,,-0.632377492482586,-12.370087064236
9,May-02,2002,MAY,5,1.940,,,,,,,,,,,,,,,,,,,
10,May-02,2002,MAY,5,2.434,,2.187,#DIV/0!,,,,,,,,,,,,,,,-0.387500905633077,-12.757587969869
9,Jun-02,2002,JUNE,6,5.315,,,,,,,,,,,,,,,,,,,
10,Jun-02,2002,JUNE,6,4.261,,4.788,#DIV/0!,,,,,,,,,,,,,,,0.140536165099905,-12.6170518047691
9,Jul-02,2002,JULY,7,10.683,,,,,,,,,,,,,,,,,,,
10,Jul-02,2002,JULY,7,8.476,,9.580,#DIV/0!,,,,,,,,,,,,,,,1.11336908552229,-11.5036827192469
9,Aug-02,2002,AUGUST,8,7.968,,,,,,,,,,,,,,,,,,,
10,Aug-02,2002,AUGUST,8,4.655,,6.311,#DIV/0!,,,,,,,,,,,,,,,0.449875662042225,-11.0538070572046
9,Sep-02,2002,SEPTEMBER,9,1.909,,,,,,,,,,,,,,,,,,,
10,Sep-02,2002,SEPTEMBER,9,1.782,,1.845,#DIV/0!,,,,,,,,,,,,,,,-0.456826549375327,-11.51063360658
9,Oct-02,2002,OCTOBER,10,1.293,0.006,,,,,,,,,,,,,,,,,,
10,Oct-02,2002,OCTOBER,10,2.499,0.011,1.896,0.008,0.00435052823400062,-0.58318422416109,-3.20851585095074,,,,,,,,,,,,-0.446476112903237,-11.9571097194832
9,Nov-02,2002,NOVEMBER,11,1.087,0.004,,,,,,,,,,,,,,,,,,
10,Nov-02,2002,NOVEMBER,11,1.077,0.007,1.082,0.006,0.00536293720733524,-0.487020380646039,-3.69553623159678,,,,,,,,,,,,-0.611802559690527,-12.5689122791737
9,Dec-02,2002,DECEMBER,12,2.589,0.010,,,,,,,,,,,,,,,,,,
10,Dec-02,2002,DECEMBER,12,2.842,0.012,2.716,0.011,0.00409336245879006,-0.607611160326343,-4.30314739192312,,,,,,,,,,,,-0.280111007438596,-12.8490232866123
9,Jan-03,2003,JANUARY,1,3.126,0.020,,,,,,,,,,,,,,,,,,
10,Jan-03,2003,JANUARY,1,3.298,0.024,3.212,0.022,0.00683738885966044,-0.346969332404446,-4.65011672432757,,,,,,,,,,,,-0.179295209433942,-13.0283184960463
9,Feb-03,2003,FEBRUARY,2,3.171,0.013,,,,,,,,,,,,,,,,,,
10,Feb-03,2003,FEBRUARY,2,4.037,0.022,3.604,0.018,0.00490565402852341,-0.530455503415137,-5.18057222774271,,,,,,,,,,,,-0.0997738654999086,-13.1280923615462
9,Mar-03,2003,MARCH,3,5.039,0.032,,,,,,,,,,,,,,,,,,
10,Mar-03,2003,MARCH,3,7.641,0.043,6.340,0.038,0.0059631700536897,-0.430007158687618,-5.61057938643033,,,,,,,,,,,,0.455694493755853,-12.6723978677903
9,Apr-03,2003,APRIL,4,12.053,0.053,,,,,,,,,,,,,,,,,,
10,Apr-03,2003,APRIL,4,13.397,0.076,12.725,0.064,0.00505137571944918,-0.516614103099632,-6.12719348952996,,,,,,,,,,,,1.75192180740444,-10.9204760603859
9,May-03,2003,MAY,5,1.848,0.029,,,,,,,,,,,,,,,,,,
10,May-03,2003,MAY,5,4.152,0.031,3.000,0.030,0.0100908227894123,-0.0379413411997431,-6.1651348307297,,,,,,,,,,,,-0.222395491677443,-11.1428715520633
9,Jun-03,2003,JUNE,6,25.687,0.255,,,,,,,,,,,,,,,,,,
10,Jun-03,2003,JUNE,6,23.762,0.247,24.724,0.251,0.0101451495588532,-0.0327811034966063,-6.19791593422631,,,,,,,,,,,,4.1878429066184,-6.95502864544492
9,Jul-03,2003,JULY,7,17.656,0.492,,,,,,,,,,,,,,,,,,
10,Jul-03,2003,JULY,7,16.888,0.527,17.272,0.509,0.0294818242755004,1.80391632859787,-4.39399960562844,,,,,,,,,,,,2.67490169093005,-4.28012695451487
9,Aug-03,2003,AUGUST,8,24.114,0.621,,,,,,,,,,,,,,,,,,
10,Aug-03,2003,AUGUST,8,18.958,0.562,21.536,0.592,0.0274698879901475,1.61281220842234,-2.7811873972061,,,,,,,,,,,,3.54053455209729,-0.739592402417584
9,Sep-03,2003,SEPTEMBER,9,13.356,0.148,,,,,,,,,,,,,,,,,,
10,Sep-03,2003,SEPTEMBER,9,11.568,0.087,12.462,0.118,0.0094445862250323,-0.0993242343659819,-2.88051163157209,,,,,,,,,,,,1.69850472278685,0.958912320369265
9,Oct-03,2003,OCTOBER,10,1.773,0.011,,,,,,,,,,,,,,,,,,
10,Oct-03,2003,OCTOBER,10,2.172,0.019,1.973,0.015,0.00747115293476767,-0.286771140814604,-3.16728277238669,,,,,,,,,,,,-0.430908223541752,0.528004096827514
9,Nov-03,2003,NOVEMBER,11,0.869,0.009,,,,,,,,,,,,,,,,,,
10,Nov-03,2003,NOVEMBER,11,1.308,0.016,1.089,0.012,0.0114492422721812,0.0910883711096191,-3.07619440127707,,,,,,,,,,,,-0.610397031145238,-0.0823929343177242
9,Dec-03,2003,DECEMBER,12,3.505,0.018,,,,,,,,,,,,,,,,,,
10,Dec-03,2003,DECEMBER,12,4.654,0.025,4.080,0.022,0.00529495691383176,-0.493477500721777,-3.56967190199885,,,,,,,,,,,,-0.00323297502253644,-0.0856259093402607
9,Jan-04,2004,JANUARY,1,5.776,0.014,,,,,,,,,,,,,,,,,,
10,Jan-04,2004,JANUARY,1,5.898,0.015,5.837,0.014,0.00244067856876515,-0.764591628858474,-4.33426353085732,,,,,,,,,,,,0.353552162525534,0.267926253185273
9,Feb-04,2004,FEBRUARY,2,13.942,0.036,,,,,,,,,,,,,,,,,,
10,Feb-04,2004,FEBRUARY,2,27.691,0.075,20.817,0.055,0.0026599715472518,-0.743762046918202,-5.07802557777552,,,,,,,,,,,,3.39454912650033,3.66247537968561
9,Mar-04,2004,MARCH,3,10.276,0.051,,,,,,,,,,,,,,,,,,
10,Mar-04,2004,MARCH,3,9.898,0.074,10.087,0.063,0.00619969935479147,-0.4075403816272,-5.48556595940272,,,,,,,,,,,,1.21637332417948,4.87884870386509
9,Apr-04,2004,APRIL,4,1.617,0.016,,,,,,,,,,,,,,,,,,
10,Apr-04,2004,APRIL,4,1.271,0.018,1.444,0.017,0.0117677633576121,0.121343152154023,-5.3642228072487,,,,,,,,,,,,-0.538268576311195,4.34058012755389
9,May-04,2004,MAY,5,2.191,0.013,,,,,,,,,,,,,,,,,,
10,May-04,2004,MAY,5,2.065,0.008,2.128,0.011,0.00501858349250914,-0.519728878514536,-5.88395168576324,,,,,,,,,,,,-0.399401507554576,3.94117861999932
9,Jun-04,2004,JUNE,6,26.335,1.042,,,,,,,,,,,,,,,,,,
10,Jun-04,2004,JUNE,6,21.082,0.431,23.708,0.736,0.0310516123966526,1.95302292801594,-3.93092875774729,,,,,,,,,,,,3.98152411751399,7.9227027375133
9,Jul-04,2004,JULY,7,14.373,0.532,,,,,,,,,,,,,,,,,,
10,Jul-04,2004,JULY,7,11.047,0.588,12.710,0.560,0.0440501517791833,3.18769146615499,-0.743237291592308,,,,,,,,,,,,1.74880028306843,9.67150302058173
9,Aug-04,2004,AUGUST,8,20.988,0.450,,,,,,,,,,,,,,,,,,
10,Aug-04,2004,AUGUST,8,21.952,0.429,21.470,0.439,0.020454762304078,0.946479267405786,0.203241975813478,,,,,,,,,,,,3.52722447594246,13.1987274965242
9,Sep-04,2004,SEPTEMBER,9,3.903,0.070,,,,,,,,,,,,,,,,,,
10,Sep-04,2004,SEPTEMBER,9,3.912,0.105,3.907,0.087,0.0223136018846391,1.12304147028304,1.32628344609652,,,,,,,,,,,,-0.0381705125315112,13.1605569839927
9,Oct-04,2004,OCTOBER,10,1.806,0.017,,,,,,,,,,,,,,,,,,
10,Oct-04,2004,OCTOBER,10,1.280,0.010,1.543,0.013,0.00857977766709695,-0.181468226592614,1.14481521950391,,,,,,,,,,,,-0.518136353215524,12.6424206307772
9,Nov-04,2004,NOVEMBER,11,1.703,0.008,,,,,,,,,,,,,,,,,,
10,Nov-04,2004,NOVEMBER,11,1.307,0.000,1.505,0.004,0.00251873089312753,-0.757177815168885,0.387637404335021,,,,,,,,,,,,-0.525855701639573,12.1165649291376
9,Dec-04,2004,DECEMBER,12,3.148,0.025,,,,,,,,,,,,,,,,,,
10,Dec-04,2004,DECEMBER,12,2.372,0.020,2.760,0.022,0.00798525134327352,-0.23793941350972,0.149697990825301,,,,,,,,,,,,-0.271100963070718,11.8454639660669
9,Jan-05,2005,JANUARY,1,4.342,0.013,,,,,,,,,,,,,,,,,,
10,Jan-05,2005,JANUARY,1,2.039,0.007,3.190,0.010,0.00313791779766074,-0.698364238677185,-0.548666247851883,,,,,,,,,,,,-0.183708397572528,11.6617555684943
9,Feb-05,2005,FEBRUARY,2,4.792,0.021,,,,,,,,,,,,,,,,,,
10,Feb-05,2005,FEBRUARY,2,5.613,0.032,5.202,0.027,0.00511986302521641,-0.510108824375289,-1.05877507222717,,,,,,,,,,,,0.224657822009057,11.8864133905034
9,Mar-05,2005,MARCH,3,3.039,0.020,,,,,,,,,,,,,,,,,,
10,Mar-05,2005,MARCH,3,2.036,0.016,2.537,0.018,0.00701810572626718,-0.329803909202337,-1.38857898142951,,,,,,,,,,,,-0.31631472456984,11.5700986659336
9,Apr-05,2005,APRIL,4,3.697,0.032,,,,,,,,,,,,,,,,,,
10,Apr-05,2005,APRIL,4,3.004,0.025,3.350,0.029,0.00858591416604187,-0.180885350166375,-1.56946433159588,,,,,,,,,,,,-0.151262773328647,11.4188358926049
9,May-05,2005,MAY,5,6.005,0.013,,,,,,,,,,,,,,,,,,
10,May-05,2005,MAY,5,4.002,0.022,5.004,0.017,0.00343363018239742,-0.670275946060005,-2.23974027765589,,,,,,,,,,,,0.184372060062697,11.6032079526676
9,Jun-05,2005,JUNE,6,15.885,0.375,,,,,,,,,,,,,,,,,,
10,Jun-05,2005,JUNE,6,6.559,0.233,11.222,0.304,0.0270849370717317,1.57624757806591,-0.663492699589984,,,,,,,,,,,,1.44674182397282,13.0499497766404
9,Jul-05,2005,JULY,7,15.474,0.708,,,,,,,,,,,,,,,,,,
10,Jul-05,2005,JULY,7,17.421,0.704,16.448,0.706,0.0429276001880147,3.08106570680879,2.4175730072188,,,,,,,,,,,,2.50758533469964,15.5575351113401
9,Aug-05,2005,AUGUST,8,23.905,1.804,,,,,,,,,,,,,,,,,,
10,Aug-05,2005,AUGUST,8,39.265,2.417,31.585,2.110,0.0668173927124126,5.35024183071886,7.76781483793767,,,,,,,,,,,,5.5804798035036,21.1380149148437
9,Sep-05,2005,SEPTEMBER,9,20.783,0.630,,,,,,,,,,,,,,,,,,
10,Sep-05,2005,SEPTEMBER,9,17.379,0.618,19.081,0.624,0.0327098100987847,2.11052712695605,9.87834196489372,,,,,,,,,,,,3.04219056074415,24.1802054755878
9,Oct-05,2005,OCTOBER,10,3.851,0.035,,,,,,,,,,,,,,,,,,
10,Oct-05,2005,OCTOBER,10,3.902,0.033,3.876,0.034,0.00875857798875187,-0.164484846748171,9.71385711814555,,,,,,,,,,,,-0.0445043368794485,24.1357011387084
9,Nov-05,2005,NOVEMBER,11,0.923,0.000,,,,,,,,,,,,,,,,,,
10,Nov-05,2005,NOVEMBER,11,1.599,0.005,1.261,0.002,0.001863378662332,-0.819426561504949,8.8944305566406,,,,,,,,,,,,-0.575378290760008,23.5603228479484
9,Dec-05,2005,DECEMBER,12,1.649,0.005,,,,,,,,,,,,,,,,,,
10,Dec-05,2005,DECEMBER,12,2.767,0.006,2.208,0.005,0.0023549124833005,-0.772738135496355,8.12169242114424,,,,,,,,,,,,-0.383130481224859,23.1771923667235
9,Jan-06,2006,JANUARY,1,4.621,0.034,,,,,,,,,,,,,,,,,,
10,Jan-06,2006,JANUARY,1,3.340,0.029,3.980,0.031,0.00788855531409765,-0.247124102763874,7.87456831838037,,,,,,,,,,,,-0.023340837255331,23.1538515294682
9,Feb-06,2006,February,2,2.934,0.039,,,,,,,,,,,,,,,,,,
10,Feb-06,2006,February,2,6.067,0.036,4.501,0.037,0.0083101877569159,-0.207075271392403,7.66749304698797,,,,,,,,,,,,0.0822330522364894,23.2360845817047
9,Mar-06,2006,March,3,0.813,0.011,,,,,,,,,,,,,,,,,,
10,Mar-06,2006,March,3,1.302,0.019,1.057,0.015,0.0139499692627796,0.328620361966726,7.99611340895469,,,,,,,,,,,,-0.616751156212239,22.6193334254924
9,Apr-06,2006,April,4,1.154,0.018,,,,,,,,,,,,,,,,,,
10,Apr-06,2006,April,4,0.942,0.018,1.048,0.018,0.0173153978248426,0.648286182921813,8.64439959187651,,,,,,,,,,,,-0.618608672006586,22.0007247534858
9,May-06,2006,May,5,1.729,0.016,,,,,,,,,,,,,,,,,,
10,May-06,2006,May,5,4.934,0.035,3.331,0.025,0.00757928229449639,-0.276500454656927,8.36789913721958,,,,,,,,,,,,-0.155092503980053,21.8456322495058
9,Jun-06,2006,June,6,14.876,0.364,,,,,,,,,,,,,,,,,,
10,Jun-06,2006,June,6,18.332,0.552,16.604,0.458,0.0275904851673287,1.62426715240274,9.99216628962232,,,,,,,,,,,,2.53923923090003,24.3848714804058
9,Jul-06,2006,July,7,15.461,0.690,,,,,,,,,,,,,,,,,,
10,Jul-06,2006,July,7,15.345,0.854,15.403,0.772,0.0501439687326532,3.76651373596626,13.7586800255886,,,,,,,,,,,,2.29544789566164,26.6803193760675
9,Aug-06,2006,August,8,15.323,0.481,,,,,,,,,,,,,,,,,,
10,Aug-06,2006,August,8,10.604,0.625,12.963,0.553,0.0426364064151322,3.05340661532939,16.812086640918,,,,,,,,,,,,1.80020170373823,28.4805210798057
9,Sep-06,2006,Septemeber,9,9.823,0.083,,,,,,,,,,,,,,,,,,
10,Sep-06,2006,Septemeber,9,5.909,0.054,7.866,0.068,0.0086892404701216,-0.171070883090107,16.6410157578279,,,,,,,,,,,,0.76546390269163,29.2459849824973
9,Oct-06,2006,October,10,1.724,0.019,,,,,,,,,,,,,,,,,,
10,Oct-06,2006,October,10,1.370,0.008,1.547,0.014,0.00872656755009696,-0.167525363865992,16.4734903939619,,,,,,,,,,,,-0.517348685315845,28.7286362971815
9,Nov-06,2006,November,11,1.140,0.011,,,,,,,,,,,,,,,,,,
10,Nov-06,2006,November,11,0.896,0.008,1.018,0.010,0.00933202357563851,-0.110016017318371,16.3634743766435,,,,,,,,,,,,-0.624739489163884,28.1038968080176
9,Dec-06,2006,December,12,2.003,0.049,,,,,,,,,,,,,,,,,,
10,Dec-06,2006,December,12,0.763,0.020,1.383,0.035,0.0249457700650759,1.37305842556062,17.7365328022041,,,,,,,,,,,,-0.550641864580643,27.5532549434369
9,Jan-07,2007,January,1,0.985,0.006,,,,,,,,,,,,,,,,,,
10,Jan-07,2007,January,1,2.019,0.013,1.502,0.010,0.00632490013315579,-0.395648163782733,17.3408846384214,,,,,,,,,,,,-0.526484008894601,27.0267709345423
9,Feb-07,2007,February,2,6.253,0.015,,,,,,,,,,,,,,,,,,
10,Feb-07,2007,February,2,5.253,0.018,5.753,0.017,0.00286806883365201,-0.723995889750132,16.6168887486712,,,,,,,,,,,,0.336499558511857,27.3632704930542
9,Mar-07,2007,March,3,1.662,0.024,,,,,,,,,,,,,,,,,,
10,Mar-07,2007,March,3,3.250,0.032,2.456,0.028,0.011400651465798,0.0864729648613861,16.7033617135326,,,,,,,,,,,,-0.332815149024979,27.0304553440292
9,Apr-07,2007,April,4,1.630,0.001,,,,,,,,,,,,,,,,,,
10,Apr-07,2007,April,4,1.372,0.004,1.501,0.002,0.00166552298467688,-0.83821991767397,15.8651417958587,,,,,,,,,,,,-0.526687016085239,26.503768327944
9,May-07,2007,May,5,10.595,0.076,,,,,,,,,,,,,,,,,,
10,May-07,2007,May,5,10.764,0.097,10.680,0.087,0.00809963013249684,-0.22707512419778,15.6380666716609,,,,,,,,,,,,1.33661448319497,27.8403828111389
9,Jun-07,2007,June,6,25.084,0.111,,,,,,,,,,,,,,,,,,
10,Jun-07,2007,June,6,17.117,0.069,21.101,0.090,0.00426530177010023,-0.59127947475025,15.0467871969106,,,,,,,,,,,,3.45215241684416,31.2925352279831
9,Jul-07,2007,July,7,18.766,0.273,,,,,,,,,,,,,,,,,,
10,Jul-07,2007,July,7,18.003,0.315,18.385,0.294,0.0159917321656831,0.522557568630292,15.5693447655409,,,,,,,,,,,,2.90078488706859,34.1933201150517
9,Aug-07,2007,August,8,10.600,0.217,,,,,,,,,,,,,,,,,,
10,Aug-07,2007,August,8,11.553,0.146,11.077,0.182,0.0163860425224575,0.560011206877219,16.1293559724181,,,,,,,,,,,,1.41720833787866,35.6105284529303
9,Sep-07,2007,September,9,13.128,0.209,,,,,,,,,,,,,,,,,,
10,Sep-07,2007,September,9,8.681,0.328,10.905,0.269,0.0246228621211427,1.34238695799363,17.4717429304118,,,,,,,,,,,,1.38229110108875,36.9928195540191
9,Oct-07,2007,October,10,1.598,0.027,,,,,,,,,,,,,,,,,,
10,Oct-07,2007,October,10,1.010,0.024,1.304,0.026,0.0195552147239264,0.861035583074226,18.332778513486,,,,,,,,,,,,-0.566679432641126,36.426140121378
9,Nov-07,2007,November,11,1.105,0.005,,,,,,,,,,,,,,,,,,
10,Nov-07,2007,November,11,1.290,0.001,1.198,0.003,0.00250517745302714,-0.758465191048824,17.5743133224372,,,,,,,,,,,,-0.588299698444181,35.8378404229338
9,Dec-07,2007,December,12,2.456,0.011,,,,,,,,,,,,,,,,,,
10,Dec-07,2007,December,12,2.827,0.029,2.642,0.020,0.00757145561234147,-0.277243873431169,17.297069449006,,,,,,,,,,,,-0.295157315161442,35.5426831077724
9,Jan-08,2008,January,1,1.515,0.037,,,,,,,,,,,,,,,,,,
10,Jan-08,2008,January,1,1.718,0.017,1.617,0.027,0.0167027528611197,0.590093993822894,17.8871634428289,,,,,,,,,,,,-0.503239685566433,35.0394434222059
9,Feb-08,2008,February,2,1.886,0.007,,,,,,,,,,,,,,,,,,
10,Feb-08,2008,February,2,1.662,0.016,1.774,0.012,0.00648252536640361,-0.380676103416515,17.5064873394124,,,,,,,,,,,,-0.471266053040788,34.5681773691651
9,Mar-08,2008,March,3,1.875,0.014,,,,,,,,,,,,,,,,,,
10,Mar-08,2008,March,3,1.525,0.018,1.700,0.016,0.00941176470588235,-0.102441792106571,17.4040455473058,,,,,,,,,,,,-0.486288585148075,34.0818887840171
9,Apr-08,2008,April,4,1.222,0.009,,,,,,,,,,,,,,,,,,
10,Apr-08,2008,April,4,1.135,0.007,1.179,0.008,0.00678829019940602,-0.351632977241525,17.0524125700643,,,,,,,,,,,,-0.592156835066322,33.4897319489507
9,May-08,2008,May,5,3.517,0.012,,,,,,,,,,,,,,,,,,
10,May-08,2008,May,5,3.001,0.015,3.259,0.014,0.00414237496164468,-0.602955699164963,16.4494568708993,,,,,,,,,,,,-0.169800374941849,33.3199315740089
9,Jun-08,2008,June,6,10.605,0.145,,,,,,,,,,,,,,,,,,
10,Jun-08,2008,June,6,4.043,0.085,7.324,0.115,0.0157018022938285,0.495018529011226,16.9444753999106,,,,,,,,,,,,0.655423855005751,33.9753554290146
9,Jul-08,2008,July,7,10.544,0.066,,,,,,,,,,,,,,,,,,
10,Jul-08,2008,July,7,4.607,0.071,7.576,0.069,0.00904230743845291,-0.1375347553125,16.8069406445981,,,,,,,,,,,,0.706480163451464,34.6818355924661
9,Aug-08,2008,August,8,10.703,0.059,,,,,,,,,,,,,,,,,,
10,Aug-08,2008,August,8,8.690,0.354,9.697,0.207,0.0212963440416645,1.02641705603663,17.8333577006347,,,,,,,,,,,,1.13705841479682,35.8188940072629
9,Sep-08,2008,September,9,1.730,0.018,,,,,,,,,,,,,,,,,,
10,Sep-08,2008,September,9,1.797,0.026,1.764,0.022,0.0124751913807769,0.188538326742119,18.0218960273768,,,,,,,,,,,,-0.473397628542498,35.3454963787204
9,Oct-08,2008,October,10,3.992,0.092,,,,,,,,,,,,,,,,,,
10,Oct-08,2008,October,10,1.312,0.017,2.652,0.055,0.0205505279034691,0.955575579623997,18.9774716070008,,,,,,,,,,,,-0.293025739659732,35.0524706390607
9,Nov-08,2008,November,11,0.627,0.004,,,,,,,,,,,,,,,,,,
10,Nov-08,2008,November,11,0.772,0.004,0.700,0.004,0.00571837026447463,-0.453259509508905,18.5242120974919,,,,,,,,,,,,-0.689397279382411,34.3630733596783
9,Dec-08,2008,December,12,1.215,0.001,,,,,,,,,,,,,,,,,,
10,Dec-08,2008,December,12,4.312,0.058,2.764,0.029,0.0106748507327664,0.0175326552111538,18.541744752703,,,,,,,,,,,,-0.270390437903482,34.0926829217748
9,Jan-09,2009,January,1,2.718,0.001,,,,,,,,,,,,,,,,,,
10,Jan-09,2009,January,1,2.084,0.001,2.401,0.001,0.000416451478550604,-0.95686319328482,17.5848815594182,,,,,,,,,,,,-0.343980544510125,33.7487023772647
9,Feb-09,2009,February,2,2.077,0.014,,,,,,,,,,,,,,,,,,
10,Feb-09,2009,February,2,1.731,0.017,1.904,0.016,0.00814075630252101,-0.223168747740495,17.3617128116777,,,,,,,,,,,,-0.444875118257716,33.303827259007
9,Mar-09,2009,March,3,3.859,0.011,,,,,,,,,,,,,,,,,,
10,Mar-09,2009,March,3,3.526,0.013,3.693,0.012,0.0032498307379824,-0.687734168454719,16.673978643223,,,,,,,,,,,,-0.0817967577998357,33.2220305012071
9,Apr-09,2009,April,4,0.665,0.006,,,,,,,,,,,,,,,,,,
10,Apr-09,2009,April,4,0.528,0.007,0.597,0.007,0.010896898575021,0.0386239083685499,16.7126025515916,,,,,,,,,,,,-0.710307020018229,32.5117234811889
9,May-09,2009,May,5,0.596,0.001,,,,,,,,,,,,,,,,,,
10,May-09,2009,May,5,0.852,0.004,0.724,0.002,0.00345296961325967,-0.668438986834938,16.0441635647566,,,,,,,,,,,,-0.684423603211755,31.8272998779771
9,Jun-09,2009,June,6,3.119,0.029,,,,,,,,,,,,,,,,,,
10,Jun-09,2009,June,6,2.516,0.026,2.818,0.028,0.00976042590949423,-0.0693241466618978,15.9748394180947,,,,,,,,,,,,-0.259428049608975,31.5678718283682
9,Jul-09,2009,July,7,4.570,0.031,,,,,,,,,,,,,,,,,,
10,Jul-09,2009,July,7,3.239,0.026,3.905,0.029,0.0072992700729927,-0.303097464521717,15.671741953573,,,,,,,,,,,,-0.0387592333843643,31.5291125949838
9,Aug-09,2009,August,8,5.719,0.108,,,,,,,,,,,,,,,,,,
10,Aug-09,2009,August,8,13.336,0.333,9.528,0.221,0.023143531881396,1.201872516272,16.873614469845,,,,,,,,,,,,1.10275019957882,32.6318627945626
9,Sep-09,2009,September,9,3.095,0.024,,,,,,,,,,,,,,,,,,
10,Sep-09,2009,September,9,3.554,0.036,3.325,0.030,0.00902391337043164,-0.139281919082667,16.7343325507623,,,,,,,,,,,,-0.156503403954994,32.4753593906076
9,Oct-09,2009,October,10,0.786,0.001,,,,,,,,,,,,,,,,,,
10,Oct-09,2009,October,10,1.147,0.001,0.967,0.001,0.00103455768235903,-0.898152267340597,15.8361802834217,,,,,,,,,,,,-0.635194359481794,31.8401650311258
9,Nov-09,2009,November,11,1.613,0.014,,,,,,,,,,,,,,,,,,
10,Nov-09,2009,November,11,1.095,0.015,1.354,0.015,0.0107090103397341,0.0207773114572929,15.856957594879,,,,,,,,,,,,-0.556529073109175,31.2836359580167
9,Dec-09,2009,December,12,1.868,0.009,,,,,,,,,,,,,,,,,,
10,Dec-09,2009,December,12,1.395,0.012,1.632,0.011,0.00643579528041679,-0.385114768812259,15.4718428260668,,,,,,,,,,,,-0.500194577706848,30.7834413803098
9,Jan-10,2010,January,1,9.447,0.018,,,,,,,,,,,,,,,,,,
10,Jan-10,2010,January,1,7.715,0.023,8.581,0.020,0.00237644942314416,-0.7706924454961,14.7011503805707,,,,,,,,,,,,0.910603893638994,31.6940452739488
9,Feb-10,2010,February,2,5.395,0.033,,,,,,,,,,,,,,,,,,
10,Feb-10,2010,February,2,3.267,0.032,4.331,0.032,0.00750326137150774,-0.283721315331514,14.4174290652392,,,,,,,,,,,,0.0478233334231759,31.741868607372
9,Mar-10,2010,March,3,9.594,0.158,,,,,,,,,,,,,,,,,,
10,Mar-10,2010,March,3,8.558,0.173,9.076,0.166,0.0182486158550022,0.736928060840088,15.1543571260793,,,,,,,,,,,,1.01109245300531,32.7529610603773
9,Apr-10,2010,April,4,2.259,0.011,,,,,,,,,,,,,,,,,,
10,Apr-10,2010,April,4,2.421,0.007,2.340,0.009,0.0037607905982906,-0.63920055669967,14.5151565693796,,,,,,,,,,,,-0.356363983139105,32.3965970772382
9,May-10,2010,May,5,2.922,0.013,,,,,,,,,,,,,,,,,,
10,May-10,2010,May,5,3.617,0.037,3.270,0.025,0.00772298898914207,-0.262850449115733,14.2523061202638,,,,,,,,,,,,-0.16766879944014,32.2289282777981
9,Jun-10,2010,June,6,7.138,0.102,,,,,,,,,,,,,,,,,,
10,Jun-10,2010,June,6,9.115,0.129,8.127,0.116,0.0142140066449271,0.353699998919493,14.6060061191833,,,,,,,,,,,,0.818337125493561,33.0472654032916
9,Jul-10,2010,July,7,6.094,0.039,,,,,,,,,,,,,,,,,,
10,Jul-10,2010,July,7,12.361,0.153,9.228,0.096,0.0104032105120564,-0.00826913869306032,14.5977369804903,,,,,,,,,,,,1.04184804238712,34.0891134456787
9,Aug-10,2010,August,8,4.220,0.029,,,,,,,,,,,,,,,,,,
10,Aug-10,2010,August,8,8.138,0.296,6.179,0.162,0.0262701893510277,1.4988586232249,16.0965956037152,,,,,,,,,,,,0.422980621724078,34.5120940674028
9,Sep-10,2010,September,9,2.308,0.016,,,,,,,,,,,,,,,,,,
10,Sep-10,2010,September,9,1.877,0.023,2.093,0.019,0.00917780764635603,-0.124664244350774,15.9719313593644,,,,,,,,,,,,-0.406608262822261,34.1054858045805
9,Oct-10,2010,October,10,1.004,0.000,,,,,,,,,,,,,,,,,,
10,Oct-10,2010,October,10,0.586,0.000,0.795,0.000,0,-0.996419909858602,14.9755114495058,,,,,,,,,,,,-0.670010092676385,33.4354757119042
9,Nov-10,2010,November,11,0.454,0.000,,,,,,,,,,,,,,,,,,
10,Nov-10,2010,November,11,1.268,0.000,0.861,0.000,0,-0.996419909858602,13.9790915396472,,,,,,,,,,,,-0.65661161809421,32.77886409381
9,Dec-10,2010,December,12,4.319,0.158,,,,,,,,,,,,,,,,,,
10,Dec-10,2010,December,12,0.813,0.000,2.566,0.079,0.0308845479345284,1.93715428084293,15.9162458204901,,,,,,,,,,,,-0.310484358054687,32.4683797357553
9,Jan-11,2011,January,1,4.494,0.024,,,,,,,,,,,,,,,,,,
10,Jan-11,2011,January,1,5.173,0.028,4.834,0.026,0.00536654339505534,-0.486677846274322,15.4295679742158,,,,,,,,,,,,0.149834446719282,32.6182141824745
9,Feb-11,2011,February,2,5.968,0.015,,,,,,,,,,,,,,,,,,
10,Feb-11,2011,February,2,7.669,0.031,6.819,0.023,0.0033490045464545,-0.678314126900474,14.7512538473153,,,,,,,,,,,,0.552803720137729,33.1710179026123
9,Mar-11,2011,March,3,3.025,0.012,,,,,,,,,,,,,,,,,,
10,Mar-11,2011,March,3,6.466,0.035,4.746,0.024,0.00500813928985355,-0.52072092293163,14.2305329243837,,,,,,,,,,,,0.131969813943048,33.3029877165553
9,Apr-11,2011,April,4,0.822,0.000,,,,,,,,,,,,,,,,,,
10,Apr-11,2011,April,4,1.183,0.004,1.003,0.002,0.00203428927680798,-0.803192586877684,13.427340337506,,,,,,,,,,,,-0.627886100618789,32.6751016159365
9,May-11,2011,May,5,4.089,0.000,,,,,,,,,,,,,,,,,,
10,May-11,2011,May,5,2.357,0.014,3.223,0.007,0.00210981616506361,-0.796018652178676,12.6313216853273,,,,,,,,,,,,-0.177108633804854,32.4979929821317
9,Jun-11,2011,June,6,2.949,0.076,,,,,,,,,,,,,,,,,,
10,Jun-11,2011,June,6,3.826,0.122,3.388,0.099,0.0292258118081181,1.77959893957852,14.4109206249059,,,,,,,,,,,,-0.143713950944736,32.354279031187
9,Jul-11,2011,July,7,12.976,0.110,,,,,,,,,,,,,,,,,,
10,Jul-11,2011,July,7,10.025,0.449,11.501,0.280,0.0243062475544542,1.31231326796564,15.7232338928715,,,,,,,,,,,,1.5032833867096,33.8575624178966
9,Aug-11,2011,August,8,4.316,0.070,,,,,,,,,,,,,,,,,,
10,Aug-11,2011,August,8,6.459,0.237,5.388,0.153,0.0284623549883991,1.70708185994406,17.4303157528156,,,,,,,,,,,,0.262300430333296,34.1198628482299
9,Sep-11,2011,September,9,1.679,0.031,,,,,,,,,,,,,,,,,,
10,Sep-11,2011,September,9,2.711,0.128,2.195,0.079,0.0361380410022779,2.436158239303,19.8664739921186,,,,,,,,,,,,-0.385800025781762,33.7340628224481
9,Oct-11,2011,October,10,1.693,0.047,,,,,,,,,,,,,,,,,,
10,Oct-11,2011,October,10,1.528,0.034,1.611,0.041,0.0252082427817448,1.39798944248907,21.2644634346076,,,,,,,,,,,,-0.504457728710267,33.2296050937378
9,Nov-11,2011,November,11,0.927,0.000,,,,,,,,,,,,,,,,,,
10,Nov-11,2011,November,11,0.666,0.000,0.797,0.000,0,-0.996419909858602,20.268043524749,,,,,,,,,,,,-0.669705581890426,32.5598995118474
9,Dec-11,2011,December,12,0.368,0.000,,,,,,,,,,,,,,,,,,
10,Dec-11,2011,December,12,0.413,0.000,0.391,0.000,0,-0.996419909858602,19.2716236148904,,,,,,,,,,,,-0.752126501289867,31.8077730105575
9,Jan-12,2012,January,1,1.243,0.010,,,,,,,,,,,,,,,,,,
10,Jan-12,2012,January,1,1.210,0.009,1.227,0.009,0.00735268039135752,-0.298024276084433,18.973599338806,,,,,,,,,,,,-0.582412489915649,31.2253605206419
9,Feb-12,2012,February,2,1.022,0.008,,,,,,,,,,,,,,,,,,
10,Feb-12,2012,February,2,2.654,0.039,1.838,0.023,0.012635133297062,0.203730437652084,19.1773297764581,,,,,,,,,,,,-0.458273592839891,30.767086927802
9,Mar-12,2012,March,3,0.807,0.012,,,,,,,,,,,,,,,,,,
10,Mar-12,2012,March,3,1.095,0.016,0.951,0.014,0.0146980152471083,0.399673640704579,19.5770034171627,,,,,,,,,,,,-0.638340970936698,30.1287459568653
9,Apr-12,2012,April,4,1.558,0.023,,,,,,,,,,,,,,,,,,
10,Apr-12,2012,April,4,0.849,0.018,1.204,0.021,0.0170959700872455,0.627443800863855,20.2044472180265,,,,,,,,,,,,-0.587081655300347,29.5416643015649
9,May-12,2012,May,5,3.210,0.018,,,,,,,,,,,,,,,,,,
10,May-12,2012,May,5,3.669,0.021,3.440,0.020,0.00574856447158017,-0.450391507462662,19.7540557105639,,,,,,,,,,,,-0.133157577031507,29.4085067245334
9,Jun-12,2012,June,6,5.196,0.072,,,,,,,,,,,,,,,,,,
10,Jun-12,2012,June,6,3.335,0.103,4.266,0.087,0.0204811569569804,0.948986368131083,20.7030420786949,,,,,,,,,,,,0.0345263624363204,29.4430330869698
9,Jul-12,2012,July,7,8.501,0.071,,,,,,,,,,,,,,,,,,
10,Jul-12,2012,July,7,4.301,0.105,6.401,0.088,0.0138060947508202,0.314954416268617,21.0179964949636,,,,,,,,,,,,0.468048218045939,29.9110813050157
9,Aug-12,2012,August,8,4.918,0.056,,,,,,,,,,,,,,,,,,
10,Aug-12,2012,August,8,2.959,0.153,3.939,0.105,0.0265620001269519,1.5265763208462,22.5445728158097,,,,,,,,,,,,-0.0318569889026377,29.8792243161131
9,Sep-12,2012,September,9,5.354,0.043,,,,,,,,,,,,,,,,,,
10,Sep-12,2012,September,9,2.870,0.044,4.112,0.044,0.0105862566877432,0.00911753433967609,22.5536903501494,,,,,,,,,,,,0.00336475867323153,29.8825890747863
9,Oct-12,2012,October,10,0.819,0.000,,,,,,,,,,,,,,,,,,
10,Oct-12,2012,October,10,0.449,0.000,0.634,0.000,0,-0.996419909858602,21.5572704402908,,,,,,,,,,,,-0.702694250369266,29.179894824417
9,Nov-12,2012,November,11,0.961,0.000,,,,,,,,,,,,,,,,,,
10,Nov-12,2012,November,11,1.843,0.014,1.402,0.007,0.00501747503566334,-0.519834165482028,21.0374362748088,,,,,,,,,,,,-0.546784727958502,28.6331100964585
9,Dec-12,2012,December,12,0.899,0.000,,,,,,,,,,,,,,,,,,
10,Dec-12,2012,December,12,1.251,0.000,1.075,0.000,0,-0.996419909858602,20.0410163649502,,,,,,,,,,,,-0.61316807929746,28.0199420171611
9,Jan-13,2013,January,1,1.665,0.013,,,,,,,,,,,,,,,,,,
10,Jan-13,2013,January,1,1.169,0.013,1.417,0.013,0.00932811397318278,-0.110387371591852,19.9306289933583,,,,,,,,,,,,-0.543739620098917,27.4762023970621
9,Feb-13,2013,February,2,2.944,0.000,,,,,,,,,,,,,,,,,,
10,Feb-13,2013,February,2,2.371,0.000,2.658,0.000,0,-0.996419909858602,18.9342090834997,,,,,,,,,,,,-0.291909200111217,27.1842931969509
9,Mar-13,2013,March,3,8.384,0.048,,,,,,,,,,,,,,,,,,
10,Mar-13,2013,March,3,8.671,0.078,8.528,0.063,0.00737507329228965,-0.295897282470388,18.6383118010294,,,,,,,,,,,,0.899743008939807,28.0840362058907
9,Apr-13,2013,April,4,0.495,0.000,,,,,,,,,,,,,,,,,,
10,Apr-13,2013,April,4,0.755,0.008,,,,,,,,,,,,,,,,,,
10,Apr-13,2013,April,4,0.755,0.008,0.668,0.006,0.00833366583541147,-0.204845201997575,18.4334665990318,,,,,,,,,,,,-0.695724336823993,27.3883118690667
9,May-13,2013,May,5,0.659,0.009,,,,,,,,,,,,,,,,,,
10,May-13,2013,May,5,2.657,0.022,1.658,0.016,0.0094375753920386,-0.0999901595648625,18.3334764394669,,,,,,,,,,,,-0.494814887154914,26.8934969819118
9,Jun-13,2013,June,6,4.781,0.014,,,,,,,,,,,,,,,,,,
10,Jun-13,2013,June,6,3.680,0.043,4.231,0.029,0.00678833766694244,-0.351628468529271,17.9818479709376,,,,,,,,,,,,0.0274211107639549,26.9209180926758
9,Jul-13,2013,July,7,7.825,0.118,,,,,,,,,,,,,,,,,,
10,Jul-13,2013,July,7,10.163,0.250,8.994,0.184,0.0204529894929953,0.946310876634838,18.9281588475725,,,,,,,,,,,,0.994445863372908,27.9153639560487
9,Aug-13,2013,August,8,3.544,0.031,,,,,,,,,,,,,,,,,,
10,Aug-13,2013,August,8,3.451,0.153,3.498,0.092,0.0263482666190136,1.50627480618893,20.4344336537614,,,,,,,,,,,,-0.121383159974444,27.7939807960743
9,Sep-13,2013,September,9,1.628,0.028,,,,,,,,,,,,,,,,,,
10,Sep-13,2013,September,9,1.265,0.033,1.447,0.030,0.0210015986864846,0.998420616891146,21.4328542706526,,,,,,,,,,,,-0.537750907975066,27.2562298880992
9,Oct-13,2013,October,10,0.601,0.000,,,,,,,,,,,,,,,,,,
10,Oct-13,2013,October,10,0.930,0.000,0.766,0.000,0,-0.996419909858602,20.436434360794,,,,,,,,,,,,-0.675998804800236,26.5802310832989
9,Nov-13,2013,November,11,0.249,0.000,,,,,,,,,,,,,,,,,,
10,Nov-13,2013,November,11,0.366,0.000,0.308,0.000,0,-0.996419909858602,19.4400144509354,,,,,,,,,,,,-0.768976098112905,25.811254985186
9,Dec-13,2013,December,12,0.960,0.000,,,,,,,,,,,,,,,,,,
10,Dec-13,2013,December,12,1.035,0.000,0.998,0.000,0,-0.996419909858602,18.4435945410768,,,,,,,,,,,,-0.628901136571984,25.1823538486141
9,Jan-14,2014,January,1,1.985,0.000,,,,,,,,,,,,,,,,,,
10,Jan-14,2014,January,1,1.813,0.000,1.899,0.000,0,-0.996419909858602,17.4471746312182,,,,,,,,,,,,-0.445890154210911,24.7364636944032
9,Feb-14,2014,February,2,3.096,0.029,,,,,,,,,,,,,,,,,,
10,Feb-14,2014,February,2,4.509,0.039,3.803,0.034,0.00889907955292571,-0.151139281085779,17.2960353501324,,,,,,,,,,,,-0.0594659668295439,24.6769977275736
9,Mar-14,2014,March,3,6.693,0.032,,,,,,,,,,,,,,,,,,
10,Mar-14,2014,March,3,4.542,0.058,5.618,0.045,0.0080340787716956,-0.233301531675705,17.0627338184567,,,,,,,,,,,,0.30899208418027,24.9859898117539
9,Apr-14,2014,April,4,2.200,0.009,,,,,,,,,,,,,,,,,,
10,Apr-14,2014,April,4,1.270,0.013,1.735,0.011,0.00614160662824208,-0.41305832942537,16.6496754890313,,,,,,,,,,,,-0.47918333347571,24.5068064782782
9,May-13,2014,May,5,0.907,0.000,,,,,,,,,,,,,,,,,,
10,May-13,2014,May,5,3.200,0.026,2.054,0.013,0.0062422388604821,-0.403499759234288,16.246175729797,,,,,,,,,,,,-0.414525543257183,24.092280935021
9,Jun-14,2014,June,6,3.644,0.040,,,,,,,,,,,,,,,,,,
10,Jun-14,2014,June,6,5.594,0.061,4.619,0.050,0.0108652035072527,0.0356133468095873,16.2817890766066,,,,,,,,,,,,0.106289404327213,24.1985703393482
9,Jul-14,2014,July,7,5.219,0.033,,,,,,,,,,,,,,,,,,
10,Jul-14,2014,July,7,6.884,0.235,6.052,0.134,0.0220851854912005,1.10134529917686,17.3831343757835,,,,,,,,,,,,0.397097204917603,24.5956675442658
9,Aug-14,2014,August,8,9.948,0.078,,,,,,,,,,,,,,,,,,
10,Aug-14,2014,August,8,6.989,0.084,8.469,0.081,0.00953904174292968,-0.0903523604677302,17.2927820153157,,,,,,,,,,,,0.887765584692105,25.4834331289579
9,Sep-14,2014,September,9,1.971,0.022,,,,,,,,,,,,,,,,,,
10,Sep-14,2014,September,9,2.074,0.023,2.023,0.023,0.011144499381953,0.0621423143478954,17.3549243296636,,,,,,,,,,,,-0.420818766166993,25.0626143627909
9,Oct-14,2014,October,10,1.563,0.000,,,,,,,,,,,,,,,,,,
10,Oct-14,2014,October,10,1.704,0.115,1.634,0.057,0.0351078206305479,2.33830257699417,19.6932269066578,,,,,,,,,,,,-0.49978856332557,24.5628257994653
9,Nov-14,2014,November,11,0.517,0.000,,,,,,,,,,,,,,,,,,
10,Nov-14,2014,November,11,0.579,0.000,0.548,0.000,0,-0.996419909858602,18.6968069967992,,,,,,,,,,,,-0.720152868764222,23.8426729307011
9,Dec-14,2014,December,12,0.725,0.000,,,,,,,,,,,,,,,,,,
10,Dec-14,2014,December,12,1.506,0.000,1.116,0.000,0,-0.996419909858602,17.7003870869406,,,,,,,,,,,,-0.60494628807658,23.2377266426245
9,Jan-15,,,1,3.976,0.016,,,,,,,,,,,,,,,,,,
10,Jan-15,,,1,6.220,0.018,5.098,0.017,0.00333464103570028,-0.679678447483238,17.0207086394574,,,,,,,,,,,,0.203529848643301,23.4412564912678
9,Feb-15,,,2,,,,,,,,,,,,,,,,,,,,
10,Feb-15,,,2,,,,,,,,,,,,,,,,,,,,
9,Mar-15,,,3,9.702,0.065,,,,,,,,,,,,,,,,,,
10,Mar-15,,,3,9.532,0.071,9.617,0.068,0.0070708121035666,-0.324797584730348,16.695911054727,,,,,,,,,,,,1.12091934314102,24.5621758344089
9,Apr-15,,,4,1.241,0.008,,,,,,,,,,,,,,,,,,
10,Apr-15,,,4,1.594,0.010,1.418,0.009,0.00634920634920635,-0.393339433597312,16.3025716211297,,,,,,,,,,,,-0.543638116503597,24.0185377179053
9,May-15,,,5,2.585,0.010,,,,,,,,,,,,,,,,,,
10,May-15,,,5,1.622,0.016,2.104,0.013,0.006180175897314,-0.409394820652521,15.8931768004772,,,,,,,,,,,,-0.404375183725232,23.61416253418
9,Jun-15,,,6,5.152,0.138,,,,,,,,,,,,,,,,,,
10,Jun-15,,,6,4.380,0.066,4.766,0.102,0.0214015946286194,1.03641430145857,16.9295911019357,,,,,,,,,,,,0.136131461351148,23.7502939955312
9,Jul-15,,,7,11.953,0.080,,,,,,,,,,,,,,,,,,
10,Jul-15,,,7,4.716,0.127,8.335,0.104,0.0124182614433979,0.183130826676806,17.1127219286125,,,,,,,,,,,,0.860562621146477,24.6108566166777
9,Aug-15,,,8,7.184,0.087,,,,,,,,,,,,,,,,,,
10,Aug-15,,,8,3.668,0.075,5.426,0.081,0.0149281238481386,0.421530546445012,17.5342524750576,,,,,,,,,,,,0.270116207172899,24.8809728238506
9,Sep-15,,,9,3.682,0.039,,,,,,,,,,,,,,,,,,
10,Sep-15,,,9,1.704,0.038,2.693,0.039,0.0142963238024508,0.361518908533303,17.8957713835909,,,,,,,,,,,,-0.284702444843532,24.596270379007
9,Oct-15,,,10,1.911,0.005,,,,,,,,,,,,,,,,,,
10,Oct-15,,,10,1.555,0.010,1.733,0.008,0.00432775533756492,-0.585347311714546,17.3104240718763,,,,,,,,,,,,-0.479589347856988,24.11668103115
9,Nov-15,,,11,0.356,0.001,,,,,,,,,,,,,,,,,,
10,Nov-15,,,11,0.478,0.001,0.417,0.001,0.00239784172661871,-0.768660493806679,16.5417635780696,,,,,,,,,,,,-0.746746810737933,23.3699342204121
9,Dec-15,,,12,1.258,0.005,,,,,,,,,,,,,,,,,,
10,Dec-15,,,12,2.394,0.007,1.826,0.006,0.00328587075575027,-0.684310901059632,15.85745267701,,,,,,,,,,,,-0.460709679127559,22.9092245412845
9,Jan-16,,,1,1.826,0.004,,,,,,,,,,,,,,,,,,
10,Jan-16,,,1,3.114,0.005,2.470,0.005,0.00182186234817814,-0.823369995870671,15.0340826811393,,,,,,,,,,,,-0.329973048356033,22.5792514929285
9,Feb-16,,,2,6.765,0.017,,,,,,,,,,,,,,,,,,
10,Feb-16,,,2,4.335,0.021,5.550,0.019,0.00342342342342342,-0.671245436847447,14.3628372442919,,,,,,,,,,,,0.295289098812137,22.8745405917406
9,Mar-16,,,3,2.052,0.013,,,,,,,,,,,,,,,,,,
10,Mar-16,,,3,1.521,0.007,1.787,0.010,0.00559753708368318,-0.464736870333535,13.8981003739584,,,,,,,,,,,,-0.4687284631578,22.4058121285828
9,Apr-16,,,4,1.613,0.002,,,,,,,,,,,,,,,,,,
10,Apr-16,,,4,1.442,0.004,1.528,0.003,0.00196399345335516,-0.809869647970903,13.0882307259875,,,,,,,,,,,,-0.521307325533306,21.8845048030495
9,May-16,,,5,1.478,0.012,,,,,,,,,,,,,,,,,,
10,May-16,,,5,1.682,0.012,1.580,0.012,0.00759493670886076,-0.275013517368831,12.8132172086186,,,,,,,,,,,,-0.510649448024757,21.3738553550248
9,Jun-16,,,6,1.738,0.028,,,,,,,,,,,,,,,,,,
10,Jun-16,,,6,1.972,0.034,1.855,0.031,0.016711590296496,0.590933419168757,13.4041506277874,,,,,,,,,,,,-0.454822470599028,20.9190328844258
9,Jul-16,,,7,7.685,0.055,,,,,,,,,,,,,,,,,,
10,Jul-16,,,7,8.951,0.11,8.318,0.083,0.00991824957922578,-0.0543332377715447,13.3498173900158,,,,,,,,,,,,0.857213002500933,21.7762458869267
9,Aug-16,,,8,4.257,0.023,,,,,,,,,,,,,,,,,,
10,Aug-16,,,8,3.775,0.064,4.016,0.044,0.0108316733067729,0.0324284748488596,13.3822458648647,,,,,,,,,,,,-0.016123931628114,21.7601219552986
9,Sep-16,,,9,1.189,0.004,,,,,,,,,,,,,,,,,,
10,Sep-16,,,9,3.073,0.029,2.131,0.017,0.00774284373533552,-0.260964542573746,13.1212813222909,,,,,,,,,,,,-0.398792485982659,21.3613294693159
9,Oct-16,,,10,0.741,0.0009999,,,,,,,,,,,,,,,,,,
10,Oct-16,,,10,0.859,0.003,0.800,0.002,0.0024999375,-0.758962908904157,12.3623184133868,,,,,,,,,,,,-0.66899505672319,20.6923344125927
9,Nov-16,,,11,0.249,0.0009999,,,,,,,,,,,,,,,,,,
10,Nov-16,,,11,0.196,0.0009999,0.223,0.001,0.00449393258426966,-0.569562936853424,11.7927554765334,,,,,,,,,,,,-0.786231709317221,19.9061027032755
9,Dec-16,,,12,0.745,0.003,,,,,,,,,,,,,,,,,,
10,Dec-16,,,12,1.111,0.005,0.928,0.004,0.00431034482758621,-0.587001052051907,11.2057544244815,,,,,,,,,,,,-0.643010136321396,19.2630925669541
9,Jan-17,,,1,,,,,,,,,,,,,,,,,,,,
10,Jan-17,,,1,,,,,,,,,,,,,,,,,,,,
9,Feb-17,,,2,,,,,,,,,,,,,,,,,,,,
10,Feb-17,,,2,,,,,,,,,,,,,,,,,,,,
9,Mar-17,,,3,0.531,0.004,,,,,,,,,,,,,,,,,,
10,Mar-17,,,3,0.54,0.0009999,0.536,0.002,0.00466844070961718,-0.552987252026422,10.652767172455,,,,,,,,,,,,-0.722690458647209,18.5404021083069
9,Apr-17,,,4,0.716,0.007,,,,,,,,,,,,,,,,,,
10,Apr-17,,,4,0.83,0.006,0.773,0.007,0.00840879689521346,-0.19770886513351,10.4550583073215,,,,,,,,,,,,-0.674476250870443,17.8659258574364
9,May-17,,,5,0.941,0.011,,,,,,,,,,,,,,,,,,
10,May-17,,,5,2.545,0.03,1.743,0.021,0.0117613310384395,0.12073217719168,10.5757904845132,,,,,,,,,,,,-0.477559275950598,17.3883665814859
9,Jun-17,,,6,2.71,0.035,,,,,,,,,,,,,,,,,,
10,Jun-17,,,6,2.599,0.061,2.655,0.048,0.0180825014126954,0.721149651465699,11.2969401359789,,,,,,,,,,,,-0.292518221683134,17.0958483598027
9,Jul-17,,,7,1.377,0.0009999,,,,,,,,,,,,,,,,,,
10,Jul-17,,,7,1.393,0.031,1.385,0.016,0.0115523104693141,0.100878321852374,11.3978184578313,,,,,,,,,,,,-0.550235850199365,16.5456125096034
9,Aug-17,,,8,,,,,,,,,,,,,,,,,,,,
10,Aug-17,,,8,,,,,,,,,,,,,,,,,,,,
9,Sep-17,,,9,0.416,0.0009999,,,,,,,,,,,,,,,,,,
10,Sep-17,,,9,0.785,0.005,0.601,0.003,0.00499575353871774,-0.52189738567091,10.8759210721604,,,,,,,,,,,,-0.709494991255673,15.8361175183477
9,Oct-17,,,10,,,,,,,,,,,,,,,,,,,,
10,Oct-17,,,10,,,,,,,,,,,,,,,,,,,,
9,Nov-17,,,11,0.198,0.0009999,,,,,,,,,,,,,,,,,,
10,Nov-17,,,11,0.178,0.0009999,0.188,0.001,0.0053186170212766,-0.491230141275346,10.384690930885,,,,,,,,,,,,-0.793235457394267,15.0428820609534
9,Dec-17,,,12,0.893,0.0009999,,,,,,,,,,,,,,,,,,
10,Dec-17,,,12,1.59,0.0009999,1.242,0.001,0.000805396697543294,-0.919919163589048,9.46477176729597,,,,,,,,,,,,-0.579367382056064,14.4635146788973
9,Jan-18,,,1,7.323,0.014,,,,,,,,,,,,,,,,,,
10,Jan-18,,,1,8.65,0.016,7.9865,0.015,0.00187816941088086,-0.818021659665489,8.64675010763049,,,,,,,,,,,,0.789916118804099,15.2534307977014
9,Feb-18,,,2,1.143,0.007,,,,,,,,,,,,,,,,,,
10,Feb-18,,,2,1.004,0.009,1.0735,0.008,0.00745225896599907,-0.288565787744745,8.35818431988574,,,,,,,,,,,,-0.613472590083419,14.639958207618
9,Mar-18,,,3,3.394,0.019,,,,,,,,,,,,,,,,,,
10,Mar-18,,,3,3.253,0.013,3.3235,0.016,0.004814201895592,-0.539142100266771,7.81904221961897,,,,,,,,,,,,-0.156706411145633,14.4832517964724
9,Apr-18,,,4,0.541,0.006,,,,,,,,,,,,,,,,,,
10,Apr-18,,,4,1.148,0.014,0.8445,0.01,0.0118413262285376,0.128330534323201,7.94737275394217,,,,,,,,,,,,-0.659961236739753,13.8232905597326
9,May-18,,,5,1.667,0.008,,,,,,,,,,,,,,,,,,
10,May-18,,,5,2.024,0.01,1.8455,0.009,0.00487672717420753,-0.533203125734853,7.41416962820732,,,,,,,,,,,,-0.456751038910098,13.3665395208225
9,Jun-18,,,6,3.161,0.101,,,,,,,,,,,,,,,,,,
10,Jun-18,,,6,2.011,0.024,2.586,0.0625,0.024168600154679,1.29923880560817,8.71340843381549,,,,,,,,,,,,-0.306424214241907,13.0601153065806
9,Jul-18,,,7,6.191,0.087,,,,,,,,,,,,,,,,,,
10,Jul-18,,,7,8.585,0.208,7.388,0.1475,0.0199648077964266,0.899940852749019,9.61334928656451,,,,,,,,,,,,0.668416315206648,13.7285316217873
9,Aug-18,,,8,1.928,0.019,,,,,,,,,,,,,,,,,,
10,Aug-18,,,8,3.03,0.028,2.479,0.0235,0.00947962888261396,-0.0959957014027324,9.51735358516178,,,,,,,,,,,,-0.328145983640282,13.400385638147
9,Sep-18,,,9,2.299,0.012,,,,,,,,,,,,,,,,,,
10,Sep-18,,,9,2.401,0.012,2.35,0.012,0.00510638297872341,-0.511389228950586,9.00596435621119,,,,,,,,,,,,-0.354333911232715,13.0460517269143
9,Oct-18,,,10,0.408,0.0009999,,,,,,,,,,,,,,,,,,
10,Oct-18,,,10,0.917,0.0009999,0.6625,0.0009999,0.00150928301886792,-0.853060398170071,8.15290395804112,,,,,,,,,,,,-0.696908545436054,12.3491431814782
9,Nov-18,,,11,,,,,,,,,,,,,,,,,,,,
10,Nov-18,,,11,,,,,,,,,,,,,,,,,,,,
9,Dec-18,,,12,,,,,,,,,,,,,,,,,,,,
10,Dec-18,,,12,,,,,,,,,,,,,,,,,,,,
9,Jan-19,,,1,,,,,,,,,,,,,,,,,,,,
10,Jan-19,,,1,,,,,,,,,,,,,,,,,,,,
9,Feb-19,,,2,,,,,,,,,,,,,,,,,,,,
10,Feb-19,,,2,,,,,,,,,,,,,,,,,,,,
9,Mar-19,,,3,0.444,0.001,,,,,,,,,,,,,,,,,,
10,Mar-19,,,3,0.702,0.005,0.573,0.003,0.00523551483420593,-0.499123617058063,7.65378034098306,,,,,,,,,,,,-0.715077688998246,11.63406549248
9,Apr-19,,,4,1.586,0.0009999,,,,,,,,,,,,,,,,,,
10,Apr-19,,,4,1.992,0.003,1.789,0.002,0.00111791503633315,-0.890234554484899,6.76354578649816,,,,,,,,,,,,-0.468220945181203,11.1658445472988
9,May-19,,,5,0.507,0.0009999,,,,,,,,,,,,,,,,,,
10,May-19,,,5,0.747,0.0009999,0.627,0.001,0.00159473684210526,-0.8449435518145,5.91860223468366,,,,,,,,,,,,-0.70411530070374,10.461729246595
9,Jun-19,,,6,1.654,0.016,,,,,,,,,,,,,,,,,,
10,Jun-19,,,6,2.087,0.017,1.871,0.017,0.00882117080994387,-0.158539456672808,5.76006277801085,,,,,,,,,,,,-0.451675859144123,10.0100533874509
9,Jul-19,,,7,6.538,0.093,,,,,,,,,,,,,,,,,,
10,Jul-19,,,7,4.418,0.048,5.478,0.071,0.0128696604600219,0.226007041270698,5.98606981928155,,,,,,,,,,,,0.280672581086127,10.2907259685371
9,Aug-19,,,8,,,,,,,,,,,,,,,,,,,,
10,Aug-19,,,8,,,,,,,,,,,,,,,,,,,,
9,Sep-19,,,9,,,,,,,,,,,,,,,,,,,,
10,Sep-19,,,9,,,,,,,,,,,,,,,,,,,,
9,Oct-19,,,10,3.479,0.0009999,,,,,,,,,,,,,,,,,,
10,Oct-19,,,10,1.141,0.0009999,2.310,0.001,0.000432857142857143,-0.955304898389489,5.03076492089206,,,,,,,,,,,,-0.362454198858275,9.92827176967878
9,Nov-19,,,11,,,,,,,,,,,,,,,,,,,,
10,Nov-19,,,11,,,,,,,,,,,,,,,,,,,,
9,Dec-19,,,12,2.309,0.012,,,,,,,,,,,,,,,,,,
10,Dec-19,,,12,2.286,0.012,2.298,0.012,0.00522306855277476,-0.500305829278041,4.53045909161402,,,,,,,,,,,,-0.364991788741263,9.56327998093751
9,Jan-20,2020,January,1,,,,,,,,,,,,,,,,,,,,
10,Jan-20,2020,January,1,,,,,,,,,,,,,,,,,,,,
9,Feb-20,2020,February,2,0.321,0.001,,,,,,,,,,,,,,,,,,
10,Feb-20,2020,February,2,0.101,0.001,0.211,0.001,0.00473886255924171,-0.546298220315227,3.98416087129879,,,,,,,,,,,,,
9,Mar-20,2020,March,3,,,,,,,,,,,,,,,,,,,,
10,Mar-20,2020,March,3,,,,,,,,,,,,,,,,,,,,
9,Apr-20,2020,April,4,,,,,,,,,,,,,,,,,,,,
10,Apr-20,2020,April,4,,,,,,,,,,,,,,,,,,,,
9,May-20,2020,May,5,,,,,,,,,,,,,,,,,,,,
10,May-20,2020,May,5,,,,,,,,,,,,,,,,,,,,
9,Jun-20,2020,June,6,2.269,0.001,,,,,,,,,,,,,,,,,,
10,Jun-20,2020,June,6,2.159,0.005,2.214,0.003,0.00135499096657633,-0.867715855759818,3.11644501553898,,,,,,,,,,,,,
9,Jul-20,2020,July,7,7.376,0.021,,,,,,,,,,,,,,,,,,
10,Jul-20,2020,July,7,4.771,0.027,6.074,0.024,0.00395159298592245,-0.621077158517913,2.49536785702106,,,,,,,,,,,,,
9,Aug-20,2020,August,8,2.957,0.012,,,,,,,,,,,,,,,,,,
10,Aug-20,2020,August,8,1.817,0.015,2.387,0.014,0.00565563468789275,-0.45921845922996,2.0361493977911,,,,,,,,,,,,,
9,Sep-20,2020,September,9,0.899,0.001,,,,,,,,,,,,,,,,,,
10,Sep-20,2020,September,9,2.043,0.014,1.471,0.007,0.00509853840924541,-0.51213434675534,1.52401505103576,,,,,,,,,,,,,
9,Oct-20,2020,October,10,0.850,0.001,,,,,,,,,,,,,,,,,,
10,Oct-20,2020,October,10,1.034,0.005,0.942,0.003,0.00318466029723992,-0.693924394174198,0.830090656861566,,,,,,,,,,,,,
9,Nov-20,2020,November,11,0.477,0.001,,,,,,,,,,,,,,,,,,
10,Nov-20,2020,November,11,0.367,0.001,0.422,0.001,0.0023696682464455,-0.771336556751604,0.0587541001099616,,,,,,,,,,,,,
9,Dec-20,2020,December,12,,,,,,,,,,,,,,,,,,,,
10,Dec-20,2020,December,12,,,,,,,,,,,,,,,,,,,,
9,Jan-21,2021,January,1,,,,,,,,,,,,,,,,,,,,
10,Jan-21,2021,January,1,,,,,,,,,,,,,,,,,,,,
9,Feb-21,2021,February,2,1.814,0.014,,,,,,,,,,,,,,,,,,
10,Feb-21,2021,February,2,3.079,0.013,2.447,0.014,0.00551808706315144,-0.472283444438382,-0.41352934432842,,,,,,,,,,,,,
9,Mar-21,2021,March,3,1.944,0.015,,,,,,,,,,,,,,,,,,
10,Mar-21,2021,March,3,2.294,0.001,2.119,0.008,0.00377534214252006,-0.637818375724352,-1.05134772005277,,,,,,,,,,,,,
9,Apr-21,2021,April,4,0.491,0.006,,,,,,,,,,,,,,,,,,
10,Apr-21,2021,April,4,0.929,0.016,0.710,0.011,0.0154929577464789,0.475181393131096,-0.576166326921677,,,,,,,,,,,,,
9,May-21,2021,May,5,1.102,0.008,,,,,,,,,,,,,,,,,,
10,May-21,2021,May,5,1.237,0.008,1.170,0.008,0.00684053014108593,-0.346670957238486,-0.922837284160163,,,,,,,,,,,,,
9,Jun-21,2021,June,6,4.428,0.415,,,,,,,,,,,,,,,,,,
10,Jun-21,2021,June,6,7.256,0.244,5.842,0.330,0.0564019171516604,4.36092606175643,3.43808877759626,,,,,,,,,,,,,
9,Jul-21,2021,July,7,,,,,,,,,,,,,,,,,,,,
10,Jul-21,2021,July,7,,,,,,,,,,,,,,,,,,,,
9,Aug-21,2021,August,8,1.791,0.010,,,,,,,,,,,,,,,,,,
10,Aug-21,2021,August,8,2.581,0.025,2.186,0.018,0.00800548947849954,-0.236017090693377,3.20207168690289,,,,,,,,,,,,,
9,Sep-21,2021,September,9,1.242,0.001,,,,,,,,,,,,,,,,,,
10,Sep-21,2021,September,9,1.141,0.004,1.192,0.002,0.00209815358791439,-0.797126424110274,2.40494526279261,,,,,,,,,,,,,
9,Oct-21,2021,October,10,1.868,0.005,,,,,,,,,,,,,,,,,,
10,Oct-21,2021,October,10,1.801,0.006,1.835,0.006,0.00299809212319433,-0.711645604837429,1.69329965795518,,,,,,,,,,,,,
9,Nov-21,2021,November,11,1.008,0.001,,,,,,,,,,,,,,,,,,
10,Nov-21,2021,November,11,1.512,0.004,1.260,0.002,0.0019840873015873,-0.807961030279926,0.885338627675258,,,,,,,,,,,,,
9,Dec-21,2021,December,12,12.759,0.024,,,,,,,,,,,,,,,,,,
10,Dec-21,2021,December,12,12.851,0.044,12.805,0.034,0.00265521280749707,-0.744214056646637,0.141124571028621,,,,,,,,,,,,,
9,Jan-22,2022,January,1,,,,,,,,,,,,,,,,,,,,
10,Jan-22,2022,January,1,,,,,,,,,,,,,,,,,,,,
9,Feb-22,2022,February,2,,,,,,,,,,,,,,,,,,,,
10,Feb-22,2022,February,2,,,,,,,,,,,,,,,,,,,,
9,Mar-22,2022,March,3,,,,,,,,,,,,,,,,,,,,
10,Mar-22,2022,March,3,,,,,,,,,,,,,,,,,,,,
9,Apr-22,2022,April,4,,,,,,,,,,,,,,,,,,,,
10,Apr-22,2022,April,4,,,,,,,,,,,,,,,,,,,,
9,May-22,2022,May,5,,,,,,,,,,,,,,,,,,,,
10,May-22,2022,May,5,,,,,,,,,,,,,,,,,,,,
9,Jun-22,2022,June,6,,,,,,,,,,,,,,,,,,,,
10,Jun-22,2022,June,6,,,,,,,,,,,,,,,,,,,,
9,Jul-22,2022,July,7,,,,,,,,,,,,,,,,,,,,
10,Jul-22,2022,July,7,,,,,,,,,,,,,,,,,,,,
9,Aug-22,2022,August,8,,,,,,,,,,,,,,,,,,,,
10,Aug-22,2022,August,8,,,,,,,,,,,,,,,,,,,,
9,Sep-22,2022,September,9,,,,,,,,,,,,,,,,,,,,
10,Sep-22,2022,September,9,,,,,,,,,,,,,,,,,,,,
9,Oct-22,2022,October,10,,,,,,,,,,,,,,,,,,,,
10,Oct-22,2022,October,10,,,,,,,,,,,,,,,,,,,,
9,Nov-22,2022,November,11,,,,,,,,,,,,,,,,,,,,
10,Nov-22,2022,November,11,,,,,,,,,,,,,,,,,,,,
9,Dec-22,2022,December,12,,,,,,,,,,,,,,,,,,,,
10,Dec-22,2022,December,12,,,,,,,,,,,,,,,,,,,,
9,Jan-23,2023,January,1,1.141,0.009,,,,,,,,,,,,,,,,,,
10,Jan-23,2023,January,1,3.279,0.012,2.210,0.011,0.00475113122171946,-0.545132879262625,-0.404008308234004,,,,,,,,,,,,,
9,Feb-23,2023,February,2,8.746,0.147,,,,,,,,,,,,,,,,,,
10,Feb-23,2023,February,2,1.136,0.017,4.941,0.082,0.0165958308034811,0.579937983465536,0.175929675231532,,,,,,,,,,,,,
9,Mar-23,2023,March,3,3.051,0.033,,,,,,,,,,,,,,,,,,
10,Mar-23,2023,March,3,2.555,0.046,2.803,0.040,0.0140920442383161,0.342115378382766,0.518045053614297,,,,,,,,,,,,,
9,Apr-23,2023,April,4,2.9,0.041,,,,,,,,,,,,,,,,,,
10,Apr-23,2023,April,4,2.529,0.047,2.715,0.044,0.0162092466384233,0.543218218890981,1.06126327250528,,,,,,,,,,,,,
9,May-23,2023,May,5,5.089,0.028,,,,,,,,,,,,,,,,,,
10,May-23,2023,May,5,5.17,0.055,5.130,0.042,0.00809045715956721,-0.227946420636873,0.833316851868405,,,,,,,,,,,,,
9,Jun-23,2023,June,6,4.707,0.057,,,,,,,,,,,,,,,,,,
10,Jun-23,2023,June,6,4.938,0.074,4.823,0.066,0.0135821669258683,0.293684592625698,1.1270014444941,,,,,,,,,,,,,
9,Jul-23,2023,July,7,6.767,0.090,,,,,,,,,,,,,,,,,,
10,Jul-23,2023,July,7,7.281,0.158,7.024,0.124,0.0176537585421412,0.680425434871324,1.80742687936543,,,,,,,,,,,,,
9,Aug-23,2023,August,8,4.741,0.047,,,,,,,,,,,,,,,,,,
10,Aug-23,2023,August,8,4.601,0.039,4.671,0.043,0.00920573752943695,-0.122011319518292,1.68541555984714,,,,,,,,,,,,,
9,Sep-23,2023,September,9,1.428,0.012,,,,,,,,,,,,,,,,,,
10,Sep-23,2023,September,9,1.58,0.040,1.504,0.026,0.0172872340425532,0.645611041132079,2.33102660097922,,,,,,,,,,,,,
9,Oct-23,2023,October,10,0.932,0.009,,,,,,,,,,,,,,,,,,
10,Oct-23,2023,October,10,0.715,0.001,0.824,0.005,0.00607158469945355,-0.419709374585966,1.91131722639325,,,,,,,,,,,,,
9,Nov-23,2023,November,11,0.54,0.001,,,,,,,,,,,,,,,,,,
10,Nov-23,2023,November,11,0.312,0.001,0.426,0.001,0.00234718309859155,-0.773472312455663,1.13784491393759,,,,,,,,,,,,,
9,Dec-23,2023,December,12,0.716,0.004,,,,,,,,,,,,,,,,,,
10,Dec-23,2023,December,12,0.616,0.005,0.666,0.005,0.00675675675675676,-0.354628186810269,0.783216727127317,,,,,,,,,,,,,
9,Jan-24,2024,January,1,1.423,0.005,,,,,,,,,,,,,,,,,,
10,Jan-24,2024,January,1,1.786,0.005,1.605,0.005,0.00311623558741041,-0.700423727212441,0.0827929999148761,,,,,,,,,,,,,
9,Feb-24,2024,February,2,,,,,,,,,,,,,,,,,,,,
10,Feb-24,2024,February,2,,,,,,,,,,,,,,,,,,,,
9,Mar-24,2024,March,3,0.32,0.009,,,,,,,,,,,,,,,,,,
10,Mar-24,2024,March,3,0.513,0.009,0.417,0.009,0.021608643457383,1.05608087069453,1.13887387060941,,,,,,,,,,,,,
9,Apr-24,2024,April,4,0.919,0.004,,,,,,,,,,,,,,,,,,
10,Apr-24,2024,April,4,1.327,0.009,1.123,0.007,0.00578806767586821,-0.446639288689861,0.692234581919544,,,,,,,,,,,,,
9,May-24,2024,May,5,3.297,0.009,,,,,,,,,,,,,,,,,,
10,May-24,2024,May,5,3.885,0.014,3.591,0.012,0.00320245057087162,-0.692234581919794,-2.49467113633273E-13,,,,,,,,,,,,,
9,Jun-24,2024,June,6,,,,,,,,,,,,,,,,,,,,
10,Jun-24,2024,June,6,,,,,,,,,,,,,,,,,,,,
9,Jul-24,2024,July,7,,,,,,,,,,,,,,,,,,,,
10,Jul-24,2024,July,7,,,,,,,,,,,,,,,,,,,,
9,Aug-24,2024,August,8,,,,,,,,,,,,,,,,,,,,
10,Aug-24,2024,August,8,,,,,,,,,,,,,,,,,,,,
9,Sep-24,2024,September,9,,,,,,,,,,,,,,,,,,,,
10,Sep-24,2024,September,9,,,,,,,,,,,,,,,,,,,,
9,Oct-24,2024,October,10,,,,,,,,,,,,,,,,,,,,
10,Oct-24,2024,October,10,,,,,,,,,,,,,,,,,,,,
9,Nov-24,2024,November,11,,,,,,,,,,,,,,,,,,,,
10,Nov-24,2024,November,11,,,,,,,,,,,,,,,,,,,,
9,Dec-24,2024,December,12,,,,,,,,,,,,,,,,,,,,
10,Dec-24,2024,December,12,,,,,,,,,,,,,,,,,,,,
