1,Oct-99,1999,OCTOBER,10,4.105,0.051,,,,,,,
17,Oct-99,1999,OCTOBER,10,1.315,0.029,,,,,,,
18,Oct-99,1999,OCTOBER,10,1.794,0.050,2.405,0.043,0.018060981,-0.011409848,-0.011409848,-0.763167486,-0.763167486
1,Nov-99,1999,NOVEMBER,11,7.226,0.020,,,,,,,
17,Nov-99,1999,NOVEMBER,11,6.715,0.012,,,,,,,
18,Nov-99,1999,NOVEMBER,11,2.388,0.000,5.443,0.011,0.001931607,-0.694048898,-0.705458746,-0.063530589,-0.826698075
1,Dec-99,1999,DECEMBER,12,3.787,0.017,,,,,,,
17,Dec-99,1999,DECEMBER,12,6.142,0.020,,,,,,,
18,Dec-99,1999,DECEMBER,12,2.413,0.011,4.114,0.016,0.003863394,-0.612290421,-1.317749167,-0.369583835,-1.196281909
1,Jan-00,2000,JANUARY,1,7.481,0.018,,,,,,,
17,Jan-00,2000,JANUARY,1,9.694,0.016,,,,,,,
18,Jan-00,2000,JANUARY,1,3.942,0.036,7.039,0.023,0.003279177,-0.637016041,-1.954765209,0.30400315,-0.892278759
1,Feb-00,2000,FEBRUARY,2,3.368,0.022,,,,,,,
17,Feb-00,2000,FEBRUARY,2,4.541,0.016,,,,,,,
18,Feb-00,2000,FEBRUARY,2,3.849,0.037,3.919,0.025,0.006384443,-0.505592753,-2.460357962,-0.41437708,-1.30665584
1,Mar-00,2000,MARCH,3,1.072,0.024,,,,,,,
17,Mar-00,2000,MARCH,3,1.380,0.027,,,,,,,
18,Mar-00,2000,MARCH,3,1.537,0.053,1.330,0.035,0.026085965,0.328229342,-2.13212862,-1.010763958,-2.317419798
1,Apr-00,2000,APRIL,4,3.688,0.000,,,,,,,
17,Apr-00,2000,APRIL,4,6.186,0.000,,,,,,,
18,Apr-00,2000,APRIL,4,1.613,0.000,3.829,0.000,0,-0.775799761,-2.907928381,-0.43517427,-2.752594068
1,May-00,2000,MAY,5,2.478,0.014,,,,,,,
17,May-00,2000,MAY,5,0.752,0.017,,,,,,,
18,May-00,2000,MAY,5,0.833,0.020,1.354,0.017,0.012548565,-0.244710294,-3.152638674,-1.00504908,-3.757643148
1,Jun-00,2000,JUNE,6,3.724,0.025,,,,,,,
17,Jun-00,2000,JUNE,6,4.239,0.020,,,,,,,
18,Jun-00,2000,JUNE,6,2.658,0.024,3.540,0.023,0.006552534,-0.498478679,-3.651117353,-0.501709647,-4.259352795
1,Jul-00,2000,JULY,7,4.136,0.069,,,,,,,
17,Jul-00,2000,JULY,7,3.722,0.087,,,,,,,
18,Jul-00,2000,JULY,7,4.875,0.208,4.244,0.121,0.028599438,0.434606372,-3.216510981,-0.339509878,-4.598862673
1,Aug-00,2000,AUGUST,8,3.792,0.085,,,,,,,
17,Aug-00,2000,AUGUST,8,3.880,0.079,,,,,,,
18,Aug-00,2000,AUGUST,8,4.650,0.233,4.107,0.132,0.032226519,0.588114339,-2.628396642,-0.371172483,-4.970035156
1,Sep-00,2000,SEPTEMBER,9,4.455,0.042,,,,,,,
17,Sep-00,2000,SEPTEMBER,9,16.336,0.061,,,,,,,
18,Sep-00,2000,SEPTEMBER,9,2.018,0.031,7.603,0.044,0.005835251,-0.528836053,-3.157232695,0.433919231,-4.536115926
1,Oct-00,2000,OCTOBER,10,2.010,0.000,,,,,,,
17,Oct-00,2000,OCTOBER,10,2.772,0.008,,,,,,,
18,Oct-00,2000,OCTOBER,10,2.352,0.015,2.378,0.008,0.003300487,-0.636114151,-3.793346846,-0.769378737,-5.305494662
1,Nov-00,2000,NOVEMBER,11,2.362,0.000,,,,,,,
17,Nov-00,2000,NOVEMBER,11,5.487,0.027,,,,,,,
18,Nov-00,2000,NOVEMBER,11,4.923,0.025,4.258,0.017,0.004007706,-0.606182714,-4.39952956,-0.336496538,-5.6419912
1,Dec-00,2000,DECEMBER,12,3.165,0.008,,,,,,,
17,Dec-00,2000,DECEMBER,12,1.773,,,,,,,,
18,Dec-00,2000,DECEMBER,12,2.127,0.011,2.355,0.010,0.004068851,-0.6035949,-5.00312446,-0.774707542,-6.416698742
1,Jan-01,2001,JANUARY,1,3.146,0.000,,,,,,,
17,Jan-01,2001,JANUARY,1,3.577,0.000,,,,,,,
18,Jan-01,2001,JANUARY,1,2.668,0.000,3.131,0.000,0,-0.775799761,-5.778924221,-0.596030358,-7.0127291
1,Feb-01,2001,FEBRUARY,2,6.337,0.035,,,,,,,
17,Feb-01,2001,FEBRUARY,2,6.462,0.030,,,,,,,
18,Feb-01,2001,FEBRUARY,2,5.989,0.038,6.262,0.034,0.005475931,-0.544043424,-6.322967646,0.125192424,-6.887536676
1,Mar-01,2001,MARCH,3,3.780,0.000,,,,,,,
17,Mar-01,2001,MARCH,3,7.482,0.000,,,,,,,
18,Mar-01,2001,MARCH,3,3.246,0.000,4.836,0.000,0,-0.775799761,-7.098767406,-0.203256885,-7.090793561
1,Apr-01,2001,APRIL,4,1.626,0.022,,,,,,,
17,Apr-01,2001,APRIL,4,0.604,0.000,,,,,,,
18,Apr-01,2001,APRIL,4,0.260,0.000,0.830,0.007,0.00892026,-0.398270063,-7.497037469,-1.125774527,-8.216568089
1,May-01,2001,MAY,5,4.078,0.018,,,,,,,
17,May-01,2001,MAY,5,0.929,0.012,,,,,,,
18,May-01,2001,MAY,5,0.647,0.000,1.884,0.010,0.00541178,-0.546758477,-8.043795946,-0.883012461,-9.09958055
1,Jun-01,2001,JUNE,6,8.716,0.194,,,,,,,
17,Jun-01,2001,JUNE,6,2.733,0.054,,,,,,,
18,Jun-01,2001,JUNE,6,25.313,0.586,12.254,0.278,0.022691927,0.184584421,-7.859211525,1.504974132,-7.594606418
1,Jul-01,2001,JULY,7,16.402,0.439,,,,,,,
17,Jul-01,2001,JULY,7,9.777,0.595,,,,,,,
18,Jul-01,2001,JULY,7,6.510,0.459,10.896,0.498,0.045678608,1.157443367,-6.701768158,1.192296129,-6.40231029
1,Aug-01,2001,AUGUST,8,8.281,0.106,,,,,,,
17,Aug-01,2001,AUGUST,8,5.082,0.091,,,,,,,
18,Aug-01,2001,AUGUST,8,2.540,0.053,5.301,0.083,0.015666485,-0.11275145,-6.814519608,-0.096205439,-6.498515729
1,Sep-01,2001,SEPTEMBER,9,5.507,0.044,,,,,,,
17,Sep-01,2001,SEPTEMBER,9,6.398,0.036,,,,,,,
18,Sep-01,2001,SEPTEMBER,9,1.527,0.027,4.477,0.036,0.007955393,-0.439105847,-7.253625455,-0.285896296,-6.784412025
1,Oct-01,2001,OCTOBER,10,3.658,0.031,,,,,,,
17,Oct-01,2001,OCTOBER,10,3.678,0.049,,,,,,,
18,Oct-01,2001,OCTOBER,10,2.434,0.048,3.257,0.043,0.013097638,-0.221472051,-7.475097506,-0.566987569,-7.351399593
1,Nov-01,2001,NOVEMBER,11,5.314,0.022,,,,,,,
17,Nov-01,2001,NOVEMBER,11,5.233,0.032,,,,,,,
18,Nov-01,2001,NOVEMBER,11,5.507,0.036,5.352,0.030,0.005570906,-0.540023834,-8.01512134,-0.084551418,-7.435951012
1,Dec-01,2001,DECEMBER,12,6.456,0.033,,,,,,,
17,Dec-01,2001,DECEMBER,12,6.938,0.036,,,,,,,
18,Dec-01,2001,DECEMBER,12,7.354,0.041,6.916,0.037,0.005318153,-0.550721047,-8.565842387,0.275770312,-7.1601807
1,Jan-02,2002,JANUARY,1,2.176,0.011,,,,,,,
17,Jan-02,2002,JANUARY,1,2.868,0.020,,,,,,,
18,Jan-02,2002,JANUARY,1,3.632,0.029,2.892,0.020,0.006887075,-0.48431997,-9.050162357,-0.650940064,-7.811120764
1,Feb-02,2002,FEBRUARY,2,3.347,0.021,,,,,,,
17,Feb-02,2002,FEBRUARY,2,3.825,0.018,,,,,,,
18,Feb-02,2002,FEBRUARY,2,4.259,0.019,3.810,0.019,0.005057369,-0.561758113,-9.61192047,-0.439500832,-8.250621596
1,Mar-02,2002,MARCH,3,2.536,0.016,,,,,,,
17,Mar-02,2002,MARCH,3,3.288,0.022,,,,,,,
18,Mar-02,2002,MARCH,3,3.202,0.022,3.009,0.020,0.006579629,-0.497331921,-10.10925239,-0.624078504,-8.8747001
1,Apr-02,2002,APRIL,4,2.149,0.024,,,,,,,
17,Apr-02,2002,APRIL,4,3.524,0.027,,,,,,,
18,Apr-02,2002,APRIL,4,2.046,0.025,2.573,0.025,0.009858195,-0.358574094,-10.46782649,-0.724419762,-9.599119862
1,May-02,2002,MAY,5,6.664,,,,,,,,
17,May-02,2002,MAY,5,4.280,,,,,,,,
18,May-02,2002,MAY,5,3.025,,4.656,,,-0.775799761,,-0.244645982,-9.843765844
1,Jun-02,2002,JUNE,6,10.142,,,,,,,,
17,Jun-02,2002,JUNE,6,7.042,,,,,,,,
18,Jun-02,2002,JUNE,6,8.696,,8.627,,,-0.775799761,,0.669655111,-9.174110733
1,Jul-02,2002,JULY,7,10.765,,,,,,,,
17,Jul-02,2002,JULY,7,3.965,,,,,,,,
18,Jul-02,2002,JULY,7,2.692,,5.807,,,-0.775799761,,0.020371381,-9.153739353
1,Aug-02,2002,AUGUST,8,13.532,,,,,,,,
17,Aug-02,2002,AUGUST,8,8.282,,,,,,,,
18,Aug-02,2002,AUGUST,8,9.785,,10.533,,,-0.775799761,,1.108629402,-8.045109951
1,Sep-02,2002,SEPTEMBER,9,3.396,,,,,,,,
17,Sep-02,2002,SEPTEMBER,9,7.244,,,,,,,,
18,Sep-02,2002,SEPTEMBER,9,3.341,,4.660,,,-0.775799761,,-0.243832718,-8.288942669
1,Oct-02,2002,OCTOBER,10,3.569,0.034,,,,,,,
17,Oct-02,2002,OCTOBER,10,4.246,0.039,,,,,,,
18,Oct-02,2002,OCTOBER,10,3.044,0.043,3.620,0.039,0.010642235,-0.325391382,-10.79321787,-0.483422611,-8.77236528
1,Nov-02,2002,NOVEMBER,11,2.833,0.028,,,,,,,
17,Nov-02,2002,NOVEMBER,11,0.668,0.011,,,,,,,
18,Nov-02,2002,NOVEMBER,11,0.597,0.006,1.366,0.015,0.010937847,-0.312880258,-11.10609813,-1.002330143,-9.774695422
1,Dec-02,2002,DECEMBER,12,4.381,0.017,,,,,,,
17,Dec-02,2002,DECEMBER,12,3.050,0.008,,,,,,,
18,Dec-02,2002,DECEMBER,12,2.751,0.008,3.394,0.011,0.003324994,-0.635076942,-11.74117507,-0.535415055,-10.31011048
1,Jan-03,2003,JANUARY,1,14.452,0.048,,,,,,,
17,Jan-03,2003,JANUARY,1,14.678,0.017,,,,,,,
18,Jan-03,2003,JANUARY,1,4.986,0.029,11.372,0.031,0.002756933,-0.659118842,-12.40029391,1.301827329,-9.008283149
1,Feb-03,2003,FEBRUARY,2,7.999,0.061,,,,,,,
17,Feb-03,2003,FEBRUARY,2,6.102,0.065,,,,,,,
18,Feb-03,2003,FEBRUARY,2,7.828,0.128,7.310,0.084,0.01155187,-0.286893132,-12.68718704,0.366368157,-8.641914992
1,Mar-03,2003,MARCH,3,5.011,0.033,,,,,,,
17,Mar-03,2003,MARCH,3,6.663,0.018,,,,,,,
18,Mar-03,2003,MARCH,3,9.436,0.023,7.037,0.024,0.003460204,-0.6293545,-13.31654154,0.303474397,-8.338440595
1,Apr-03,2003,APRIL,4,11.622,0.047,,,,,,,
17,Apr-03,2003,APRIL,4,10.151,0.041,,,,,,,
18,Apr-03,2003,APRIL,4,8.633,0.062,10.135,0.050,0.004907678,-0.568093446,-13.88463499,1.017087354,-7.321353241
1,May-03,2003,MAY,5,3.526,0.017,,,,,,,
17,May-03,2003,MAY,5,1.405,0.012,,,,,,,
18,May-03,2003,MAY,5,0.748,0.010,1.893,0.013,0.006882976,-0.484493462,-14.36912845,-0.881113523,-8.202466763
1,Jun-03,2003,JUNE,6,4.478,0.048,,,,,,,
17,Jun-03,2003,JUNE,6,3.951,0.047,,,,,,,
18,Jun-03,2003,JUNE,6,4.447,0.054,4.292,0.050,0.011607649,-0.284532431,-14.65366088,-0.328622208,-8.531088972
1,Jul-03,2003,JULY,7,11.897,0.782,,,,,,,
17,Jul-03,2003,JULY,7,5.059,0.150,,,,,,,
18,Jul-03,2003,JULY,7,11.931,0.917,9.629,0.617,0.064031052,1.93416882,-12.71949206,0.900403754,-7.630685217
1,Aug-03,2003,AUGUST,8,9.820,0.452,,,,,,,
17,Aug-03,2003,AUGUST,8,17.786,1.044,,,,,,,
18,Aug-03,2003,AUGUST,8,19.843,1.346,15.816,0.947,0.059893389,1.759051624,-10.96044044,2.325338677,-5.305346541
1,Sep-03,2003,SEPTEMBER,9,3.530,0.099,,,,,,,
17,Sep-03,2003,SEPTEMBER,9,3.652,0.187,,,,,,,
18,Sep-03,2003,SEPTEMBER,9,3.578,0.324,3.587,0.203,0.05671427,1.624502646,-9.33593779,-0.490983648,-5.796330188
1,Oct-03,2003,OCTOBER,10,5.318,0.073,,,,,,,
17,Oct-03,2003,OCTOBER,10,5.184,0.073,,,,,,,
18,Oct-03,2003,OCTOBER,10,5.035,0.068,5.179,0.071,0.013756346,-0.193593704,-9.529531494,-0.124267026,-5.920597214
1,Nov-03,2003,NOVEMBER,11,3.793,0.035,,,,,,,
17,Nov-03,2003,NOVEMBER,11,3.977,0.033,,,,,,,
18,Nov-03,2003,NOVEMBER,11,3.405,0.033,3.725,0.034,0.009071474,-0.391870283,-9.921401777,-0.459211712,-6.379808926
1,Dec-03,2003,DECEMBER,12,2.765,0.022,,,,,,,
17,Dec-03,2003,DECEMBER,12,3.277,0.027,,,,,,,
18,Dec-03,2003,DECEMBER,12,6.230,0.053,4.091,0.034,0.008334998,-0.423039918,-10.3444417,-0.374972747,-6.754781673
1,Jan-04,2004,JANUARY,1,4.720,0.017,,,,,,,
17,Jan-04,2004,JANUARY,1,4.234,0.010,,,,,,,
18,Jan-04,2004,JANUARY,1,4.586,0.011,4.513,0.013,0.002776596,-0.658286658,-11.00272835,-0.277638132,-7.032419805
1,Feb-04,2004,FEBRUARY,2,6.502,0.019,,,,,,,
17,Feb-04,2004,FEBRUARY,2,7.707,0.018,,,,,,,
18,Feb-04,2004,FEBRUARY,2,10.610,0.044,8.273,0.027,0.003288527,-0.636620355,-11.63934871,0.588164023,-6.444255782
1,Mar-04,2004,MARCH,3,7.571,0.033,,,,,,,
17,Mar-04,2004,MARCH,3,7.132,0.027,,,,,,,
18,Mar-04,2004,MARCH,3,6.170,0.024,6.958,0.028,0.004018156,-0.60574047,-12.24508918,0.285275279,-6.158980503
1,Apr-04,2004,APRIL,4,7.885,0.051,,,,,,,
17,Apr-04,2004,APRIL,4,3.646,0.028,,,,,,,
18,Apr-04,2004,APRIL,4,3.863,0.048,5.131,0.042,0.008264056,-0.4260424,-12.67113158,-0.135305446,-6.29428595
1,May-04,2004,MAY,5,1.311,0.018,,,,,,,
17,May-04,2004,MAY,5,1.441,0.017,,,,,,,
18,May-04,2004,MAY,5,2.204,0.031,1.652,0.022,0.013158264,-0.218906162,-12.89003774,-0.936481407,-7.230767357
1,Jun-04,2004,JUNE,6,17.126,1.731,,,,,,,
17,Jun-04,2004,JUNE,6,18.147,1.529,,,,,,,
18,Jun-04,2004,JUNE,6,7.318,1.234,14.197,1.498,0.105528034,3.690434111,-9.199603629,1.952437624,-5.278329733
1,Jul-04,2004,JULY,7,17.850,1.333,,,,,,,
17,Jul-04,2004,JULY,7,17.636,1.519,,,,,,,
18,Jul-04,2004,JULY,7,23.803,2.121,19.763,1.658,0.083869201,2.773773302,-6.425830327,3.234230117,-2.044099616
1,Aug-04,2004,AUGUST,8,5.311,,,,,,,,
17,Aug-04,2004,AUGUST,8,9.396,,,,,,,,
18,Aug-04,2004,AUGUST,8,11.386,,8.698,,,,,0.685989917,-1.358109699
1,Sep-04,2004,SEPTEMBER,9,12.622,0.282,,,,,,,
17,Sep-04,2004,SEPTEMBER,9,7.491,0.316,,,,,,,
18,Sep-04,2004,SEPTEMBER,9,7.697,0.216,9.270,0.271,0.029249915,0.462136335,-5.963693993,0.817821518,-0.540288181
1,Oct-04,2004,OCTOBER,10,8.435,0.118,,,,,,,
17,Oct-04,2004,OCTOBER,10,11.815,0.124,,,,,,,
18,Oct-04,2004,OCTOBER,10,7.418,0.095,9.223,0.112,0.012172261,-0.260636513,-6.224330505,0.806901311,0.266613129
1,Nov-04,2004,NOVEMBER,11,6.243,0.024,,,,,,,
17,Nov-04,2004,NOVEMBER,11,6.324,0.023,,,,,,,
18,Nov-04,2004,NOVEMBER,11,11.340,0.042,7.969,0.030,0.003729304,-0.617965441,-6.842295947,0.518211292,0.784824422
1,Dec-04,2004,DECEMBER,12,4.479,0.010,,,,,,,
17,Dec-04,2004,DECEMBER,12,7.133,0.019,,,,,,,
18,Dec-04,2004,DECEMBER,12,4.102,0.012,5.238,0.014,0.002607624,-0.665438006,-7.507733953,-0.110670117,0.674154305
1,Jan-05,2005,JANUARY,1,13.157,0.024,,,,,,,
17,Jan-05,2005,JANUARY,1,18.033,0.017,,,,,,,
18,Jan-05,2005,JANUARY,1,12.540,0.018,14.577,0.020,0.001360075,-0.71823769,-8.225971643,2.039902141,2.714056446
1,Feb-05,2005,FEBRUARY,2,3.984,0.022,,,,,,,
17,Feb-05,2005,FEBRUARY,2,3.126,0.020,,,,,,,
18,Feb-05,2005,FEBRUARY,2,2.701,0.022,3.270,0.022,0.006622792,-0.495505162,-8.721476806,-0.563823395,2.150233051
1,Mar-05,2005,MARCH,3,1.697,0.000,,,,,,,
17,Mar-05,2005,MARCH,3,1.893,0.004,,,,,,,
18,Mar-05,2005,MARCH,3,0.676,0.004,1.422,0.003,0.002011391,-0.690672214,-9.41214902,-0.989432053,1.160800998
1,Apr-05,2005,APRIL,4,2.163,0.033,,,,,,,
17,Apr-05,2005,APRIL,4,2.634,0.030,,,,,,,
18,Apr-05,2005,APRIL,4,3.073,0.041,2.623,0.035,0.013158676,-0.218888751,-9.63103777,-0.712861269,0.447939729
1,May-05,2005,MAY,5,0.901,0.008,,,,,,,
17,May-05,2005,MAY,5,0.999,0.035,,,,,,,
18,May-05,2005,MAY,5,1.586,0.015,1.162,0.019,0.016677162,-0.069976819,-9.701014589,-1.049421034,-0.601481305
1,Jun-05,2005,JUNE,6,25.624,0.761,,,,,,,
17,Jun-05,2005,JUNE,6,2.896,0.045,,,,,,,
18,Jun-05,2005,JUNE,6,37.089,0.752,21.869,0.519,0.023750617,0.229391036,-9.471623553,3.719271229,3.117789924
1,Jul-05,2005,JULY,7,11.215,0.690,,,,,,,
17,Jul-05,2005,JULY,7,2.973,0.044,,,,,,,
18,Jul-05,2005,JULY,7,11.133,0.850,8.440,0.528,0.062592539,1.873287013,-7.59833654,0.626749368,3.744539292
1,Aug-05,2005,AUGUST,8,8.157,0.357,,,,,,,
17,Aug-05,2005,AUGUST,8,5.803,0.282,,,,,,,
18,Aug-05,2005,AUGUST,8,10.558,0.466,8.173,0.368,0.04505984,1.131255414,-6.467081126,0.565073918,4.309613211
1,Sep-05,2005,SEPTEMBER,9,13.195,0.127,,,,,,,
17,Sep-05,2005,SEPTEMBER,9,8.359,0.179,,,,,,,
18,Sep-05,2005,SEPTEMBER,9,12.321,0.799,11.292,0.368,0.032631421,0.605250872,-5.861830254,1.283364234,5.592977445
1,Oct-05,2005,OCTOBER,10,2.497,0.084,,,,,,,
17,Oct-05,2005,OCTOBER,10,2.610,0.099,,,,,,,
18,Oct-05,2005,OCTOBER,10,2.699,0.099,2.602,0.094,0.035974172,0.746725219,-5.115105035,-0.717785571,4.875191873
1,Nov-05,2005,NOVEMBER,11,3.026,0.018,,,,,,,
17,Nov-05,2005,NOVEMBER,11,4.867,0.031,,,,,,,
18,Nov-05,2005,NOVEMBER,11,4.355,0.025,4.083,0.024,0.005968078,-0.523214453,-5.638319487,-0.376738281,4.498453593
1,Dec-05,2005,DECEMBER,12,8.578,0.012,,,,,,,
17,Dec-05,2005,DECEMBER,12,10.255,0.014,,,,,,,
18,Dec-05,2005,DECEMBER,12,9.879,0.013,9.571,0.013,0.001354801,-0.718460884,-6.356780371,0.887091831,5.385545424
1,Jan-06,2006,JANUARY,1,12.008,0.016,,,,,,,
17,Jan-06,2006,JANUARY,1,22.816,0.018,,,,,,,
18,Jan-06,2006,JANUARY,1,12.891,0.019,15.905,0.018,0.001114949,-0.728612094,-7.085392465,2.345767727,7.731313151
1,Feb-06,2006,February,2,8.375,0.018,,,,,,,
17,Feb-06,2006,February,2,11.707,0.032,,,,,,,
18,Feb-06,2006,February,2,9.481,0.050,9.855,0.033,0.003382549,-0.632641054,-7.718033519,0.952401209,8.68371436
1,Mar-06,2006,March,3,7.208,0.049,,,,,,,
17,Mar-06,2006,March,3,9.478,0.030,,,,,,,
18,Mar-06,2006,March,3,7.796,0.042,8.161,0.040,0.004946491,-0.566450773,-8.284484292,0.562333504,9.246047864
1,Apr-06,2006,April,4,3.912,0.026,,,,,,,
17,Apr-06,2006,April,4,3.333,0.027,,,,,,,
18,Apr-06,2006,April,4,2.932,0.026,3.392,0.026,0.0078016,-0.445614811,-8.730099103,-0.535720712,8.710327152
1,May-06,2006,May,5,1.904,0.007,,,,,,,
17,May-06,2006,May,5,2.704,0.018,,,,,,,
18,May-06,2006,May,5,2.100,0.017,2.236,0.014,0.006157103,-0.515214387,-9.245313489,-0.802062917,7.908264235
1,Jun-06,2006,June,6,3.314,0.056,,,,,,,
17,Jun-06,2006,June,6,2.230,0.054,,,,,,,
18,Jun-06,2006,June,6,3.662,0.090,3.068,0.067,0.021694024,0.14235044,-9.102963049,-0.610341358,7.297922876
1,Jul-06,2006,July,7,5.559,0.082,,,,,,,
17,Jul-06,2006,July,7,6.945,0.130,,,,,,,
18,Jul-06,2006,July,7,9.774,0.686,7.426,0.299,0.040291051,0.929427273,-8.173535776,0.393141684,7.691064561
1,Aug-06,2006,August,8,11.595,0.145,,,,,,,
17,Aug-06,2006,August,8,10.716,0.330,,,,,,,
18,Aug-06,2006,August,8,13.874,1.631,12.062,0.702,0.058204831,1.687587238,-6.485948538,1.460759642,9.151824202
1,Sep-06,2006,Septemeber,9,5.051,0.041,,,,,,,
17,Sep-06,2006,Septemeber,9,4.743,0.068,,,,,,,
18,Sep-06,2006,Septemeber,9,5.048,0.073,4.947,0.061,0.0122353,-0.257968513,-6.743917051,-0.177632187,8.974192015
1,Oct-06,2006,October,10,2.004,0.028,,,,,,,
17,Oct-06,2006,October,10,3.064,0.063,,,,,,,
18,Oct-06,2006,October,10,1.566,0.031,2.211,0.041,0.018390112,0.00251986,-6.741397191,-0.8077203,8.166471716
1,Nov-06,2006,November,11,3.616,0.021,,,,,,,
17,Nov-06,2006,November,11,2.468,0.021,,,,,,,
18,Nov-06,2006,November,11,1.903,0.022,2.662,0.021,0.008013021,-0.436666875,-7.178064066,-0.703860887,7.462610828
1,Dec-06,2006,December,12,7.621,0.093,,,,,,,
17,Dec-06,2006,December,12,7.748,0.016,,,,,,,
18,Dec-06,2006,December,12,8.112,0.018,7.827,0.042,0.005408628,-0.546891878,-7.724955944,0.485494426,7.948105254
1,Jan-07,2007,January,1,10.079,0.105,,,,,,,
17,Jan-07,2007,January,1,9.800,0.035,,,,,,,
18,Jan-07,2007,January,1,11.838,0.262,10.572,0.134,0.012674591,-0.239376544,-7.964332488,1.117708855,9.065814109
1,Feb-07,2007,February,2,6.955,0.015,,,,,,,
17,Feb-07,2007,February,2,11.650,0.025,,,,,,,
18,Feb-07,2007,February,2,6.587,0.041,8.397,0.027,0.003215306,-0.639719232,-8.604051721,0.616834747,9.682648857
1,Mar-07,2007,March,3,6.092,0.031,,,,,,,
17,Mar-07,2007,March,3,4.660,0.024,,,,,,,
18,Mar-07,2007,March,3,3.376,0.039,4.709,0.031,0.006653454,-0.494207456,-9.098259176,-0.232463509,9.450185348
1,Apr-07,2007,April,4,4.539,0.011,,,,,,,
17,Apr-07,2007,April,4,8.149,0.028,,,,,,,
18,Apr-07,2007,April,4,8.923,0.029,7.204,0.023,0.003146546,-0.642629373,-9.740888549,0.341948896,9.792134244
1,May-07,2007,May,5,2.217,0.021,,,,,,,
17,May-07,2007,May,5,4.056,0.045,,,,,,,
18,May-07,2007,May,5,4.134,0.046,3.469,0.037,0.010761987,-0.320323147,-10.0612117,-0.518096084,9.27403816
1,Jun-07,2007,June,6,7.123,0.142,,,,,,,
17,Jun-07,2007,June,6,1.950,0.071,,,,,,,
18,Jun-07,2007,June,6,5.218,0.160,4.764,0.124,0.026100343,0.328837855,-9.732373841,-0.219951252,9.054086908
1,Jul-07,2007,July,7,6.216,0.397,,,,,,,
17,Jul-07,2007,July,7,4.500,0.133,,,,,,,
18,Jul-07,2007,July,7,12.505,1.522,7.740,0.684,0.088368287,2.964186901,-6.76818694,0.465536224,9.519623132
1,Aug-07,2007,August,8,12.325,0.289,,,,,,,
17,Aug-07,2007,August,8,8.417,0.275,,,,,,,
18,Aug-07,2007,August,8,8.868,0.379,9.870,0.314,0.031847349,0.572066805,-6.196120135,0.955970656,10.47559379
1,Sep-07,2007,September,9,7.356,0.156,,,,,,,
17,Sep-07,2007,September,9,9.281,0.115,,,,,,,
18,Sep-07,2007,September,9,9.665,1.023,8.767,0.431,0.04919778,1.306384303,-4.889735831,0.702040917,11.17763471
1,Oct-07,2007,October,10,5.296,0.068,,,,,,,
17,Oct-07,2007,October,10,4.963,0.100,,,,,,,
18,Oct-07,2007,October,10,2.474,0.029,4.244,0.066,0.015471609,-0.12099911,-5.010734941,-0.339546939,10.83808777
1,Nov-07,2007,November,11,2.092,0.011,,,,,,,
17,Nov-07,2007,November,11,2.459,0.018,,,,,,,
18,Nov-07,2007,November,11,2.485,0.014,2.345,0.014,0.006111427,-0.517147523,-5.527882464,-0.776861849,10.06122592
1,Dec-07,2007,December,12,6.293,0.007,,,,,,,
17,Dec-07,2007,December,12,6.372,0.007,,,,,,,
18,Dec-07,2007,December,12,6.355,0.007,6.340,0.007,0.001104101,-0.729071201,-6.256953665,0.143057737,10.20428366
1,Jan-08,2008,January,1,10.820,0.021,,,,,,,
17,Jan-08,2008,January,1,11.284,0.010,,,,,,,
18,Jan-08,2008,January,1,9.698,0.010,10.601,0.014,0.001289227,-0.721236158,-6.978189823,1.124233652,11.32851731
1,Feb-08,2008,February,2,4.099,0.102,,,,,,,
17,Feb-08,2008,February,2,6.917,0.009,,,,,,,
18,Feb-08,2008,February,2,6.483,0.020,5.833,0.044,0.007486142,-0.458965834,-7.437155657,0.026302256,11.35481956
1,Mar-08,2008,March,3,2.497,0.016,,,,,,,
17,Mar-08,2008,March,3,2.227,0.025,,,,,,,
18,Mar-08,2008,March,3,1.371,0.020,2.032,0.020,0.010008203,-0.352225325,-7.789380982,-0.849095188,10.50572438
1,Apr-08,2008,April,4,2.879,0.009,,,,,,,
17,Apr-08,2008,April,4,2.583,0.013,,,,,,,
18,Apr-08,2008,April,4,0.946,0.005,2.136,0.009,0.004213483,-0.597473675,-8.386854657,-0.825068583,9.680655792
1,May-08,2008,May,5,1.467,0.021,,,,,,,
17,May-08,2008,May,5,0.979,0.013,,,,,,,
18,May-08,2008,May,5,0.957,0.015,1.134,0.016,0.01439906,-0.166392329,-8.553246986,-1.055739341,8.624916452
1,Jun-08,2008,June,6,1.905,0.121,,,,,,,
17,Jun-08,2008,June,6,4.139,0.265,,,,,,,
18,Jun-08,2008,June,6,9.196,0.601,5.080,0.329,0.06476378,1.965179825,-6.588067161,-0.147103814,8.477812638
1,Jul-08,2008,July,7,4.861,0.125,,,,,,,
17,Jul-08,2008,July,7,2.134,0.119,,,,,,,
18,Jul-08,2008,July,7,5.020,0.341,4.005,0.195,0.048689139,1.284857228,-5.303209933,-0.394662281,8.083150356
1,Aug-08,2008,August,8,14.098,0.228,,,,,,,
17,Aug-08,2008,August,8,6.371,0.197,,,,,,,
18,Aug-08,2008,August,8,4.137,0.173,8.202,0.199,0.024303016,0.252770065,-5.050439868,0.571852031,8.655002387
1,Sep-08,2008,September,9,16.371,0.394,,,,,,,
17,Sep-08,2008,September,9,12.108,0.315,,,,,,,
18,Sep-08,2008,September,9,6.841,0.203,11.773,0.304,0.025821065,0.317018036,-4.733421832,1.394283477,10.04928586
1,Oct-08,2008,October,10,5.700,0.029,,,,,,,
17,Oct-08,2008,October,10,7.429,0.036,,,,,,,
18,Oct-08,2008,October,10,6.222,0.042,6.450,0.036,0.00552943,-0.541779219,-5.275201051,0.168466064,10.21775193
1,Nov-08,2008,November,11,2.107,0.018,,,,,,,
17,Nov-08,2008,November,11,2.181,0.014,,,,,,,
18,Nov-08,2008,November,11,0.648,0.005,1.645,0.012,0.007495948,-0.458550814,-5.733751866,-0.938062711,9.279689217
1,Dec-08,2008,December,12,6.300,0.016,,,,,,,
17,Dec-08,2008,December,12,10.686,0.024,,,,,,,
18,Dec-08,2008,December,12,9.779,0.021,8.922,0.020,0.002279096,-0.679342216,-6.413094082,0.737581869,10.01727109
1,Jan-09,2009,January,1,8.794,0.018,,,,,,,
17,Jan-09,2009,January,1,15.559,0.024,,,,,,,
18,Jan-09,2009,January,1,14.285,0.023,12.879,0.022,0.001682282,-0.704601016,-7.117695098,1.648980839,11.66625192
1,Feb-09,2009,February,2,11.236,0.043,,,,,,,
17,Feb-09,2009,February,2,9.369,0.032,,,,,,,
18,Feb-09,2009,February,2,7.892,0.035,9.499,0.037,0.003860055,-0.612431698,-7.730126796,0.8705342,12.53678612
1,Mar-09,2009,March,3,5.310,0.017,,,,,,,
17,Mar-09,2009,March,3,6.157,0.018,,,,,,,
18,Mar-09,2009,March,3,4.360,0.024,5.276,0.020,0.003727807,-0.618028816,-8.348155613,-0.102044335,12.43474179
1,Apr-09,2009,April,4,2.098,0.013,,,,,,,
17,Apr-09,2009,April,4,5.343,0.019,,,,,,,
18,Apr-09,2009,April,4,2.637,0.019,3.359,0.017,0.005060528,-0.561624434,-8.909780047,-0.543350886,11.8913909
1,May-09,2009,May,5,1.427,0.009,,,,,,,
17,May-09,2009,May,5,2.487,0.013,,,,,,,
18,May-09,2009,May,5,0.583,0.004,1.499,0.009,0.005781632,-0.531105335,-9.440885382,-0.971761368,10.91962954
1,Jun-09,2009,June,6,3.859,0.044,,,,,,,
17,Jun-09,2009,June,6,2.550,0.047,,,,,,,
18,Jun-09,2009,June,6,1.454,0.021,2.621,0.037,0.014243927,-0.172957954,-9.613843337,-0.713379414,10.20625012
1,Jul-09,2009,July,7,6.591,0.172,,,,,,,
17,Jul-09,2009,July,7,7.666,0.463,,,,,,,
18,Jul-09,2009,July,7,7.889,0.971,7.382,0.535,0.072518739,2.293390848,-7.320452488,0.383016735,10.58926686
1,Aug-09,2009,August,8,10.965,0.700,,,,,,,
17,Aug-09,2009,August,8,13.443,0.877,,,,,,,
18,Aug-09,2009,August,8,8.105,0.779,10.838,0.785,0.072463322,2.291045454,-5.029407034,1.178811658,11.76807851
1,Sep-09,2009,September,9,5.467,0.047,,,,,,,
17,Sep-09,2009,September,9,8.143,0.174,,,,,,,
18,Sep-09,2009,September,9,5.987,0.065,6.532,0.095,0.014594071,-0.158138938,-5.187545972,0.187349593,11.95542811
1,Oct-09,2009,October,10,3.480,0.113,,,,,,,
17,Oct-09,2009,October,10,2.729,0.106,,,,,,,
18,Oct-09,2009,October,10,1.459,0.058,2.556,0.092,0.036124152,0.753072779,-4.434473193,-0.728348066,11.22708004
1,Nov-09,2009,November,11,4.897,0.033,,,,,,,
17,Nov-09,2009,November,11,5.073,0.025,,,,,,,
18,Nov-09,2009,November,11,2.769,0.029,4.246,0.029,0.006829421,-0.486760039,-4.921233232,-0.339086365,10.88799368
1,Dec-09,2009,December,12,5.539,0.016,,,,,,,
17,Dec-09,2009,December,12,5.221,0.018,,,,,,,
18,Dec-09,2009,December,12,5.211,0.020,5.324,0.018,0.003381128,-0.6327012,-5.553934432,-0.090990562,10.79700312
1,Jan-10,2010,January,1,3.964,0.010,,,,,,,
17,Jan-10,2010,January,1,8.778,0.014,,,,,,,
18,Jan-10,2010,January,1,7.070,0.013,6.604,0.012,0.00186081,-0.697045196,-6.250979629,0.203853491,11.00085661
1,Feb-10,2010,February,2,6.870,0.015,,,,,,,
17,Feb-10,2010,February,2,17.589,0.024,,,,,,,
18,Feb-10,2010,February,2,6.347,0.000,10.269,0.013,0.001271023,-0.722006618,-6.972986246,1.047778386,12.04863499
1,Mar-10,2010,March,3,1.570,0.081,,,,,,,
17,Mar-10,2010,March,3,2.869,0.016,,,,,,,
18,Mar-10,2010,March,3,3.183,0.021,2.541,0.039,0.015347809,-0.126238673,-7.099224919,-0.731879132,11.31675586
1,Apr-10,2010,April,4,3.337,0.024,,,,,,,
17,Apr-10,2010,April,4,4.626,0.029,,,,,,,
18,Apr-10,2010,April,4,3.170,0.031,3.711,0.028,0.007517347,-0.457645153,-7.556870072,-0.462366643,10.85438922
1,May-10,2010,May,5,0.672,0.017,,,,,,,
17,May-10,2010,May,5,1.710,0.045,,,,,,,
18,May-10,2010,May,5,0.433,0.018,0.938,0.027,0.028325266,0.423002681,-7.133867391,-1.100875582,9.753513634
1,Jun-10,2010,June,6,2.618,0.190,,,,,,,
17,Jun-10,2010,June,6,2.075,0.256,,,,,,,
18,Jun-10,2010,June,6,3.076,0.262,2.590,0.236,0.091068976,3.078487406,-4.055379985,-0.720595072,9.032918562
1,Jul-10,2010,July,7,7.690,0.120,,,,,,,
17,Jul-10,2010,July,7,5.401,0.137,,,,,,,
18,Jul-10,2010,July,7,4.920,0.103,6.004,0.120,0.019988111,0.070151569,-3.985228417,0.065604561,9.098523124
1,Aug-10,2010,August,8,11.997,0.407,,,,,,,
17,Aug-10,2010,August,8,12.503,0.628,,,,,,,
18,Aug-10,2010,August,8,8.465,0.346,10.988,0.460,0.04185174,0.995479913,-2.989748503,1.213508224,10.31203135
1,Sep-10,2010,September,9,9.196,0.268,,,,,,,
17,Sep-10,2010,September,9,6.921,0.275,,,,,,,
18,Sep-10,2010,September,9,7.959,0.184,8.025,0.242,0.030177142,0.501379108,-2.488369395,0.531168004,10.84319935
1,Oct-10,2010,October,10,4.504,0.125,,,,,,,
17,Oct-10,2010,October,10,6.158,0.179,,,,,,,
18,Oct-10,2010,October,10,4.714,0.135,5.125,0.147,0.028603741,0.434788493,-2.053580902,-0.136664139,10.70653521
1,Nov-10,2010,November,11,1.141,0.024,,,,,,,
17,Nov-10,2010,November,11,1.087,0.014,,,,,,,
18,Nov-10,2010,November,11,0.952,0.011,1.060,0.016,0.015479717,-0.120655967,-2.174236869,-1.072857337,9.633677875
1,Dec-10,2010,December,12,2.466,0.091,,,,,,,
17,Dec-10,2010,December,12,7.185,0.068,,,,,,,
18,Dec-10,2010,December,12,8.927,0.074,6.193,0.077,0.012504037,-0.246594849,-2.420831718,0.109128794,9.742806669
1,Jan-11,2011,January,1,6.386,0.020,,,,,,,
17,Jan-11,2011,January,1,13.541,0.043,,,,,,,
18,Jan-11,2011,January,1,15.566,0.058,11.831,0.040,0.003420136,-0.631050302,-3.05188202,1.407563357,11.15037003
1,Feb-11,2011,February,2,4.093,0.027,,,,,,,
17,Feb-11,2011,February,2,3.527,0.012,,,,,,,
18,Feb-11,2011,February,2,3.747,0.024,3.789,0.021,0.005559042,-0.540525979,-3.592407999,-0.444404261,10.70596577
1,Mar-11,2011,March,3,7.682,0.027,,,,,,,
17,Mar-11,2011,March,3,8.231,0.023,,,,,,,
18,Mar-11,2011,March,3,7.882,0.036,7.932,0.029,0.003641605,-0.6216771,-4.214085099,0.509597793,11.21556356
1,Apr-11,2011,April,4,4.576,0.027,,,,,,,
17,Apr-11,2011,April,4,3.106,0.000,,,,,,,
18,Apr-11,2011,April,4,2.575,0.000,3.419,0.009,0.002662755,-0.663104727,-4.877189826,-0.529610431,10.68595313
1,May-11,2011,May,5,1.440,0.024,,,,,,,
17,May-11,2011,May,5,1.978,0.025,,,,,,,
18,May-11,2011,May,5,1.799,0.030,1.739,0.026,0.015143186,-0.134898886,-5.012088712,-0.916492501,9.769460626
1,Jun-11,2011,June,6,3.720,0.158,,,,,,,
17,Jun-11,2011,June,6,2.914,0.182,,,,,,,
18,Jun-11,2011,June,6,3.825,0.196,3.486,0.179,0.05135522,1.397693073,-3.614395639,-0.514104444,9.255356182
1,Jul-11,2011,July,7,13.347,0.372,,,,,,,
17,Jul-11,2011,July,7,8.255,0.987,,,,,,,
18,Jul-11,2011,July,7,5.244,0.791,8.949,0.717,0.080121792,2.615172748,-0.999222891,0.743799617,9.999155799
1,Aug-11,2011,August,8,12.743,0.275,,,,,,,
17,Aug-11,2011,August,8,6.654,0.100,,,,,,,
18,Aug-11,2011,August,8,8.760,1.000,9.386,0.458,0.048846144,1.291502123,0.292279232,0.844435012,10.84359081
1,Sep-11,2011,September,9,9.215,0.221,,,,,,,
17,Sep-11,2011,September,9,5.711,0.247,,,,,,,
18,Sep-11,2011,September,9,5.661,0.356,6.862,0.275,0.04004671,0.919086119,1.211365351,0.263344286,11.1069351
1,Oct-11,2011,October,10,19.387,0.113,,,,,,,
17,Oct-11,2011,October,10,30.336,0.171,,,,,,,
18,Oct-11,2011,October,10,9.034,0.086,19.586,0.123,0.006294688,-0.509391403,0.701973947,3.19336186,14.30029696
1,Nov-11,2011,November,11,2.791,0.030,,,,,,,
17,Nov-11,2011,November,11,5.745,0.038,,,,,,,
18,Nov-11,2011,November,11,5.653,0.040,4.730,0.036,0.007589999,-0.454570313,0.247403634,-0.227781008,14.07251595
1,Dec-11,2011,December,12,2.329,0.021,,,,,,,
17,Dec-11,2011,December,12,4.002,0.025,,,,,,,
18,Dec-11,2011,December,12,1.975,0.018,2.769,0.021,0.007659222,-0.451640609,-0.204236975,-0.679373709,13.39314224
1,Jan-12,2012,January,1,4.746,0.045,,,,,,,
17,Jan-12,2012,January,1,10.285,0.018,,,,,,,
18,Jan-12,2012,January,1,3.994,0.020,6.342,0.028,0.004407635,-0.589256653,-0.793493628,0.143441549,13.53658379
1,Feb-12,2012,February,2,11.262,0.063,,,,,,,
17,Feb-12,2012,February,2,22.804,0.064,,,,,,,
18,Feb-12,2012,February,2,16.109,0.065,16.725,0.064,0.003821075,-0.614081475,-1.407575103,2.53458767,16.07117146
1,Mar-12,2012,March,3,5.296,0.064,,,,,,,
17,Mar-12,2012,March,3,12.057,0.043,,,,,,,
18,Mar-12,2012,March,3,3.456,0.068,6.936,0.058,0.008402164,-0.420197302,-1.827772404,0.28038552,16.35155698
1,Apr-12,2012,April,4,1.608,0.019,,,,,,,
17,Apr-12,2012,April,4,1.493,0.020,,,,,,,
18,Apr-12,2012,April,4,1.509,0.029,1.537,0.022,0.014605911,-0.157637814,-1.985410218,-0.963087226,15.38846975
1,May-12,2012,May,5,4.413,0.047,,,,,,,
17,May-12,2012,May,5,4.450,0.048,,,,,,,
18,May-12,2012,May,5,5.343,0.069,4.735,0.055,0.011544893,-0.287188437,-2.272598655,-0.226476048,15.16199371
1,Jun-12,2012,June,6,5.751,0.334,,,,,,,
17,Jun-12,2012,June,6,5.897,0.064,,,,,,,
18,Jun-12,2012,June,6,8.243,0.319,6.630,0.239,0.036095942,0.751878825,-1.520719829,0.209917714,15.37191142
1,Jul-12,2012,July,7,8.254,0.240,,,,,,,
17,Jul-12,2012,July,7,8.085,0.003,,,,,,,
18,Jul-12,2012,July,7,5.482,0.254,7.274,0.166,0.022775984,0.188141937,-1.332577892,0.358068983,15.7299804
1,Aug-12,2012,August,8,11.004,0.497,,,,,,,
17,Aug-12,2012,August,8,11.524,0.586,,,,,,,
18,Aug-12,2012,August,8,12.270,1.535,11.599,0.873,0.075223515,2.407864326,1.075286433,1.354213548,17.08419395
1,Sep-12,2012,September,9,9.972,0.345,,,,,,,
17,Sep-12,2012,September,9,12.736,0.300,,,,,,,
18,Sep-12,2012,September,9,9.218,0.280,10.642,0.308,0.028987083,0.451012579,1.526299012,1.133752179,18.21794613
1,Oct-12,2012,October,10,3.069,0.047,,,,,,,
17,Oct-12,2012,October,10,7.125,0.094,,,,,,,
18,Oct-12,2012,October,10,2.956,0.050,4.383,0.064,0.014540133,-0.160421717,1.365877295,-0.307537053,17.91040908
1,Nov-12,2012,November,11,1.710,0.000,,,,,,,
17,Nov-12,2012,November,11,2.616,0.024,,,,,,,
18,Nov-12,2012,November,11,3.024,0.034,2.450,0.019,0.007936173,-0.439919279,0.925958016,-0.752758482,17.15765059
1,Dec-12,2012,December,12,7.401,0.000,,,,,,,
17,Dec-12,2012,December,12,8.895,0.016,,,,,,,
18,Dec-12,2012,December,12,2.596,0.008,6.297,0.008,0.001267163,-0.722169956,0.203788061,0.133232161,17.29088276
1,Jan-13,2013,January,1,3.752,0.000,,,,,,,
17,Jan-13,2013,January,1,8.471,0.014,,,,,,,
18,Jan-13,2013,January,1,5.609,0.000,5.944,0.005,0.000775095,-0.742995615,-0.539207554,0.051864107,17.34274686
1,Feb-13,2013,February,2,6.144,0.015,,,,,,,
17,Feb-13,2013,February,2,7.355,0.015,,,,,,,
18,Feb-13,2013,February,2,7.877,0.017,7.125,0.016,0.002182851,-0.683415556,-1.222623109,0.323909752,17.66665661
1,Mar-13,2013,March,3,6.521,0.031,,,,,,,
17,Mar-13,2013,March,3,8.843,0.025,,,,,,,
18,Mar-13,2013,March,3,8.536,0.030,7.967,0.029,0.003632772,-0.622050954,-1.844674064,0.517657836,18.18431445
1,Apr-13,2013,April,4,0.471,0.006,,,,,,,
17,Apr-13,2013,April,4,0.599,0.016,,,,,,,
18,Apr-13,2013,April,4,0.454,0.010,0.508,0.010,0.020228018,0.080305084,-1.764368979,-1.199975731,16.98433872
1,May-13,2013,May,5,0.883,0.021,,,,,,,
17,May-13,2013,May,5,2.568,0.026,,,,,,,
18,May-13,2013,May,5,0.847,0.015,1.433,0.021,0.014433283,-0.164943907,-1.929312886,-0.987037068,15.99730165
1,Jun-13,2013,June,6,3.645,0.044,,,,,,,
17,Jun-13,2013,June,6,4.263,0.061,,,,,,,
18,Jun-13,2013,June,6,5.809,0.135,4.572,0.080,0.017493457,-0.035429002,-1.964741888,-0.264012821,15.73328883
1,Jul-13,2013,July,7,5.066,0.111,,,,,,,
17,Jul-13,2013,July,7,15.305,0.302,,,,,,,
18,Jul-13,2013,July,7,11.466,0.351,10.612,0.254,0.023980545,0.239122252,-1.725619636,1.126920333,16.86020916
1,Aug-13,2013,August,8,5.714,0.176,,,,,,,
17,Aug-13,2013,August,8,6.368,0.169,,,,,,,
18,Aug-13,2013,August,8,8.715,0.231,6.932,0.192,0.027701243,0.396592308,-1.329027327,0.279464372,17.13967354
1,Sep-13,2013,September,9,3.138,0.055,,,,,,,
17,Sep-13,2013,September,9,3.146,0.050,,,,,,,
18,Sep-13,2013,September,9,3.032,0.035,3.105,0.047,0.015074187,-0.137819105,-1.466846433,-0.60184377,16.53782976
1,Oct-13,2013,October,10,1.300,0.013,,,,,,,
17,Oct-13,2013,October,10,3.704,0.032,,,,,,,
18,Oct-13,2013,October,10,3.765,0.037,2.923,0.027,0.009372106,-0.37914669,-1.845993123,-0.643832757,15.89399701
1,Nov-13,2013,November,11,2.091,0.016,,,,,,,
17,Nov-13,2013,November,11,6.453,0.034,,,,,,,
18,Nov-13,2013,November,11,6.676,0.032,5.073,0.027,0.005392058,-0.54759317,-2.393586293,-0.148639061,15.74535795
1,Dec-13,2013,December,12,2.355,0.012,,,,,,,
17,Dec-13,2013,December,12,11.252,0.042,,,,,,,
18,Dec-13,2013,December,12,2.573,0.000,5.393,0.018,0.003311465,-0.63564955,-3.029235843,-0.074947238,15.67041071
1,Jan-14,2014,January,1,2.026,0.018,,,,,,,
17,Jan-14,2014,January,1,6.667,0.025,,,,,,,
18,Jan-14,2014,January,1,3.919,0.022,4.204,0.022,0.005120094,-0.559103436,-3.588339279,-0.348835179,15.32157553
1,Feb-14,2014,February,2,6.284,0.000,,,,,,,
17,Feb-14,2014,February,2,12.170,0.000,,,,,,,
18,Feb-14,2014,February,2,8.290,0.021,8.915,0.007,0.000794206,-0.742186792,-4.33052607,0.735969861,16.05754539
1,Mar-14,2014,March,3,2.223,0.051,,,,,,,
17,Mar-14,2014,March,3,3.360,0.066,,,,,,,
18,Mar-14,2014,March,3,1.478,0.034,2.354,0.051,0.021520783,0.135018412,-4.195507658,-0.774942791,15.2826026
1,Apr-14,2014,April,4,1.765,0.010,,,,,,,
17,Apr-14,2014,April,4,10.796,0.028,,,,,,,
18,Apr-14,2014,April,4,7.571,0.021,6.711,0.020,0.002944566,-0.651177711,-4.846685369,0.228417432,15.51102003
1,May-14,2014,May,5,0.578,0.008,,,,,,,
17,May-14,2014,May,5,2.113,0.027,,,,,,,
18,May-14,2014,May,5,2.515,0.035,1.735,0.024,0.013581324,-0.201001111,-5.04768648,-0.917336886,14.59368315
1,Jun-14,2014,June,6,5.779,0.229,,,,,,,
17,Jun-14,2014,June,6,3.677,0.155,,,,,,,
18,Jun-14,2014,June,6,5.616,0.281,5.024,0.222,0.044132597,1.092011969,-3.955674511,-0.159999883,14.43368326
1,Jul-14,2014,July,7,5.887,0.198,,,,,,,
17,Jul-14,2014,July,7,5.673,0.036,,,,,,,
18,Jul-14,2014,July,7,10.291,0.775,7.284,0.336,0.046153935,1.177560489,-2.778114022,0.360371852,14.79405512
1,Aug-14,2014,August,8,3.184,0.071,,,,,,,
17,Aug-14,2014,August,8,3.071,0.066,,,,,,,
18,Aug-14,2014,August,8,4.324,0.093,3.526,0.077,0.021725671,0.143689829,-2.634424193,-0.504892966,14.28916215
1,Sep-14,2014,September,9,5.444,0.072,,,,,,,
17,Sep-14,2014,September,9,6.381,0.119,,,,,,,
18,Sep-14,2014,September,9,4.137,0.052,5.321,0.081,0.015185112,-0.133124473,-2.767548665,-0.091681423,14.19748073
1,Oct-14,2014,October,10,5.167,0.064,,,,,,,
17,Oct-14,2014,October,10,5.853,0.120,,,,,,,
18,Oct-14,2014,October,10,1.976,0.010,4.332,0.064,0.014834122,-0.147979303,-2.915527969,-0.31935845,13.87812228
1,Nov-14,2014,November,11,1.482,0.014,,,,,,,
17,Nov-14,2014,November,11,2.737,0.027,,,,,,,
18,Nov-14,2014,November,11,2.847,0.025,2.355,0.022,0.009388038,-0.378472426,-3.294000394,-0.77455898,13.1035633
1,Dec-14,2014,December,12,2.580,0.011,,,,,,,
17,Dec-14,2014,December,12,3.414,0.012,,,,,,,
18,Dec-14,2014,December,12,2.956,0.010,2.983,0.011,0.003726578,-0.618080818,-3.912081213,-0.629938778,12.47362452
1,Jan-15,2015,January,1,5.639,0.011,,,,,,,
17,Jan-15,2015,January,1,10.254,0.017,,,,,,,
18,Jan-15,2015,January,1,8.518,0.019,8.137,0.016,0.001925362,-0.694313216,-4.606394429,0.556883379,13.0305079
1,Feb-15,2015,February,2,,,,,,,,,
17,Feb-15,2015,February,2,,,,,,,,,
18,Feb-15,2015,February,2,,,,,,,,,
1,Mar-15,2015,March,3,5.465,0.022,,,,,,,
17,Mar-15,2015,March,3,8.943,0.034,,,,,,,
18,Mar-15,2015,March,3,7.508,0.043,7.305,0.033,0.004517248,-0.584617533,-5.191011961,0.365361403,13.3958693
1,Apr-15,2015,April,4,1.930,0.013,,,,,,,
17,Apr-15,2015,April,4,6.766,0.014,,,,,,,
18,Apr-15,2015,April,4,1.290,0.011,3.329,0.013,0.003805327,-0.614747936,-5.805759897,-0.550413019,12.84545628
1,May-15,2015,May,5,4.357,0.036,,,,,,,
17,May-15,2015,May,5,4.969,0.031,,,,,,,
18,May-15,2015,May,5,3.461,0.017,4.262,0.028,0.006569172,-0.497774513,-6.30353441,-0.335401774,12.51005451
1,Jun-15,2015,June,6,5.963,0.072,,,,,,,
17,Jun-15,2015,June,6,5.179,0.071,,,,,,,
18,Jun-15,2015,June,6,6.415,0.050,5.852,0.064,0.010992766,-0.310555938,-6.614090348,0.03075447,12.54080898
1,Jul-15,2015,July,7,5.868,0.062,,,,,,,
17,Jul-15,2015,July,7,4.614,0.036,,,,,,,
18,Jul-15,2015,July,7,5.911,0.042,5.464,0.047,0.008540231,-0.414353936,-7.028444284,-0.058596865,12.48221211
1,Aug-15,2015,August,8,5.353,0.053,,,,,,,
17,Aug-15,2015,August,8,10.668,0.062,,,,,,,
18,Aug-15,2015,August,8,3.588,0.030,6.536,0.048,0.007394564,-0.462841679,-7.491285963,0.188270741,12.67048286
1,Sep-15,2015,September,9,8.479,0.163,,,,,,,
17,Sep-15,2015,September,9,9.799,0.156,,,,,,,
18,Sep-15,2015,September,9,4.393,0.232,7.557,0.184,0.024304177,0.252819228,-7.238466735,0.423316951,13.09379981
1,Oct-15,2015,October,10,3.443,0.020,,,,,,,
17,Oct-15,2015,October,10,6.534,0.027,,,,,,,
18,Oct-15,2015,October,10,6.967,0.029,5.648,0.025,0.004485364,-0.585966956,-7.824433691,-0.016300829,13.07749898
1,Nov-15,2015,November,11,2.740,0.009,,,,,,,
17,Nov-15,2015,November,11,3.309,0.009,,,,,,,
18,Nov-15,2015,November,11,2.741,0.008,2.930,0.009,0.002957907,-0.65061309,-8.475046782,-0.642220748,12.43527823
1,Dec-15,2015,December,12,2.152,0.014,,,,,,,
17,Dec-15,2015,December,12,2.638,0.018,,,,,,,
18,Dec-15,2015,December,12,2.252,0.018,2.347,0.017,0.007100256,-0.4752976,-8.950344382,-0.776401275,11.65887695
1,Jan-16,2016,January,1,3.944,0.013,,,,,,,
17,Jan-16,2016,January,1,19.608,0.018,,,,,,,
18,Jan-16,2016,January,1,3.284,0.016,8.945,0.016,0.001751379,-0.701676641,-9.652021022,0.743031994,12.40190895
1,Feb-16,2016,February,2,3.388,0.019,,,,,,,
17,Feb-16,2016,February,2,4.304,0.017,,,,,,,
18,Feb-16,2016,February,2,3.485,0.022,3.726,0.019,0.005189228,-0.5561775,-10.20819852,-0.458989101,11.94291985
1,Mar-16,2016,March,3,7.046,0.024,,,,,,,
17,Mar-16,2016,March,3,8.272,0.025,,,,,,,
18,Mar-16,2016,March,3,6.73,0.013,7.349,0.021,0.002812046,-0.656786294,-10.86498482,0.375494028,12.31841387
1,Apr-16,2016,April,4,4.557,0.023,,,,,,,
17,Apr-16,2016,April,4,2.92,0.009,,,,,,,
18,Apr-16,2016,April,4,2.402,0.012,3.293,0.015,0.004453892,-0.587298913,-11.45228373,-0.558626587,11.75978729
1,May-16,2016,May,5,4.89,0.046,,,,,,,
17,May-16,2016,May,5,7.297,0.071,,,,,,,
18,May-16,2016,May,5,6.008,0.081,6.065,0.066,0.01088211,-0.315239199,-11.76752293,0.079728827,11.83951611
1,Jun-16,2016,June,6,4.22,0.06,,,,,,,
17,Jun-16,2016,June,6,4.822,0.033,,,,,,,
18,Jun-16,2016,June,6,11.075,0.374,6.706,0.156,0.023214197,0.206688297,-11.56083463,0.227265997,12.06678211
1,Jul-16,2016,July,7,4.209,0.332,,,,,,,
17,Jul-16,2016,July,7,2.555,0.077,,,,,,,
18,Jul-16,2016,July,7,6.322,0.594,4.362,0.334,0.076646798,2.468101544,-9.092733089,-0.312449841,11.75433227
1,Aug-16,2016,August,8,5.847,0.307,,,,,,,
17,Aug-16,2016,August,8,4.239,0.043,,,,,,,
18,Aug-16,2016,August,8,5.701,0.639,5.262,0.330,0.062646481,1.875569995,-7.217163093,-0.105114828,11.64921744
1,Sep-16,2016,September,9,5.162,0.064,,,,,,,
17,Sep-16,2016,September,9,5.417,0.049,,,,,,,
18,Sep-16,2016,September,9,5.427,0.061,5.335,0.058,0.010870923,-0.315712667,-7.53287576,-0.088303881,11.56091356
1,Oct-16,2016,October,10,2.483,0.035,,,,,,,
17,Oct-16,2016,October,10,4.515,0.034,,,,,,,
18,Oct-16,2016,October,10,2.005,0.02,3.001,0.030,0.009885594,-0.357414504,-7.890290264,-0.625870375,10.93504319
1,Nov-16,2016,November,11,2.766,0.01,,,,,,,
17,Nov-16,2016,November,11,2.71,0.008,,,,,,,
18,Nov-16,2016,November,11,3.286,0.009,2.921,0.009,0.003081488,-0.645382783,-8.535673047,-0.644370093,10.29067309
1,Dec-16,2016,December,12,4.58,0.019,,,,,,,
17,Dec-16,2016,December,12,6.342,0.02,,,,,,,
18,Dec-16,2016,December,12,7.303,0.024,6.075,0.021,0.00345679,-0.629498985,-9.165172033,0.082031697,10.37270479
1,Jan-17,2017,January,1,,,,,,,,,
17,Jan-17,2017,January,1,,,,,,,,,
18,Jan-17,2017,January,1,,,,,,,,,
1,Feb-17,2017,February,2,,,,,,,,,
17,Feb-17,2017,February,2,,,,,,,,,
18,Feb-17,2017,February,2,,,,,,,,,
1,Mar-17,2017,March,3,6.641,0.035,,,,,,,
17,Mar-17,2017,March,3,17.423,0.032,,,,,,,
18,Mar-17,2017,March,3,11.77,0.038,11.945,0.035,0.002930178,-0.651786643,-9.816958676,1.433739307,11.8064441
1,Apr-17,2017,April,4,,,,,,,,,
17,Apr-17,2017,April,4,,,,,,,,,
18,Apr-17,2017,April,4,,,,,,,,,
1,May-17,2017,May,5,5.169,0.106,,,,,,,
17,May-17,2017,May,5,5.033,0.085,,,,,,,
18,May-17,2017,May,5,4.53,0.067,4.911,0.086,0.017512897,-0.034606245,-9.851564921,-0.186099071,11.62034503
1,Jun-17,2017,June,6,4.735,0.528,,,,,,,
17,Jun-17,2017,June,6,8.449,1.549,,,,,,,
18,Jun-17,2017,June,6,6.491,1.28,6.558,1.119,0.170622618,6.445414241,-3.40615068,0.193337054,11.81368208
1,Jul-17,2017,July,7,8.937,0.977,,,,,,,
17,Jul-17,2017,July,7,17.248,1.384,,,,,,,
18,Jul-17,2017,July,7,24.001,1.38,16.729,1.247,0.074542701,2.379050429,-1.027100251,2.535432056,14.34911414
1,Aug-17,2017,August,8,,,,,,,,,
17,Aug-17,2017,August,8,,,,,,,,,
18,Aug-17,2017,August,8,,,,,,,,,
1,Sep-17,2017,September,9,2.262,0.037,,,,,,,
17,Sep-17,2017,September,9,1.503,0.022,,,,,,,
18,Sep-17,2017,September,9,2.94,0.04,2.235,0.033,0.014765101,-0.150900476,-1.178000727,-0.802270175,13.54684396
1,Oct-17,2017,October,10,,,,,,,,,
17,Oct-17,2017,October,10,,,,,,,,,
18,Oct-17,2017,October,10,,,,,,,,,
1,Nov-17,2017,November,11,1.755,0.018,,,,,,,
17,Nov-17,2017,November,11,2.822,0.021,,,,,,,
18,Nov-17,2017,November,11,1.225,0.012,1.934,0.017,0.008790072,-0.40377995,-1.581780677,-0.871586546,12.67525742
1,Dec-17,2017,December,12,2.664,0.008,,,,,,,
17,Dec-17,2017,December,12,6.514,0.021,,,,,,,
18,Dec-17,2017,December,12,6.564,0.018,5.247,0.016,0.002985644,-0.649439194,-2.231219871,-0.108569132,12.56668828
1,Jan-18,2018,January,1,3.177,0.01,,,,,,,
17,Jan-18,2018,January,1,3.938,0.009,,,,,,,
18,Jan-18,2018,January,1,3.112,0.011,3.409,0.01,0.002933412,-0.651649792,-2.882869663,-0.531913301,12.03477498
1,Feb-18,2018,February,2,7.063,0.015,,,,,,,
17,Feb-18,2018,February,2,19.203,0.019,,,,,,,
18,Feb-18,2018,February,2,3.625,0.03,9.963666667,0.021333333,0.002141113,-0.685182038,-3.568051701,0.977540867,13.01231585
1,Mar-18,2018,March,3,11.032,0.016,,,,,,,
17,Mar-18,2018,March,3,15.913,0.014,,,,,,,
18,Mar-18,2018,March,3,13.197,0.008,13.38066667,0.012666667,0.000946639,-0.735735401,-4.303787102,1.764431361,14.77674721
1,Apr-18,2018,April,4,1.731,0.009,,,,,,,
17,Apr-18,2018,April,4,2.281,0.013,,,,,,,
18,Apr-18,2018,April,4,0.983,0.015,1.665,0.012333333,0.007407407,-0.462298099,-4.766085201,-0.933533735,13.84321348
1,May-18,2018,May,5,7.786,0.117,,,,,,,
17,May-18,2018,May,5,7.888,0.054,,,,,,,
18,May-18,2018,May,5,10.387,0.136,8.687,0.102333333,0.011780054,-0.277235762,-5.043320963,0.683541199,14.52675468
1,Jun-18,2018,June,6,14.133,2.343,,,,,,,
17,Jun-18,2018,June,6,7.467,0.718,,,,,,,
18,Jun-18,2018,June,6,4.814,0.318,8.804666667,1.126333333,0.127924585,4.638317201,-0.405003763,0.710638297,15.23739297
1,Jul-18,2018,July,7,24.436,1.198,,,,,,,
17,Jul-18,2018,July,7,19.725,1.012,,,,,,,
18,Jul-18,2018,July,7,17.449,1.091,20.53666667,1.100333333,0.053578964,1.49180798,1.086804218,3.412364746,18.64975772
1,Aug-18,2018,August,8,7.996,0.647,,,,,,,
17,Aug-18,2018,August,8,6.989,0.067,,,,,,,
18,Aug-18,2018,August,8,8.894,0.829,7.959666667,0.514333333,0.064617446,1.958986604,3.045790821,0.516045827,19.16580355
1,Sep-18,2018,September,9,3.689,0.112,,,,,,,
17,Sep-18,2018,September,9,5.095,0.109,,,,,,,
18,Sep-18,2018,September,9,10.03,0.266,6.271333333,0.162333333,0.025884979,0.319723081,3.365513902,0.127244701,19.29304825
1,Oct-18,2018,October,10,1.636,0.061,,,,,,,
17,Oct-18,2018,October,10,3.307,0.082,,,,,,,
18,Oct-18,2018,October,10,2.284,0.053,2.409,0.065333333,0.02712052,0.372014542,3.737528444,-0.762200247,18.530848
1,Nov-18,2018,November,11,3.88,0.01,,,,,,,
17,Nov-18,2018,November,11,7.869,0.024,,,,,,,
18,Nov-18,2018,November,11,5.104,0.018,5.617666667,0.017333333,0.003085504,-0.645212823,3.092315621,-0.0232862,18.5075618
1,Dec-18,2018,December,12,,,,,,,,,
17,Dec-18,2018,December,12,,,,,,,,,
18,Dec-18,2018,December,12,,,,,,,,,
1,Jan-19,2019,January,1,,,,,,,,,
17,Jan-19,2019,January,1,,,,,,,,,
18,Jan-19,2019,January,1,,,,,,,,,
1,Feb-19,2019,February,2,,,,,,,,,
17,Feb-19,2019,February,2,,,,,,,,,
18,Feb-19,2019,February,2,,,,,,,,,
1,Mar-19,2019,March,3,3.442,0.012,,,,,,,
17,Mar-19,2019,March,3,3.880,0.009,,,,,,,
18,Mar-19,2019,March,3,2.616,0.011,3.313,0.011,0.003219964,-0.639522122,2.452793499,-0.55409761,17.95346419
1,Apr-19,2019,April,4,3.071,0.013,,,,,,,
17,Apr-19,2019,April,4,2.834,0.007,,,,,,,
18,Apr-19,2019,April,4,2.623,0.008,2.843,0.009,0.003283302,-0.636841473,1.815952027,-0.662332475,17.29113172
1,May-19,2019,May,5,5.878,0.017,,,,,,,
17,May-19,2019,May,5,6.811,0.011,,,,,,,
18,May-19,2019,May,5,3.913,0.057,5.534,0.028,0.005119865,-0.559113123,1.256838904,-0.042553541,17.24857817
1,Jun-19,2019,June,6,5.207,0.457,,,,,,,
17,Jun-19,2019,June,6,4.352,0.217,,,,,,,
18,Jun-19,2019,June,6,6.503,0.948,5.354,0.541,0.100983688,3.498105034,4.754943939,-0.084005191,17.16457298
1,Jul-19,2019,July,7,1.741,0.049,,,,,,,
17,Jul-19,2019,July,7,3.846,0.057,,,,,,,
18,Jul-19,2019,July,7,3.38,0.076,2.989,0.061,0.020296643,0.083209476,4.838153414,-0.628633818,16.53593916
1,Aug-19,2019,August,8,,,,,,,,,
17,Aug-19,2019,August,8,,,,,,,,,
18,Aug-19,2019,August,8,,,,,,,,,
1,Sep-19,2019,September,9,4.394,0.044,,,,,,,
17,Sep-19,2019,September,9,7.677,0.069,,,,,,,
18,Sep-19,2019,September,9,4.37,0.1,5.480,0.071,0.012955416,-0.227491247,4.610662168,-0.054912274,16.48102689
1,Oct-19,2019,October,10,1.605,0.037,,,,,,,
17,Oct-19,2019,October,10,2.254,0.032,,,,,,,
18,Oct-19,2019,October,10,2.471,0.043,2.110,0.037,0.017693523,-0.026961669,4.583700499,-0.831056044,15.64997085
1,Nov-19,2019,November,11,,,,,,,,,
17,Nov-19,2019,November,11,,,,,,,,,
18,Nov-19,2019,November,11,,,,,,,,,
1,Dec-19,2019,December,12,1.072,0.011,,,,,,,
17,Dec-19,2019,December,12,1.008,0.012,,,,,,,
18,Dec-19,2019,December,12,0.77,0.013,0.950,0.012,0.012631579,-0.241196927,4.342503571,-1.098188901,14.55178195
1,Jan-20,2020,January,1,,,,,,,,,
17,Jan-20,2020,January,1,,,,,,,,,
18,Jan-20,2020,January,1,,,,,,,,,
1,Feb-20,2020,February,2,3.013,0.001,,,,,,,
17,Feb-20,2020,February,2,4.560,0.001,,,,,,,
18,Feb-20,2020,February,2,2.519,0.001,3.364,0.001,0.000297235,-0.763219947,3.579283624,,
1,Mar-20,2020,March,3,,,,,,,,,
17,Mar-20,2020,March,3,,,,,,,,,
18,Mar-20,2020,March,3,,,,,,,,,
1,Apr-20,2020,April,4,,,,,,,,,
17,Apr-20,2020,April,4,,,,,,,,,
18,Apr-20,2020,April,4,,,,,,,,,
1,May-20,2020,May,5,,,,,,,,,
17,May-20,2020,May,5,,,,,,,,,
18,May-20,2020,May,5,,,,,,,,,
1,Jun-20,2020,June,6,4.143,0.023,,,,,,,
17,Jun-20,2020,June,6,4.735,0.044,,,,,,,
18,Jun-20,2020,June,6,4.961,0.0715,4.613,0.046,0.010007949,-0.352236113,3.227047511,,
1,Jul-20,2020,July,7,3.556,0.249,,,,,,,
17,Jul-20,2020,July,7,6.768,0.226,,,,,,,
18,Jul-20,2020,July,7,7.654,0.720,5.993,0.398,0.06647013,2.037397232,5.264444743,,
1,Aug-20,2020,August,8,6.825,0.176,,,,,,,
17,Aug-20,2020,August,8,6.422,0.339,,,,,,,
18,Aug-20,2020,August,8,6.140,0.551,6.462,0.355,0.054985299,1.551327908,6.815772651,,
1,Sep-20,2020,September,9,8.071,0.070,,,,,,,
17,Sep-20,2020,September,9,8.179,0.111,,,,,,,
18,Sep-20,2020,September,9,7.846,0.089,8.032,0.090,0.011205179,-0.301566047,6.514206604,,
1,Oct-20,2020,October,10,4.915,0.046,,,,,,,
17,Oct-20,2020,October,10,1.959,0.031,,,,,,,
18,Oct-20,2020,October,10,1.035,0.014,2.636,0.030,0.011505879,-0.2888396,6.225367004,,
1,Nov-20,2020,November,11,1.322,0.0085,,,,,,,
17,Nov-20,2020,November,11,1.082,0.001,,,,,,,
18,Nov-20,2020,November,11,1.601,0.012,1.335,0.007,0.005368265,-0.548600175,5.676766829,,
1,Dec-20,2020,December,12,,,,,,,,,
17,Dec-20,2020,December,12,,,,,,,,,
18,Dec-20,2020,December,12,,,,,,,,,
1,Jan-21,2021,January,1,,,,,,,,,
17,Jan-21,2021,January,1,,,,,,,,,
18,Jan-21,2021,January,1,,,,,,,,,
1,Feb-21,2021,February,2,6.330,0.008,,,,,,,
17,Feb-21,2021,February,2,11.078,0.013,,,,,,,
18,Feb-21,2021,February,2,7.741,0.008,8.383,0.010,0.001153127,-0.726996269,4.94977056,,
1,Mar-21,2021,March,3,4.376,0.018,,,,,,,
17,Mar-21,2021,March,3,10.173,0.014,,,,,,,
18,Mar-21,2021,March,3,3.874,0.008,6.141,0.013,0.002171199,-0.683908702,4.265861857,,
1,Apr-21,2021,April,4,0.769,0.011,,,,,,,
17,Apr-21,2021,April,4,3.604,0.016,,,,,,,
18,Apr-21,2021,April,4,0.929,0.018,1.767,0.015,0.008487363,-0.416591425,3.849270432,,
1,May-21,2021,May,5,2.744,0.018,,,,,,,
17,May-21,2021,May,5,3.029,0.025,,,,,,,
18,May-21,2021,May,5,4.306,0.283,3.360,0.109,0.032344479,0.593106691,4.442377123,,
1,Jun-21,2021,June,6,6.822,0.162,,,,,,,
17,Jun-21,2021,June,6,5.680,0.323,,,,,,,
18,Jun-21,2021,June,6,6.358,0.007,6.287,0.164,0.026086957,0.328271308,4.770648431,,
1,Jul-21,2021,July,7,,,,,,,,,
17,Jul-21,2021,July,7,,,,,,,,,
18,Jul-21,2021,July,7,,,,,,,,,
1,Aug-21,2021,August,8,4.893,0.075,,,,,,,
17,Aug-21,2021,August,8,4.895,0.024,,,,,,,
18,Aug-21,2021,August,8,4.514,0.141,4.767,0.080,0.01678087,-0.065587634,4.705060797,,
1,Sep-21,2021,September,9,5.414,0.035,,,,,,,
17,Sep-21,2021,September,9,7.355,0.032,,,,,,,
18,Sep-21,2021,September,9,3.311,0.062,5.360,0.043,0.008022388,-0.436270443,4.268790354,,
1,Oct-21,2021,October,10,0.986,0.005,,,,,,,
17,Oct-21,2021,October,10,1.036,0.006,,,,,,,
18,Oct-21,2021,October,10,1.010,0.001,1.011,0.004,0.003957751,-0.608296971,3.660493383,,
1,Nov-21,2021,November,11,0.965,0.006,,,,,,,
17,Nov-21,2021,November,11,1.066,0.005,,,,,,,
18,Nov-21,2021,November,11,0.888,0.001,0.973,0.004,0.004110963,-0.601812621,3.058680762,,
1,Dec-21,2021,December,12,1.120,0.005,,,,,,,
17,Dec-21,2021,December,12,0.849,0.001,,,,,,,
18,Dec-21,2021,December,12,1.142,0.001,1.037,0.002,0.002250016,-0.680572951,2.378107811,,
1,Jan-22,2022,January,1,,,,,,,,,
17,Jan-22,2022,January,1,,,,,,,,,
18,Jan-22,2022,January,1,,,,,,,,,
1,Feb-22,2022,February,2,,,,,,,,,
17,Feb-22,2022,February,2,,,,,,,,,
18,Feb-22,2022,February,2,,,,,,,,,
1,Mar-22,2022,March,3,,,,,,,,,
17,Mar-22,2022,March,3,,,,,,,,,
18,Mar-22,2022,March,3,,,,,,,,,
1,Apr-22,2022,April,4,,,,,,,,,
17,Apr-22,2022,April,4,,,,,,,,,
18,Apr-22,2022,April,4,,,,,,,,,
1,May-22,2022,May,5,,,,,,,,,
17,May-22,2022,May,5,,,,,,,,,
18,May-22,2022,May,5,,,,,,,,,
1,Jun-22,2022,June,6,,,,,,,,,
17,Jun-22,2022,June,6,,,,,,,,,
18,Jun-22,2022,June,6,,,,,,,,,
1,Jul-22,2022,July,7,,,,,,,,,
17,Jul-22,2022,July,7,,,,,,,,,
18,Jul-22,2022,July,7,,,,,,,,,
1,Aug-22,2022,August,8,,,,,,,,,
17,Aug-22,2022,August,8,,,,,,,,,
18,Aug-22,2022,August,8,,,,,,,,,
1,Sep-22,2022,September,9,,,,,,,,,
17,Sep-22,2022,September,9,,,,,,,,,
18,Sep-22,2022,September,9,,,,,,,,,
1,Oct-22,2022,October,10,,,,,,,,,
17,Oct-22,2022,October,10,,,,,,,,,
18,Oct-22,2022,October,10,,,,,,,,,
1,Nov-22,2022,November,11,,,,,,,,,
17,Nov-22,2022,November,11,,,,,,,,,
18,Nov-22,2022,November,11,,,,,,,,,
1,Dec-22,2022,December,12,,,,,,,,,
17,Dec-22,2022,December,12,,,,,,,,,
18,Dec-22,2022,December,12,,,,,,,,,
1,Jan-23,2023,January,1,3.770,0.023,,,,,,,
17,Jan-23,2023,January,1,3.877,0.016,,,,,,,
18,Jan-23,2023,January,1,3.271,0.010,3.639,0.016,0.004488001,-0.585855312,1.792252499,,
1,Feb-23,2023,February,2,2.943,0.025,,,,,,,
17,Feb-23,2023,February,2,2.625,0.022,,,,,,,
18,Feb-23,2023,February,2,2.398,0.035,2.655,0.027,0.010293748,-0.340140284,1.452112215,,
1,Mar-23,2023,March,3,1.398,0.017,,,,,,,
17,Mar-23,2023,March,3,1.9,0.008,,,,,,,
18,Mar-23,2023,March,3,2.268,0.012,1.855,0.012,0.006647503,-0.494459337,0.957652879,,
1,Apr-23,2023,April,4,1.302,0.015,,,,,,,
17,Apr-23,2023,April,4,3.205,0.010,,,,,,,
18,Apr-23,2023,April,4,2.061,0.100,2.189,0.042,0.019031669,0.029672307,0.987325185,,
1,May-23,2023,May,5,1.445,0.016,,,,,,,
17,May-23,2023,May,5,3.404,0.187,,,,,,,
18,May-23,2023,May,5,3.332,0.040,2.727,0.081,0.02970297,0.481310862,1.468636047,,
1,Jun-23,2023,June,6,3.513,0.067,,,,,,,
17,Jun-23,2023,June,6,2.95,0.144,,,,,,,
18,Jun-23,2023,June,6,5.883,0.197,4.115,0.136,0.033047141,0.622845267,2.091481315,,
1,Jul-23,2023,July,7,7.683,0.285,,,,,,,
17,Jul-23,2023,July,7,3.771,0.225,,,,,,,
18,Jul-23,2023,July,7,6.312,0.229,5.922,0.246,0.041596308,0.984669296,3.076150611,,
1,Aug-23,2023,August,8,5.445,0.090,,,,,,,
17,Aug-23,2023,August,8,2.98,0.094,,,,,,,
18,Aug-23,2023,August,8,2.691,0.066,3.705,0.083,0.022490104,0.176042725,3.252193336,,
1,Sep-23,2023,September,9,1.971,0.028,,,,,,,
17,Sep-23,2023,September,9,2.63,0.048,,,,,,,
18,Sep-23,2023,September,9,1.394,0.018,1.998,0.031,0.015679733,-0.112190739,3.140002597,,
1,Oct-23,2023,October,10,0.832,0.009,,,,,,,
17,Oct-23,2023,October,10,2.814,0.020,,,,,,,
18,Oct-23,2023,October,10,0.463,0.001,1.370,0.010,0.007301022,-0.466800613,2.673201984,,
1,Nov-23,2023,November,11,2.142,0.031,,,,,,,
17,Nov-23,2023,November,11,5.028,0.026,,,,,,,
18,Nov-23,2023,November,11,0.878,0.001,2.683,0.019,0.007206747,-0.470790593,2.20241139,,
1,Dec-23,2023,December,12,0.938,0.015,,,,,,,
17,Dec-23,2023,December,12,6.039,0.043,,,,,,,
18,Dec-23,2023,December,12,5.206,0.041,4.061,0.033,0.008126077,-0.431882031,1.77052936,,
1,Jan-24,2024,January,1,4.838,0.007,,,,,,,
17,Jan-24,2024,January,1,8.413,0.010,,,,,,,
18,Jan-24,2024,January,1,3.944,0.010,5.732,0.009,0.001570224,-0.709343607,1.061185752,,
1,Feb-24,2024,February,2,2.024,0.001,,,,,,,
17,Feb-24,2024,February,2,5.121,0.001,,,,,,,
18,Feb-24,2024,February,2,5.274,0.001,4.140,0.001,0.000241541,-0.76557708,0.295608673,,
1,Mar-24,2024,March,3,,,,,,,,,
17,Mar-24,2024,March,3,,,,,,,,,
18,Mar-24,2024,March,3,,,,,,,,,
1,Apr-24,2024,April,4,1.026,0.019,,,,,,,
17,Apr-24,2024,April,4,1.849,0.019,,,,,,,
18,Apr-24,2024,April,4,1.62,0.013,1.498,0.017,0.01134594,-0.295608673,6.97775E-14,,
1,May-24,2024,May,5,,,,,,,,,
17,May-24,2024,May,5,,,,,,,,,
18,May-24,2024,May,5,,,,,,,,,
1,Jun-24,2024,June,6,,,,,,,,,
17,Jun-24,2024,June,6,,,,,,,,,
18,Jun-24,2024,June,6,,,,,,,,,
1,Jul-24,2024,July,7,,,,,,,,,
17,Jul-24,2024,July,7,,,,,,,,,
18,Jul-24,2024,July,7,,,,,,,,,
1,Aug-24,2024,August,8,,,,,,,,,
17,Aug-24,2024,August,8,,,,,,,,,
18,Aug-24,2024,August,8,,,,,,,,,
1,Sep-24,2024,September,9,,,,,,,,,
17,Sep-24,2024,September,9,,,,,,,,,
18,Sep-24,2024,September,9,,,,,,,,,
1,Oct-24,2024,October,10,,,,,,,,,
17,Oct-24,2024,October,10,,,,,,,,,
18,Oct-24,2024,October,10,,,,,,,,,
1,Nov-24,2024,November,11,,,,,,,,,
17,Nov-24,2024,November,11,,,,,,,,,
18,Nov-24,2024,November,11,,,,,,,,,
1,Dec-24,2024,December,12,,,,,,,,,
17,Dec-24,2024,December,12,,,,,,,,,
18,Dec-24,2024,December,12,,,,,,,,,
