STA,DATE,YEAR,MONTH,MONTH#,NH4,ZscoreNH4,meanZ,CUSUM,mean NH4,wetdryave
1,1/24/1995,1995,JANUARY,1,4.96,0.190303855,,,,
17,1/24/1995,1995,JANUARY,1,1.96,-0.478674516,,,,
18,1/24/1995,1995,JANUARY,1,1.96,-0.478674516,-0.255681726,,2.96,
1,2/16/1995,1995,FEBRUARY,2,6.18,0.462355059,,,,
17,2/16/1995,1995,FEBRUARY,2,2.27,-0.409546751,,,,
18,2/16/1995,1995,FEBRUARY,2,2.76,-0.300280284,-0.082490659,-0.338172385,3.736666667,
1,3/22/1995,1995,MARCH,3,7.05,0.656358786,,,,
17,3/22/1995,1995,MARCH,3,1.50,-0.581251199,,,,
18,3/22/1995,1995,MARCH,3,0.82,-0.732886297,-0.21925957,-0.557431955,3.123333333,
1,4/19/1995,1995,APRIL,4,3.57,-0.119656124,,,,
17,4/19/1995,1995,APRIL,4,0.93,-0.70835709,,,,
18,4/19/1995,1995,APRIL,4,0.93,-0.70835709,-0.512123435,-1.069555389,1.81,
1,5/16/1995,1995,MAY,5,6.63,0.562701814,,,,
17,5/16/1995,1995,MAY,5,1.05,-0.681597955,,,,
18,5/16/1995,1995,MAY,5,1.19,-0.650378964,-0.256425035,-1.325980424,2.956666667,
1,6/15/1995,1995,JUNE,6,6.80,0.600610588,,,,
17,6/15/1995,1995,JUNE,6,0.08,-0.897900962,,,,
18,6/15/1995,1995,JUNE,6,0.17,-0.87783161,-0.391707328,-1.717687752,2.35,
1,7/5/1995,1995,JULY,7,1.43,-0.596860695,,,,
17,7/5/1995,1995,JULY,7,0.93,-0.70835709,,,,
18,7/5/1995,1995,JULY,7,0.56,-0.790864422,-0.698694069,-2.416381821,0.973333333,
1,8/23/1995,1995,AUGUST,8,1.33,-0.619159974,,,,
17,8/23/1995,1995,AUGUST,8,1.50,-0.581251199,,,,
18,8/23/1995,1995,AUGUST,8,0.76,-0.746265864,-0.648892346,-3.065274167,1.196666667,
1,9/20/1995,1995,SEPTEMBER,9,12.80,1.938567329,,,,
17,9/20/1995,1995,SEPTEMBER,9,0.37,-0.833233052,,,,
18,9/20/1995,1995,SEPTEMBER,9,0.25,-0.859992187,0.081780697,-2.98349347,4.473333333,
1,10/13/1995,1995,OCTOBER,10,7.89,0.84367273,,,,
17,10/13/1995,1995,OCTOBER,10,1.22,-0.643689181,,,,
18,10/13/1995,1995,OCTOBER,10,0.65,-0.770795071,-0.190270507,-3.173763978,3.253333333,
1,12/7/1995,1995,DECEMBER,12,7.69,0.799074172,,,,
17,12/7/1995,1995,DECEMBER,12,1.36,-0.61247019,,,,
18,12/7/1995,1995,DECEMBER,12,2.61,-0.333729202,-0.04904174,-3.222805718,3.886666667,2.792727273
1,1/22/1996,1996,JANUARY,1,1.80,-0.514353362,,,,
17,1/22/1996,1996,JANUARY,1,0.39,-0.828773197,,,,
18,1/22/1996,1996,JANUARY,1,0.61,-0.779714783,-0.707613781,-3.930419498,0.933333333,
1,2/14/1996,1996,FEBRUARY,2,2.52,-0.353798553,,,,
17,2/14/1996,1996,FEBRUARY,2,0.78,-0.741806008,,,,
18,2/14/1996,1996,FEBRUARY,2,1.74,-0.52773293,-0.541112497,-4.471531996,1.68,
1,3/18/1996,1996,MARCH,3,3.32,-0.175404321,,,,
17,3/18/1996,1996,MARCH,3,1.37,-0.610240262,,,,
18,3/18/1996,1996,MARCH,3,1.83,-0.507663579,-0.431102721,-4.902634716,2.173333333,
1,4/22/1996,1996,APRIL,4,0.51,-0.802014062,,,,
17,4/22/1996,1996,APRIL,4,0.34,-0.839922836,,,,
18,4/22/1996,1996,APRIL,4,0.33,-0.842152764,-0.828029887,-5.730664604,0.393333333,
1,5/8/1996,1996,MAY,5,6.73,0.585001093,,,,
17,5/8/1996,1996,MAY,5,0.50,-0.80424399,,,,
18,5/8/1996,1996,MAY,5,0.97,-0.699437378,-0.306226758,-6.036891362,2.733333333,
1,6/20/1996,1996,JUNE,6,1.95,-0.480904444,,,,
17,6/20/1996,1996,JUNE,6,0.81,-0.735116225,,,,
18,6/20/1996,1996,JUNE,6,0.09,-0.895671034,-0.703897234,-6.740788596,0.95,
1,7/22/1996,1996,JULY,7,1.17,-0.65483882,,,,
17,7/22/1996,1996,JULY,7,0.73,-0.752955648,,,,
18,7/22/1996,1996,JULY,7,1.28,-0.630309613,-0.679368027,-7.420156623,1.06,
1,8/21/1996,1996,AUGUST,8,3.99,-0.025999152,,,,
17,8/21/1996,1996,AUGUST,8,2.68,-0.318119707,,,,
18,8/21/1996,1996,AUGUST,8,0.14,-0.884521394,-0.409546751,-7.829703374,2.27,
1,9/17/1996,1996,SEPTEMBER,9,7.30,0.712106984,,,,
17,9/17/1996,1996,SEPTEMBER,9,5.77,0.370928015,,,,
18,9/17/1996,1996,SEPTEMBER,9,0.47,-0.810933773,0.090700408,-7.739002966,4.513333333,
1,10/21/1996,1996,OCTOBER,10,5.16,0.234902413,,,,
17,10/21/1996,1996,OCTOBER,10,5.59,0.330789312,,,,
18,10/21/1996,1996,OCTOBER,10,3.18,-0.206623312,0.119689471,-7.619313495,4.643333333,
1,11/12/1996,1996,NOVEMBER,11,4.40,0.065427892,,,,
17,11/12/1996,1996,NOVEMBER,11,1.78,-0.518813218,,,,
18,11/12/1996,1996,NOVEMBER,11,1.73,-0.529962858,-0.327782728,-7.947096223,2.636666667,
1,12/17/1996,1996,DECEMBER,12,3.86,-0.054988215,,,,
17,12/17/1996,1996,DECEMBER,12,3.39,-0.159794826,,,,
18,12/17/1996,1996,DECEMBER,12,3.97,-0.030459008,-0.081747349,-8.028843572,3.74,
1,1/15/1997,1997,JANUARY,1,6.87,0.616220084,,,,
17,1/15/1997,1997,JANUARY,1,0.18,-0.875601682,,,,
18,1/15/1997,1997,JANUARY,1,1.04,-0.683827883,-0.314403161,-8.343246733,2.696666667,
1,2/12/1997,1997,FEBRUARY,2,7.16,0.680887993,,,,
17,2/12/1997,1997,FEBRUARY,2,2.63,-0.329269347,,,,
18,2/12/1997,1997,FEBRUARY,2,2.19,-0.427386174,-0.025255843,-8.368502576,3.993333333,
1,3/18/1997,1997,MARCH,3,0.19,-0.873371755,,,,
17,3/18/1997,1997,MARCH,3,0.30,-0.848842548,,,,
18,3/18/1997,1997,MARCH,3,0.05,-0.905705709,-0.875973337,-9.244475913,0.178333333,
1,4/21/1997,1997,APRIL,4,2.98,-0.25122187,,,,
17,4/21/1997,1997,APRIL,4,0.53,-0.797554206,,,,
18,4/21/1997,1997,APRIL,4,1.41,-0.601320551,-0.550032209,-9.794508122,1.64,2.360098039
1,5/21/1997,1997,MAY,5,5.26,0.257201692,,,,
17,5/21/1997,1997,MAY,5,0.62,-0.777484855,,,,
18,5/21/1997,1997,MAY,5,1.22,-0.643689181,-0.387990781,-10.1824989,2.366666667,
1,6/11/1997,1997,JUNE,6,3.96,-0.032688936,,,,
17,6/11/1997,1997,JUNE,6,1.54,-0.572331488,,,,
18,6/11/1997,1997,JUNE,6,0.30,-0.848842548,-0.48462099,-10.66711989,1.933333333,
1,7/17/1997,1997,JULY,7,0.39,-0.828773197,,,,
17,7/17/1997,1997,JULY,7,0.48,-0.808703845,,,,
18,7/17/1997,1997,JULY,7,0.58,-0.786404566,-0.807960536,-11.47508043,0.483333333,
18,8/22/1997,1997,AUGUST,8,1.18,-0.652608892,,,,
1,8/25/1997,1997,AUGUST,8,0.05,-0.905705709,,,,
17,8/25/1997,1997,AUGUST,8,0.05,-0.905705709,-0.821340104,-12.29642053,0.423333333,
1,9/25/1997,1997,SEPTEMBER,9,19.20,3.365721187,,,,
17,9/25/1997,1997,SEPTEMBER,9,1.00,-0.692747595,,,,
18,9/25/1997,1997,SEPTEMBER,9,2.56,-0.344878842,0.776031583,-11.52038895,7.586666667,
1,10/7/1997,1997,OCTOBER,10,8.71 ,1.026526818,,,,
17,10/7/1997,1997,OCTOBER,10,7.37 ,0.727716479,,,,
18,10/7/1997,1997,OCTOBER,10,1.09 ,-0.672678243,0.360521684,-11.15986727,5.723333333,2.87952381
1,11/21/1997,1997,NOVEMBER,11,6.52 ,0.538172607,,,,
17,11/21/1997,1997,NOVEMBER,11,2.51 ,-0.356028481,,,,
18,11/21/1997,1997,NOVEMBER,11,3.96 ,-0.032688936,0.049818397,-11.11004887,4.33,
1,12/16/1997,1997,DECEMBER,12,1.17 ,-0.65483882,,,,
17,12/16/1997,1997,DECEMBER,12,0.34 ,-0.839922836,,,,
18,12/16/1997,1997,DECEMBER,12,0.70 ,-0.759645432,-0.751469029,-11.8615179,0.736666667,
1,1/20/1998,1998,JANUARY,1,4.09 ,-0.003699873,,,,
17,1/20/1998,1998,JANUARY,1,8.42 ,0.961858909,,,,
18,1/20/1998,1998,JANUARY,1,9.00 ,1.091194727,0.683117921,-11.17839998,7.17,
1,2/9/1998,1998,FEBRUARY,2,3.07,-0.231152519,,,,
17,2/9/1998,1998,FEBRUARY,2,2.64,-0.327039419,,,,
18,2/9/1998,1998,FEBRUARY,2,2.91,-0.266831365,-0.275007768,-11.45340774,2.873333333,
1,3/10/1998,1998,MARCH,3,0.89,-0.717276801,,,,
17,3/10/1998,1998,MARCH,3,0.10 ,-0.892883624,,,,
18,3/10/1998,1998,MARCH,3,0.10 ,-0.892883624,-0.834348016,-12.28775576,0.365,
1,4/13/1998,1998,APRIL,4,4.54,0.096646883,,,,
17,4/13/1998,1998,APRIL,4,0.89,-0.717276801,,,,
18,4/13/1998,1998,APRIL,4,1.14,-0.661528604,-0.427386174,-12.71514194,2.19,
1,5/22/1998,1998,MAY,5,7.43,0.741096046,,,,
17,5/22/1998,1998,MAY,5,0.95,-0.703897234,,,,
18,5/22/1998,1998,MAY,5,4.57,0.103336666,0.04684516,-12.66829678,4.316666667,
1,6/18/1998,1998,JUNE,6,2.49,-0.360488337,,,,
17,6/18/1998,1998,JUNE,6,1.37,-0.610240262,,,,
18,6/19/1998,1998,JUNE,6,1.5,-0.581251199,-0.5173266,-13.18562338,1.786666667,
1,7/9/1998,1998,JULY,7,11.5,1.648676702,,,,
17,7/9/1998,1998,JULY,7,7.89,0.84367273,,,,
18,7/9/1998,1998,JULY,7,19.5,3.432619024,1.974989485,-11.21063389,12.96333333,
1,8/13/1998,1998,AUGUST,8,8.19,0.910570567,,,,
17,8/13/1998,1998,AUGUST,8,0.10 ,-0.892883624,,,,
18,8/13/1998,1998,AUGUST,8,1.42,-0.599090623,-0.193801227,-11.40443512,3.2375,
1,9/18/1998,1998,SEPTEMBER,9,8.99,1.088964799,,,,
17,9/18/1998,1998,SEPTEMBER,9,0.10 ,-0.892883624,,,,
18,9/18/1998,1998,SEPTEMBER,9,0.73,-0.752955648,-0.185624824,-11.59005994,3.274166667,
1,10/14/1998,1998,OCTOBER,10,7.33,0.718796767,,,,
17,10/14/1998,1998,OCTOBER,10,5.43,0.295110466,,,,
18,10/14/1998,1998,OCTOBER,10,3.33,-0.173174393,0.28024428,-11.30981566,5.363333333,
1,11/17/1998,1998,NOVEMBER,11,8.91,1.071125376,,,,
17,11/17/1998,1998,NOVEMBER,11,0.02,-0.911280529,,,,
18,11/17/1998,1998,NOVEMBER,11,0.7,-0.759645432,-0.199933528,-11.50974919,3.21,
1,12/16/1998,1998,DECEMBER,12,8.37,0.950709269,,,,
17,12/16/1998,1998,DECEMBER,12,0.74,-0.75072572,,,,
18,12/16/1998,1998,DECEMBER,12,1.21,-0.645919109,-0.148645187,-11.65839438,3.44,
1,1/20/1999,1999,JANUARY,1,2.75,-0.302510212,,,,
17,1/20/1999,1999,JANUARY,1,0.46,-0.813163701,,,,
18,1/20/1999,1999,JANUARY,1,1.41,-0.601320551,-0.572331488,-12.23072586,1.54,
1,2/16/1999,1999,FEBRUARY,2,3.89,-0.048298431,,,,
17,2/16/1999,1999,FEBRUARY,2,1.75,-0.525503002,,,,
18,2/16/1999,1999,FEBRUARY,2,0.42,-0.822083413,-0.465294949,-12.69602081,2.02,
1,3/17/1999,1999,MARCH,3,2.07,-0.454145309,,,,
17,3/17/1999,1999,MARCH,3,1.67,-0.543342425,,,,
18,3/17/1999,1999,MARCH,3,2.18,-0.429616102,-0.475701279,-13.17172209,1.973333333,
1,4/12/1999,1999,APRIL,4,7.66,0.792384388,,,,
17,4/12/1999,1999,APRIL,4,1.34,-0.616930046,,,,
18,4/12/1999,1999,APRIL,4,0.97,-0.699437378,-0.174661012,-13.3463831,3.323333333,
1,5/20/1999,1999,MAY,5,13.1,2.005465167,,,,
17,5/20/1999,1999,MAY,5,0.93,-0.70835709,,,,
18,5/20/1999,1999,MAY,5,2.21,-0.422926318,0.291393919,-13.05498918,5.413333333,
1,6/15/1999,1999,JUNE,6,3.6,-0.11296634,,,,
17,6/15/1999,1999,JUNE,6,2.66,-0.322579563,,,,
18,6/15/1999,1999,JUNE,6,1.33,-0.619159974,-0.351568626,-13.40655781,2.53,
1,7/16/1999,1999,JULY,7,9.48,1.198231266,,,,
17,7/16/1999,1999,JULY,7,0.53,-0.797554206,,,,
18,7/16/1999,1999,JULY,7,0.37,-0.833233052,-0.144185331,-13.55074314,3.46,
1,8/18/1999,1999,AUGUST,8,3.12,-0.220002879,,,,
17,8/18/1999,1999,AUGUST,8,0.94,-0.706127162,,,,
18,8/18/1999,1999,AUGUST,8,0.61,-0.779714783,-0.568614941,-14.11935808,1.556666667,
1,9/20/1999,1999,SEPTEMBER,9,1.21,-0.645919109,,,,
17,9/20/1999,1999,SEPTEMBER,9,1.69,-0.538882569,,,,
18,9/20/1999,1999,SEPTEMBER,9,0.79,-0.73957608,-0.641459253,-14.76081733,1.23,3.490462963
1,10/12/1999,1999,OCTOBER,10,17.4,2.964334164,,,,
17,10/12/1999,1999,OCTOBER,10,5.3,0.266121403,,,,
18,10/12/1999,1999,OCTOBER,10,3.39,-0.159794826,1.02355358,-13.73726375,8.696666667,
1,11/8/1999,1999,NOVEMBER,11,12.6 ,1.893968771,,,,
17,11/8/1999,1999,NOVEMBER,11,2.69 ,-0.315889779,,,,
18,11/8/1999,1999,NOVEMBER,11,2.76 ,-0.300280284,0.425932903,-13.31133085,6.016666667,
1,12/7/1999,1999,DECEMBER,12,12.2 ,1.804771655,,,,
17,12/7/1999,1999,DECEMBER,12,3.75 ,-0.079517422,,,,
18,12/7/1999,1999,DECEMBER,12,0.68 ,-0.764105287,0.320382982,-12.99094787,5.543333333,
1,1/5/2000,2000,JANUARY,1,1.39 ,-0.605780406,,,,
17,1/5/2000,2000,JANUARY,1,0.79 ,-0.73957608,,,,
18,1/5/2000,2000,JANUARY,1,2.19 ,-0.427386174,-0.59091422,-13.58186209,1.456666667,
1,2/23/2000,2000,FEBRUARY,2,2.70 ,-0.313659851,,,,
17,2/23/2000,2000,FEBRUARY,2,1.07 ,-0.677138099,,,,
18,2/23/2000,2000,FEBRUARY,2,1.27 ,-0.632539541,-0.541112497,-14.12297459,1.68,
1,3/15/2000,2000,MARCH,3,0.77,-0.744035936,,,,
17,3/15/2000,2000,MARCH,3,1.37,-0.610240262,,,,
18,3/15/2000,2000,MARCH,3,0.41,-0.824313341,-0.726196513,-14.8491711,0.85,
1,4/12/2000,2000,APRIL,4,2.26 ,-0.411776679,,,,
17,4/12/2000,2000,APRIL,4,0.44 ,-0.817623557,,,,
18,4/12/2000,2000,APRIL,4,0.61 ,-0.779714783,-0.669705006,-15.51887611,1.103333333,
1,5/15/2000,2000,MAY,5,5.20 ,0.243822124,,,,
17,5/15/2000,2000,MAY,5,2.48 ,-0.362718265,,,,
18,5/15/2000,2000,MAY,5,1.01 ,-0.690517667,-0.269804603,-15.78868071,2.896666667,
1,6/14/2000,2000,JUNE,6,0.6 ,-0.788634494,,,,
17,6/14/2000,2000,JUNE,6,0.02 ,-0.911280529,,,,
18,6/14/2000,2000,JUNE,6,0.16 ,-0.880061538,-0.859992187,-16.6486729,0.25,
1,7/13/2000,2000,JULY,7,5.12 ,0.225982701,,,,
17,7/13/2000,2000,JULY,7,0.85 ,-0.726196513,,,,
18,7/13/2000,2000,JULY,7,1.90 ,-0.492054083,-0.330755965,-16.97942886,2.623333333,
1,8/16/2000,2000,AUGUST,8,13.20 ,2.027764446,,,,
17,8/16/2000,2000,AUGUST,8,9.63 ,1.231680185,,,,
18,8/16/2000,2000,AUGUST,8,12.40 ,1.849370213,1.702938281,-15.27649058,11.74333333,
1,9/13/2000,2000,SEPTEMBER,9,1.76 ,-0.523273074,,,,
17,9/13/2000,2000,SEPTEMBER,9,1.12 ,-0.66598846,,,,
18,9/13/2000,2000,SEPTEMBER,9,1.80 ,-0.514353362,-0.567871632,-15.84436221,1.56,
1,10/19/2000,2000,OCTOBER,10,13.3 ,2.050063725,,,,
17,10/19/2000,2000,OCTOBER,10,6.50 ,0.533712751,,,,
18,10/19/2000,2000,OCTOBER,10,7.11 ,0.669738353,1.084504943,-14.75985727,8.97,
1,11/15/2000,2000,NOVEMBER,11,9.43 ,1.187081627,,,,
17,11/15/2000,2000,NOVEMBER,11,3.43 ,-0.150875114,,,,
18,11/15/2000,2000,NOVEMBER,11,2.62 ,-0.331499274,0.234902413,-14.52495486,5.16,
1,12/15/2000,2000,DECEMBER,12,6.79 ,0.598380661,,,,
17,12/15/2000,2000,DECEMBER,12,0.91 ,-0.712816946,,,,
18,12/15/2000,2000,DECEMBER,12,0.22 ,-0.866681971,-0.327039419,-14.85199427,2.64,4.480416667
1,1/10/2001,2001,JANUARY,1,,,,,,
17,1/10/2001,2001,JANUARY,1,,,,,,
18,1/10/2001,2001,JANUARY,1,,,,,,
1,2/6/2001,2001,FEBRUARY,2,,,,,,
17,2/6/2001,2001,FEBRUARY,2,,,,,,
18,2/6/2001,2001,FEBRUARY,2,,,,,,
1,3/13/2001,2001,MARCH,3,7.37,0.727716479,,,,
17,3/13/2001,2001,MARCH,3,6.17,0.460125131,,,,
18,3/13/2001,2001,MARCH,3,5.31,0.268351331,0.485397647,-14.36659663,6.283333333,
1,4/19/2001,2001,APRIL,4,33.7,6.599116644,,,,
17,4/19/2001,2001,APRIL,4,12.9,1.960866608,,,,
18,4/19/2001,2001,APRIL,4,3.53,-0.128575835,2.810469139,-11.55612749,16.71,
1,5/17/2001,2001,MAY,5,5.62,0.337479096,,,,
17,5/17/2001,2001,MAY,5,1.66,-0.545572353,,,,
18,5/17/2001,2001,MAY,5,5.98,0.4177565,0.069887748,-11.48623974,4.42,
1,6/16/2001,2001,JUNE,6,2.15 ,-0.436305886,,,,
17,6/16/2001,2001,JUNE,6,2.92 ,-0.264601437,,,,
18,6/16/2001,2001,JUNE,6,2.67 ,-0.320349635,-0.340418986,-11.82665873,2.58,
1,7/17/2001,2001,JULY,7,4.56 ,0.101106738,,,,
17,7/17/2001,2001,JULY,7,0.98 ,-0.69720745,,,,
18,7/17/2001,2001,JULY,7,3.50 ,-0.136380583,-0.244160432,-12.07081916,3.011666667,
1,8/16/2001,2001,AUGUST,8,13.7 ,2.139260841,,,,
17,8/16/2001,2001,AUGUST,8,1.90 ,-0.492054083,,,,
18,8/16/2001,2001,AUGUST,8,4.26 ,0.034208901,0.560471886,-11.51034727,6.62,
1,9/18/2001,2001,SEPTEMBER,9,0.1 ,-0.892772127,,,,
17,9/18/2001,2001,SEPTEMBER,9,0.10 ,-0.892772127,,,,
18,9/18/2001,2001,SEPTEMBER,9,0.10 ,-0.892772127,-0.892772127,-12.4031194,0.103,
1,10/17/2001,2001,OCTOBER,10,0.10 ,-0.892772127,,,,
17,10/17/2001,2001,OCTOBER,10,0.10 ,-0.892772127,,,,
18,10/17/2001,2001,OCTOBER,10,0.10 ,-0.892772127,-0.892772127,-13.29589153,0.103,
1,11/8/2001,2001,NOVEMBER,11,4.1 ,0.000759983,,,,
17,11/8/2001,2001,NOVEMBER,11,1.59 ,-0.561181848,,,,
18,11/8/2001,2001,NOVEMBER,11,0.10 ,-0.892772127,-0.484397998,-13.78028952,1.934333333,
1,12/3/2001,2001,DECEMBER,12,2.6 ,-0.327039419,,,,
17,12/3/2001,2001,DECEMBER,12,0.51 ,-0.802014062,,,,
18,12/3/2001,2001,DECEMBER,12,1.91 ,-0.489824155,-0.539625879,-14.3199154,1.686666667,
1,1/14/2002,2002,JANUARY,1,7.05,0.656358786,,,,
17,1/14/2002,2002,JANUARY,1,0.10,-0.892772127,,,,
18,1/14/2002,2002,JANUARY,1,2.90,-0.269061293,-0.168491545,-14.48840695,3.351,
1,2/13/2002,2002,FEBRUARY,2,0.10,-0.892772127,,,,
17,2/13/2002,2002,FEBRUARY,2,0.10,-0.892772127,,,,
18,2/13/2002,2002,FEBRUARY,2,0.10,-0.892772127,-0.892772127,-15.38117908,0.103,
1,3/19/2002,2002,MARCH,3,0.10,-0.892772127,,,,
17,3/19/2002,2002,MARCH,3,0.10,-0.892772127,,,,
18,3/19/2002,2002,MARCH,3,0.10,-0.892772127,-0.892772127,-16.2739512,0.103,
1,4/15/2002,2002,APRIL,4,0.10,-0.892772127,,,,
17,4/15/2002,2002,APRIL,4,0.45,-0.815393629,,,,
18,4/15/2002,2002,APRIL,4,0.10,-0.892772127,-0.866979295,-17.1409305,0.218666667,
1,5/13/2002,2002,MAY,5,0.10,-0.892772127,,,,
17,5/13/2002,2002,MAY,5,0.10,-0.892772127,,,,
18,5/13/2002,2002,MAY,5,0.10,-0.892772127,-0.892772127,-18.03370262,0.103,
1,6/11/2002,2002,JUNE,6,0.10,-0.892772127,,,,
17,6/11/2002,2002,JUNE,6,0.10,-0.892772127,,,,
18,6/11/2002,2002,JUNE,6,0.10,-0.892772127,-0.892772127,-18.92647475,0.103,
1,7/18/2002,2002,JULY,7,0.10,-0.892772127,,,,
17,7/18/2002,2002,JULY,7,0.10,-0.892772127,,,,
18,7/18/2002,2002,JULY,7,0.53,-0.797554206,-0.86103282,-19.78750757,0.245333333,
1,8/15/2002,2002,AUGUST,8,0.1 ,-0.892772127,,,,
17,8/15/2002,2002,AUGUST,8,1.33 ,-0.619159974,,,,
18,8/15/2002,2002,AUGUST,8,0.10 ,-0.892772127,-0.801568076,-20.58907565,0.512,2.465156863
1,9/17/2002,2002,SEPTEMBER,9,0.1 ,-0.892772127,,,,
17,9/17/2002,2002,SEPTEMBER,9,0.10 ,-0.892772127,,,,
18,9/17/2002,2002,SEPTEMBER,9,0.10 ,-0.892772127,-0.892772127,-21.48184778,0.103,
1,10/15/2002,2002,OCTOBER,10,0.1 ,-0.891211178,,,,
17,10/15/2002,2002,OCTOBER,10,0.10 ,-0.892772127,,,,
18,10/15/2002,2002,OCTOBER,10,0.15 ,-0.882291466,-0.888758257,-22.37060603,0.121,
1,11/15/2002,2002,NOVEMBER,11,4.5 ,0.083267315,,,,
17,11/15/2002,2002,NOVEMBER,11,0.10 ,-0.892772127,,,,
18,11/15/2002,2002,NOVEMBER,11,0.61 ,-0.779714783,-0.529739865,-22.9003459,1.731,
1,12/19/2002,2002,DECEMBER,12,1.4 ,-0.599090623,,,,
17,12/19/2002,2002,DECEMBER,12,0.93 ,-0.70835709,,,,
18,12/19/2002,2002,DECEMBER,12,0.10 ,-0.892772127,-0.733406613,-23.63375251,0.817666667,
1,1/14/2003,2003,JANUARY,1,0.10 ,-0.892772127,,,,
17,1/14/2003,2003,JANUARY,1,0.10 ,-0.892772127,,,,
18,1/14/2003,2003,JANUARY,1,0.10 ,-0.892772127,-0.892772127,-24.52652464,0.103,
1,2/13/2003,2003,FEBRUARY,2,0.83 ,-0.730656369,,,,
17,2/13/2003,2003,FEBRUARY,2,0.41 ,-0.824313341,,,,
18,2/13/2003,2003,FEBRUARY,2,0.10 ,-0.892772127,-0.815913946,-25.34243858,0.447666667,
1,3/10/2003,2003,MARCH,3,0.10 ,-0.892772127,,,,
17,3/10/2003,2003,MARCH,3,2.05 ,-0.458605165,,,,
18,3/10/2003,2003,MARCH,3,1.47 ,-0.587940983,-0.646439425,-25.98887801,1.207666667,
1,4/14/2003,2003,APRIL,4,1.10 ,-0.670448316,,,,
17,4/14/2003,2003,APRIL,4,1.01 ,-0.690517667,,,,
18,4/14/2003,2003,APRIL,4,0.40 ,-0.826543269,-0.72916975,-26.71804776,0.836666667,
1,5/12/2003,2003,MAY,5,0.10 ,-0.892772127,,,,
17,5/12/2003,2003,MAY,5,0.10 ,-0.892772127,,,,
18,5/12/2003,2003,MAY,5,2.02 ,-0.465294949,-0.750279734,-27.46832749,0.742,
1,6/20/2003,2003,JUNE,6,4.46 ,0.078807459,,,,
17,6/20/2003,2003,JUNE,6,1.28 ,-0.630309613,,,,
18,6/20/2003,2003,JUNE,6,1.53 ,-0.574561416,-0.375354523,-27.84368202,2.423333333,
1,7/15/2003,2003,JULY,7,2.47,-0.364948193,,,,
17,7/15/2003,2003,JULY,7,2.02,-0.465294949,,,,
18,7/15/2003,2003,JULY,7,1.09 ,-0.672678243,-0.500973795,-28.34465581,1.86,
1,8/12/2003,2003,AUGUST,8,4.63 ,0.116716234,,,,
17,8/12/2003,2003,AUGUST,8,0.38 ,-0.831003124,,,,
18,8/12/2003,2003,AUGUST,8,0.58 ,-0.786404566,-0.500230486,-28.8448863,1.863333333,
1,9/24/2003,2003,SEPTEMBER,9,18.2 ,3.142728396,,,,
17,9/24/2003,2003,SEPTEMBER,9,12.2 ,1.804771655,,,,
18,9/24/2003,2003,SEPTEMBER,9,8.61 ,1.004227539,1.983909197,-26.8609771,13.00333333,
1,10/14/2003,2003,OCTOBER,10,4.38,0.060968036,,,,
17,10/14/2003,2003,OCTOBER,10,1.26,-0.634769469,,,,
18,10/14/2003,2003,OCTOBER,10,3.14,-0.215543024,-0.263114819,-27.12409192,2.926666667,
1,11/18/2003,2003,NOVEMBER,11,2.7 ,-0.315889779,,,,
17,11/18/2003,2003,NOVEMBER,11,5.2 ,0.243822124,,,,
18,11/18/2003,2003,NOVEMBER,11,4.59 ,0.107796522,0.011909622,-27.1121823,4.16,
1,12/18/2003,2003,DECEMBER,12,12.5 ,1.871669492,,,,
17,12/18/2003,2003,DECEMBER,12,3.10 ,-0.224462735,,,,
18,12/18/2003,2003,DECEMBER,12,18.1 ,3.120429117,1.589211958,-25.52297034,11.23333333,
1,1/13/2004,2004,JANUARY,1,1.73 ,-0.529962858,,,,
17,1/13/2004,2004,JANUARY,1,0.84 ,-0.728426441,,,,
18,1/14/2004,2004,JANUARY,1,7.46 ,0.74778583,-0.170201156,-25.6931715,3.343333333,
1,2/10/2004,2004,FEBRUARY,2,4.98 ,0.19476371,,,,
17,2/10/2004,2004,FEBRUARY,2,1.9 ,-0.492054083,,,,
18,2/10/2004,2004,FEBRUARY,2,5.4 ,0.288420682,-0.002956564,-25.69612806,4.093333333,
1,3/17/2004,2004,MARCH,3,3.71,-0.088437133,,,,
17,3/17/2004,2004,MARCH,3,4.48,0.083267315,,,,
18,3/17/2004,2004,MARCH,3,1.53,-0.574561416,-0.193243745,-25.8893718,3.24,
1,4/17/2004,2004,APRIL,4,1.77,-0.521043146,,,,
17,4/17/2004,2004,APRIL,4,3.32,-0.175404321,,,,
18,4/17/2004,2004,APRIL,4,1.38,-0.608010334,-0.434819267,-26.32419107,2.156666667,2.710714286
1,5/11/2004,2004,MAY,5,7.12,0.671968281,,,,
17,5/11/2004,2004,MAY,5,1.75,-0.525503002,,,,
18,5/11/2004,2004,MAY,5,2.35 ,-0.391707328,-0.081747349,-26.40593842,3.74,
1,6/15/2004,2004,JUNE,6,0.91 ,-0.712816946,,,,
17,6/15/2004,2004,JUNE,6,1.21 ,-0.645919109,,,,
18,6/15/2004,2004,JUNE,6,2.47 ,-0.364948193,-0.574561416,-26.98049984,1.53,
1,7/13/2004,2004,JULY,7,0.58,-0.786404566,,,,
17,7/13/2004,2004,JULY,7,3.77,-0.075057566,,,,
18,7/13/2004,2004,JULY,7,2.55,-0.34710877,-0.402856967,-27.3833568,2.3,
1,8/18/2004,2004,AUGUST,8,5.49,0.308490033,,,,
17,8/18/2004,2004,AUGUST,8,3.26,-0.188783889,,,,
18,8/18/2004,2004,AUGUST,8,5.13,0.228212629,0.115972924,-27.26738388,4.626666667,
1,9/14/2004,2004,SEPTEMBER,9,5.90,0.399917077,,,,
17,9/14/2004,2004,SEPTEMBER,9,0.72,-0.755185576,,,,
18,9/14/2004,2004,SEPTEMBER,9,0.47,-0.810933773,-0.388734091,-27.65611797,2.363333333,
1,10/12/2004,2004,OCTOBER,10,2.85 ,-0.280210933,,,,
17,10/12/2004,2004,OCTOBER,10,5.45 ,0.299570322,,,,
18,10/12/2004,2004,OCTOBER,10,1.21 ,-0.645919109,-0.20885324,-27.86497121,3.17,
1,11/15/2004,2004,NOVEMBER,11,4.37 ,0.058738108,,,,
17,11/15/2004,2004,NOVEMBER,11,0.81 ,-0.735116225,,,,
18,11/15/2004,2004,NOVEMBER,11,1.42 ,-0.599090623,-0.425156246,-28.29012746,2.2,
1,12/14/2004,2004,DECEMBER,12,8.12 ,0.894961071,,,,
17,12/14/2004,2004,DECEMBER,12,9.23 ,1.142483069,,,,
18,12/14/2004,2004,DECEMBER,12,1.02 ,-0.688287739,0.4497188,-27.84040866,6.123333333,
1,1/10/2005,2005,JANUARY,1,2.95 ,-0.257911654,,,,
17,1/10/2005,2005,JANUARY,1,4.5 ,0.083267315,,,,
18,1/10/2005,2005,JANUARY,1,3.8 ,-0.05944807,-0.078030803,-27.91843946,3.756666667,
1,2/16/2005,2005,FEBRUARY,2,0.2 ,-0.880061538,,,,
17,2/16/2005,2005,FEBRUARY,2,0.09 ,-0.895671034,,,,
18,2/16/2005,2005,FEBRUARY,2,3.90 ,-0.046068503,-0.607267025,-28.52570648,1.383333333,
1,3/17/2005,2005,MARCH,3,1.38 ,-0.608010334,,,,
17,3/17/2005,2005,MARCH,3,0.47 ,-0.810933773,,,,
18,3/17/2005,2005,MARCH,3,4.96 ,0.190303855,-0.409546751,-28.93525323,2.27,
1,4/26/2005,2005,APRIL,4,18.1 ,3.120429117,,,,
17,4/26/2005,2005,APRIL,4,3.58 ,-0.117426196,,,,
18,4/26/2005,2005,APRIL,4,3.85 ,-0.057218143,0.98192826,-27.95332498,8.51,
1,5/17/2005,2005,MAY,5,13.2 ,2.027764446,,,,
17,5/17/2005,2005,MAY,5,5.51 ,0.312949889,,,,
18,5/17/2005,2005,MAY,5,,,1.170357167,-26.78296781,9.355,
1,6/14/2005,2005,JUNE,6,0.6 ,-0.784174639,,,,
17,6/14/2005,2005,JUNE,6,9.94 ,1.30080795,,,,
18,6/14/2005,2005,JUNE,6,7.47 ,0.750015758,0.422216356,-26.36075145,6,
1,7/14/2005,2005,JULY,7,6.11 ,0.446745563,,,,
17,7/14/2005,2005,JULY,7,4.41 ,0.06765782,,,,
18,7/14/2005,2005,JULY,7,4.46 ,0.078807459,0.197736948,-26.1630145,4.993333333,4.029895833
1,8/23/2005,2005,AUGUST,8,2.71 ,-0.311429923,,,,
17,8/23/2005,2005,AUGUST,8,0.19 ,-0.873371755,,,,
18,8/23/2005,2005,AUGUST,8,10.4 ,1.403384633,0.072860985,-26.09015352,4.433333333,
1,9/13/2005,2005,SEPTEMBER,9,,,,,,
17,9/13/2005,2005,SEPTEMBER,9,1.73 ,-0.529962858,,,,
18,9/13/2005,2005,SEPTEMBER,9,2.2 ,-0.434075958,-0.482019408,-26.57217293,1.945,
18,10/12/2005,2005,OCTOBER,10,6.45 ,0.522563112,,,,
1,10/13/2005,2005,OCTOBER,10,8.38 ,0.952939197,,,,
17,10/13/2005,2005,OCTOBER,10,5.80 ,0.377617798,0.617706702,-25.95446622,6.876666667,
1,11/15/2005,2005,NOVEMBER,11,1.14 ,-0.661528604,,,,
17,11/15/2005,2005,NOVEMBER,11,4.35 ,0.054278253,,,,
18,11/15/2005,2005,NOVEMBER,11,0.27 ,-0.855532331,-0.487594228,-26.44206045,1.92,
1,12/21/2005,2005,DECEMBER,12,8.82 ,1.051056025,,,,
17,12/21/2005,2005,DECEMBER,12,12.10 ,1.782472376,,,,
18,12/21/2005,2005,DECEMBER,12,16.40 ,2.741341374,1.858289925,-24.58377053,12.44,
1,1/17/2006,2006,JANUARY,1,4.46 ,0.078807459,,,,
17,1/17/2006,2006,JANUARY,1,9.5 ,1.202691122,,,,
18,1/17/2006,2006,JANUARY,1,8.73 ,1.030986673,0.770828418,-23.81294211,7.563333333,
1,2/14/2006,2006,February,2,9.90 ,1.291888238,,,,
17,2/14/2006,2006,February,2,23.3 ,4.279991626,,,,
18,2/14/2006,2006,February,2,1.96 ,-0.478674516,1.697735116,-22.11520699,11.72,
1,3/13/2006,2006,March,3,0.96 ,-0.701667306,,,,
17,3/13/2006,2006,March,3,6.5 ,0.533712751,,,,
18,3/13/2006,2006,March,3,1.53 ,-0.574561416,-0.247505324,-22.36271232,2.996666667,
1,4/18/2006,2006,April,4,8.34 ,0.944019485,,,,
17,4/18/2006,2006,April,4,1.11 ,-0.668218388,,,,
18,4/18/2006,2006,April,4,1.56 ,-0.567871632,-0.097356845,-22.46006916,3.67,
1,5/15/2006,2006,May,5,9.73 ,1.253979464,,,,
17,5/15/2006,2006,May,5,8.06 ,0.881581504,,,,
18,5/15/2006,2006,May,5,5.04 ,0.208143278,0.781234748,-21.67883441,7.61,
1,6/15/2006,2006,June,6,8.21 ,0.915030423,,,,
17,6/15/2006,2006,June,6,8.63 ,1.008687394,,,,
18,6/15/2006,2006,June,6,1.10 ,-0.670448316,0.4177565,-21.26107791,5.98,
1,7/18/2006,2006,July,7,7.2 ,0.689807705,,,,
17,7/18/2006,2006,July,7,5.9 ,0.399917077,,,,
18,7/18/2006,2006,July,7,1.92 ,-0.487594228,0.200710185,-21.06036773,5.006666667,
1,8/24/2006,2006,August,8,13.5,2.094662283,,,,
17,8/25/2006,2006,August,8,15.2 ,2.473750026,,,,
18,8/25/2006,2006,August,8,10.7 ,1.47028247,2.01289826,-19.04746947,13.13333333,7.204
1,9/12/2006,2006,Septemeber,9,15.5,2.540647863,,,,
17,9/12/2006,2006,Septemeber,9,11.5 ,1.648676702,,,,
18,9/12/2006,2006,Septemeber,9,20.8 ,3.722509651,2.637278072,-16.4101914,15.93333333,
1,10/19/2006,2006,October,10,10.30,1.381085354,,,,
17,10/19/2006,2006,October,10,5.40,0.288420682,,,,
18,10/19/2006,2006,October,10,2.08,-0.451915381,0.405863552,-16.00432784,5.926666667,
1,11/14/2006,2006,November,11,2.63,-0.329269347,,,,
17,11/14/2006,2006,November,11,4.61,0.112256378,,,,
18,11/14/2006,2006,November,11,8.31,0.937329702,0.240105578,-15.76422227,5.183333333,
1,12/12/2006,2006,December,12,3.35,-0.168714538,,,,
17,12/12/2006,2006,December,12,2.37,-0.387247472,,,,
18,12/12/2006,2006,December,12,2.53,-0.351568626,-0.302510212,-16.06673248,2.75,
1,1/16/2007,2007,January,1,1.38,-0.608010334,,,,
17,1/16/2007,2007,January,1,0.94,-0.706127162,,,,
18,1/16/2007,2007,January,1,7.97,0.861512153,-0.150875114,-16.21760759,3.43,
1,2/20/2007,2007,February,2,2.53,-0.351568626,,,,
17,2/20/2007,2007,February,2,2.76,-0.300280284,,,,
18,2/20/2007,2007,February,2,10.80,1.492581749,0.28024428,-15.93736331,5.363333333,
1,3/13/2007,2007,March,3,5.79,0.37538787,,,,
17,3/13/2007,2007,March,3,6.12,0.448975491,,,,
18,3/13/2007,2007,March,3,7.06,0.658588714,0.494317358,-15.44304595,6.323333333,
1,4/18/2007,2007,April,4,2.50,-0.358258409,,,,
17,4/18/2007,2007,April,4,3.63,-0.106276556,,,,
18,4/18/2007,2007,April,4,3.67,-0.097356845,-0.18729727,-15.63034322,3.266666667,6.812222222
1,5/15/2007,2007,May,5,7.71,0.803534027,,,,
17,5/15/2007,2007,May,5,0.11,-0.891211178,,,,
18,5/15/2007,2007,May,5,0.07,-0.900130889,-0.329269347,-15.95961257,2.63,
1,6/12/2007,2007,June,6,6.04,0.431136068,,,,
17,6/12/2007,2007,June,6,1.64,-0.550032209,,,,
18,6/12/2007,2007,June,6,3.28,-0.184324033,-0.101073391,-16.06068596,3.653333333,
1,7/17/2007,2007,July,7,1.41,-0.601320551,,,,
17,7/17/2007,2007,July,7,2,-0.469754804,,,,
18,7/17/2007,2007,July,7,3.16,-0.211083168,-0.427386174,-16.48807214,2.19,
1,8/14/2007,2007,August,8,14,2.206158678,,,,
17,8/14/2007,2007,August,8,2.99,-0.248991942,,,,
18,8/14/2007,2007,August,8,12.1,1.782472376,1.246546371,-15.24152577,9.696666667,
1,9/12/2007,2007,September,9,5.51,0.312949889,,,,
17,9/12/2007,2007,September,9,3.87,-0.052758287,,,,
18,9/12/2007,2007,September,9,9.57,1.218300617,0.49283074,-14.74869503,6.316666667,
1,10/18/2007,2007,October,10,12,1.760173097,,,,
17,10/18/2007,2007,October,10,0.73,-0.752955648,,,,
18,10/18/2007,2007,October,10,1.58,-0.563411776,0.147935224,-14.6007598,4.77,
1,11/13/2007,2007,November,11,9.07,1.106804222,,,,
17,11/13/2007,2007,November,11,12.5,1.871669492,,,,
18,11/13/2007,2007,November,11,12.4,1.849370213,1.609281309,-12.99147849,11.32333333,
1,12/11/2007,2007,December,12,3.16,-0.211083168,,,,
17,12/11/2007,2007,December,12,2.38,-0.385017544,,,,
18,12/11/2007,2007,December,12,15.3,2.496049305,0.633316198,-12.35816229,6.946666667,
1,1/17/2008,2008,January,1,8.04,0.877121648,,,,
17,1/17/2008,2008,January,1,5.14,0.230442557,,,,
18,1/17/2008,2008,January,1,1.04,-0.683827883,0.141245441,-12.21691685,4.74,
1,2/12/2008,2008,February,2,4.8,0.154625008,,,,
17,2/12/2008,2008,February,2,2.11,-0.445225597,,,,
18,2/12/2008,2008,February,2,3.33,-0.173174393,-0.154591661,-12.37150852,3.413333333,
1,3/13/2008,2008,March,3,2.98,-0.25122187,,,,
17,3/13/2008,2008,March,3,0.9,-0.715046874,,,,
18,3/13/2008,2008,March,3,2.07,-0.454145309,-0.473471351,-12.84497987,1.983333333,
1,4/15/2008,2008,April,4,2.47,-0.364948193,,,,
17,4/15/2008,2008,April,4,2.61,-0.333729202,,,,
18,4/15/2008,2008,April,4,2.51,-0.356028481,-0.351568626,-13.19654849,2.53,
1,5/14/2008,2008,May,5,,,,,,
17,5/14/2008,2008,May,5,11.8,1.715574539,,,,
18,5/14/2008,2008,May,5,,,1.715574539,-11.48097395,11.8,
1,6/17/2008,2008,June,6,4.46,0.078807459,,,,
17,6/17/2008,2008,June,6,9.21,1.138023213,,,,
18,6/17/2008,2008,June,6,3.81,-0.066137854,0.383564273,-11.09740968,5.826666667,
1,7/15/2008,2008,July,7,9.15,1.124643645,,,,
17,7/15/2008,2008,July,7,10.6,1.447983191,,,,
18,7/15/2008,2008,July,7,11,1.537180307,1.369935715,-9.727473965,10.25,
1,8/13/2008,2008,August,8,11.2,1.581778865,,,,
17,8/13/2008,2008,August,8,16.2,2.696742816,,,,
18,8/13/2008,2008,August,8,13.2,2.027764446,2.102095376,-7.62537859,13.53333333,
1,9/17/2008,2008,September,9,6.27,0.48242441,,,,
17,9/17/2008,2008,September,9,10.1,1.336486796,,,,
18,9/17/2008,2008,September,9,9.51,1.20492105,1.007944085,-6.617434504,8.626666667,
1,10/16/2008,2008,October,10,8.26,0.926180062,,,,
17,10/16/2008,2008,October,10,0.206,-0.86980387,,,,
18,10/16/2008,2008,October,10,0.42,-0.822083413,-0.25523574,-6.872670245,2.962,6.129403509
1,11/11/2008,2008,November,11,12.2,1.804771655,,,,
17,11/11/2008,2008,November,11,7.96,0.859282225,,,,
18,11/11/2008,2008,November,11,8.42,0.961858909,1.208637596,-5.664032648,9.526666667,
1,12/17/2008,2008,December,12,2.82,-0.286900716,,,,
17,12/17/2008,2008,December,12,0.99,-0.694977522,,,,
18,12/17/2008,2008,December,12,3.31,-0.177634249,-0.386504163,-6.050536811,2.373333333,
1,1/12/2009,2009,January,1,6.77,0.593920805,,,,
17,1/12/2009,2009,January,1,4.02,-0.019309368,,,,
18,1/12/2009,2009,January,1,2,-0.469754804,0.034952211,-6.0155846,4.263333333,
1,2/10/2009,2009,February,2,0.79,-0.73957608,,,,
17,2/10/2009,2009,February,2,2.21,-0.422926318,,,,
18,2/10/2009,2009,February,2,0.19,-0.873371755,-0.678624718,-6.694209318,1.063333333,
1,3/18/2009,2009,March,3,4.22,0.02528919,,,,
17,3/18/2009,2009,March,3,2.01,-0.467524876,,,,
18,3/18/2009,2009,March,3,0.41,-0.824313341,-0.422183009,-7.116392327,2.213333333,
1,4/17/2009,2009,April,4,5.28,0.261661547,,,,
17,4/17/2009,2009,April,4,0.99,-0.694977522,,,,
18,4/17/2009,2009,April,4,2.72,-0.309199995,-0.247505324,-7.363897651,2.996666667,
1,5/12/2009,2009,May,5,3.52,-0.130805763,,,,
17,5/12/2009,2009,May,5,8.91,1.071125376,,,,
18,5/12/2009,2009,May,5,0.98,-0.69720745,0.081037387,-7.282860264,4.47,
1,6/16/2009,2009,June,6,6.38,0.506953617,,,,
17,6/16/2009,2009,June,6,4.56,0.101106738,,,,
18,6/16/2009,2009,June,6,2.06,-0.456375237,0.050561706,-7.232298558,4.333333333,
1,7/15/2009,2009,July,7,1.85,-0.503203723,,,,
17,7/15/2009,2009,July,7,6.01,0.424446284,,,,
18,7/15/2009,2009,July,7,0.42,-0.822083413,-0.300280284,-7.532578841,2.76,
1,8/18/2009,2009,August,8,0.61,-0.779714783,,,,
17,8/17/2009,2009,August,8,0.65,-0.770795071,,,,
18,8/18/2009,2009,August,8,1.69,-0.538882569,-0.696464141,-8.229042982,0.983333333,
1,9/14/2009,2009,September,9,6.5,0.533712751,,,,
17,9/14/2009,2009,September,9,8.39,0.955169125,,,,
18,9/14/2009,2009,September,9,4.93,0.183614071,0.557498649,-7.671544333,6.606666667,
1,10/13/2009,2009,October,10,7.56,0.770085109,,,,
17,10/13/2009,2009,October,10,2.18,-0.429616102,,,,
18,10/13/2009,2009,October,10,2.33,-0.396167184,-0.018566059,-7.690110392,4.023333333,
1,11/17/2009,2009,November,11,5.68,0.350858663,,,,
17,11/17/2009,2009,November,11,1.48,-0.585711055,,,,
18,11/17/2009,2009,November,11,1.81,-0.512123435,-0.248991942,-7.939102334,2.99,
1,12/15/2009,2009,December,12,4.73,0.139015513,,,,
17,12/15/2009,2009,December,12,2.95,-0.257911654,,,,
18,12/15/2009,2009,December,12,2.91,-0.266831365,-0.128575835,-8.06767817,3.53,
1,1/20/2010,2010,January,1,1.15,-0.659298676,,,,
17,1/20/2010,2010,January,1,0.94,-0.706127162,,,,
18,1/20/2010,2010,January,1,0.68,-0.764105287,-0.709843708,-8.777521878,0.923333333,
1,2/16/2010,2010,February,2,23.7,4.369188742,,,,
17,2/16/2010,2010,February,2,0.88,-0.719506729,,,,
18,2/16/2010,2010,February,2,2.36,-0.3894774,1.086734871,-7.690787007,8.98,
1,3/17/2010,2010,March,3,,,,,,
17,3/17/2010,2010,March,3,1.34,-0.616930046,,,,
18,3/17/2010,2010,March,3,0.93,-0.70835709,-0.662643568,-8.353430575,0.756666667,
1,4/14/2010,2010,April,4,3.9,-0.037148791,,,,
17,4/14/2010,2010,April,4,4.03,-0.01707944,,,,
18,4/14/2010,2010,April,4,1.68,-0.541112497,-0.19844691,-8.551877485,3.216666667,
1,5/17/2010,2010,May,5,5.06,0.212603134,,,,
17,5/17/2010,2010,May,5,5.33,0.272811187,,,,
18,5/17/2010,2010,May,5,1.94,-0.483134372,0.000759983,-8.551117502,4.11,
1,6/15/2010,2010,June,6,3.71,-0.088437133,,,,
17,6/15/2010,2010,June,6,2.21,-0.422926318,,,,
18,6/15/2010,2010,June,6,1.56,-0.567871632,-0.359745028,-8.91086253,2.493333333,
1,7/12/2010,2010,July,7,11.7,1.69327526,,,,
17,7/12/2010,2010,July,7,5.54,0.319639673,,,,
18,7/12/2010,2010,July,7,4.29,0.040898685,0.684604539,-8.226257991,7.176666667,
1,8/17/2010,2010,August,8,4.8,0.161314792,,,,
17,8/17/2010,2010,August,8,1.96,-0.478674516,,,,
18,8/17/2010,2010,August,8,3.71,-0.088437133,-0.135265619,-8.36152361,3.5,
1,9/15/2010,2010,September,9,10.4,1.403384633,,,,
17,9/15/2010,2010,September,9,2.71,-0.311429923,,,,
18,9/15/2010,2010,September,9,10.9,1.514881028,0.868945246,-7.492578364,8.003333333,
1,10/13/2010,2010,October,10,8.30 ,0.935032876,,,,
17,10/13/2010,2010,October,10,5.27 ,0.259565415,,,,
18,10/13/2010,2010,October,10,4.01 ,-0.022565063,0.390677743,-7.101900621,5.858566667,
1,11/16/2010,2010,November,11,10.5 ,1.429251797,,,,
17,11/16/2010,2010,November,11,8.29 ,0.93336043,,,,
18,11/16/2010,2010,November,11,6.16 ,0.458207393,0.940273206,-6.161627415,8.3232,
1,12/8/2010,2010,December,12,8.08,0.88572917,,,,
17,12/8/2010,2010,December,12,8.66 ,1.014485207,,,,
18,12/8/2010,2010,December,12,6.05 ,0.433365996,0.777860124,-5.38376729,7.594866667,
1,1/19/2011,2011,January,1,1.15 ,-0.65916488,,,,
17,1/19/2011,2011,January,1,6.18 ,0.461507686,,,,
18,1/19/2011,2011,January,1,1.02 ,-0.688131644,-0.295262946,-5.679030236,2.7825,
1,2/17/2011,2011,February,2,0.34 ,-0.839432252,,,,
17,2/17/2011,2011,February,2,1.25 ,-0.636397316,,,,
18,2/17/2011,2011,February,2,0.32 ,-0.844382692,-0.773404087,-6.452434323,0.6383,
1,3/17/2011,2011,March,3,2.69 ,-0.31649186,,,,
17,3/17/2011,2011,March,3,5.93 ,0.406183175,,,,
18,3/17/2011,2011,March,3,0.38 ,-0.831716701,-0.247341795,-6.699776119,2.9974,
1,4/13/2011,2011,April,4,2.79,-0.29452707,,,,
17,4/13/2011,2011,April,4,8.62 ,1.0054094,,,,
18,4/13/2011,2011,April,4,0.71 ,-0.757460102,-0.015525924,-6.715302043,4.036966667,
1,5/18/2011,2011,May,5,6.18,0.462355059,,,,
17,5/18/2011,2011,May,5,1.85,-0.503203723,,,,
18,5/18/2011,2011,May,5,1.78,-0.518813218,-0.186553961,-6.901856003,3.27,
1,6/14/2011,2011,June,6,8.87,1.062205664,,,,
17,6/14/2011,2011,June,6,0.34,-0.839922836,,,,
18,6/14/2011,2011,June,6,0.34,-0.839922836,-0.205880003,-7.107736006,3.183333333,
1,7/11/2011,2011,July,7,3.42,-0.153105042,,,,
17,7/11/2011,2011,July,7,20.8,3.722509651,,,,
18,7/11/2011,2011,July,7,2.59,-0.338189058,1.07707185,-6.030664156,8.936666667,
1,8/16/2011,2011,August,8,22.5,4.101597394,,,,
17,8/16/2011,2011,August,8,1.52,-0.576791344,,,,
18,8/16/2011,2011,August,8,6.61,0.558241958,1.361016003,-4.669648153,10.21,
1,9/13/2011,2011,September,9,2.91,-0.266831365,,,,
17,9/13/2011,2011,September,9,7.74,0.810223811,,,,
18,9/13/2011,2011,September,9,0.5,-0.80424399,-0.086950515,-4.756598668,3.716666667,
1,10/11/2011,2011,October,10,7.7,0.794614316,,,,
17,10/11/2011,2011,October,10,0.51,-0.802014062,,,,
18,10/11/2011,2011,October,10,0.9,-0.717276801,-0.241558849,-4.998157517,3.023333333,
1,11/15/2011,2011,November,11,6.47,0.527022968,,,,
17,11/15/2011,2011,November,11,11.8,1.715574539,,,,
18,11/15/2011,2011,November,11,3.24,-0.193243745,0.683117921,-4.315039596,7.17,
1,12/13/2011,2011,December,12,4.18,0.016369478,,,,
17,12/13/2011,2011,December,12,0.52,-0.799784134,,,,
18,12/13/2011,2011,December,12,3.22,-0.1977036,-0.327039419,-4.642079015,2.64,
1,1/9/2012,2012,January,1,9.66,1.238369968,,,,
17,1/9/2012,2012,January,1,0.80,-0.737346153,,,,
18,1/9/2012,2012,January,1,1.38,-0.608010334,-0.035662173,-4.677741188,3.946666667,
1,2/23/2012,2012,February,2,0.93,-0.70835709,,,,
17,2/23/2012,2012,February,2,0.39,-0.828773197,,,,
18,2/23/2012,2012,February,2,0.23,-0.864452043,-0.800527443,-5.478268631,0.516666667,
1,3/12/2012,2012,March,3,11.7,1.69327526,,,,
17,3/12/2012,2012,March,3,1.22,-0.643689181,,,,
18,3/12/2012,2012,March,3,2.02,-0.465294949,0.19476371,-5.28350492,4.98,
1,4/16/2012,2012,April,4,4.85,0.165774648,,,,
17,4/16/2012,2012,April,4,0.97,-0.699437378,,,,
18,4/16/2012,2012,April,4,1.14,-0.661528604,-0.398397112,-5.681902032,2.32,
1,5/16/2012,2012,May,5,4.91,0.179154215,,,,
17,5/16/2012,2012,May,5,9.39,1.178161915,,,,
18,5/16/2012,2012,May,5,2.85,-0.280210933,0.359035066,-5.322866966,5.716666667,
1,6/13/2012,2012,June,6,17.9,3.075830559,,,,
17,6/13/2012,2012,June,6,8.2,0.912800495,,,,
18,6/13/2012,2012,June,6,14.3,2.273056515,2.08722919,-3.235637777,13.46666667,
1,7/17/2012,2012,July,7,10.9,1.514881028,,,,
17,7/17/2012,2012,July,7,9.79,1.267359031,,,,
18,7/17/2012,2012,July,7,2.99,-0.248991942,0.844416039,-2.391221738,7.893333333,
1,8/14/2012,2012,August,8,8.97,1.084504943,,,,
17,8/14/2012,2012,August,8,3.35,-0.168714538,,,,
18,8/14/2012,2012,August,8,8.34,0.944019485,0.61993663,-1.771285107,6.886666667,
1,9/12/2012,2012,September,9,3.32,-0.175404321,,,,
17,9/12/2012,2012,September,9,4.53,0.094416955,,,,
18,9/12/2012,2012,September,9,1.62,-0.554492065,-0.211826477,-1.983111584,3.156666667,
1,10/18/2012,2012,October,10,3.05,-0.235612375,,,,
17,10/18/2012,2012,October,10,1.35,-0.614700118,,,,
18,10/18/2012,2012,October,10,2.02,-0.465294949,-0.438535814,-2.421647398,2.14,
1,11/13/2012,2012,November,11,8.23,0.919490278,,,,
17,11/13/2012,2012,November,11,14.2,2.250757236,,,,
18,11/13/2012,2012,November,11,10.8,1.492581749,1.554276421,-0.867370977,11.07666667,
1,12/11/2012,2012,December,12,18.6,3.231925512,,,,
17,12/11/2012,2012,December,12,4.26,0.034208901,,,,
18,12/11/2012,2012,December,12,11.3,1.604078144,1.623404186,0.756033209,11.38666667,
1,1/14/2013,2013,January,1,11.4,1.626377423,,,,
17,1/14/2013,2013,January,1,0.57,-0.788634494,,,,
18,1/14/2013,2013,January,1,3.04,-0.237842303,0.199966875,0.956000084,5.003333333,
1,2/13/2013,2013,February,2,0.46,-0.813163701,,,,
17,2/13/2013,2013,February,2,0.77,-0.744035936,,,,
18,2/13/2013,2013,February,2,7.09,0.665278498,-0.297307047,0.658693038,2.773333333,
1,3/11/2013,2013,March,3,9.64,1.233910113,,,,
17,3/11/2013,2013,March,3,9.4,1.180391843,,,,
18,3/11/2013,2013,March,3,8.78,1.042136313,1.152146089,1.810839127,9.273333333,
1,4/17/2013,2013,April,4,1.28,-0.630309613,,,,
17,4/17/2013,2013,April,4,0.76,-0.746265864,,,,
18,4/17/2013,2013,April,4,2.75,-0.302510212,-0.55969523,1.251143897,1.596666667,
1,5/14/2013,2013,May,5,3.06,-0.233382447,,,,
17,5/14/2013,2013,May,5,0.69,-0.76187536,,,,
18,5/14/2013,2013,May,5,1.05,-0.681597955,-0.55895192,0.692191977,1.6,
1,6/11/2013,2013,June,6,5.68,0.350858663,,,,
17,6/11/2013,2013,June,6,2.85,-0.280210933,,,,
18,6/11/2013,2013,June,6,3.03,-0.240072231,-0.056474833,0.635717144,3.853333333,
1,7/16/2013,2013,July,7,4.14,0.007449767,,,,
17,7/16/2013,2013,July,7,0.95,-0.703897234,,,,
18,7/16/2013,2013,July,7,2.92,-0.264601437,-0.320349635,0.315367509,2.67,
1,8/13/2013,2013,August,8,4.28,0.038668757,,,,
17,8/13/2013,2013,August,8,2.98,-0.25122187,,,,
18,8/13/2013,2013,August,8,5.51,0.312949889,0.033465592,0.348833101,4.256666667,
1,9/16/2013,2013,September,9,11.5,1.648676702,,,,
17,9/16/2013,2013,September,9,5.32,0.270581259,,,,
18,9/16/2013,2013,September,9,1.11,-0.668218388,0.417013191,0.765846292,5.976666667,
1,10/22/2013,2013,October,10,8.11,0.892731144,,,,
17,10/22/2013,2013,October,10,3.65,-0.101816701,,,,
18,10/22/2013,2013,October,10,3.14,-0.215543024,0.191790473,0.957636765,4.966666667,
1,11/20/2013,2013,November,11,5.77,0.370928015,,,,
17,11/20/2013,2013,November,11,0.91,-0.712816946,,,,
18,11/20/2013,2013,November,11,0.96,-0.701667306,-0.347852079,0.609784686,2.546666667,
1,12/16/2013,2013,December,12,3.95,-0.034918864,,,,
17,12/16/2013,2013,December,12,0.85,-0.726196513,,,,
18,12/16/2013,2013,December,12,0.60,-0.781944711,-0.514353362,0.095431324,1.8,
1,1/15/2014,2014,January,1,2.73,-0.306970068,,,,
17,1/15/2014,2014,January,1,0.29,-0.851072476,,,,
18,1/15/2014,2014,January,1,0.46,-0.813163701,-0.657068748,-0.561637424,1.16,
1,2/18/2014,2014,February,2,0.81,-0.735116225,,,,
17,2/18/2014,2014,February,2,0.37,-0.833233052,,,,
18,2/18/2014,2014,February,2,0.43,-0.819853485,-0.796067587,-1.357705012,0.536666667,
1,3/21/2014,2014,March,3,0.96,-0.701667306,,,,
17,3/21/2014,2014,March,3,0.63,-0.775254927,,,,
18,3/21/2014,2014,March,3,0.67,-0.766335215,-0.747752483,-2.105457495,0.753333333,
1,4/18/2014,2014,April,4,2.41 ,-0.37832776,,,,
17,4/18/2014,2014,April,4,0.68 ,-0.764105287,,,,
18,4/18/2014,2014,April,4,0.76 ,-0.746265864,-0.629566304,-2.735023799,1.283333333,
1,5/13/2014,2014,May,5,6.58 ,0.551552175,,,,
17,5/13/2014,2014,May,5,0.93 ,-0.70835709,,,,
18,5/13/2014,2014,May,5,0.69 ,-0.76187536,-0.306226758,-3.041250557,2.733333333,
1,6/18/2014,2014,June,6,1.84 ,-0.505433651,,,,
17,6/18/2014,2014,June,6,2.47 ,-0.364948193,,,,
18,6/18/2014,2014,June,6,0.67 ,-0.766335215,-0.545572353,-3.58682291,1.66,
1,7/14/2014,2014,July,7,8.47 ,0.973008548,,,,
17,7/14/2014,2014,July,7,0.87 ,-0.721736657,,,,
18,7/14/2014,2014,July,7,1.47 ,-0.587940983,-0.112223031,-3.699045941,3.603333333,
1,8/13/2014,2014,August,8,11.7 ,1.69327526,,,,
17,8/13/2014,2014,August,8,2.31 ,-0.400627039,,,,
18,8/13/2014,2014,August,8,2.34 ,-0.393937256,0.299570322,-3.399475619,5.45,
1,9/16/2014,2014,September,9,12.9 ,1.960866608,,,,
17,9/16/2014,2014,September,9,3.71 ,-0.088437133,,,,
18,9/16/2014,2014,September,9,6.14 ,0.453435347,0.775288274,-2.624187345,7.583333333,
1,10/17/2014,2014,October,10,2.80,-0.291360572,,,,
17,10/17/2014,2014,October,10,4.88,0.172464431,,,,
18,10/17/2014,2014,October,10,1.06,-0.679368027,-0.266088056,-2.890275401,2.913333333,
1,11/10/2014,2014,November,11,7.87,0.839212874,,,,
17,11/10/2014,2014,November,11,5.11,0.223752773,,,,
18,11/10/2014,2014,November,11,4.91,0.179154215,0.414039954,-2.476235447,5.963333333,
1,12/15/2014,2014,December,12,3.71,-0.088437133,,,,
17,12/15/2014,2014,December,12,1.95,-0.480904444,,,,
18,12/15/2014,2014,December,12,2.18,-0.429616102,-0.332985893,-2.80922134,2.613333333,
1,1/15/2015,2015,January,1,1.18 ,-0.652608892,,,,
17,1/15/2015,2015,January,1,0.44 ,-0.817623557,,,,
18,1/15/2015,2015,January,1,0.41 ,-0.824313341,-0.764848597,-3.574069937,0.676666667,
1,2/15/2015,2015,February,2,,,,,,
17,2/15/2015,2015,February,2,,,,,,
18,2/15/2015,2015,February,2,,,,,,
1,3/16/2015,2015,March,3,1.47 ,-0.587940983,,,,
17,3/16/2015,2015,March,3,0.23 ,-0.864452043,,,,
18,3/16/2015,2015,March,3,2.31 ,-0.400627039,-0.617673355,-4.191743292,1.336666667,
1,4/24/2015,2015,April,4,1.37 ,-0.610240262,,,,
17,4/24/2015,2015,April,4,0.52 ,-0.799784134,,,,
18,4/24/2015,2015,April,4,2.49 ,-0.360488337,-0.590170911,-4.781914203,1.46,
1,5/12/2015,2015,May,5,0.91 ,-0.712816946,,,,
17,5/12/2015,2015,May,5,1.76 ,-0.523273074,,,,
18,5/12/2015,2015,May,5,1.20 ,-0.648149037,-0.628079685,-5.409993888,1.29,
1,6/15/2015,2015,June,6,2.92 ,-0.264601437,,,,
17,6/15/2015,2015,June,6,0.72 ,-0.755185576,,,,
18,6/15/2015,2015,June,6,0.89 ,-0.717276801,-0.579021272,-5.98901516,1.51,
1,7/16/2015,2015,July,7,6.51 ,0.535942679,,,,
17,7/16/2015,2015,July,7,1.32 ,-0.621389902,,,,
18,7/16/2015,2015,July,7,1.28 ,-0.630309613,-0.238585612,-6.227600772,3.036666667,
1,8/13/2015,2015,August,8,8.07 ,0.883811432,,,,
17,8/13/2015,2015,August,8,0.63 ,-0.775254927,,,,
18,8/13/2015,2015,August,8,6.24 ,0.475734626,0.19476371,-6.032837062,4.98,
1,9/14/2015,2015,September,9,11.4 ,1.626377423,,,,
17,9/14/2015,2015,September,9,1.33 ,-0.619159974,,,,
18,9/14/2015,2015,September,9,13.8 ,2.16156012,1.05625919,-4.976577872,8.843333333,
1,10/14/2015,2015,October,10,5.49 ,0.308490033,,,,
17,10/14/2015,2015,October,10,3.38 ,-0.162024754,,,,
18,10/14/2015,2015,October,10,3.34 ,-0.170944466,-0.008159729,-4.984737601,4.07,
1,11/18/2015,2015,November,11,8.16 ,0.903880783,,,,
17,11/18/2015,2015,November,11,3.82 ,-0.063907926,,,,
18,11/18/2015,2015,November,11,4.52 ,0.092187027,0.310719961,-4.674017639,5.5,
1,12/14/2015,2015,December,12,4.98 ,0.19476371,,,,
17,12/14/2015,2015,December,12,2.90 ,-0.269061293,,,,
18,12/14/2015,2015,December,12,2.23 ,-0.418466463,-0.164254682,-4.838272321,3.37,
1,1/14/2016,2016,January,1,0.80 ,-0.737346153,,,,
17,1/14/2016,2016,January,1,0.83 ,-0.730656369,,,,
18,1/14/2016,2016,January,1,0.71 ,-0.757415504,-0.741806008,-5.58007833,0.78,
1,2/18/2016,2016,February,2,1.28,-0.630309613,,,,
17,2/18/2016,2016,February,2,0.9,-0.723966585,,,,
18,2/18/2016,2016,February,2,1.07,-0.677138099,-0.677138099,-6.257216429,1.07,
1,3/15/2016,2016,March,3,2.35,-0.391707328,,,,
17,3/15/2016,2016,March,3,1.00,-0.692747595,,,,
18,3/15/2016,2016,March,3,1.1,-0.66598846,-0.583481127,-6.840697556,1.49,
1,4/14/2016,2016,April,4,1.95 ,-0.480904444,,,,
17,4/14/2016,2016,April,4,0.64 ,-0.773024999,,,,
18,4/14/2016,2016,April,4,0.88 ,-0.719506729,-0.657812057,-7.498509614,1.156666667,
1,5/17/2016,2016,May,5,0.53 ,-0.797554206,,,,
17,5/17/2016,2016,May,5,0.35 ,-0.837692908,,,,
18,5/17/2016,2016,May,5,0.43 ,-0.819853485,-0.818366866,-8.31687648,0.436666667,
1,6/21/2016,2016,June,6,2.94 ,-0.260141582,,,,
17,6/21/2016,2016,June,6,0.43 ,-0.819853485,,,,
18,6/21/2016,2016,June,6,0.39 ,-0.828773197,-0.636256088,-8.953132568,1.253333333,
1,7/20/2016,2016,July,7,1.58 ,-0.563411776,,,,
17,7/20/2016,2016,July,7,1.05 ,-0.681597955,,,,
18,7/20/2016,2016,July,7,0.50 ,-0.80424399,-0.683084574,-9.636217141,1.043333333,
1,8/16/2016,2016,August,8,3.26 ,-0.188783889,,,,
17,8/16/2016,2016,August,8,0.78 ,-0.741806008,,,,
18,8/16/2016,2016,August,8,1.46 ,-0.590170911,-0.506920269,-10.14313741,1.833333333,
1,9/12/2016,2016,September,9,7.15 ,0.678658065,,,,
17,9/12/2016,2016,September,9,4.12 ,0.002989911,,,,
18,9/12/2016,2016,September,9,4.34 ,0.052048325,0.244565433,-9.898571977,5.203333333,
1,10/13/2016,2016,October,10,14.4 ,2.295355794,,,,
17,10/13/2016,2016,October,10,9.75 ,1.258439319,,,,
18,10/13/2016,2016,October,10,9.42 ,1.184851699,1.579548937,-8.31902304,11.19,
1,11/14/2016,2016,November,11,8.00 ,0.868201937,,,,
17,11/14/2016,2016,November,11,3.96 ,-0.032688936,,,,
18,11/14/2016,2016,November,11,3.77 ,-0.075057566,0.253485145,-8.065537895,5.243333333,
1,12/14/16,2016,December,12,3.33 ,-0.173174393,,,,
17,12/14/16,2016,December,12,1.60 ,-0.55895192,,,,
18,12/14/16,2016,December,12,1.32 ,-0.621389902,-0.451172072,-8.516709967,2.083333333,
1,1/15/2017,2017,January,1,0.66,-0.768565143,,,,
17,1/15/2017,2017,January,1,0.69,-0.76187536,,,,
18,1/15/2017,2017,January,1,0.57,-0.788634494,-0.773024999,-9.289734966,0.64,
1,2/18/2017,2017,February,2,1.14,-0.661528604,,,,
17,2/18/2017,2017,February,2,0.72,-0.755185576,,,,
18,2/18/2017,2017,February,2,0.93,-0.70835709,-0.70835709,-9.998092056,0.93,
1,3/23/2017,2017,March,3,2.79,-0.2935905,,,,
17,3/23/2017,2017,March,3,0.82,-0.732886297,,,,
18,3/23/2017,2017,March,3,0.77,-0.744035936,-0.590170911,-10.58826297,1.46,
1,,2017,April,4,,,,,,
17,,2017,April,4,,,,,,
18,,2017,April,4,,,,,,
1,5/31/2017,2017,May,5,3.13,-0.217772951,,,,
17,5/31/2017,2017,May,5,0.92,-0.710587018,,,,
18,5/31/2017,2017,May,5,0.75,-0.748495792,-0.55895192,-11.14721489,1.6,
1,6/29/2017,2017,June,6,1.19,-0.650378964,,,,
17,6/29/2017,2017,June,6,0.8,-0.737346153,,,,
18,6/29/2017,2017,June,6,2.31,-0.400627039,-0.596117385,-11.74333227,1.433333333,
1,7/18/2017,2017,July,7,1.49,-0.583481127,,,,
17,7/18/2017,2017,July,7,0.81,-0.735116225,,,,
18,7/18/2017,2017,July,7,0.99,-0.694977522,-0.671191625,-12.4145239,1.096666667,
1,,2017,August,8,,,,,,
17,,2017,August,8,,,,,,
18,,2017,August,8,,,,,,
1,10/2/2017,2017,September,9,12.9,1.960866608,,,,
17,10/2/2017,2017,September,9,4.64,0.118946162,,,,
18,10/2/2017,2017,September,9,4.76,0.145705296,0.741839356,-11.67268454,7.433333333,
1,,2017,October,10,,,,,,
17,,2017,October,10,,,,,,
18,,2017,October,10,,,,,,
1,11/14/2017,2017,November,11,7.99,0.865972009,,,,
17,11/14/2017,2017,November,11,4.87,0.170234503,,,,
18,11/14/2017,2017,November,11,4.69,0.130095801,0.388767438,-11.2839171,5.85,
1,12/20/2017,2017,December,12,13.8,2.16156012,,,,
17,12/20/2017,2017,December,12,1.47,-0.587940983,,,,
18,12/20/2017,2017,December,12,10.9,1.514881028,1.029500055,-10.25441705,8.723333333,
1,1/26/2018,2018,January,1,0.82,-0.732886297,,,,
17,1/26/2018,2018,January,1,0.73,-0.752955648,,,,
18,1/26/2018,2018,January,1,0.99,-0.694977522,-0.726939822,-10.98135687,0.846666667,
1,2/21/2018,2018,February,2,2.95,-0.257911654,,,,
17,2/21/2018,2018,February,2,1.05,-0.681597955,,,,
18,2/21/2018,2018,February,2,7.47,0.750015758,-0.063164617,-11.04452149,3.823333333,
1,3/27/2018,2018,March,3,0.76,-0.746265864,,,,
17,3/27/2018,2018,March,3,0.75,-0.748495792,,,,
18,3/27/2018,2018,March,3,0.85,-0.726196513,-0.74031939,-11.78484088,0.786666667,
1,4/26/2018,2018,April,4,7.77,0.816913595,,,,
17,4/26/2018,2018,April,4,3.15,-0.213313096,,,,
18,4/26/2018,2018,April,4,4.37,0.058738108,0.220779536,-11.56406134,5.096666667,
1,5/22/2018,2018,May,5,0.98,-0.69720745,,,,
17,5/22/2018,2018,May,5,3.87,-0.052758287,,,,
18,5/22/2018,2018,May,5,1.32,-0.621389902,-0.457118546,-12.02117989,2.056666667,
1,6/21/2018,2018,June,6,0.73,-0.752955648,,,,
17,6/21/2018,2018,June,6,0.71,-0.757415504,,,,
18,6/21/2018,2018,June,6,0.97,-0.699437378,-0.736602843,-12.75778273,0.803333333,
1,8/2/2018,2018,July,7,1.53,-0.574561416,,,,
17,8/2/2018,2018,July,7,1.45,-0.592400839,,,,
18,8/2/2018,2018,July,7,7.35,0.723256623,-0.147901877,-12.90568461,3.443333333,
1,8/28/2018,2018,August,8,2.99,-0.248991942,,,,
17,8/28/2018,2018,August,8,2.97,-0.253451798,,,,
18,8/28/2018,2018,August,8,2.71,-0.311429923,-0.271291221,-13.17697583,2.89,
1,9/19/2018,2018,September,9,9.59,1.222760473,,,,
17,9/19/2018,2018,September,9,4.89,0.174694359,,,,
18,9/19/2018,2018,September,9,0.83,-0.730656369,0.222266154,-12.95470968,5.103333333,
1,10/23/2018,2018,October,10,7.12,0.671968281,,,,
17,10/23/2018,2018,October,10,4.72,0.136785585,,,,
18,10/23/2018,2018,October,10,5.08,0.217062989,0.341938952,-12.61277072,5.64,
1,11/14/2018,2018,November,11,7.96,0.859282225,,,,
17,11/14/2018,2018,November,11,3.92,-0.041608647,,,,
18,11/14/2018,2018,November,11,3.73,-0.083977277,0.244565433,-12.36820529,5.203333333,
1,12/4/2018,2018,December,12,9.6,1.224990401,,,,
17,12/4/2018,2018,December,12,17.8,3.05353128,,,,
18,12/4/2018,2018,December,12,1.99,-0.471984732,1.26884565,-11.09935964,9.796666667,
1,,2019,January,1,,,,,,
17,,2019,January,1,,,,,,
18,,2019,January,1,,,,,,
1,,2019,February,2,,,,,,
17,,2019,February,2,,,,,,
18,,2019,February,2,,,,,,
1,4/4/2019,2019,March,3,7.76,0.814683667,,,,
17,4/4/2019,2019,March,3,1.59,-0.561181848,,,,
18,4/4/2019,2019,March,3,0.66,-0.768565143,-0.171687775,-11.27104742,3.336666667,
1,4/30/2019,2019,April,4,2.47,-0.364948193,,,,
17,4/30/2019,2019,April,4,3.85,-0.057218143,,,,
18,4/30/2019,2019,April,4,1.11,-0.668218388,-0.363461574,-11.63450899,2.476666667,
1,5/17/2019,2019,May,5,1.52,-0.576791344,,,,
17,5/17/2019,2019,May,5,1.65,-0.547802281,,,,
18,5/17/2019,2019,May,5,1.10,-0.670448316,-0.598347313,-12.2328563,1.423333333,
1,6/25/2019,2019,June,6,0.64,-0.773024999,,,,
17,6/25/2019,2019,June,6,6.44,0.520333184,,,,
18,6/25/2019,2019,June,6,0.52,-0.799784134,-0.350825316,-12.58368162,2.533333333,
1,7/25/2019,2019,July,7,2.99,-0.248991942,,,,
17,7/25/2019,2019,July,7,1.29,-0.628079685,,,,
18,7/25/2019,2019,July,7,2.54,-0.349338698,-0.408803442,-12.99248506,2.273333333,
1,,2019,August,8,,,,,,
17,,2019,August,8,,,,,,
18,,2019,August,8,,,,,,
1,9/25/2019,2019,September,9,15.7,2.585246421,,,,
17,9/25/2019,2019,September,9,0.31,-0.84661262,,,,
18,9/25/2019,2019,September,9,14.5,2.317655073,1.352096291,-11.64038877,10.17,
1,10/29/2019,2019,October,10,10.3,1.381085354,,,,
17,10/29/2019,2019,October,10,5.47,0.304030178,,,,
18,10/29/2019,2019,October,10,8.76,1.037676457,0.90759733,-10.73279144,8.176666667,
1,,2019,November,11,,,,,,
17,,2019,November,11,,,,,,
18,,2019,November,11,,,,,,
1,12/29/2019,2019,December,12,1.75,-0.525503002,,,,
17,12/29/2019,2019,December,12,1.13,-0.663758532,,,,
18,12/29/2019,2019,December,12,14.7,2.362253631,0.390997366,-10.34179408,5.86,
1,,2020,January,1,,,,,,
17,,2020,January,1,,,,,,
18,,2020,January,1,,,,,,
1,,2020,February,2,,,,,,
17,,2020,February,2,,,,,,
18,,2020,February,2,,,,,,
1,,2020,March,3,,,,,,
17,,2020,March,3,,,,,,
18,,2020,March,3,,,,,,
1,,2020,April,4,,,,,,
17,,2020,April,4,,,,,,
18,,2020,April,4,,,,,,
1,,2020,May,5,,,,,,
17,,2020,May,5,,,,,,
18,,2020,May,5,,,,,,
1,6/24/20,2020,June,6,12.10 ,1.782472376,,,,
17,6/24/20,2020,June,6,8.75 ,1.035446529,,,,
18,6/24/20,2020,June,6,1.73 ,-0.529962858,0.762652016,-9.579142059,7.526666667,
1,7/29/22,2020,July,7,9.62 ,1.229450257,,,,
17,7/29/22,2020,July,7,9.70 ,1.24728968,,,,
18,7/29/22,2020,July,7,37.2 ,7.37959141,3.285443782,-6.293698277,18.84,
1,8/27/20,2020,August,8,7.30 ,0.712106984,,,,
17,8/27/20,2020,August,8,12.8 ,1.938567329,,,,
18,8/27/20,2020,August,8,6.96 ,0.636289435,1.095654583,-5.198043695,9.02,
1,9/23/20,2020,September,9,10.3 ,1.381085354,,,,
17,9/23/20,2020,September,9,0.97 ,-0.699437378,,,,
18,9/23/20,2020,September,9,0.49 ,-0.806473918,-0.041608647,-5.239652342,3.92,
1,10/21/20,2020,October,10,8.30 ,0.935099774,,,,
17,10/21/20,2020,October,10,7.5 ,0.750015758,,,,
18,10/21/20,2020,October,10,6.54 ,0.542632463,0.742582665,-4.497069677,7.436666667,
1,11/20/20,2020,November,11,2.28 ,-0.407316823,,,,
17,11/20/20,2020,November,11,3.56 ,-0.121886052,,,,
18,11/20/20,2020,November,11,2.46 ,-0.367178121,-0.298793665,-4.795863342,2.766666667,
1,,2020,December,12,,,,,,
17,,2020,December,12,,,,,,
18,,2020,December,12,,,,,,
1,,2020,January,1,,,,,,
17,,2020,January,1,,,,,,
18,,2020,January,1,,,,,,
1,2/4/2021,2021,February,2,0.64,-0.773024999,,,,
17,2/4/2021,2021,February,2,2.74,-0.30474014,,,,
18,2/4/2021,2021,February,2,1.13,-0.663758532,-0.58050789,-5.376371233,1.503333333,
1,3/26/2021,2021,March,3,16.82,2.834998346,,,,
17,3/26/2021,2021,March,3,7.83,0.830293162,,,,
18,3/26/2021,2021,March,3,4.83,0.161314792,1.275535433,-4.100835799,9.826666667,
1,4/28/2021,2021,April,4,5.61,0.335249168,,,,
17,4/28/2021,2021,April,4,0.64,-0.773024999,,,,
18,4/28/2021,2021,April,4,18.50,3.209626233,0.923950134,-3.176885665,8.25,
1,5/19/2021,2021,May,5,1.07,-0.677138099,,,,
17,5/19/2021,2021,May,5,3.22,-0.1977036,,,,
18,5/19/2021,2021,May,5,3.10,-0.224462735,-0.366434812,-3.543320477,2.463333333,
1,6/30/2021,2021,June,6,2.75,-0.302510212,,,,
17,6/30/2021,2021,June,6,0.64,-0.773024999,,,,
18,6/30/2021,2021,June,6,6.83,0.607300372,-0.15607828,-3.699398756,3.406666667,
1,7/28/2021,2021,July,7,18.39,3.185097027,,,,
17,7/28/2021,2021,July,7,0.64,-0.773024999,,,,
18,7/28/2021,2021,July,7,13.21,2.029994373,1.4806888,-2.218709956,10.74666667,
1,8/25/2021,2021,August,8,22.96,4.204174078,,,,
17,8/25/2021,2021,August,8,11.80,1.715574539,,,,
18,8/25/2021,2021,August,8,10.52,1.430143768,2.449964128,0.231254172,15.09333333,
1,9/29/2021,2021,September,9,1.63,-0.552262137,,,,
17,9/29/2021,2021,September,9,0.64,-0.773024999,,,,
18,9/29/2021,2021,September,9,10.01,1.316417445,-0.002956564,0.228297609,4.093333333,
1,10/27/2021,2021,October,10,14.63,2.346644135,,,,
17,10/27/2021,2021,October,10,4.50,0.087727171,,,,
18,10/27/2021,2021,October,10,11.21,1.584008793,1.339460033,1.567757642,10.11333333,
1,11/16/2021,2021,November,11,3.40,-0.157564898,,,,
17,11/16/2021,2021,November,11,0.64,-0.773024999,,,,
18,11/16/2021,2021,November,11,9.61,1.227220329,0.098876811,1.666634452,4.55,
1,12/15/2021,2021,December,12,3.95,-0.034918864,,,,
17,12/15/2021,2021,December,12,0.85,-0.726196513,,,,
18,12/15/2021,2021,December,12,0.60,-0.781944711,-0.514353362,1.15228109,1.8,
