STA,DATE,YEAR,MONTH,MONTH#,CHL_A,Zscore CHL_A,meanZ,CUSUM,mean CHL_A,Annual mean
1,1/24/1995,1995,JANUARY,1,6.22,0.077808083,,,,
17,1/24/1995,1995,JANUARY,1,9.32,0.795795815,,,,
18,1/24/1995,1995,JANUARY,1,9.26,0.781899279,0.551834392,,8.266666667,
1,2/16/1995,1995,FEBRUARY,2,3.45,-0.563748698,,,,
17,2/16/1995,1995,FEBRUARY,2,5.54,-0.079686001,,,,
18,2/16/1995,1995,FEBRUARY,2,5.14,-0.172329579,-0.271921426,0.279912966,4.71,
1,3/22/1995,1995,MARCH,3,1.74,-0.959799996,,,,
17,3/22/1995,1995,MARCH,3,2.63,-0.753668034,,,,
18,3/22/1995,1995,MARCH,3,0.95,-1.142771063,-0.952079697,-0.672166731,1.773333333,
1,4/19/1995,1995,APRIL,4,11.51,1.303019407,,,,
17,4/19/1995,1995,APRIL,4,5.27,-0.142220416,,,,
18,4/19/1995,1995,APRIL,4,3.95,-0.447944225,0.237618255,-0.434548476,6.91,
1,5/16/1995,1995,MAY,5,3.69,-0.508162551,,,,
17,5/16/1995,1995,MAY,5,2.46,-0.793041554,,,,
18,5/16/1995,1995,MAY,5,2,-0.89958167,-0.733595258,-1.168143734,2.716666667,
1,6/15/1995,1995,JUNE,6,3,-0.667972724,,,,
17,6/15/1995,1995,JUNE,6,2.17,-0.860208149,,,,
18,6/15/1995,1995,JUNE,6,5.96,0.017589757,-0.503530372,-1.671674106,3.71,
1,7/5/1995,1995,JULY,7,16.17,2.382317096,,,,
17,7/5/1995,1995,JULY,7,3.82,-0.478053388,,,,
18,7/5/1995,1995,JULY,7,9.83,0.913916378,0.939393362,-0.732280744,9.94,
1,8/23/1995,1995,AUGUST,8,17.11,2.600029505,,,,
17,8/23/1995,1995,AUGUST,8,10.28,1.018140404,,,,
18,8/23/1995,1995,AUGUST,8,6.2,0.073175904,1.230448604,0.49816786,11.19666667,
1,9/20/1995,1995,SEPTEMBER,9,7.61,0.399744518,,,,
17,9/20/1995,1995,SEPTEMBER,9,7.44,0.360370997,,,,
18,9/20/1995,1995,SEPTEMBER,9,4.51,-0.318243215,0.147290766,0.645458627,6.52,
1,10/13/1995,1995,OCTOBER,10,8.51,0.608192569,,,,
17,10/13/1995,1995,OCTOBER,10,3.8,-0.482685567,,,,
18,10/13/1995,1995,OCTOBER,10,4.18,-0.394674167,-0.089722388,0.555736238,5.496666667,
1,12/7/1995,1995,DECEMBER,12,7.3,0.328177353,,,,
17,12/7/1995,1995,DECEMBER,12,8.34,0.568587439,,,,
18,12/7/1995,1995,DECEMBER,12,7.74,0.429853681,0.442206158,0.997942396,7.793333333,6.275757576
1,1/22/1996,1996,JANUARY,1,9.02,0.726313132,,,,
17,1/22/1996,1996,JANUARY,1,14.56,2.009889911,,,,
18,1/22/1996,1996,JANUARY,1,14.18,1.920257248,1.55215343,2.550095826,12.58566667,
1,2/14/1996,1996,FEBRUARY,2,5.87,-0.003486657,,,,
17,2/14/1996,1996,FEBRUARY,2,5.36,-0.122533656,,,,
18,2/14/1996,1996,FEBRUARY,2,4.51,-0.318011606,-0.14801064,2.402085187,5.245,
1,3/18/1996,1996,MARCH,3,3.38,-0.579034888,,,,
17,3/18/1996,1996,MARCH,3,1.89,-0.924827045,,,,
18,3/18/1996,1996,MARCH,3,4.94,-0.217724932,-0.573862289,1.828222898,3.406333333,
1,4/22/1996,1996,APRIL,4,4.72,-0.269836945,,,,
17,4/22/1996,1996,APRIL,4,2.39,-0.809717399,,,,
18,4/22/1996,1996,APRIL,4,2.65,-0.750193899,-0.609916081,1.218306817,3.250666667,
1,5/8/1996,1996,MAY,5,3.74,-0.497508539,,,,
17,5/8/1996,1996,MAY,5,10.46,1.060524841,,,,
18,5/8/1996,1996,MAY,5,2.68,-0.742087586,-0.059690428,1.158616389,5.626333333,
1,6/20/1996,1996,JUNE,6,1.82,-0.941039671,,,,
17,6/20/1996,1996,JUNE,6,3.46,-0.561432608,,,,
18,6/20/1996,1996,JUNE,6,7.48,0.370330182,-0.377380699,0.781235689,4.254666667,
1,7/22/1996,1996,JULY,7,11.38,1.272215417,,,,
17,7/22/1996,1996,JULY,7,2.38,-0.812728315,,,,
18,7/22/1996,1996,JULY,7,9.5,0.837022208,0.43216977,1.21340546,7.75,
1,8/21/1996,1996,AUGUST,8,11.94,1.40353769,,,,
17,8/21/1996,1996,AUGUST,8,3.95,-0.447944225,,,,
18,8/21/1996,1996,AUGUST,8,7.68,0.414799099,0.456797521,1.670202981,7.856333333,
1,9/17/1996,1996,SEPTEMBER,9,2.93,-0.685111786,,,,
17,9/17/1996,1996,SEPTEMBER,9,2.75,-0.72587496,,,,
18,9/17/1996,1996,SEPTEMBER,9,10.28,1.017213968,-0.131257593,1.538945388,5.317333333,
1,10/21/1996,1996,OCTOBER,10,2.238,-0.84445874,,,,
17,10/21/1996,1996,OCTOBER,10,2.399,-0.8071697,,,,
18,10/21/1996,1996,OCTOBER,10,1.258,-1.071435508,-0.907687983,0.631257406,1.965,
1,11/12/1996,1996,NOVEMBER,11,5.12,-0.176973326,,,,
17,11/12/1996,1996,NOVEMBER,11,4.53,-0.313589083,,,,
18,11/12/1996,1996,NOVEMBER,11,5.43,-0.10507057,-0.198544327,0.432713079,5.026814616,
1,12/17/1996,1996,DECEMBER,12,3.166,-0.629525639,,,,
17,12/17/1996,1996,DECEMBER,12,1.874,-0.928764397,,,,
18,12/17/1996,1996,DECEMBER,12,2.345,-0.819676583,-0.79265554,-0.359942461,2.461666667,5.395484551
1,1/15/1997,1997,JANUARY,1,1.959,-0.909104061,,,,
17,1/15/1997,1997,JANUARY,1,3.322,-0.593470313,,,,
18,1/15/1997,1997,JANUARY,1,5.653,-0.053483883,-0.518686086,-0.878628546,3.644563349,
1,2/12/1997,1997,FEBRUARY,2,3.488,-0.554884337,,,,
17,2/12/1997,1997,FEBRUARY,2,5.837,-0.010996746,,,,
18,2/12/1997,1997,FEBRUARY,2,3.98,-0.440983791,-0.335621625,-1.214250171,4.434966587,
1,3/18/1997,1997,MARCH,3,2.792,-0.716093389,,,,
17,3/18/1997,1997,MARCH,3,4.107,-0.411596626,,,,
18,3/18/1997,1997,MARCH,3,2.404,-0.806019535,-0.64456985,-1.858820021,3.101044775,
1,4/21/1997,1997,APRIL,4,9.815,0.910374391,,,,
17,4/21/1997,1997,APRIL,4,3.157,-0.631609146,,,,
18,4/21/1997,1997,APRIL,4,3.161,-0.630699924,-0.11731156,-1.976131581,5.377547038,
1,5/21/1997,1997,MAY,5,3.187,-0.624547609,,,,
17,5/21/1997,1997,MAY,5,1.951,-0.910890602,,,,
18,5/21/1997,1997,MAY,5,2.244,-0.84312175,-0.79285332,-2.768984901,2.460812724,
1,6/11/1997,1997,JUNE,6,2.416,-0.803179489,,,,
17,6/11/1997,1997,JUNE,6,4.102,-0.412703865,,,,
18,6/11/1997,1997,JUNE,6,2.637,-0.752139061,-0.656007471,-3.424992372,3.051661442,
1,7/17/1997,1997,JULY,7,11.104,1.209045744,,,,
17,7/17/1997,1997,JULY,7,11.151,1.219850838,,,,
18,7/17/1997,1997,JULY,7,13.553,1.776259763,1.401718781,-2.023273591,11.93614664,
18,8/22/1997,1997,AUGUST,8,9.633,0.868237686,,,,
1,8/25/1997,1997,AUGUST,8,9.741,0.893207903,,,,
17,8/25/1997,1997,AUGUST,8,8.948,0.709723614,0.823723068,-1.199550523,9.440579334,
1,9/25/1997,1997,SEPTEMBER,9,6.003,0.027605073,,,,
17,9/25/1997,1997,SEPTEMBER,9,10.306,1.024201616,,,,
18,9/25/1997,1997,SEPTEMBER,9,6.595,0.164596498,0.405467729,-0.794082794,7.634710667,
1,10/7/1997,1997,OCTOBER,10,5.697,-0.043319779,,,,
17,10/7/1997,1997,OCTOBER,10,3.587,-0.532109429,,,,
18,10/7/1997,1997,OCTOBER,10,5.993,0.025253991,-0.183391739,-0.977474533,5.092237769,
1,11/21/1997,1997,NOVEMBER,11,2.123,-0.871120768,,,,
17,11/21/1997,1997,NOVEMBER,11,1.771,-0.952700489,,,,
18,11/21/1997,1997,NOVEMBER,11,1.963,-0.908154108,-0.910658455,-1.888132988,1.952174623,
1,12/16/1997,1997,DECEMBER,12,4.167,-0.397614219,,,,
17,12/16/1997,1997,DECEMBER,12,7.103,0.282352957,,,,
18,12/16/1997,1997,DECEMBER,12,4.84,-0.241798215,-0.119019826,-2.007152813,5.370171392,5.291384695
1,1/20/1998,1998,JANUARY,1,4.857,-0.23792945,,,,
17,1/20/1998,1998,JANUARY,1,5.869,-0.003586472,,,,
18,1/20/1998,1998,JANUARY,1,8.702,0.65255446,0.137012846,-1.870139967,6.475623819,
1,2/9/1998,1998,FEBRUARY,2,1.643,-0.982164664,,,,
17,2/9/1998,1998,FEBRUARY,2,5.113,-0.17848309,,,,
18,2/9/1998,1998,FEBRUARY,2,4.817,-0.247024102,-0.469223952,-2.339363919,3.858122171,
1,3/10/1998,1998,MARCH,3,8.675,0.646350577,,,,
17,3/10/1998,1998,MARCH,3,12.08,1.435063636,,,,
18,3/10/1998,1998,MARCH,3,10.552,1.081190624,1.054201612,-1.285162307,10.43569869,
1,4/13/1998,1998,APRIL,4,8.029,0.496686311,,,,
17,4/13/1998,1998,APRIL,4,8.771,0.668563351,,,,
18,4/13/1998,1998,APRIL,4,4.673,-0.280424755,0.294941636,-0.990220672,7.157500717,
1,5/22/1998,1998,MAY,5,2.886,-0.6943614,,,,
17,5/22/1998,1998,MAY,5,1.661,-0.978135518,,,,
18,5/22/1998,1998,MAY,5,2.084,-0.880064119,-0.850853679,-1.841074351,2.210389069,
1,6/18/1998,1998,JUNE,6,13.982,1.875568604,,,,
17,6/18/1998,1998,JUNE,6,17.92,2.787690664,,,,
18,6/19/1998,1998,JUNE,6,18.43,2.905817065,2.523025444,0.681951094,16.77752553,
1,7/9/1998,1998,JULY,7,2.694,-0.738884018,,,,
17,7/9/1998,1998,JULY,7,3.612,-0.526167737,,,,
18,7/9/1998,1998,JULY,7,1.786,-0.949042591,-0.738031449,-0.056080355,2.69751287,
1,8/13/1998,1998,AUGUST,8,14.727,2.048067316,,,,
17,8/13/1998,1998,AUGUST,8,6.123,0.055294799,,,,
18,8/13/1998,1998,AUGUST,8,4.847,-0.240077147,0.621094989,0.565014634,8.565707779,
1,9/18/1998,1998,SEPTEMBER,9,11.568,1.316518127,,,,
17,9/18/1998,1998,SEPTEMBER,9,3.475,-0.557887087,,,,
18,9/18/1998,1998,SEPTEMBER,9,7.5,0.374322044,0.377651028,0.942665662,7.514608653,
1,10/14/1998,1998,OCTOBER,10,3.931,-0.452459449,,,,
17,10/14/1998,1998,OCTOBER,10,2.14,-0.867247552,,,,
18,10/14/1998,1998,OCTOBER,10,1.72,-0.964371331,-0.761359444,0.181306218,2.596791394,
1,11/17/1998,1998,NOVEMBER,11,4.977,-0.210179577,,,,
17,11/17/1998,1998,NOVEMBER,11,5.993,0.025134108,,,,
18,11/17/1998,1998,NOVEMBER,11,4.861,-0.236925673,-0.140657048,0.040649171,5.276750035,
1,12/16/1998,1998,DECEMBER,12,3.72,-0.501185395,,,,
17,12/16/1998,1998,DECEMBER,12,6.003,0.027507375,,,,
18,12/16/1998,1998,DECEMBER,12,1.71,-0.966724837,-0.480134286,-0.439485115,3.811015469,6.44810385
1,1/20/1999,1999,JANUARY,1,6.482,0.138550259,,,,
17,1/20/1999,1999,JANUARY,1,9.401,0.81448769,,,,
18,1/20/1999,1999,JANUARY,1,5.08,-0.186227501,0.255603483,-0.183881632,6.987653423,
1,2/16/1999,1999,FEBRUARY,2,7.505,0.375412439,,,,
17,2/16/1999,1999,FEBRUARY,2,10.567,1.084644927,,,,
18,2/16/1999,1999,FEBRUARY,2,10.215,1.003001906,0.821019757,0.637138125,9.42890746,
1,3/17/1999,1999,MARCH,3,18.301,2.875823942,,,,
17,3/17/1999,1999,MARCH,3,10.272,1.01617377,,,,
18,3/17/1999,1999,MARCH,3,8.479,0.600902886,1.497633533,2.134771658,12.35027033,
1,4/12/1999,1999,APRIL,4,1.728,-0.962657717,,,,
17,4/12/1999,1999,APRIL,4,3.387,-0.578295835,,,,
18,4/12/1999,1999,APRIL,4,4.101,-0.41300081,-0.651318121,1.483453537,3.071908287,
1,5/20/1999,1999,MAY,5,2.207,-0.851580634,,,,
17,5/20/1999,1999,MAY,5,1.838,-0.936994967,,,,
18,5/20/1999,1999,MAY,5,1.13,-1.10116428,-0.963246627,0.52020691,1.725118748,
1,6/15/1999,1999,JUNE,6,8.588,0.626305397,,,,
17,6/15/1999,1999,JUNE,6,4.494,-0.321859179,,,,
18,6/15/1999,1999,JUNE,6,3.72,-0.501224333,-0.065592705,0.454614205,5.600849531,
1,7/16/1999,1999,JULY,7,7.845,0.454125347,,,,
17,7/16/1999,1999,JULY,7,5.299,-0.135537939,,,,
18,7/16/1999,1999,JULY,7,6.37,0.112505558,0.143697655,0.59831186,6.504486301,
1,8/18/1999,1999,AUGUST,8,10.684,1.111666418,,,,
17,8/18/1999,1999,AUGUST,8,6.669,0.181718544,,,,
18,8/18/1999,1999,AUGUST,8,5.589,-0.068342235,0.408347576,1.006659436,7.647144757,
1,9/20/1999,1999,SEPTEMBER,9,15.137,2.14314837,,,,
17,9/20/1999,1999,SEPTEMBER,9,5.712,-0.039783308,,,,
18,9/20/1999,1999,SEPTEMBER,9,4.108,-0.411380055,0.563995002,1.570654438,8.31917159,
1,10/12/1999,1999,OCTOBER,10,4.105,-0.411943459,,,,
17,10/12/1999,1999,OCTOBER,10,1.315,-1.058167981,,,,
18,10/12/1999,1999,OCTOBER,10,1.794,-0.947367767,-0.805826402,0.764828036,2.404799854,
1,11/8/1999,1999,NOVEMBER,11,7.226,0.310915444,,,,
17,11/8/1999,1999,NOVEMBER,11,6.715,0.192392736,,,,
18,11/8/1999,1999,NOVEMBER,11,2.388,-0.809827554,-0.102173125,0.662654912,5.442909088,
1,12/7/1999,1999,DECEMBER,12,3.787,-0.485757392,,,,
17,12/7/1999,1999,DECEMBER,12,6.142,0.059678337,,,,
18,12/7/1999,1999,DECEMBER,12,2.413,-0.803870903,-0.409983319,0.252671592,4.11390086,6.133093352
1,1/5/2000,2000,JANUARY,1,7.481,0.369810913,,,,
17,1/5/2000,2000,JANUARY,1,9.694,0.882337292,,,,
18,1/5/2000,2000,JANUARY,1,3.942,-0.449736697,0.267470503,0.520142095,7.038890734,
1,2/23/2000,2000,FEBRUARY,2,3.368,-0.582799536,,,,
17,2/23/2000,2000,FEBRUARY,2,4.541,-0.310993834,,,,
18,2/23/2000,2000,FEBRUARY,2,3.849,-0.471307754,-0.455033708,0.065108387,3.919390287,
1,3/15/2000,2000,MARCH,3,1.072,-1.114450735,,,,
17,3/15/2000,2000,MARCH,3,1.38,-1.043259009,,,,
18,3/15/2000,2000,MARCH,3,1.537,-1.006822986,-1.054844243,-0.989735856,1.329634817,
1,4/12/2000,2000,APRIL,4,3.688,-0.508517198,,,,
17,4/12/2000,2000,APRIL,4,6.186,0.069852739,,,,
18,4/12/2000,2000,APRIL,4,1.613,-0.989186402,-0.475950287,-1.465686143,3.829080396,
1,5/15/2000,2000,MAY,5,2.478,-0.788899369,,,,
17,5/15/2000,2000,MAY,5,0.752,-1.188615919,,,,
18,5/15/2000,2000,MAY,5,0.833,-1.169774385,-1.049096558,-2.514782701,1.354451153,
1,6/14/2000,2000,JUNE,6,3.724,-0.500354372,,,,
17,6/14/2000,2000,JUNE,6,4.239,-0.381062652,,,,
18,6/14/2000,2000,JUNE,6,2.658,-0.747185841,-0.542867622,-3.057650323,3.540156604,
1,7/13/2000,2000,JULY,7,4.136,-0.404765896,,,,
17,7/13/2000,2000,JULY,7,3.722,-0.500675435,,,,
18,7/13/2000,2000,JULY,7,4.875,-0.233768825,-0.379736718,-3.437387041,4.244494266,
1,8/16/2000,2000,AUGUST,8,3.792,-0.484620062,,,,
17,8/16/2000,2000,AUGUST,8,3.88,-0.464258278,,,,
18,8/16/2000,2000,AUGUST,8,4.65,-0.285864924,-0.411581088,-3.848968129,4.107002299,
1,9/13/2000,2000,SEPTEMBER,9,4.455,-0.330920928,,,,
17,9/13/2000,2000,SEPTEMBER,9,16.336,2.420754634,,,,
18,9/13/2000,2000,SEPTEMBER,9,2.018,-0.895436543,0.398132388,-3.450835741,7.603039431,
1,10/19/2000,2000,OCTOBER,10,2.01,-0.897302247,,,,
17,10/19/2000,2000,OCTOBER,10,2.772,-0.720870707,,,,
18,10/19/2000,2000,OCTOBER,10,2.352,-0.818046976,-0.81207331,-4.262909051,2.377828064,
1,11/15/2000,2000,NOVEMBER,11,2.362,-0.815666318,,,,
17,11/15/2000,2000,NOVEMBER,11,5.487,-0.091884714,,,,
18,11/15/2000,2000,NOVEMBER,11,4.923,-0.222567207,-0.37670608,-4.639615131,4.25757942,
1,12/15/2000,2000,DECEMBER,12,3.165,-0.62984919,,,,
17,12/15/2000,2000,DECEMBER,12,1.773,-0.952172903,,,,
18,12/15/2000,2000,DECEMBER,12,2.127,-0.870276024,-0.817432706,-5.457047837,2.354688217,3.829686307
1,1/10/2001,2001,JANUARY,1,3.146,-0.634110183,,,,
17,1/10/2001,2001,JANUARY,1,3.577,-0.534303926,,,,
18,1/10/2001,2001,JANUARY,1,2.668,-0.74477528,-0.637729797,-6.094777633,3.130577543,
1,2/6/2001,2001,FEBRUARY,2,6.337,0.104803234,,,,
17,2/6/2001,2001,FEBRUARY,2,6.462,0.133857155,,,,
18,2/6/2001,2001,FEBRUARY,2,5.989,0.024239463,0.087633284,-6.007144349,6.262421511,
1,3/13/2001,2001,MARCH,3,3.78,-0.487247173,,,,
17,3/13/2001,2001,MARCH,3,7.482,0.370032569,,,,
18,3/13/2001,2001,MARCH,3,3.246,-0.610890024,-0.242701543,-6.249845892,4.836160425,
1,4/19/2001,2001,APRIL,4,1.626,-0.986089819,,,,
17,4/19/2001,2001,APRIL,4,0.604,-1.222983662,,,,
18,4/19/2001,2001,APRIL,4,0.26,-1.302471667,-1.170515049,-7.420360941,0.83021194,
1,5/17/2001,2001,MAY,5,4.078,-0.418399709,,,,
17,5/17/2001,2001,MAY,5,0.929,-1.147638084,,,,
18,5/17/2001,2001,MAY,5,0.647,-1.21304031,-0.926359367,-8.346720308,1.884384009,
1,6/16/2001,2001,JUNE,6,8.716,0.65585097,,,,
17,6/16/2001,2001,JUNE,6,2.733,-0.729738798,,,,
18,6/16/2001,2001,JUNE,6,25.313,4.499895395,1.475335856,-6.871384453,12.25399738,
1,7/17/2001,2001,JULY,7,16.402,2.43603074,,,,
17,7/17/2001,2001,JULY,7,9.777,0.901635636,,,,
18,7/17/2001,2001,JULY,7,6.51,0.144922243,1.160862873,-5.71052158,10.89622175,
1,8/16/2001,2001,AUGUST,8,8.281,0.555264463,,,,
17,8/16/2001,2001,AUGUST,8,5.082,-0.185831663,,,,
18,8/16/2001,2001,AUGUST,8,2.54,-0.774539451,-0.13503555,-5.84555713,5.301021538,
1,9/18/2001,2001,SEPTEMBER,9,5.507,-0.087275018,,,,
17,9/18/2001,2001,SEPTEMBER,9,6.398,0.119009023,,,,
18,9/18/2001,2001,SEPTEMBER,9,1.527,-1.009180081,-0.325815358,-6.171372488,4.477306343,
1,10/17/2001,2001,OCTOBER,10,3.658,-0.515650893,,,,
17,10/17/2001,2001,OCTOBER,10,3.678,-0.510907637,,,,
18,10/17/2001,2001,OCTOBER,10,2.434,-0.799002316,-0.608520282,-6.77989277,3.256693201,
1,11/8/2001,2001,NOVEMBER,11,5.314,-0.132001399,,,,
17,11/8/2001,2001,NOVEMBER,11,5.233,-0.15069827,,,,
18,11/8/2001,2001,NOVEMBER,11,5.507,-0.087244213,-0.123314627,-6.903207398,5.351628059,
1,12/3/2001,2001,DECEMBER,12,6.456,0.132551931,,,,
17,12/3/2001,2001,DECEMBER,12,6.938,0.244136456,,,,
18,12/3/2001,2001,DECEMBER,12,7.354,0.340538381,0.239075589,-6.664131809,6.916292216,5.449742993
1,1/14/2002,2002,JANUARY,1,2.176,-0.858736028,,,,
17,1/14/2002,2002,JANUARY,1,2.868,-0.698474159,,,,
18,1/14/2002,2002,JANUARY,1,3.632,-0.521653975,-0.692954721,-7.357086529,2.892137167,
1,2/13/2002,2002,FEBRUARY,2,3.347,-0.587604258,,,,
17,2/13/2002,2002,FEBRUARY,2,3.825,-0.476995306,,,,
18,2/13/2002,2002,FEBRUARY,2,4.259,-0.376305495,-0.480301686,-7.837388216,3.810292695,
1,3/19/2002,2002,MARCH,3,2.536,-0.775506236,,,,
17,3/19/2002,2002,MARCH,3,3.288,-0.60119518,,,,
18,3/19/2002,2002,MARCH,3,3.202,-0.621115457,-0.665938957,-8.503327173,3.008781035,
1,4/15/2002,2002,APRIL,4,2.149,-0.864990736,,,,
17,4/15/2002,2002,APRIL,4,3.524,-0.546697666,,,,
18,4/15/2002,2002,APRIL,4,2.046,-0.888880322,-0.766856241,-9.270183414,2.573058298,
1,5/13/2002,2002,MAY,5,6.664,0.180683775,,,,
17,5/13/2002,2002,MAY,5,4.28,-0.371528669,,,,
18,5/13/2002,2002,MAY,5,3.025,-0.662139829,-0.284328241,-9.554511655,4.656432056,
1,6/11/2002,2002,JUNE,6,10.142,0.986191447,,,,
17,6/11/2002,2002,JUNE,6,7.042,0.268299695,,,,
18,6/11/2002,2002,JUNE,6,8.696,0.651173505,0.635221549,-8.919290106,8.626700931,
1,7/18/2002,2002,JULY,7,10.765,1.130390688,,,,
17,7/18/2002,2002,JULY,7,3.965,-0.444468332,,,,
18,7/18/2002,2002,JULY,7,2.692,-0.739290861,-0.017789502,-8.937079608,5.807245717,
1,8/15/2002,2002,AUGUST,8,13.532,1.7713125,,,,
17,8/15/2002,2002,AUGUST,8,8.282,0.555334147,,,,
18,8/15/2002,2002,AUGUST,8,9.785,0.903500885,1.076715844,-7.860363764,10.53290664,
1,9/17/2002,2002,SEPTEMBER,9,3.396,-0.576333006,,,,
17,9/17/2002,2002,SEPTEMBER,9,7.244,0.314883154,,,,
18,9/17/2002,2002,SEPTEMBER,9,3.341,-0.589081071,-0.283510308,-8.143874072,4.659963583,
1,10/15/2002,2002,OCTOBER,10,3.569,-0.536257946,,,,
17,10/15/2002,2002,OCTOBER,10,4.246,-0.379354407,,,,
18,10/15/2002,2002,OCTOBER,10,3.044,-0.657814464,-0.524475606,-8.668349677,3.619566387,
1,11/15/2002,2002,NOVEMBER,11,2.833,-0.706564877,,,,
17,11/15/2002,2002,NOVEMBER,11,0.669,-1.207792,,,,
18,11/15/2002,2002,NOVEMBER,11,0.598,-1.224384146,-1.046247008,-9.714596685,1.366754434,
1,12/19/2002,2002,DECEMBER,12,4.381,-0.348221468,,,,
17,12/19/2002,2002,DECEMBER,12,3.05,-0.656406886,,,,
18,12/19/2002,2002,DECEMBER,12,2.751,-0.72567121,-0.576766521,-10.29136321,3.393793953,4.578969408
1,1/14/2003,2003,JANUARY,1,14.452,1.984358856,,,,
17,1/14/2003,2003,JANUARY,1,14.678,2.036800675,,,,
18,1/14/2003,2003,JANUARY,1,4.986,-0.208090965,1.271022855,-9.020340351,11.37185097,
1,2/13/2003,2003,FEBRUARY,2,7.999,0.489789076,,,,
17,2/13/2003,2003,FEBRUARY,2,6.102,0.050557492,,,,
18,2/13/2003,2003,FEBRUARY,2,7.828,0.450234009,0.330193526,-8.690146826,7.309705071,
1,3/10/2003,2003,MARCH,3,5.011,-0.202308803,,,,
17,3/10/2003,2003,MARCH,3,6.663,0.180497064,,,,
18,3/10/2003,2003,MARCH,3,9.436,0.822627881,0.266938714,-8.423208112,7.036594672,
1,4/14/2003,2003,APRIL,4,11.622,1.328868784,,,,
17,4/14/2003,2003,APRIL,4,10.151,0.988362223,,,,
18,4/14/2003,2003,APRIL,4,8.633,0.636713846,0.984648284,-7.438559827,10.13539367,
1,5/12/2003,2003,MAY,5,3.526,-0.546255952,,,,
17,5/12/2003,2003,MAY,5,1.405,-1.0373128,,,,
18,5/12/2003,2003,MAY,5,0.748,-1.1895963,-0.92438835,-8.362948178,1.892894117,
1,6/20/2003,2003,JUNE,6,4.478,-0.325747818,,,,
17,6/20/2003,2003,JUNE,6,3.951,-0.44780335,,,,
18,6/20/2003,2003,JUNE,6,4.447,-0.33280847,-0.368786546,-8.731734724,4.291772977,
1,7/15/2003,2003,JULY,7,11.906,1.394832958,,,,
17,7/15/2003,2003,JULY,7,5.059,-0.191166522,,,,
18,7/15/2003,2003,JULY,7,11.931,1.400420152,0.868028863,-7.863705861,9.631875032,
1,8/12/2003,2003,AUGUST,8,9.82,0.911653681,,,,
17,8/12/2003,2003,AUGUST,8,17.786,2.756612213,,,,
18,8/12/2003,2003,AUGUST,8,19.843,3.232963622,2.300409839,-5.563296022,15.81635538,
1,9/24/2003,2003,SEPTEMBER,9,3.53,-0.545166012,,,,
17,9/24/2003,2003,SEPTEMBER,9,3.652,-0.51693281,,,,
18,9/24/2003,2003,SEPTEMBER,9,3.578,-0.534141322,-0.532080048,-6.09537607,3.586733276,
1,10/14/2003,2003,OCTOBER,10,5.318,-0.131080026,,,,
17,10/14/2003,2003,OCTOBER,10,5.184,-0.162115625,,,,
18,10/14/2003,2003,OCTOBER,10,5.035,-0.196579036,-0.163258229,-6.258634299,5.179166667,
1,11/18/2003,2003,NOVEMBER,11,3.793,-0.48432999,,,,
17,11/18/2003,2003,NOVEMBER,11,3.977,-0.441760266,,,,
18,11/18/2003,2003,NOVEMBER,11,3.405,-0.574286905,-0.50012572,-6.758760019,3.7247,
1,12/18/2003,2003,DECEMBER,12,2.765,-0.722423987,,,,
17,12/18/2003,2003,DECEMBER,12,3.277,-0.603886528,,,,
18,12/18/2003,2003,DECEMBER,12,6.23,0.080101011,-0.415403168,-7.174163187,4.0905,7.005628486
1,1/13/2004,2004,JANUARY,1,4.72,-0.269721141,,,,
17,1/13/2004,2004,JANUARY,1,4.234,-0.382259928,,,,
18,1/14/2004,2004,JANUARY,1,4.586,-0.300548292,-0.317509787,-7.491672974,4.513166667,
1,2/10/2004,2004,FEBRUARY,2,6.502,0.143006001,,,,
17,2/10/2004,2004,FEBRUARY,2,7.707,0.422233746,,,,
18,2/10/2004,2004,FEBRUARY,2,10.61,1.094548195,0.553262647,-6.938410326,8.272833333,
1,3/17/2004,2004,MARCH,3,7.571,0.390619125,,,,
17,3/17/2004,2004,MARCH,3,7.132,0.289081763,,,,
18,3/17/2004,2004,MARCH,3,6.17,0.066204474,0.248635121,-6.689775205,6.957566667,
1,4/17/2004,2004,APRIL,4,7.885,0.463436978,,,,
17,4/17/2004,2004,APRIL,4,3.646,-0.518399666,,,,
18,4/17/2004,2004,APRIL,4,3.863,-0.468117364,-0.174360017,-6.864135223,5.131233333,
1,5/11/2004,2004,MAY,5,1.311,-1.059206555,,,,
17,5/11/2004,2004,MAY,5,1.441,-1.028958427,,,,
18,5/11/2004,2004,MAY,5,2.204,-0.852240801,-0.980135261,-7.844270484,1.6522,
1,6/15/2004,2004,JUNE,6,17.126,2.603804731,,,,
17,6/15/2004,2004,JUNE,6,18.147,2.84016166,,,,
18,6/15/2004,2004,JUNE,6,7.318,0.332137866,1.925368086,-5.918902398,14.19706667,
1,7/13/2004,2004,JULY,7,17.85,2.771373803,,,,
17,7/13/2004,2004,JULY,7,17.636,2.721902132,,,,
18,7/13/2004,2004,JULY,7,23.803,4.150280824,3.21451892,-2.704383478,19.76313333,
1,8/18/2004,2004,AUGUST,8,5.311,-0.132770771,,,,
17,8/18/2004,2004,AUGUST,8,9.396,0.813351773,,,,
18,8/18/2004,2004,AUGUST,8,11.386,1.274369381,0.651650128,-2.05273335,8.697633333,
1,9/14/2004,2004,SEPTEMBER,9,12.622,1.560591716,,,,
17,9/14/2004,2004,SEPTEMBER,9,7.491,0.372206214,,,,
18,9/14/2004,2004,SEPTEMBER,9,7.697,0.419917657,0.784238529,-1.268494821,9.2701,
1,10/12/2004,2004,OCTOBER,10,8.435,0.590777892,,,,
17,10/12/2004,2004,OCTOBER,10,11.815,1.373715722,,,,
18,10/12/2004,2004,OCTOBER,10,7.418,0.355273284,0.773255633,-0.495239189,9.22268,
1,11/15/2004,2004,NOVEMBER,11,6.243,0.083065606,,,,
17,11/15/2004,2004,NOVEMBER,11,6.324,0.101997321,,,,
18,11/15/2004,2004,NOVEMBER,11,11.34,1.263662099,0.482908342,-0.012330847,7.96907,
1,12/14/2004,2004,DECEMBER,12,4.479,-0.325448569,,,,
17,12/14/2004,2004,DECEMBER,12,7.133,0.289355062,,,,
18,12/14/2004,2004,DECEMBER,12,4.102,-0.412656286,-0.149583264,-0.161914111,5.23821,8.407074444
1,1/10/2005,2005,JANUARY,1,13.157,1.684565037,,,,
17,1/10/2005,2005,JANUARY,1,18.033,2.81378835,,,,
18,1/10/2005,2005,JANUARY,1,12.54,1.541650736,2.013334708,1.851420596,14.57687333,
1,2/16/2005,2005,FEBRUARY,2,3.984,-0.440141319,,,,
17,2/16/2005,2005,FEBRUARY,2,3.126,-0.638704301,,,,
18,2/16/2005,2005,FEBRUARY,2,2.701,-0.737168212,-0.605337944,1.246082652,3.270433333,
1,3/17/2005,2005,MARCH,3,1.697,-0.969708226,,,,
17,3/17/2005,2005,MARCH,3,1.893,-0.924342982,,,,
18,3/17/2005,2005,MARCH,3,0.676,-1.206118426,-1.033389878,0.212692774,1.422266667,
1,4/26/2005,2005,APRIL,4,2.163,-0.86188963,,,,
17,4/26/2005,2005,APRIL,4,2.634,-0.752642006,,,,
18,4/26/2005,2005,APRIL,4,3.073,-0.651162546,-0.755231394,-0.54253862,2.62325,
1,5/17/2005,2005,MAY,5,0.901,-1.154145378,,,,
17,5/17/2005,2005,MAY,5,0.999,-1.131475495,,,,
18,5/17/2005,2005,MAY,5,1.586,-0.995548836,-1.093723236,-1.636261856,1.16177,
1,6/14/2005,2005,JUNE,6,25.624,4.571836899,,,,
17,6/14/2005,2005,JUNE,6,2.896,-0.692145749,,,,
18,6/14/2005,2005,JUNE,6,37.089,7.227342322,3.702344491,2.066082634,21.86938,
1,7/14/2005,2005,JULY,7,11.215,1.234757303,,,,
17,7/14/2005,2005,JULY,7,2.973,-0.674297964,,,,
18,7/14/2005,2005,JULY,7,11.133,1.215749156,0.592069498,2.658152132,8.440386667,
1,8/23/2005,2005,AUGUST,8,8.157,0.526439243,,,,
17,8/23/2005,2005,AUGUST,8,5.803,-0.018761267,,,,
18,8/23/2005,2005,AUGUST,8,10.558,1.082441995,0.53003999,3.188192123,8.172566667,
1,9/13/2005,2005,SEPTEMBER,9,13.195,1.693289746,,,,
17,9/13/2005,2005,SEPTEMBER,9,8.359,0.573126975,,,,
18,9/13/2005,2005,SEPTEMBER,9,12.321,1.49094459,1.25245377,4.440645893,11.29167667,
18,10/12/2005,2005,OCTOBER,10,2.699,-0.737687016,,,,
1,10/13/2005,2005,OCTOBER,10,2.4969,-0.784495184,,,,
17,10/13/2005,2005,OCTOBER,10,2.6097,-0.758369695,-0.760183965,3.680461928,2.601866667,
1,11/15/2005,2005,NOVEMBER,11,3.0257,-0.662020374,,,,
17,11/15/2005,2005,NOVEMBER,11,4.8674,-0.235466178,,,,
18,11/15/2005,2005,NOVEMBER,11,4.3554,-0.354049958,-0.417178837,3.263283091,4.082833333,
1,12/21/2005,2005,DECEMBER,12,8.578,0.623941977,,,,
17,12/21/2005,2005,DECEMBER,12,10.2554,1.012442824,,,,
18,12/21/2005,2005,DECEMBER,12,9.8793,0.925334699,0.8539065,4.117189591,9.5709,7.423683611
1,1/17/2006,2006,JANUARY,1,12.0083,1.418430145,,,,
17,1/17/2006,2006,JANUARY,1,22.8161,3.921613312,,,,
18,1/17/2006,2006,JANUARY,1,12.8908,1.62282504,2.320956166,6.438145757,15.90506667,
1,2/14/2006,2006,February,2,8.3753,0.576994844,,,,
17,2/14/2006,2006,February,2,11.7068,1.348600048,,,,
18,2/14/2006,2006,February,2,9.4814,0.833177499,0.919590797,7.357736554,9.8545,
1,3/13/2006,2006,March,3,7.2083,0.306707204,,,,
17,3/13/2006,2006,March,3,9.4782,0.832436351,,,,
18,3/13/2006,2006,March,3,7.7955,0.442707977,0.527283844,7.885020398,8.160666667,
1,4/18/2006,2006,April,4,3.9121,-0.456722204,,,,
17,4/18/2006,2006,April,4,3.3334,-0.590754301,,,,
18,4/18/2006,2006,April,4,2.9319,-0.683745293,-0.577073933,7.307946465,3.392466667,
1,5/15/2006,2006,May,5,1.9041,-0.921792968,,,,
17,5/15/2006,2006,May,5,2.704,-0.736528972,,,,
18,5/15/2006,2006,May,5,2.0996,-0.876513419,-0.844945119,6.463001346,2.2359,
1,6/15/2006,2006,June,6,3.3136,-0.595340158,,,,
17,6/15/2006,2006,June,6,2.2296,-0.846404256,,,,
18,6/15/2006,2006,June,6,3.6621,-0.51462444,-0.652122951,5.810878394,3.068433333,
1,7/18/2006,2006,July,7,5.5588,-0.075331752,,,,
17,7/18/2006,2006,July,7,6.9451,0.245747729,,,,
18,7/18/2006,2006,July,7,9.774,0.900946277,0.357120751,6.167999146,7.425966667,
1,8/24/2006,2006,August,8,11.5952,1.322752489,,,,
17,8/25/2006,2006,August,8,10.7164,1.119214548,,,,
18,8/25/2006,2006,August,8,13.8744,1.850635599,1.430867545,7.598866691,12.062,
1,9/12/2006,2006,Septemeber,9,5.0509,-0.192965936,,,,
17,9/12/2006,2006,Septemeber,9,4.7434,-0.264185687,,,,
18,9/12/2006,2006,Septemeber,9,5.048,-0.193637602,-0.216929742,7.381936949,4.947433333,
1,10/19/2006,2006,October,10,2.004,-0.898655234,,,,
17,10/19/2006,2006,October,10,3.064,-0.653149751,,,,
18,10/19/2006,2006,October,10,1.566,-1.000099952,-0.850634979,6.53130197,2.211333333,
1,11/14/2006,2006,November,11,3.616,-0.525301613,,,,
17,11/14/2006,2006,November,11,2.468,-0.791188683,,,,
18,11/14/2006,2006,November,11,1.903,-0.922047737,-0.746179344,5.785122626,2.662333333,
1,12/12/2006,2006,December,12,7.621,0.402292216,,,,
17,12/12/2006,2006,December,12,7.748,0.431706552,,,,
18,12/12/2006,2006,December,12,8.112,0.516012209,0.450003659,6.235126285,7.827,6.646091667
1,1/16/2007,2007,January,1,10.079,0.971587005,,,,
17,1/16/2007,2007,January,1,9.8,0.906968109,,,,
18,1/16/2007,2007,January,1,11.838,1.378987142,1.085847419,7.320973704,10.57233333,
1,2/20/2007,2007,February,2,6.955,0.248040658,,,,
17,2/20/2007,2007,February,2,11.65,1.33544466,,,,
18,2/20/2007,2007,February,2,6.587,0.162808566,0.582097961,7.903071665,8.397333333,
1,3/13/2007,2007,March,3,6.092,0.048162138,,,,
17,3/13/2007,2007,March,3,4.66,-0.283501873,,,,
18,3/13/2007,2007,March,3,3.376,-0.58088776,-0.272075832,7.630995833,4.709333333,
1,4/18/2007,2007,April,4,4.539,-0.311526556,,,,
17,4/18/2007,2007,April,4,8.149,0.52458174,,,,
18,4/18/2007,2007,April,4,8.923,0.703847064,0.305634083,7.936629916,7.203666667,
1,5/15/2007,2007,May,5,2.217,-0.849322528,,,,
17,5/15/2007,2007,May,5,4.056,-0.423393677,,,,
18,5/15/2007,2007,May,5,4.134,-0.405328179,-0.559348128,7.377281788,3.469,
1,6/12/2007,2007,June,6,7.123,0.286950961,,,,
17,6/12/2007,2007,June,6,1.95,-0.911162117,,,,
18,6/12/2007,2007,June,6,5.218,-0.154264081,-0.259491746,7.117790042,4.763666667,
1,7/17/2007,2007,July,7,6.216,0.076881647,,,,
17,7/17/2007,2007,July,7,4.5,-0.320559305,,,,
18,7/17/2007,2007,July,7,12.505,1.533470309,0.429930884,7.547720926,7.740333333,
1,8/14/2007,2007,August,8,12.325,1.491780698,,,,
17,8/14/2007,2007,August,8,8.417,0.586652937,,,,
18,8/14/2007,2007,August,8,8.868,0.691108572,0.923180736,8.470901661,9.87,
1,9/12/2007,2007,September,9,7.356,0.340915845,,,,
17,9/12/2007,2007,September,9,9.281,0.786763066,,,,
18,9/12/2007,2007,September,9,9.665,0.875700902,0.667793271,9.138694933,8.767333333,
1,10/18/2007,2007,October,10,5.296,-0.136198583,,,,
17,10/18/2007,2007,October,10,4.963,-0.213324363,,,,
18,10/18/2007,2007,October,10,2.474,-0.789799029,-0.379773992,8.758920941,4.244333333,
1,11/13/2007,2007,November,11,2.092,-0.878273647,,,,
17,11/13/2007,2007,November,11,2.459,-0.793273163,,,,
18,11/13/2007,2007,November,11,2.485,-0.787251331,-0.81959938,7.939321561,2.345333333,
1,12/11/2007,2007,December,12,6.293,0.094715536,,,,
17,12/11/2007,2007,December,12,6.372,0.113012642,,,,
18,12/11/2007,2007,December,12,6.355,0.10907529,0.105601156,8.044922717,6.34,6.535222222
1,1/17/2008,2008,January,1,10.82,1.143209234,,,,
17,1/17/2008,2008,January,1,11.284,1.250675785,,,,
18,1/17/2008,2008,January,1,9.698,0.883343997,1.092409672,9.137332389,10.60066667,
1,2/12/2008,2008,February,2,4.099,-0.413434492,,,,
17,2/12/2008,2008,February,2,6.917,0.239239518,,,,
18,2/12/2008,2008,February,2,6.483,0.138721235,-0.011824579,9.12550781,5.833,
1,3/13/2008,2008,March,3,2.497,-0.784472023,,,,
17,3/13/2008,2008,March,3,2.227,-0.847006439,,,,
18,3/13/2008,2008,March,3,1.371,-1.045263697,-0.892247386,8.233260423,2.031666667,
1,4/15/2008,2008,April,4,2.879,-0.695997406,,,,
17,4/15/2008,2008,April,4,2.583,-0.764553654,,,,
18,4/15/2008,2008,April,4,0.946,-1.143697499,-0.868082853,7.36517757,2.136,
1,5/14/2008,2008,May,5,1.467,-1.023029238,,,,
17,5/14/2008,2008,May,5,0.979,-1.136054404,,,,
18,5/14/2008,2008,May,5,0.957,-1.1411498,-1.100077814,6.265099756,1.134333333,
1,6/17/2008,2008,June,6,1.905,-0.921584519,,,,
17,6/17/2008,2008,June,6,4.139,-0.404170134,,,,
18,6/17/2008,2008,June,6,9.196,0.767076306,-0.186226116,6.078873641,5.08,
1,7/15/2008,2008,July,7,4.861,-0.236948475,,,,
17,7/15/2008,2008,July,7,2.134,-0.868546071,,,,
18,7/15/2008,2008,July,7,5.02,-0.200122653,-0.435205733,5.643667908,4.005,
1,8/13/2008,2008,August,8,14.098,1.90242336,,,,
17,8/13/2008,2008,August,8,6.371,0.112781034,,,,
18,8/13/2008,2008,August,8,4.137,-0.404633352,0.536857014,6.180524921,8.202,
1,9/17/2008,2008,September,9,16.371,2.428870494,,,,
17,9/17/2008,2008,September,9,12.108,1.441521557,,,,
18,9/17/2008,2008,September,9,6.841,0.221637238,1.364009763,7.544534684,11.77333333,
1,10/16/2008,2008,October,10,5.7,-0.042628569,,,,
17,10/16/2008,2008,October,10,7.429,0.357823298,,,,
18,10/16/2008,2008,October,10,6.222,0.078271301,0.131155343,7.675690028,6.450333333,
1,11/11/2008,2008,November,11,2.107,-0.874799512,,,,
17,11/11/2008,2008,November,11,2.181,-0.85766045,,,,
18,11/11/2008,2008,November,11,0.648,-1.212716965,-0.981725642,6.693964385,1.645333333,
1,12/17/2008,2008,December,12,6.3,0.096336798,,,,
17,12/17/2008,2008,December,12,10.686,1.112173636,,,,
18,12/17/2008,2008,December,12,9.779,0.902104322,0.703538252,7.397502637,8.921666667,5.651111111
1,1/12/2009,2009,January,1,8.794,0.67396951,,,,
17,1/12/2009,2009,January,1,15.559,2.24080403,,,,
18,1/12/2009,2009,January,1,14.285,1.945734232,1.620169257,9.017671894,12.87933333,
1,2/10/2009,2009,February,2,11.236,1.239558556,,,,
17,2/10/2009,2009,February,2,9.369,0.807144654,,,,
18,2/10/2009,2009,February,2,7.892,0.46505824,0.837253817,9.854925711,9.499,
1,3/18/2009,2009,March,3,5.31,-0.132956058,,,,
17,3/18/2009,2009,March,3,6.157,0.063216719,,,,
18,3/18/2009,2009,March,3,4.36,-0.352984557,-0.140907965,9.714017746,5.275666667,
1,4/17/2009,2009,April,4,2.098,-0.876883993,,,,
17,4/17/2009,2009,April,4,5.343,-0.125312963,,,,
18,4/17/2009,2009,April,4,2.637,-0.752046771,-0.584747909,9.129269837,3.359333333,
1,5/12/2009,2009,May,5,1.427,-1.032293596,,,,
17,5/12/2009,2009,May,5,2.487,-0.786788113,,,,
18,5/12/2009,2009,May,5,0.583,-1.227771546,-1.015617752,8.113652085,1.499,
1,6/16/2009,2009,June,6,3.859,-0.469020639,,,,
17,6/16/2009,2009,June,6,2.55,-0.772196749,,,,
18,6/16/2009,2009,June,6,1.454,-1.026040154,-0.755752514,7.357899571,2.621,
1,7/15/2009,2009,July,7,6.591,0.163735002,,,,
17,7/15/2009,2009,July,7,7.666,0.412714619,,,,
18,7/15/2009,2009,July,7,7.889,0.464363414,0.346937678,7.704837249,7.382,
1,8/18/2009,2009,August,8,10.965,1.176792532,,,,
17,8/17/2009,2009,August,8,13.443,1.7507195,,,,
18,8/18/2009,2009,August,8,8.105,0.514390946,1.147300992,8.852138241,10.83766667,
1,9/14/2009,2009,September,9,5.467,-0.096593454,,,,
17,9/14/2009,2009,September,9,8.143,0.523192086,,,,
18,9/14/2009,2009,September,9,5.987,0.023843198,0.150147277,9.002285518,6.532333333,
1,10/13/2009,2009,October,10,3.48,-0.556800429,,,,
17,10/13/2009,2009,October,10,2.729,-0.730738748,,,,
18,10/13/2009,2009,October,10,1.459,-1.024882109,-0.770807096,8.231478423,2.556,
1,11/17/2009,2009,November,11,4.897,-0.228610553,,,,
17,11/17/2009,2009,November,11,5.073,-0.187847378,,,,
18,11/17/2009,2009,November,11,2.769,-0.72147439,-0.379310774,7.852167649,4.246333333,
1,12/15/2009,2009,December,12,5.539,-0.07991761,,,,
17,12/15/2009,2009,December,12,5.221,-0.153569254,,,,
18,12/15/2009,2009,December,12,5.211,-0.155885344,-0.129790736,7.722376913,5.323666667,6.001
1,1/20/2010,2010,January,1,3.964,-0.4447017,,,,
17,1/20/2010,2010,January,1,8.778,0.670263767,,,,
18,1/20/2010,2010,January,1,7.07,0.274675687,0.166745918,7.889122831,6.604,
1,2/16/2010,2010,February,2,6.87,0.228353898,,,,
17,2/16/2010,2010,February,2,17.589,2.71097019,,,,
18,2/16/2010,2010,February,2,6.347,0.107222419,1.015515502,8.904638333,10.26866667,
1,3/17/2010,2010,March,3,1.57,-0.999173516,,,,
17,3/17/2010,2010,March,3,2.869,-0.698313496,,,,
18,3/17/2010,2010,March,3,3.183,-0.625588286,-0.774358433,8.1302799,2.540666667,
1,4/14/2010,2010,April,4,3.337,-0.589920509,,,,
17,4/14/2010,2010,April,4,4.626,-0.291376577,,,,
18,4/14/2010,2010,April,4,3.17,-0.628599203,-0.503298763,7.626981137,3.711,
1,5/17/2010,2010,May,5,0.672,-1.20715835,,,,
17,5/17/2010,2010,May,5,1.71,-0.966748264,,,,
18,5/17/2010,2010,May,5,0.433,-1.262512888,-1.145473167,6.48150797,0.938333333,
1,6/15/2010,2010,June,6,2.618,-0.756447341,,,,
17,6/15/2010,2010,June,6,2.075,-0.882210999,,,,
18,6/15/2010,2010,June,6,3.076,-0.650370444,-0.763009594,5.718498375,2.589666667,
1,7/12/2010,2010,July,7,7.69,0.418273233,,,,
17,7/12/2010,2010,July,7,5.401,-0.111879644,,,,
18,7/12/2010,2010,July,7,4.92,-0.223283547,0.027703347,5.746201723,6.003666667,
1,8/17/2010,2010,August,8,11.997,1.415812964,,,,
17,8/17/2010,2010,August,8,12.503,1.533007091,,,,
18,8/17/2010,2010,August,8,8.465,0.597770167,1.18219674,6.928398463,10.98833333,
1,9/15/2010,2010,September,9,9.196,0.767076306,,,,
17,9/15/2010,2010,September,9,6.921,0.240165954,,,,
18,9/15/2010,2010,September,9,7.959,0.48057604,0.495939433,7.424337896,8.025333333,
1,10/13/2010,2010,October,10,4.504,-0.319632869,,,,
17,10/13/2010,2010,October,10,6.158,0.063448328,,,,
18,10/13/2010,2010,October,10,4.714,-0.27099499,-0.17572651,7.248611386,5.125333333,
1,11/16/2010,2010,November,11,1.141,-1.098533754,,,,
17,11/16/2010,2010,November,11,1.087,-1.111040637,,,,
18,11/16/2010,2010,November,11,0.952,-1.142307845,-1.117294079,6.131317307,1.06,
1,12/8/2010,2010,December,12,2.466,-0.791651901,,,,
17,12/8/2010,2010,December,12,7.185,0.301310716,,,,
18,12/8/2010,2010,December,12,8.927,0.7047735,0.071477438,6.202794745,6.192666667,5.337305556
1,1/19/2011,2011,January,1,6.386,0.116255168,,,,
17,1/19/2011,2011,January,1,13.541,1.773417177,,,,
18,1/19/2011,2011,January,1,15.566,2.242425292,1.377365879,7.580160624,11.831,
1,2/17/2011,2011,February,2,4.093,-0.414824146,,,,
17,2/17/2011,2011,February,2,3.527,-0.545914809,,,,
18,2/17/2011,2011,February,2,3.747,-0.494960841,-0.485233265,7.094927359,3.789,
1,3/17/2011,2011,March,3,7.682,0.416420362,,,,
17,3/17/2011,2011,March,3,8.231,0.543573673,,,,
18,3/17/2011,2011,March,3,7.882,0.462742151,0.474245395,7.569172754,7.931666667,
1,4/13/2011,2011,April,4,4.576,-0.302957025,,,,
17,4/13/2011,2011,April,4,3.106,-0.643422175,,,,
18,4/13/2011,2011,April,4,2.575,-0.766406526,-0.570928575,6.998244179,3.419,
1,5/18/2011,2011,May,5,1.44,-1.029282679,,,,
17,5/18/2011,2011,May,5,1.978,-0.904677066,,,,
18,5/18/2011,2011,May,5,1.799,-0.946135068,-0.960031605,6.038212575,1.739,
1,6/14/2011,2011,June,6,3.72,-0.501214282,,,,
17,6/14/2011,2011,June,6,2.914,-0.687891093,,,,
18,6/14/2011,2011,June,6,3.825,-0.476895343,-0.555333573,5.482879002,3.486333333,
1,7/11/2011,2011,July,7,13.347,1.728485041,,,,
17,7/11/2011,2011,July,7,8.255,0.549132288,,,,
18,7/11/2011,2011,July,7,5.244,-0.148242249,0.709791693,6.192670695,8.948666667,
1,8/16/2011,2011,August,8,12.743,1.588593238,,,,
17,8/16/2011,2011,August,8,6.654,0.178326365,,,,
18,8/16/2011,2011,August,8,8.76,0.666094806,0.811004803,7.003675498,9.385666667,
1,9/13/2011,2011,September,9,9.215,0.771476876,,,,
17,9/13/2011,2011,September,9,5.711,-0.040080871,,,,
18,9/13/2011,2011,September,9,5.661,-0.051661318,0.226578229,7.230253727,6.862333333,
1,10/11/2011,2011,October,10,19.387,3.127403075,,,,
17,10/11/2011,2011,October,10,30.336,5.663289425,,,,
18,10/11/2011,2011,October,10,9.034,0.729555657,3.173416052,10.40366978,19.58566667,
1,11/15/2011,2011,November,11,2.791,-0.716378993,,,,
17,11/15/2011,2011,November,11,5.745,-0.032206167,,,,
18,11/15/2011,2011,November,11,5.653,-0.05351419,-0.26736645,10.13630333,4.729666667,
1,12/13/2011,2011,December,12,2.329,-0.823382326,,,,
17,12/13/2011,2011,December,12,4.002,-0.43590056,,,,
18,12/13/2011,2011,December,12,1.975,-0.905371893,-0.721551593,9.414751737,2.768666667,7.039722222
1,1/9/2012,2012,January,1,4.746,-0.263583504,,,,
17,1/9/2012,2012,January,1,10.285,1.019298448,,,,
18,1/9/2012,2012,January,1,3.994,-0.437753431,0.105987171,9.520738908,6.341666667,
1,2/23/2012,2012,February,2,11.262,1.245580389,,,,
17,2/23/2012,2012,February,2,22.804,3.918810844,,,,
18,2/23/2012,2012,February,2,16.109,2.36818895,2.510860061,12.03159897,16.725,
1,3/12/2012,2012,March,3,5.296,-0.136198583,,,,
17,3/12/2012,2012,March,3,12.057,1.429709501,,,,
18,3/12/2012,2012,March,3,3.456,-0.562359044,0.243717291,12.27531626,6.936333333,
1,4/16/2012,2012,April,4,1.608,-0.990372376,,,,
17,4/16/2012,2012,April,4,1.493,-1.017007405,,,,
18,4/16/2012,2012,April,4,1.509,-1.013301662,-1.006893815,11.26842244,1.536666667,
1,5/16/2012,2012,May,5,4.413,-0.340709283,,,,
17,5/16/2012,2012,May,5,4.45,-0.332139752,,,,
18,5/16/2012,2012,May,5,5.343,-0.125312963,-0.266053999,11.00236845,4.735333333,
1,6/13/2012,2012,June,6,5.751,-0.030816513,,,,
17,6/13/2012,2012,June,6,5.897,0.002998393,,,,
18,6/13/2012,2012,June,6,8.243,0.54635298,0.172844954,11.1752134,6.630333333,
1,7/17/2012,2012,July,7,8.254,0.548900679,,,,
17,7/17/2012,2012,July,7,8.085,0.509758767,,,,
18,7/17/2012,2012,July,7,5.482,-0.09311932,0.321846709,11.49706011,7.273666667,
1,8/14/2012,2012,August,8,11.004,1.185825281,,,,
17,8/14/2012,2012,August,8,11.524,1.306261932,,,,
18,8/14/2012,2012,August,8,12.27,1.479042206,1.323709806,12.82076991,11.59933333,
1,9/12/2012,2012,September,9,9.972,0.946804848,,,,
17,9/12/2012,2012,September,9,12.736,1.586971975,,,,
18,9/12/2012,2012,September,9,9.218,0.772171703,1.101982842,13.92275276,10.642,
1,10/18/2012,2012,October,10,3.069,-0.651991706,,,,
17,10/18/2012,2012,October,10,7.125,0.287414179,,,,
18,10/18/2012,2012,October,10,2.956,-0.678163517,-0.347580348,13.57517241,4.383333333,
1,11/13/2012,2012,November,11,1.71,-0.966748264,,,,
17,11/13/2012,2012,November,11,2.616,-0.756910559,,,,
18,11/13/2012,2012,November,11,3.024,-0.662414109,-0.795357644,12.77981476,2.45,
1,12/11/2012,2012,December,12,7.401,0.351338248,,,,
17,12/11/2012,2012,December,12,8.895,0.697362013,,,,
18,12/11/2012,2012,December,12,2.596,-0.761542738,0.095719174,12.87553394,6.297333333,7.12925
1,1/14/2013,2013,January,1,3.752,-0.493802796,,,,
17,1/14/2013,2013,January,1,8.471,0.59915982,,,,
18,1/14/2013,2013,January,1,5.609,-0.063704983,0.013884014,12.88941795,5.944,
1,2/13/2013,2013,February,2,6.144,0.060205803,,,,
17,2/13/2013,2013,February,2,7.355,0.340684236,,,,
18,2/13/2013,2013,February,2,7.877,0.461584106,0.287491382,13.17690933,7.125333333,
1,3/11/2013,2013,March,3,6.521,0.147522375,,,,
17,3/11/2013,2013,March,3,8.843,0.685318348,,,,
18,3/11/2013,2013,March,3,8.536,0.614214402,0.482351708,13.65926104,7.966666667,
1,4/17/2013,2013,April,4,0.471,-1.253711748,,,,
17,4/17/2013,2013,April,4,0.599,-1.224065803,,,,
18,4/17/2013,2013,April,4,0.454,-1.2576491,-1.245142217,12.41411883,0.508,
1,5/14/2013,2013,May,5,0.883,-1.158288862,,,,
17,5/14/2013,2013,May,5,2.568,-0.768027788,,,,
18,5/14/2013,2013,May,5,0.847,-1.166626784,-1.030981145,11.38313768,1.432666667,
1,6/11/2013,2013,June,6,3.645,-0.518584953,,,,
17,6/11/2013,2013,June,6,4.263,-0.375450625,,,,
18,6/11/2013,2013,June,6,5.809,-0.017383194,-0.303806257,11.07933142,4.572333333,
1,7/16/2013,2013,July,7,5.066,-0.189468641,,,,
17,7/16/2013,2013,July,7,15.305,2.181975357,,,,
18,7/16/2013,2013,July,7,11.466,1.292828614,1.095111777,12.1744432,10.61233333,
1,8/13/2013,2013,August,8,5.714,-0.039386044,,,,
17,8/13/2013,2013,August,8,6.368,0.112086207,,,,
18,8/13/2013,2013,August,8,8.715,0.655672403,0.242790855,12.41723405,6.932333333,
1,9/16/2013,2013,September,9,3.138,-0.636010689,,,,
17,9/16/2013,2013,September,9,3.146,-0.634157817,,,,
18,9/16/2013,2013,September,9,3.032,-0.660561237,-0.643576581,11.77365747,3.105333333,
1,10/22/2013,2013,October,10,1.3,-1.061707932,,,,
17,10/22/2013,2013,October,10,3.704,-0.504920026,,,,
18,10/22/2013,2013,October,10,3.765,-0.49079188,-0.685806612,11.08785086,2.923,
1,11/20/2013,2013,November,11,2.091,-0.878505256,,,,
17,11/20/2013,2013,November,11,6.453,0.131772967,,,,
18,11/20/2013,2013,November,11,6.676,0.183421762,-0.187770175,10.90008069,5.073333333,
1,12/16/2013,2013,December,12,2.355,-0.817360494,,,,
17,12/16/2013,2013,December,12,11.252,1.243264299,,,,
18,12/16/2013,2013,December,12,2.573,-0.766869744,-0.113655313,10.78642537,5.393333333,5.132388889
1,1/15/2014,2014,January,1,2.026,-0.893559837,,,,
17,1/15/2014,2014,January,1,6.667,0.181337282,,,,
18,1/15/2014,2014,January,1,3.919,-0.455124102,-0.389115553,10.39730982,4.204,
1,2/18/2014,2014,February,2,6.284,0.092631055,,,,
17,2/18/2014,2014,February,2,12.17,1.455881312,,,,
18,2/18/2014,2014,February,2,8.29,0.557238601,0.701916989,11.09922681,8.914666667,
1,3/21/2014,2014,March,3,2.223,-0.847932875,,,,
17,3/21/2014,2014,March,3,3.36,-0.584593503,,,,
18,3/21/2014,2014,March,3,1.478,-1.020481539,-0.817669306,10.2815575,2.353666667,
1,4/18/2014,2014,April,4,1.765,-0.954009772,,,,
17,4/18/2014,2014,April,4,10.796,1.13765062,,,,
18,4/18/2014,2014,April,4,7.571,0.390711769,0.191450872,10.47300838,6.710666667,
1,5/13/2014,2014,May,5,0.578,-1.228929591,,,,
17,5/13/2014,2014,May,5,2.113,-0.873409859,,,,
18,5/13/2014,2014,May,5,2.515,-0.780303062,-0.960880837,9.512127539,1.735333333,
1,6/18/2014,2014,June,6,5.779,-0.024331463,,,,
17,6/18/2014,2014,June,6,3.677,-0.511173467,,,,
18,6/18/2014,2014,June,6,5.616,-0.062083721,-0.199196217,9.312931322,5.024,
1,7/14/2014,2014,July,7,5.887,0.000682304,,,,
17,7/14/2014,2014,July,7,5.673,-0.048882011,,,,
18,7/14/2014,2014,July,7,10.291,1.020688102,0.324162798,9.63709412,7.283666667,
1,8/13/2014,2014,August,8,3.184,-0.625356678,,,,
17,8/13/2014,2014,August,8,3.071,-0.651528488,,,,
18,8/13/2014,2014,August,8,4.324,-0.361322479,-0.546069215,9.091024905,3.526333333,
1,9/16/2014,2014,September,9,5.444,-0.101920459,,,,
17,9/16/2014,2014,September,9,6.381,0.115097123,,,,
18,9/16/2014,2014,September,9,4.137,-0.404633352,-0.130485563,8.960539342,5.320666667,
1,10/17/2014,2014,October,10,5.167,-0.166076138,,,,
17,10/17/2014,2014,October,10,5.853,-0.007192401,,,,
18,10/17/2014,2014,October,10,1.976,-0.905140284,-0.359469607,8.601069735,4.332,
1,11/10/2014,2014,November,11,1.482,-1.019555104,,,,
17,11/10/2014,2014,November,11,2.737,-0.728885876,,,,
18,11/10/2014,2014,November,11,2.847,-0.703408892,-0.817283291,7.783786444,2.355333333,
1,12/15/2014,2014,December,12,2.58,-0.765248481,,,,
17,12/15/2014,2014,December,12,3.414,-0.57208662,,,,
18,12/15/2014,2014,December,12,2.956,-0.678163517,-0.671832873,7.111953571,2.983333333,4.561972222
1,1/15/2015,2015,January,1,5.639,-0.056756715,,,,
17,1/15/2015,2015,January,1,10.254,1.012118571,,,,
18,1/15/2015,2015,January,1,8.518,0.610045441,0.521802432,7.633756004,8.137,
1,2/15/2015,2015,February,2,,,,,,
17,2/15/2015,2015,February,2,,,,,,
18,2/15/2015,2015,February,2,,,,,,
1,3/16/2015,2015,March,3,5.465,-0.097056672,,,,
17,3/16/2015,2015,March,3,8.943,0.708479243,,,,
18,3/16/2015,2015,March,3,7.508,0.376120405,0.329180992,7.962936996,7.305333333,
1,4/24/2015,2015,April,4,1.93,-0.915794296,,,,
17,4/24/2015,2015,April,4,6.766,0.204266567,,,,
18,4/24/2015,2015,April,4,1.29,-1.064024021,-0.591850583,7.371086412,3.328666667,
1,5/12/2015,2015,May,5,4.357,-0.353679384,,,,
17,5/12/2015,2015,May,5,4.969,-0.211934709,,,,
18,5/12/2015,2015,May,5,3.461,-0.561200999,-0.375605031,6.995481382,4.262333333,
1,6/15/2015,2015,June,6,5.963,0.018284584,,,,
17,6/15/2015,2015,June,6,5.179,-0.16329683,,,,
18,6/15/2015,2015,June,6,6.415,0.122971827,-0.007346806,6.988134575,5.852333333,
1,7/16/2015,2015,July,7,5.868,-0.003718266,,,,
17,7/16/2015,2015,July,7,4.614,-0.294155885,,,,
18,7/16/2015,2015,July,7,5.911,0.006240918,-0.097211078,6.890923498,5.464333333,
1,8/13/2015,2015,August,8,5.353,-0.122996874,,,,
17,8/13/2015,2015,August,8,10.668,1.108004675,,,,
18,8/13/2015,2015,August,8,3.588,-0.531786663,0.151073713,7.04199721,6.536333333,
1,9/14/2015,2015,September,9,8.479,0.601012692,,,,
17,9/14/2015,2015,September,9,9.799,0.906736501,,,,
18,9/14/2015,2015,September,9,4.393,-0.345341462,0.387469244,7.429466454,7.557,
1,10/14/2015,2015,October,10,3.443,-0.56536996,,,,
17,10/14/2015,2015,October,10,6.534,0.150533292,,,,
18,10/14/2015,2015,October,10,6.967,0.250819965,-0.054672234,7.374794219,5.648,
1,11/18/2015,2015,November,11,2.74,-0.72819105,,,,
17,11/18/2015,2015,November,11,3.309,-0.596405559,,,,
18,11/18/2015,2015,November,11,2.741,-0.727959441,-0.68418535,6.69060887,2.93,
1,12/14/2015,2015,December,12,2.152,-0.86437711,,,,
17,12/14/2015,2015,December,12,2.638,-0.751815162,,,,
18,12/14/2015,2015,December,12,2.252,-0.841216215,-0.819136162,5.871472707,2.347333333,5.397151515
1,1/14/2016,2016,January,1,3.944,-0.449333879,,,,
17,1/14/2016,2016,January,1,19.608,3.178588652,,,,
18,1/14/2016,2016,January,1,3.284,-0.602195783,0.709019664,6.580492371,8.945333333,
1,2/18/2016,2016,February,2,3.388,-0.578108453,,,,
17,2/18/2016,2016,February,2,4.304,-0.365954658,,,,
18,2/18/2016,2016,February,2,3.485,-0.555642385,-0.499901832,6.080590539,3.725666667,
1,3/15/2016,2016,March,3,7.046,0.269117072,,,,
17,3/15/2016,2016,March,3,8.272,0.55306964,,,,
18,3/15/2016,2016,March,3,6.73,0.195928645,0.339371786,6.419962325,7.349333333,
1,4/14/2016,2016,April,4,4.557,-0.307357595,,,,
17,4/14/2016,2016,April,4,2.92,-0.686501439,,,,
18,4/14/2016,2016,April,4,2.402,-0.806474873,-0.600111302,5.819851022,3.293,
1,5/17/2016,2016,May,5,4.89,-0.230231816,,,,
17,5/17/2016,2016,May,5,7.297,0.327250918,,,,
18,5/17/2016,2016,May,5,6.008,0.028706986,0.041908696,5.861759718,6.065,
1,6/21/2016,2016,June,6,4.22,-0.385409809,,,,
17,6/21/2016,2016,June,6,4.822,-0.245981224,,,,
18,6/21/2016,2016,June,6,11.075,1.202269516,0.190292827,6.052052546,6.705666667,
1,7/20/2016,2016,July,7,4.209,-0.387957508,,,,
17,7/20/2016,2016,July,7,2.555,-0.771038705,,,,
18,7/20/2016,2016,July,7,6.322,0.101432195,-0.352521339,5.699531207,4.362,
1,8/16/2016,2016,August,8,5.847,-0.008582054,,,,
17,8/16/2016,2016,August,8,4.239,-0.381009239,,,,
18,8/16/2016,2016,August,8,5.701,-0.04239696,-0.143996085,5.555535122,5.262333333,
1,9/12/2016,2016,September,9,5.162,-0.167234182,,,,
17,9/12/2016,2016,September,9,5.417,-0.108173901,,,,
18,9/12/2016,2016,September,9,5.427,-0.105857812,-0.127088632,5.428446491,5.335333333,
1,10/13/2016,2016,October,10,2.483,-0.787714549,,,,
17,10/13/2016,2016,October,10,4.515,-0.31708517,,,,
18,10/13/2016,2016,October,10,2.005,-0.898423625,-0.667741115,4.760705376,3.001,
1,11/14/2016,2016,November,11,2.766,-0.722169217,,,,
17,11/14/2016,2016,November,11,2.71,-0.735139318,,,,
18,11/14/2016,2016,November,11,3.286,-0.601732565,-0.686347033,4.074358343,2.920666667,
1,12/14/2016,2016,December,12,4.58,-0.302030589,,,,
17,12/14/2016,2016,December,12,6.342,0.106064374,,,,
18,12/14/2016,2016,December,12,7.303,0.328640571,0.044224785,4.118583128,6.075,5.253361111
1,1/15/2017,2017,January,1,3.3,-0.597563604,,,,
17,1/15/2017,2017,January,1,18.97,3.030358927,,,,
18,1/15/2017,2017,January,1,2.64,-0.750425508,0.560789938,4.679373066,8.305333333,
1,2/18/2017,2017,February,2,2.75,-0.726338178,,,,
17,2/18/2017,2017,February,2,3.66,-0.514184383,,,,
18,2/18/2017,2017,February,2,2.85,-0.70387211,-0.648131557,4.031241509,3.085666667,
1,3/23/2017,2017,March,3,6.641,0.175315449,,,,
17,3/23/2017,2017,March,3,17.423,2.672523105,,,,
18,3/23/2017,2017,March,3,11.77,1.363237733,1.403692096,5.434933605,11.94466667,
1,,2017,April,4,,,,,,
17,,2017,April,4,,,,,,
18,,2017,April,4,,,,,,
1,5/31/2017,2017,May,5,5.033,-0.197111736,,,,
17,5/31/2017,2017,May,5,5.169,-0.16561292,,,,
18,5/31/2017,2017,May,5,4.53,-0.313611036,-0.225445231,5.209488374,4.910666667,
1,6/29/2017,2017,June,6,4.735,-0.266131202,,,,
17,6/29/2017,2017,June,6,8.449,0.594064423,,,,
18,6/29/2017,2017,June,6,6.491,0.140574107,0.156169109,5.365657483,6.558333333,
1,7/18/2017,2017,July,7,8.937,0.707089589,,,,
17,7/18/2017,2017,July,7,17.248,2.63199154,,,,
18,7/18/2017,2017,July,7,24.001,4.196046752,2.511709294,7.877366777,16.72866667,
1,,2017,August,8,,,,,,
17,,2017,August,8,,,,,,
18,,2017,August,8,,,,,,
1,10/2/2017,2017,September,9,2.262,-0.838900126,,,,
17,10/2/2017,2017,September,9,1.503,-1.014691316,,,,
18,10/2/2017,2017,September,9,2.94,-0.68186926,-0.845153567,7.03221321,2.235,
1,,2017,October,10,,,,,,
17,,2017,October,10,,,,,,
18,,2017,October,10,,,,,,
1,11/14/2017,2017,November,11,1.755,-0.956325861,,,,
17,11/14/2017,2017,November,11,2.822,-0.709199116,,,,
18,11/14/2017,2017,November,11,1.225,-1.079078603,-0.91486786,6.11734535,1.934,
1,12/20/2017,2017,December,12,2.63,-0.753668034,,,,
17,12/20/2017,2017,December,12,6.433,0.127140788,,,,
18,12/20/2017,2017,December,12,6.483,0.138721235,-0.162602003,5.954743346,5.182,6.764925926
1,1/26/2018,2018,January,1,3.137,-0.636242298,,,,
17,1/26/2018,2018,January,1,3.91,-0.457208583,,,,
18,1/26/2018,2018,January,1,3.09,-0.647127918,-0.580192933,5.374550413,3.379,
1,2/21/2018,2018,February,2,7.012,0.261242368,,,,
17,2/21/2018,2018,February,2,19.065,3.052824995,,,,
18,2/21/2018,2018,February,2,3.599,-0.529238965,0.928276133,6.302826546,9.892,
1,3/27/2018,2018,March,3,10.952,1.173781615,,,,
17,3/27/2018,2018,March,3,15.799,2.296390177,,,,
18,3/27/2018,2018,March,3,13.102,1.671740849,1.71397088,8.016797426,13.28433333,
1,4/26/2018,2018,April,4,1.731,-0.961884476,,,,
17,4/26/2018,2018,April,4,2.281,-0.834499556,,,,
18,4/26/2018,2018,April,4,0.983,-1.135127968,-0.977170667,7.03962676,1.665,
1,5/22/2018,2018,May,5,7.786,0.440507692,,,,
17,5/22/2018,2018,May,5,7.888,0.464131805,,,,
18,5/22/2018,2018,May,5,10.387,1.042922561,0.649187353,7.688814112,8.687,
1,6/21/2018,2018,June,6,14.133,1.910529673,,,,
17,6/21/2018,2018,June,6,7.467,0.366624438,,,,
18,6/21/2018,2018,June,6,4.814,-0.247834095,0.676440005,8.365254117,8.804666667,
1,8/2/2018,2018,July,7,24.436,4.296796644,,,,
17,8/2/2018,2018,July,7,19.725,3.205686899,,,,
18,8/2/2018,2018,July,7,17.449,2.678544938,3.39367616,11.75893028,20.53666667,
1,8/28/2018,2018,August,8,7.996,0.489145571,,,,
17,8/28/2018,2018,August,8,6.989,0.255915362,,,,
18,8/28/2018,2018,August,8,8.894,0.697130404,0.480730446,12.23966072,7.959666667,
1,9/19/2018,2018,September,9,3.689,-0.50839416,,,,
17,9/19/2018,2018,September,9,5.095,-0.182751982,,,,
18,9/19/2018,2018,September,9,10.03,0.960238167,0.089697342,12.32935807,6.271333333,
1,10/23/2018,2018,October,10,1.636,-0.983887326,,,,
17,10/23/2018,2018,October,10,3.307,-0.596868777,,,,
18,10/23/2018,2018,October,10,2.284,-0.833804729,-0.804853611,11.52450445,2.409,
1,11/14/2018,2018,November,11,2.86,-0.701324412,,,,
17,11/14/2018,2018,November,11,2.8,-0.714294513,,,,
18,11/14/2018,2018,November,11,3.38,-0.58088776,-0.665502228,10.85900223,3.010666667,
1,12/4/2018,2018,December,12,3.88,-0.464156851,,,,
17,12/4/2018,2018,December,12,7.869,0.459731235,,,,
18,12/4/2018,2018,December,12,5.104,-0.180667501,-0.061697706,10.79730452,5.617666667,7.626416667
1,,2019,January,1,,,,,,
17,,2019,January,1,,,,,,
18,,2019,January,1,,,,,,
1,,2019,February,2,,,,,,
17,,2019,February,2,,,,,,
18,,2019,February,2,,,,,,
1,4/4/2019,2019,March,3,3.442,-0.565601569,,,,
17,4/4/2019,2019,March,3,3.88,-0.464156851,,,,
18,4/4/2019,2019,March,3,2.616,-0.756910559,-0.595556326,10.20174819,3.312666667,
1,4/30/2019,2019,April,4,3.071,-0.651528488,,,,
17,4/30/2019,2019,April,4,2.834,-0.706419809,,,,
18,4/30/2019,2019,April,4,2.623,-0.755289296,-0.704412531,9.497335663,2.842666667,
1,5/17/2019,2019,May,5,5.878,-0.001402177,,,,
17,5/17/2019,2019,May,5,6.811,0.21468897,,,,
18,5/17/2019,2019,May,5,3.913,-0.456513756,-0.081075654,9.416260009,5.534,
1,6/25/2019,2019,June,6,5.207,-0.15681178,,,,
17,6/25/2019,2019,June,6,4.352,-0.354837429,,,,
18,6/25/2019,2019,June,6,6.503,0.143353414,-0.122765265,9.293494744,5.354,
1,7/25/2019,2019,July,7,1.741,-0.959568387,,,,
17,7/25/2019,2019,July,7,3.846,-0.472031555,,,,
18,7/25/2019,2019,July,7,3.38,-0.579961324,-0.670520422,8.622974322,2.989,
1,,2019,August,8,,,,,,
17,,2019,August,8,,,,,,
18,,2019,August,8,,,,,,
1,9/25/2019,2019,September,9,4.394,-0.345109853,,,,
17,9/25/2019,2019,September,9,7.677,0.415262317,,,,
18,9/25/2019,2019,September,9,4.37,-0.350668468,-0.093505334,8.529468988,5.480333333,
1,10/29/2019,2019,October,10,1.605,-0.991067203,,,,
17,10/29/2019,2019,October,10,2.254,-0.840752997,,,,
18,10/29/2019,2019,October,10,2.471,-0.790493856,-0.874104686,7.655364302,2.11,
1,,2019,November,11,,,,,,
17,,2019,November,11,,,,,,
18,,2019,November,11,,,,,,
1,12/29/2019,2019,December,12,1.072,-1.114514772,,,,
17,12/29/2019,2019,December,12,1.008,-1.129337744,,,,
18,12/29/2019,2019,December,12,0.77,-1.184460673,-1.142771063,6.512593239,0.95,3.571583333
1,,2020,January,1,,,,,,
17,,2020,January,1,,,,,,
18,,2020,January,1,,,,,,
1,,2020,February,2,,,,,,
17,,2020,February,2,,,,,,
18,,2020,February,2,,,,,,
1,,2020,March,3,,,,,,
17,,2020,March,3,,,,,,
18,,2020,March,3,,,,,,
1,,2020,April,4,,,,,,
17,,2020,April,4,,,,,,
18,,2020,April,4,,,,,,
1,,2020,May,5,,,,,,
17,,2020,May,5,,,,,,
18,,2020,May,5,,,,,,
1,6/24/2020,2020,June,6,4.143,-0.403243698,,,,
17,6/24/2020,2020,June,6,4.735,-0.266131202,,,,
18,6/24/2020,2020,June,6,4.947,-0.217030106,-0.295468335,6.217124904,4.608333333,
1,7/29/2022,2020,July,7,3.556,-0.53919815,,,,
17,7/29/2022,2020,July,7,6.768,0.204729785,,,,
18,7/29/2022,2020,July,7,7.654,0.409935311,0.025155649,6.242280553,5.992666667,
1,8/27/2020,2020,August,8,6.825,0.217931495,,,,
17,8/27/2020,2020,August,8,6.422,0.12459309,,,,
18,8/27/2020,2020,August,8,6.14,0.059279367,0.133934651,6.376215203,6.462333333,
1,9/23/2020,2020,September,9,8.071,0.506516242,,,,
17,9/23/2020,2020,September,9,8.179,0.531530008,,,,
18,9/23/2020,2020,September,9,7.846,0.454404229,0.497483493,6.873698696,8.032,
1,10/21/2020,2020,October,10,4.915,-0.224441592,,,,
17,10/21/2020,2020,October,10,1.959,-0.909077636,,,,
18,10/21/2020,2020,October,10,1.035,-1.123084303,-0.752201177,6.121497519,2.636333333,
1,11/20/2020,2020,November,11,1.305,-1.060549887,,,,
17,11/20/2020,2020,November,11,1.082,-1.112198682,,,,
18,11/20/2020,2020,November,11,1.601,-0.991993639,-1.054914069,5.06658345,1.329333333,
1,,2020,December,12,,,,,,
17,,2020,December,12,,,,,,
18,,2020,December,12,,,,,,4.8435
1,,2020,January,1,,,,,,
17,,2020,January,1,,,,,,
18,,2020,January,1,,,,,,
1,2/4/2021,2021,February,2,6.33,0.103285067,,,,
17,2/4/2021,2021,February,2,11.078,1.202964343,,,,
18,2/4/2021,2021,February,2,7.741,0.43008529,0.578778233,5.645361683,8.383,
1,3/26/2021,2021,March,3,4.376,-0.349278814,,,,
17,3/26/2021,2021,March,3,10.173,0.993358246,,,,
18,3/26/2021,2021,March,3,3.874,-0.465546505,0.059510976,5.704872659,6.141,
1,4/28/2021,2021,April,4,0.769,-1.184692282,,,,
17,4/28/2021,2021,April,4,3.604,-0.52808092,,,,
18,4/28/2021,2021,April,4,0.929,-1.147634851,-0.953469351,4.751403308,1.767333333,
1,5/19/2021,2021,May,5,2.744,-0.727264614,,,,
17,5/19/2021,2021,May,5,3.029,-0.661256064,,,,
18,5/19/2021,2021,May,5,4.306,-0.36549144,-0.584670706,4.166732602,3.359666667,
1,6/30/2021,2021,June,6,6.822,0.217236668,,,,
17,6/30/2021,2021,June,6,5.68,-0.047260748,,,,
18,6/30/2021,2021,June,6,6.358,0.109770117,0.093248679,4.259981281,6.286666667,
1,7/28/2021,2021,July,7,2.949,-0.67978478,,,,
17,7/28/2021,2021,July,7,3.863,-0.468094203,,,,
18,7/28/2021,2021,July,7,4.478,-0.325654701,-0.491177895,3.768803386,3.763333333,
1,8/25/2021,2021,August,8,4.893,-0.229536989,,,,
17,8/25/2021,2021,August,8,4.895,-0.229073771,,,,
18,8/25/2021,2021,August,8,4.514,-0.317316779,-0.258642513,3.510160873,4.767333333,
1,9/29/2021,2021,September,9,5.414,-0.108868728,,,,
17,9/29/2021,2021,September,9,7.355,0.340684236,,,,
18,9/29/2021,2021,September,9,3.311,-0.595942341,-0.121375611,3.388785262,5.36,
1,10/27/2021,2021,October,10,0.986,-1.134433141,,,,
17,10/27/2021,2021,October,10,1.036,-1.122852694,,,,
18,10/27/2021,2021,October,10,1.01,-1.128874526,-1.12872012,2.260065142,1.010666667,
1,11/16/2021,2021,November,11,0.965,-1.139296929,,,,
17,11/16/2021,2021,November,11,1.066,-1.115904425,,,,
18,11/16/2021,2021,November,11,0.888,-1.157130818,-1.137444057,1.122621085,0.973,
1,12/15/2021,2021,December,12,1.12,-1.103397542,,,,
17,12/15/2021,2021,December,12,0.849,-1.166163567,,,,
18,12/15/2021,2021,December,12,1.142,-1.098302145,-1.122621085,3.6815E-13,1.037,3.895363636
