STA,DATE,YEAR,MONTH,MONTH#,NO3_NO2,ZscoreNO3_NO2,meanZ,CUSUM,mean NO3_NO2,wetdryave,,,
1,1/24/1995,1995,JANUARY,1,2.34,0.642707283,,,,,,,
17,1/24/1995,1995,JANUARY,1,2.48,0.722995983,,,,,,,
18,1/24/1995,1995,JANUARY,1,2.28,0.60829784,0.658000369,,2.366666667,,,,
1,2/16/1995,1995,FEBRUARY,2,0.81,-0.23473351,,,,,,,
17,2/16/1995,1995,FEBRUARY,2,0.56,-0.378106189,,,,,,,
18,2/16/1995,1995,FEBRUARY,2,0.35,-0.498539239,-0.370459646,0.287540723,0.573333333,,,,
1,3/22/1995,1995,MARCH,3,0.49,-0.418250539,,,,,,,
17,3/22/1995,1995,MARCH,3,0.31,-0.521478867,,,,,,,
18,3/22/1995,1995,MARCH,3,0.16,-0.607502474,-0.51574396,-0.228203237,0.32,,,,
1,4/19/1995,1995,APRIL,4,0.22,-0.573093031,,,,,,,
17,4/19/1995,1995,APRIL,4,0.12,-0.630442103,,,,,,,
18,4/19/1995,1995,APRIL,4,0.12,-0.630442103,-0.611325746,-0.839528983,0.153333333,,,,
1,5/16/1995,1995,MAY,5,0.47,-0.429720353,,,,,,,
17,5/16/1995,1995,MAY,5,0.20,-0.584562846,,,,,,,
18,5/16/1995,1995,MAY,5,0.53,-0.39531091,-0.469864703,-1.309393686,0.4,,,,
1,6/15/1995,1995,JUNE,6,0.70,-0.297817489,,,,,,,
17,6/15/1995,1995,JUNE,6,,,,,,,,,
18,6/15/1995,1995,JUNE,6,,,-0.297817489,-1.607211174,0.7,,,,
1,7/5/1995,1995,JULY,7,0.18,-0.59603266,,,,,,,
17,7/5/1995,1995,JULY,7,0.02,-0.687791174,,,,,,,
18,7/5/1995,1995,JULY,7,0.02,-0.690085137,-0.657969657,-2.265180831,0.072,,,,
1,8/23/1995,1995,AUGUST,8,0.25,-0.55588831,,,,,,,
17,8/23/1995,1995,AUGUST,8,0.11,-0.63617701,,,,,,,
18,8/23/1995,1995,AUGUST,8,0.02,-0.690085137,-0.627383486,-2.892564317,0.125333333,,,,
1,9/20/1995,1995,SEPTEMBER,9,1.55,0.189649619,,,,,,,
17,9/20/1995,1995,SEPTEMBER,9,0.25,-0.55588831,,,,,,,
18,9/20/1995,1995,SEPTEMBER,9,0.02,-0.690658628,-0.352299106,-3.244863424,0.605,,,,
1,10/13/1995,1995,OCTOBER,10,0.80,-0.240468417,,,,,,,
17,10/13/1995,1995,OCTOBER,10,0.07,-0.659116639,,,,,,,
18,10/13/1995,1995,OCTOBER,10,0.02,-0.690085137,-0.529890064,-3.774753488,0.295333333,,,,
1,12/7/1995,1995,DECEMBER,12,6.89,3.252090033,,,,,,,
17,12/7/1995,1995,DECEMBER,12,5.93,2.701538948,,,,,,,
18,12/7/1995,1995,DECEMBER,12,7.78,3.762496769,3.238708583,-0.536044905,6.866666667,1.134333333,,,
1,1/22/1996,1996,JANUARY,1,2.25,0.591093119,,,,,,,
17,1/22/1996,1996,JANUARY,1,3.57,1.348100862,,,,,,,
18,1/22/1996,1996,JANUARY,1,2.89,0.958127176,0.965773719,0.429728814,2.903333333,,,,
1,2/14/1996,1996,FEBRUARY,2,0.42,-0.458394889,,,,,,,
17,2/14/1996,1996,FEBRUARY,2,0.05,-0.670586453,,,,,,,
18,2/14/1996,1996,FEBRUARY,2,1.42,0.115095826,-0.337961839,0.091766976,0.63,,,,
1,3/18/1996,1996,MARCH,3,0.05,-0.670586453,,,,,,,
17,3/18/1996,1996,MARCH,3,0.02,-0.690085137,,,,,,,
18,3/18/1996,1996,MARCH,3,0.02,-0.690085137,-0.683585576,-0.5918186,0.027333333,,,,
1,4/22/1996,1996,APRIL,4,0.02,-0.690085137,,,,,,,
17,4/22/1996,1996,APRIL,4,0.02,-0.690085137,,,,,,,
18,4/22/1996,1996,APRIL,4,0.02,-0.690085137,-0.690085137,-1.281903737,0.016,,,,
1,5/8/1996,1996,MAY,5,0.62,-0.343696746,,,,,,,
17,5/8/1996,1996,MAY,5,0.01,-0.693526082,,,,,,,
18,5/8/1996,1996,MAY,5,0.46,-0.43545526,-0.490892696,-1.772796433,0.363333333,,,,
1,6/20/1996,1996,JUNE,6,0.14,-0.618972289,,,,,,,
17,6/20/1996,1996,JUNE,6,0.11,-0.63617701,,,,,,,
18,6/20/1996,1996,JUNE,6,0.11,-0.63617701,-0.630442103,-2.403238536,0.12,,,,
1,7/22/1996,1996,JULY,7,0.20,-0.584562846,,,,,,,
17,7/22/1996,1996,JULY,7,0.02,-0.690085137,,,,,,,
18,7/22/1996,1996,JULY,7,0.01,-0.693526082,-0.656058021,-3.059296558,0.075333333,,,,
1,8/21/1996,1996,AUGUST,8,0.33,-0.510009053,,,,,,,
17,8/21/1996,1996,AUGUST,8,0.09,-0.647646824,,,,,,,
18,8/21/1996,1996,AUGUST,8,0.02,-0.690085137,-0.615913671,-3.675210229,0.145333333,,,,
1,9/17/1996,1996,SEPTEMBER,9,2.21,0.56815349,,,,,,,
17,9/17/1996,1996,SEPTEMBER,9,1.05,-0.097095739,,,,,,,
18,9/17/1996,1996,SEPTEMBER,9,0.02,-0.690085137,-0.073009129,-3.748219358,1.092,,,,
1,10/21/1996,1996,OCTOBER,10,1.45,0.132300547,,,,,,,
17,10/21/1996,1996,OCTOBER,10,2.28,0.60829784,,,,,,,
18,10/21/1996,1996,OCTOBER,10,0.25,-0.55588831,0.061570026,-3.686649332,1.326666667,,,,
1,11/12/1996,1996,NOVEMBER,11,1.62,0.229793969,,,,,,,
17,11/12/1996,1996,NOVEMBER,11,0.90,-0.183119346,,,,,,,
18,11/12/1996,1996,NOVEMBER,11,1.08,-0.079891017,-0.011072131,-3.697721463,1.2,,,,
1,12/17/1996,1996,DECEMBER,12,13.60,7.100212727,,,,,,,
17,12/17/1996,1996,DECEMBER,12,12.30,6.354674798,,,,,,,
18,12/17/1996,1996,DECEMBER,12,12.10,6.239976655,6.564954727,2.867233264,12.66666667,,,,
1,1/15/1997,1997,JANUARY,1,5.41,2.403323776,,,,,,,
17,1/15/1997,1997,JANUARY,1,3.30,1.193258369,,,,,,,
18,1/15/1997,1997,JANUARY,1,6.26,2.890790883,2.162457676,5.02969094,4.99,,,,
1,2/12/1997,1997,FEBRUARY,2,7.51,3.607654276,,,,,,,
17,2/12/1997,1997,FEBRUARY,2,6.91,3.263559848,,,,,,,
18,2/12/1997,1997,FEBRUARY,2,7.61,3.665003348,3.512072491,8.541763431,7.343333333,,,,
1,3/18/1997,1997,MARCH,3,0.01,-0.696393535,,,,,,,
17,3/18/1997,1997,MARCH,3,0.01,-0.696393535,,,,,,,
18,3/18/1997,1997,MARCH,3,0.01,-0.696393535,-0.696393535,7.845369895,0.005,,,,
1,4/21/1997,1997,APRIL,4,0.40,-0.469864703,,,,,,,
17,4/21/1997,1997,APRIL,4,0.02,-0.687791174,,,,,,,
18,4/21/1997,1997,APRIL,4,0.02,-0.687791174,-0.615149017,7.230220878,0.146666667,2.348098039,,,
1,5/21/1997,1997,MAY,5,0.17,-0.601767567,,,,,,,
17,5/21/1997,1997,MAY,5,0.01,-0.693526082,,,,,,,
18,5/21/1997,1997,MAY,5,0.28,-0.538683589,-0.611325746,6.618895133,0.153333333,,,,
1,6/11/1997,1997,JUNE,6,0.01,-0.696393535,,,,,,,
17,6/11/1997,1997,JUNE,6,0.01,-0.696393535,,,,,,,
18,6/11/1997,1997,JUNE,6,0.01,-0.696393535,-0.696393535,5.922501597,0.005,,,,
1,7/17/1997,1997,JULY,7,0.01,-0.696393535,,,,,,,
17,7/17/1997,1997,JULY,7,0.01,-0.696393535,,,,,,,
18,7/17/1997,1997,JULY,7,0.01,-0.696393535,-0.696393535,5.226108062,0.005,,,,
18,8/22/1997,1997,AUGUST,8,0.01,-0.696393535,,,,,,,
1,8/25/1997,1997,AUGUST,8,0.01,-0.696393535,,,,,,,
17,8/25/1997,1997,AUGUST,8,0.01,-0.696393535,-0.696393535,4.529714527,0.005,,,,
1,9/25/1997,1997,SEPTEMBER,9,1.15,-0.039746667,,,,,,,
17,9/25/1997,1997,SEPTEMBER,9,0.21,-0.578827939,,,,,,,
18,9/25/1997,1997,SEPTEMBER,9,0.30,-0.527213774,-0.38192946,4.147785067,0.553333333,,,,
1,10/7/1997,1997,OCTOBER,10,0.68 ,-0.309287303,,,,,,,
17,10/7/1997,1997,OCTOBER,10,0.03 ,-0.682056267,,,,,,,
18,10/7/1997,1997,OCTOBER,10,0.03 ,-0.682056267,-0.557799946,3.589985121,0.246666667,0.159285714,,,
1,11/21/1997,1997,NOVEMBER,11,3.72 ,1.434124469,,,,,,,
17,11/21/1997,1997,NOVEMBER,11,2.17 ,0.545213862,,,,,,,
18,11/21/1997,1997,NOVEMBER,11,1.52 ,0.172444897,0.717261076,4.307246197,2.47,,,,
1,12/16/1997,1997,DECEMBER,12,0.61 ,-0.349431653,,,,,,,
17,12/16/1997,1997,DECEMBER,12,1.57 ,0.201119433,,,,,,,
18,12/16/1997,1997,DECEMBER,12,1.79 ,0.32728739,0.05965839,4.366904587,1.323333333,,,,
1,1/20/1998,1998,JANUARY,1,0.94 ,-0.160179717,,,,,,,
17,1/20/1998,1998,JANUARY,1,1.15 ,-0.039746667,,,,,,,
18,1/20/1998,1998,JANUARY,1,0.97 ,-0.142974996,-0.11430046,4.252604127,1.02,,,,
1,2/9/1998,1998,FEBRUARY,2,8.93,4.422011091,,,,,,,
17,2/9/1998,1998,FEBRUARY,2,11.5,5.895882227,,,,,,,
18,2/9/1998,1998,FEBRUARY,2,9.43,4.708756448,5.008883255,9.261487383,9.953333333,,,,
1,3/10/1998,1998,MARCH,3,0.07,-0.659116639,,,,,,,
17,3/10/1998,1998,MARCH,3,0.01 ,-0.695820044,,,,,,,
18,3/10/1998,1998,MARCH,3,0.01 ,-0.695820044,-0.683585576,8.577901807,0.027333333,,,,
1,4/13/1998,1998,APRIL,4,0.1,-0.641911917,,,,,,,
17,4/13/1998,1998,APRIL,4,0.02,-0.687791174,,,,,,,
18,4/13/1998,1998,APRIL,4,0.02,-0.687791174,-0.672498089,7.905403718,0.046666667,,,,
1,5/22/1998,1998,MAY,5,0.53,-0.39531091,,,,,,,
17,5/22/1998,1998,MAY,5,0.01 ,-0.695820044,,,,,,,
18,5/22/1998,1998,MAY,5,0.3,-0.527213774,-0.539448243,7.365955475,0.278666667,,,,
1,6/18/1998,1998,JUNE,6,0.04,-0.67632136,,,,,,,
17,6/18/1998,1998,JUNE,6,0.01 ,-0.695820044,,,,,,,
18,6/19/1998,1998,JUNE,6,0.02,-0.687791174,-0.686644193,6.679311282,0.022,,,,
1,7/9/1998,1998,JULY,7,0.33,-0.510009053,,,,,,,
17,7/9/1998,1998,JULY,7,0.15,-0.613237381,,,,,,,
18,7/9/1998,1998,JULY,7,0.23,-0.567358124,-0.563534853,6.11577643,0.236666667,,,,
1,8/13/1998,1998,AUGUST,8,0.24,-0.561623217,,,,,,,
17,8/13/1998,1998,AUGUST,8,0.01 ,-0.695820044,,,,,,,
18,8/13/1998,1998,AUGUST,8,0.01 ,-0.695820044,-0.651087769,5.464688661,0.084,,,,
1,9/18/1998,1998,SEPTEMBER,9,0.62,-0.343696746,,,,,,,
17,9/18/1998,1998,SEPTEMBER,9,0.01 ,-0.695820044,,,,,,,
18,9/18/1998,1998,SEPTEMBER,9,0.11,-0.63617701,-0.5585646,4.906124061,0.245333333,,,,
1,10/14/1998,1998,OCTOBER,10,2.34,0.642707283,,,,,,,
17,10/14/1998,1998,OCTOBER,10,2.09,0.499334604,,,,,,,
18,10/14/1998,1998,OCTOBER,10,1.07,-0.085625924,0.352138654,5.258262715,1.833333333,,,,
1,11/17/1998,1998,NOVEMBER,11,0.14,-0.618972289,,,,,,,
17,11/17/1998,1998,NOVEMBER,11,0.02,-0.687791174,,,,,,,
18,11/17/1998,1998,NOVEMBER,11,0.016,-0.690085137,-0.6656162,4.592646515,0.058666667,,,,
1,12/16/1998,1998,DECEMBER,12,0.57,-0.372371281,,,,,,,
17,12/16/1998,1998,DECEMBER,12,0.36,-0.492804331,,,,,,,
18,12/16/1998,1998,DECEMBER,12,0.15,-0.613237381,-0.492804331,4.099842184,0.36,,,,
1,1/20/1999,1999,JANUARY,1,0.26,-0.550153403,,,,,,,
17,1/20/1999,1999,JANUARY,1,0.17,-0.601767567,,,,,,,
18,1/20/1999,1999,JANUARY,1,0.2,-0.584562846,-0.578827939,3.521014245,0.21,,,,
1,2/16/1999,1999,FEBRUARY,2,0.26,-0.550153403,,,,,,,
17,2/16/1999,1999,FEBRUARY,2,0.12,-0.630442103,,,,,,,
18,2/16/1999,1999,FEBRUARY,2,0.03,-0.682056267,-0.620883924,2.900130321,0.136666667,,,,
1,3/17/1999,1999,MARCH,3,0.81,-0.23473351,,,,,,,
17,3/17/1999,1999,MARCH,3,0.22,-0.573093031,,,,,,,
18,3/17/1999,1999,MARCH,3,0.23,-0.567358124,-0.458394889,2.441735432,0.42,,,,
1,4/12/1999,1999,APRIL,4,1.03,-0.108565553,,,,,,,
17,4/12/1999,1999,APRIL,4,0.48,-0.423985446,,,,,,,
18,4/12/1999,1999,APRIL,4,0.56,-0.378106189,-0.303552396,2.138183036,0.69,,,,
1,5/20/1999,1999,MAY,5,1.1,-0.068421203,,,,,,,
17,5/20/1999,1999,MAY,5,0.43,-0.452659981,,,,,,,
18,5/20/1999,1999,MAY,5,0.35,-0.498539239,-0.339873474,1.798309562,0.626666667,,,,
1,6/15/1999,1999,JUNE,6,0.51,-0.406780724,,,,,,,
17,6/15/1999,1999,JUNE,6,0.46,-0.43545526,,,,,,,
18,6/15/1999,1999,JUNE,6,0.16,-0.607502474,-0.483246153,1.315063409,0.376666667,,,,
1,7/16/1999,1999,JULY,7,1,-0.125770274,,,,,,,
17,7/16/1999,1999,JULY,7,0.11,-0.63617701,,,,,,,
18,7/16/1999,1999,JULY,7,0.09,-0.647646824,-0.469864703,0.845198706,0.4,,,,
1,8/18/1999,1999,AUGUST,8,0.32,-0.51574396,,,,,,,
17,8/18/1999,1999,AUGUST,8,0.35,-0.498539239,,,,,,,
18,8/18/1999,1999,AUGUST,8,0.18,-0.59603266,-0.536771953,0.308426753,0.283333333,,,,
1,9/20/1999,1999,SEPTEMBER,9,0.29,-0.532948681,,,,,,,
17,9/20/1999,1999,SEPTEMBER,9,0.54,-0.389576003,,,,,,,
18,9/20/1999,1999,SEPTEMBER,9,0.27,-0.544418496,-0.48898106,-0.180554307,0.366666667,0.370851852,,,
1,10/12/1999,1999,OCTOBER,10,1.54,0.183914712,,,,,,,
17,10/12/1999,1999,OCTOBER,10,0.69,-0.303552396,,,,,,,
18,10/12/1999,1999,OCTOBER,10,0.78,-0.251938231,-0.123858639,-0.304412945,1.003333333,,,,
1,11/8/1999,1999,NOVEMBER,11,1.06 ,-0.091360831,,,,,,,
17,11/8/1999,1999,NOVEMBER,11,0.76 ,-0.263408046,,,,,,,
18,11/8/1999,1999,NOVEMBER,11,0.55 ,-0.383841096,-0.246203324,-0.550616269,0.79,,,,
1,12/7/1999,1999,DECEMBER,12,1.33 ,0.063481661,,,,,,,
17,12/7/1999,1999,DECEMBER,12,1.05 ,-0.097095739,,,,,,,
18,12/7/1999,1999,DECEMBER,12,0.20 ,-0.584562846,-0.206058974,-0.756675244,0.86,,,,
1,1/5/2000,2000,JANUARY,1,0.30 ,-0.527213774,,,,,,,
17,1/5/2000,2000,JANUARY,1,0.41 ,-0.464129796,,,,,,,
18,1/5/2000,2000,JANUARY,1,0.10 ,-0.641911917,-0.544418496,-1.301093739,0.27,,,,
1,2/23/2000,2000,FEBRUARY,2,0.38 ,-0.481334517,,,,,,,
17,2/23/2000,2000,FEBRUARY,2,0.06 ,-0.664851546,,,,,,,
18,2/23/2000,2000,FEBRUARY,2,0.01 ,-0.693526082,-0.613237381,-1.914331121,0.15,,,,
1,3/15/2000,2000,MARCH,3,0.02 ,-0.690085137,,,,,,,
17,3/15/2000,2000,MARCH,3,0.016,-0.690085137,,,,,,,
18,3/15/2000,2000,MARCH,3,0.016,-0.690085137,-0.690085137,-2.604416258,0.016,,,,
1,4/12/2000,2000,APRIL,4,0.40 ,-0.469864703,,,,,,,
17,4/12/2000,2000,APRIL,4,0.16 ,-0.607502474,,,,,,,
18,4/12/2000,2000,APRIL,4,0.37 ,-0.487069424,-0.521478867,-3.125895125,0.31,,,,
1,5/15/2000,2000,MAY,5,0.22 ,-0.573093031,,,,,,,
17,5/15/2000,2000,MAY,5,0.18 ,-0.59603266,,,,,,,
18,5/15/2000,2000,MAY,5,0.11 ,-0.63617701,-0.601767567,-3.727662693,0.17,,,,
1,6/14/2000,2000,JUNE,6,0.57 ,-0.372371281,,,,,,,
17,6/14/2000,2000,JUNE,6,0.02 ,-0.687791174,,,,,,,
18,6/14/2000,2000,JUNE,6,0.05 ,-0.670586453,-0.576916303,-4.304578995,0.213333333,,,,
1,7/13/2000,2000,JULY,7,0.39 ,-0.47559961,,,,,,,
17,7/13/2000,2000,JULY,7,0.02 ,-0.690085137,,,,,,,
18,7/13/2000,2000,JULY,7,0.02 ,-0.690085137,-0.618589961,-4.923168957,0.140666667,,,,
1,8/16/2000,2000,AUGUST,8,1.46 ,0.138035454,,,,,,,
17,8/16/2000,2000,AUGUST,8,1.08 ,-0.079891017,,,,,,,
18,8/16/2000,2000,AUGUST,8,1.13 ,-0.051216481,0.002309319,-4.920859638,1.223333333,,,,
1,9/13/2000,2000,SEPTEMBER,9,0.81 ,-0.23473351,,,,,,,
17,9/13/2000,2000,SEPTEMBER,9,0.66 ,-0.320757117,,,,,,,
18,9/13/2000,2000,SEPTEMBER,9,0.68 ,-0.309287303,-0.28825931,-5.209118948,0.716666667,,,,
1,10/19/2000,2000,OCTOBER,10,1.44 ,0.12656564,,,,,,,
17,10/19/2000,2000,OCTOBER,10,1.92 ,0.401841183,,,,,,,
18,10/19/2000,2000,OCTOBER,10,1.90 ,0.390371369,0.306259397,-4.902859551,1.753333333,,,,
1,11/15/2000,2000,NOVEMBER,11,2.27 ,0.602562933,,,,,,,
17,11/15/2000,2000,NOVEMBER,11,3.35 ,1.221932905,,,,,,,
18,11/15/2000,2000,NOVEMBER,11,2.37 ,0.659912004,0.828135947,-4.074723604,2.663333333,,,,
1,12/15/2000,2000,DECEMBER,12,1.19 ,-0.016807039,,,,,,,
17,12/15/2000,2000,DECEMBER,12,0.65 ,-0.326492024,,,,,,,
18,12/15/2000,2000,DECEMBER,12,0.38 ,-0.481334517,-0.27487786,-4.349601464,0.74,0.952583333,,,
1,1/10/2001,2001,JANUARY,1,,,,,,,,,
17,1/10/2001,2001,JANUARY,1,,,,,,,,,
18,1/10/2001,2001,JANUARY,1,,,,,,,,,
1,2/6/2001,2001,FEBRUARY,2,,,,,,,,,
17,2/6/2001,2001,FEBRUARY,2,,,,,,,,,
18,2/6/2001,2001,FEBRUARY,2,,,,,,,,,
1,3/13/2001,2001,MARCH,3,0.85 ,-0.211793881,,,,,,,
17,3/13/2001,2001,MARCH,3,0.77 ,-0.257673139,,,,,,,
18,3/13/2001,2001,MARCH,3,1.10 ,-0.068421203,-0.179296074,-4.528897538,0.906666667,,,,
1,4/19/2001,2001,APRIL,4,0.55 ,-0.383841096,,,,,,,
17,4/19/2001,2001,APRIL,4,0.14 ,-0.618972289,,,,,,,
18,4/19/2001,2001,APRIL,4,0.10 ,-0.641911917,-0.548241767,-5.077139305,0.263333333,,,,
1,5/17/2001,2001,MAY,5,0.54 ,-0.389576003,,,,,,,
17,5/17/2001,2001,MAY,5,0.09 ,-0.647646824,,,,,,,
18,5/17/2001,2001,MAY,5,0.22 ,-0.573093031,-0.536771953,-5.613911258,0.283333333,,,,
1,6/16/2001,2001,JUNE,6,0.23 ,-0.567358124,,,,,,,
17,6/16/2001,2001,JUNE,6,0.45 ,-0.441190167,,,,,,,
18,6/16/2001,2001,JUNE,6,0.23 ,-0.567358124,-0.525302139,-6.139213397,0.303333333,,,,
1,7/17/2001,2001,JULY,7,0.45 ,-0.441190167,,,,,,,
17,7/17/2001,2001,JULY,7,0.19 ,-0.590297753,,,,,,,
18,7/17/2001,2001,JULY,7,0.24 ,-0.561623217,-0.531037046,-6.670250443,0.293333333,,,,
1,8/16/2001,2001,AUGUST,8,1.19 ,-0.016807039,,,,,,,
17,8/16/2001,2001,AUGUST,8,0.20 ,-0.584562846,,,,,,,
18,8/16/2001,2001,AUGUST,8,0.39 ,-0.47559961,-0.358989831,-7.029240274,0.593333333,,,,
1,9/18/2001,2001,SEPTEMBER,9,2.34 ,0.642707283,,,,,,,
17,9/18/2001,2001,SEPTEMBER,9,2.08 ,0.493599697,,,,,,,
18,9/18/2001,2001,SEPTEMBER,9,1.46 ,0.138035454,0.424780812,-6.604459462,1.96,,,,
1,10/17/2001,2001,OCTOBER,10,1.89 ,0.384636462,,,,,,,
17,10/17/2001,2001,OCTOBER,10,2.60 ,0.791814869,,,,,,,
18,10/17/2001,2001,OCTOBER,10,3.21 ,1.141644205,0.772698512,-5.831760951,2.566666667,,,,
1,11/8/2001,2001,NOVEMBER,11,0.94 ,-0.160179717,,,,,,,
17,11/8/2001,2001,NOVEMBER,11,0.43 ,-0.452659981,,,,,,,
18,11/8/2001,2001,NOVEMBER,11,0.53 ,-0.39531091,-0.336050203,-6.167811154,0.633333333,,,,
1,12/3/2001,2001,DECEMBER,12,0.68 ,-0.309287303,,,,,,,
17,12/3/2001,2001,DECEMBER,12,0.48 ,-0.423985446,,,,,,,
18,12/3/2001,2001,DECEMBER,12,0.84 ,-0.217528789,-0.316933846,-6.484744999,0.666666667,,,,
1,1/14/2002,2002,JANUARY,1,0.99 ,-0.131505181,,,,,,,
17,1/14/2002,2002,JANUARY,1,0.10 ,-0.641911917,,,,,,,
18,1/14/2002,2002,JANUARY,1,0.52 ,-0.401045817,-0.391487639,-6.876232638,0.536666667,,,,
1,2/13/2002,2002,FEBRUARY,2,0.26 ,-0.550153403,,,,,,,
17,2/13/2002,2002,FEBRUARY,2,0.16 ,-0.607502474,,,,,,,
18,2/13/2002,2002,FEBRUARY,2,0.20 ,-0.584562846,-0.580739574,-7.456972212,0.206666667,,,,
1,3/19/2002,2002,MARCH,3,0.26 ,-0.550153403,,,,,,,
17,3/19/2002,2002,MARCH,3,0.16 ,-0.607502474,,,,,,,
18,3/19/2002,2002,MARCH,3,0.20 ,-0.584562846,-0.580739574,-8.037711787,0.206666667,,,,
1,4/15/2002,2002,APRIL,4,0.78 ,-0.251938231,,,,,,,
17,4/15/2002,2002,APRIL,4,0.58 ,-0.366636374,,,,,,,
18,4/15/2002,2002,APRIL,4,0.30 ,-0.527213774,-0.38192946,-8.419641247,0.553333333,,,,
1,5/13/2002,2002,MAY,5,0.32 ,-0.51574396,,,,,,,
17,5/13/2002,2002,MAY,5,0.07 ,-0.659116639,,,,,,,
18,5/13/2002,2002,MAY,5,0.05 ,-0.670586453,-0.615149017,-9.034790264,0.146666667,,,,
1,6/11/2002,2002,JUNE,6,0.09 ,-0.647646824,,,,,,,
17,6/11/2002,2002,JUNE,6,0.10 ,-0.641911917,,,,,,,
18,6/11/2002,2002,JUNE,6,0.06 ,-0.664851546,-0.651470096,-9.68626036,0.083333333,,,,
1,7/18/2002,2002,JULY,7,0.72 ,-0.286347674,,,,,,,
17,7/18/2002,2002,JULY,7,0.27 ,-0.544418496,,,,,,,
18,7/18/2002,2002,JULY,7,0.24 ,-0.561623217,-0.464129796,-10.15039016,0.41,,,,
1,8/15/2002,2002,AUGUST,8,0.10 ,-0.641911917,,,,,,,
17,8/15/2002,2002,AUGUST,8,0.43 ,-0.452659981,,,,,,,
18,8/15/2002,2002,AUGUST,8,0.05 ,-0.670586453,-0.588386117,-10.73877627,0.193333333,0.582352941,,,
1,9/17/2002,2002,SEPTEMBER,9,1.23 ,0.00613259,,,,,,,
17,9/17/2002,2002,SEPTEMBER,9,0.81 ,-0.23473351,,,,,,,
18,9/17/2002,2002,SEPTEMBER,9,0.69 ,-0.303552396,-0.177384439,-10.91616071,0.91,,,,
1,10/15/2002,2002,OCTOBER,10,3.31 ,1.198993276,,,,,,,
17,10/15/2002,2002,OCTOBER,10,4.04 ,1.617641497,,,,,,,
18,10/15/2002,2002,OCTOBER,10,3.31 ,1.198993276,1.338542683,-9.577618028,3.553333333,,,,
1,11/15/2002,2002,NOVEMBER,11,4.39 ,1.818363248,,,,,,,
17,11/15/2002,2002,NOVEMBER,11,1.57 ,0.201119433,,,,,,,
18,11/15/2002,2002,NOVEMBER,11,0.61 ,-0.349431653,0.556683676,-9.020934352,2.19,,,,
1,12/19/2002,2002,DECEMBER,12,4.40 ,1.824098155,,,,,,,
17,12/19/2002,2002,DECEMBER,12,5.31 ,2.345974705,,,,,,,
18,12/19/2002,2002,DECEMBER,12,5.41 ,2.403323776,2.191132212,-6.82980214,5.04,,,,
1,1/14/2003,2003,JANUARY,1,0.87 ,-0.200324067,,,,,,,
17,1/14/2003,2003,JANUARY,1,0.39 ,-0.47559961,,,,,,,
18,1/14/2003,2003,JANUARY,1,0.34 ,-0.504274146,-0.393399274,-7.223201415,0.533333333,,,,
1,2/13/2003,2003,FEBRUARY,2,0.30 ,-0.527213774,,,,,,,
17,2/13/2003,2003,FEBRUARY,2,0.04 ,-0.67632136,,,,,,,
18,2/13/2003,2003,FEBRUARY,2,0.02 ,-0.687791174,-0.630442103,-7.853643518,0.12,,,,
1,3/10/2003,2003,MARCH,3,2.97 ,1.004006433,,,,,,,
17,3/10/2003,2003,MARCH,3,0.54 ,-0.389576003,,,,,,,
18,3/10/2003,2003,MARCH,3,1.58 ,0.20685434,0.27376159,-7.579881927,1.696666667,,,,
1,4/14/2003,2003,APRIL,4,1.20 ,-0.011072131,,,,,,,
17,4/14/2003,2003,APRIL,4,0.13 ,-0.624707196,,,,,,,
18,4/14/2003,2003,APRIL,4,0.06 ,-0.664851546,-0.433543624,-8.013425552,0.463333333,,,,
1,5/12/2003,2003,MAY,5,0.26 ,-0.550153403,,,,,,,
17,5/12/2003,2003,MAY,5,0.17 ,-0.601767567,,,,,,,
18,5/12/2003,2003,MAY,5,0.27 ,-0.544418496,-0.565446489,-8.57887204,0.233333333,,,,
1,6/20/2003,2003,JUNE,6,0.50 ,-0.412515631,,,,,,,
17,6/20/2003,2003,JUNE,6,0.02 ,-0.690085137,,,,,,,
18,6/20/2003,2003,JUNE,6,0.02 ,-0.690085137,-0.597561969,-9.176434009,0.177333333,,,,
1,7/15/2003,2003,JULY,7,0.38 ,-0.481334517,,,,,,,
17,7/15/2003,2003,JULY,7,0.22 ,-0.573093031,,,,,,,
18,7/15/2003,2003,JULY,7,0.11 ,-0.63617701,-0.563534853,-9.739968862,0.236666667,,,,
1,8/12/2003,2003,AUGUST,8,0.63 ,-0.337961839,,,,,,,
17,8/12/2003,2003,AUGUST,8,0.17 ,-0.601767567,,,,,,,
18,8/12/2003,2003,AUGUST,8,0.16 ,-0.607502474,-0.51574396,-10.25571282,0.32,,,,
1,9/24/2003,2003,SEPTEMBER,9,2.51 ,0.740200704,,,,,,,
17,9/24/2003,2003,SEPTEMBER,9,1.53 ,0.178179804,,,,,,,
18,9/24/2003,2003,SEPTEMBER,9,0.92 ,-0.171649531,0.248910326,-10.0068025,1.653333333,,,,
1,10/14/2003,2003,OCTOBER,10,4.78 ,2.042024626,,,,,,,
17,10/14/2003,2003,OCTOBER,10,4.47 ,1.864242505,,,,,,,
18,10/14/2003,2003,OCTOBER,10,7.09 ,3.366788176,2.424351769,-7.582450727,5.446666667,,,,
1,11/18/2003,2003,NOVEMBER,11,6.37 ,2.953874862,,,,,,,
17,11/18/2003,2003,NOVEMBER,11,6.60 ,3.085777726,,,,,,,
18,11/18/2003,2003,NOVEMBER,11,4.11 ,1.657785847,2.565812812,-5.016637915,5.693333333,,,,
1,12/18/2003,2003,DECEMBER,12,9.34 ,4.657142284,,,,,,,
17,12/18/2003,2003,DECEMBER,12,4.60 ,1.938796298,,,,,,,
18,12/18/2003,2003,DECEMBER,12,2.13 ,0.522274233,2.372737605,-2.64390031,5.356666667,,,,
1,1/13/2004,2004,JANUARY,1,7.70 ,3.716617512,,,,,,,
17,1/13/2004,2004,JANUARY,1,9.40 ,4.691551727,,,,,,,
18,1/14/2004,2004,JANUARY,1,7.85 ,3.802641119,4.070270119,1.426369809,8.316666667,,,,
1,2/10/2004,2004,FEBRUARY,2,0.48 ,-0.423985446,,,,,,,
17,2/10/2004,2004,FEBRUARY,2,0.56 ,-0.378106189,,,,,,,
18,2/10/2004,2004,FEBRUARY,2,0.67 ,-0.31502221,-0.372371281,1.053998527,0.57,,,,
1,3/17/2004,2004,MARCH,3,0.80 ,-0.240468417,,,,,,,
17,3/17/2004,2004,MARCH,3,0.52 ,-0.401045817,,,,,,,
18,3/17/2004,2004,MARCH,3,0.37 ,-0.487069424,-0.376194553,0.677803975,0.563333333,,,,
1,4/17/2004,2004,APRIL,4,1.18 ,-0.022541946,,,,,,,
17,4/17/2004,2004,APRIL,4,0.53 ,-0.39531091,,,,,,,
18,4/17/2004,2004,APRIL,4,0.57 ,-0.372371281,-0.263408046,0.414395929,0.76,2.096539683,,,
1,5/11/2004,2004,MAY,5,0.77 ,-0.257673139,,,,,,,
17,5/11/2004,2004,MAY,5,0.66 ,-0.320757117,,,,,,,
18,5/11/2004,2004,MAY,5,0.70 ,-0.297817489,-0.292082581,0.122313347,0.71,,,,
1,6/15/2004,2004,JUNE,6,0.59 ,-0.360901467,,,,,,,
17,6/15/2004,2004,JUNE,6,0.28 ,-0.538683589,,,,,,,
18,6/15/2004,2004,JUNE,6,0.77 ,-0.257673139,-0.385752731,-0.263439384,0.546666667,,,,
1,7/13/2004,2004,JULY,7,0.43 ,-0.452659981,,,,,,,
17,7/13/2004,2004,JULY,7,0.69 ,-0.303552396,,,,,,,
18,7/13/2004,2004,JULY,7,0.41 ,-0.464129796,-0.406780724,-0.670220108,0.51,,,,
1,8/18/2004,2004,AUGUST,8,0.89 ,-0.188854253,,,,,,,
17,8/18/2004,2004,AUGUST,8,0.65 ,-0.326492024,,,,,,,
18,8/18/2004,2004,AUGUST,8,0.58 ,-0.366636374,-0.293994217,-0.964214325,0.706666667,,,,
1,9/14/2004,2004,SEPTEMBER,9,0.93 ,-0.165914624,,,,,,,
17,9/14/2004,2004,SEPTEMBER,9,0.43 ,-0.452659981,,,,,,,
18,9/14/2004,2004,SEPTEMBER,9,0.40 ,-0.469864703,-0.362813103,-1.327027428,0.586666667,,,,
1,10/12/2004,2004,OCTOBER,10,1.56 ,0.195384526,,,,,,,
17,10/12/2004,2004,OCTOBER,10,0.82 ,-0.228998603,,,,,,,
18,10/12/2004,2004,OCTOBER,10,1.22 ,0.000397683,-0.011072131,-1.33809956,1.2,,,,
1,11/15/2004,2004,NOVEMBER,11,0.82 ,-0.228998603,,,,,,,
17,11/15/2004,2004,NOVEMBER,11,1.14 ,-0.045481574,,,,,,,
18,11/15/2004,2004,NOVEMBER,11,1.70 ,0.275673226,0.000397683,-1.337701877,1.22,,,,
1,12/14/2004,2004,DECEMBER,12,1.23 ,0.00613259,,,,,,,
17,12/14/2004,2004,DECEMBER,12,1.28 ,0.034807126,,,,,,,
18,12/14/2004,2004,DECEMBER,12,1.16 ,-0.03401176,0.002309319,-1.335392558,1.223333333,,,,
1,1/10/2005,2005,JANUARY,1,2.22 ,0.573888397,,,,,,,
17,1/10/2005,2005,JANUARY,1,3.92 ,1.548822612,,,,,,,
18,1/10/2005,2005,JANUARY,1,1.71 ,0.281408133,0.801373047,-0.534019511,2.616666667,,,,
1,2/16/2005,2005,FEBRUARY,2,0.45 ,-0.441190167,,,,,,,
17,2/16/2005,2005,FEBRUARY,2,0.51 ,-0.406780724,,,,,,,
18,2/16/2005,2005,FEBRUARY,2,0.46 ,-0.43545526,-0.427808717,-0.961828228,0.473333333,,,,
1,3/17/2005,2005,MARCH,3,0.24 ,-0.561623217,,,,,,,
17,3/17/2005,2005,MARCH,3,0.98 ,-0.137240089,,,,,,,
18,3/17/2005,2005,MARCH,3,0.60 ,-0.35516656,-0.351343289,-1.313171517,0.606666667,,,,
1,4/26/2005,2005,APRIL,4,1.14 ,-0.045481574,,,,,,,
17,4/26/2005,2005,APRIL,4,0.24 ,-0.561623217,,,,,,,
18,4/26/2005,2005,APRIL,4,0.33 ,-0.510009053,-0.372371281,-1.685542798,0.57,,,,
1,5/17/2005,2005,MAY,5,1.03 ,-0.108565553,,,,,,,
17,5/17/2005,2005,MAY,5,0.33 ,-0.510009053,,,,,,,
18,5/17/2005,2005,MAY,5,0.69 ,-0.303552396,-0.307375667,-1.992918465,0.683333333,,,,
1,6/14/2005,2005,JUNE,6,0.25 ,-0.55588831,,,,,,,
17,6/14/2005,2005,JUNE,6,0.71 ,-0.292082581,,,,,,,
18,6/14/2005,2005,JUNE,6,0.39 ,-0.47559961,-0.441190167,-2.434108632,0.45,,,,
1,7/14/2005,2005,JULY,7,0.39 ,-0.47559961,,,,,,,
17,7/14/2005,2005,JULY,7,0.52 ,-0.401045817,,,,,,,
18,7/14/2005,2005,JULY,7,0.09 ,-0.647646824,-0.508097417,-2.94220605,0.333333333,0.824791667,,,
1,8/23/2005,2005,AUGUST,8,0.81 ,-0.23473351,,,,,,,
17,8/23/2005,2005,AUGUST,8,0.44 ,-0.446925074,,,,,,,
18,8/23/2005,2005,AUGUST,8,0.46 ,-0.43545526,-0.372371281,-3.314577331,0.57,,,,
1,9/13/2005,2005,SEPTEMBER,9,1.97 ,0.430515719,,,,,,,
17,9/13/2005,2005,SEPTEMBER,9,0.71 ,-0.292082581,,,,,,,
18,9/13/2005,2005,SEPTEMBER,9,0.41 ,-0.464129796,-0.108565553,-3.423142884,1.03,,,,
18,10/12/2005,2005,OCTOBER,10,1.71 ,0.281408133,,,,,,,
1,10/13/2005,2005,OCTOBER,10,2.91 ,0.96959699,,,,,,,
17,10/13/2005,2005,OCTOBER,10,2.40 ,0.677116726,0.642707283,-2.780435601,2.34,,,,
1,11/15/2005,2005,NOVEMBER,11,2.89 ,0.958127176,,,,,,,
17,11/15/2005,2005,NOVEMBER,11,2.69 ,0.843429033,,,,,,,
18,11/15/2005,2005,NOVEMBER,11,2.50 ,0.734465797,0.845340669,-1.935094932,2.693333333,,,,
1,12/21/2005,2005,DECEMBER,12,1.35 ,0.074951476,,,,,,,
17,12/21/2005,2005,DECEMBER,12,1.97 ,0.430515719,,,,,,,
18,12/21/2005,2005,DECEMBER,12,1.42 ,0.115095826,0.20685434,-1.728240592,1.58,,,,
1,1/17/2006,2006,JANUARY,1,1.21 ,-0.005337224,,,,,,,
17,1/17/2006,2006,JANUARY,1,1.03 ,-0.108565553,,,,,,,
18,1/17/2006,2006,JANUARY,1,0.61 ,-0.349431653,-0.15444481,-1.882685402,0.95,,,,
1,2/14/2006,2006,February,2,2.33 ,0.636972376,,,,,,,
17,2/14/2006,2006,February,2,0.08 ,-0.653381731,,,,,,,
18,2/14/2006,2006,February,2,,,-0.008204678,-1.89089008,1.205,,,,
1,3/13/2006,2006,March,3,0.13 ,-0.624707196,,,,,,,
17,3/13/2006,2006,March,3,1.90 ,0.390371369,,,,,,,
18,3/13/2006,2006,March,3,0.22 ,-0.573093031,-0.269142953,-2.160033033,0.75,,,,
1,4/18/2006,2006,April,4,0.37 ,-0.487069424,,,,,,,
17,4/18/2006,2006,April,4,0.38 ,-0.481334517,,,,,,,
18,4/18/2006,2006,April,4,0.12 ,-0.630442103,-0.532948681,-2.692981714,0.29,,,,
1,5/15/2006,2006,May,5,0.96 ,-0.148709903,,,,,,,
17,5/15/2006,2006,May,5,0.35 ,-0.498539239,,,,,,,
18,5/15/2006,2006,May,5,0.96 ,-0.148709903,-0.265319681,-2.958301396,0.756666667,,,,
1,6/15/2006,2006,June,6,0.93 ,-0.165914624,,,,,,,
17,6/15/2006,2006,June,6,0.45 ,-0.441190167,,,,,,,
18,6/15/2006,2006,June,6,0.31 ,-0.521478867,-0.376194553,-3.334495948,0.563333333,,,,
1,7/18/2006,2006,July,7,1.02 ,-0.11430046,,,,,,,
17,7/18/2006,2006,July,7,0.88 ,-0.19458916,,,,,,,
18,7/18/2006,2006,July,7,0.60 ,-0.35516656,-0.22135206,-3.555848008,0.833333333,,,,
1,8/24/2006,2006,August,8,1.49 ,0.155240176,,,,,,,
17,8/25/2006,2006,August,8,0.88 ,-0.19458916,,,,,,,
18,8/25/2006,2006,August,8,0.79 ,-0.246203324,-0.095184103,-3.651032111,1.053333333,1.0675,,,
1,9/12/2006,2006,Septemeber,9,2.84 ,0.92945264,,,,,,,
17,9/12/2006,2006,Septemeber,9,3.07 ,1.061355505,,,,,,,
18,9/12/2006,2006,Septemeber,9,4.74 ,2.019084998,1.336631047,-2.314401064,3.55,,,,
1,10/19/2006,2006,October,10,3.79,1.474268819,,,,,,,
17,10/19/2006,2006,October,10,3.21,1.141644205,,,,,,,
18,10/19/2006,2006,October,10,1.63,0.235528876,0.950480633,-1.363920431,2.876666667,,,,
1,11/14/2006,2006,November,11,3.01,1.026946062,,,,,,,
17,11/14/2006,2006,November,11,3.76,1.457064097,,,,,,,
18,11/14/2006,2006,November,11,2.19,0.556683676,1.013564612,-0.350355819,2.986666667,,,,
1,12/12/2006,2006,December,12,1.67,0.258468504,,,,,,,
17,12/12/2006,2006,December,12,1.88,0.378901554,,,,,,,
18,12/12/2006,2006,December,12,1.82,0.344492112,0.32728739,-0.023068429,1.79,,,,
1,1/16/2007,2007,January,1,0.39,-0.47559961,,,,,,,
17,1/16/2007,2007,January,1,0.33,-0.512876506,,,,,,,
18,1/16/2007,2007,January,1,0.35,-0.498539239,-0.495671785,-0.518740214,0.355,,,,
1,2/20/2007,2007,February,2,0.57,-0.372371281,,,,,,,
17,2/20/2007,2007,February,2,0.11,-0.63617701,,,,,,,
18,2/20/2007,2007,February,2,0.77,-0.257673139,-0.42207381,-0.940814024,0.483333333,,,,
1,3/13/2007,2007,March,3,0.14,-0.618972289,,,,,,,
17,3/13/2007,2007,March,3,0.43,-0.452659981,,,,,,,
18,3/13/2007,2007,March,3,0.08,-0.653381731,-0.575004667,-1.515818691,0.216666667,,,,
1,4/18/2007,2007,April,4,1.06,-0.091360831,,,,,,,
17,4/18/2007,2007,April,4,0.78,-0.251938231,,,,,,,
18,4/18/2007,2007,April,4,0.75,-0.269142953,-0.204147339,-1.71996603,0.863333333,1.575,,,
1,5/15/2007,2007,May,5,0.62,-0.343696746,,,,,,,
17,5/15/2007,2007,May,5,0.37,-0.487069424,,,,,,,
18,5/15/2007,2007,May,5,0.38,-0.481334517,-0.437366896,-2.157332926,0.456666667,,,,
1,6/12/2007,2007,June,6,0.52,-0.401045817,,,,,,,
17,6/12/2007,2007,June,6,0.41,-0.464129796,,,,,,,
18,6/12/2007,2007,June,6,0.3,-0.527213774,-0.464129796,-2.621462721,0.41,,,,
1,7/17/2007,2007,July,7,0.18,-0.59603266,,,,,,,
17,7/17/2007,2007,July,7,0.74,-0.27487786,,,,,,,
18,7/17/2007,2007,July,7,0.19,-0.590297753,-0.487069424,-3.108532146,0.37,,,,
1,8/14/2007,2007,August,8,0.86,-0.206058974,,,,,,,
17,8/14/2007,2007,August,8,1.23,0.00613259,,,,,,,
18,8/14/2007,2007,August,8,0.33,-0.510009053,-0.236645146,-3.345177291,0.806666667,,,,
1,9/12/2007,2007,September,9,1.34,0.069216569,,,,,,,
17,9/12/2007,2007,September,9,0.8,-0.240468417,,,,,,,
18,9/12/2007,2007,September,9,0.24,-0.561623217,-0.244291689,-3.58946898,0.793333333,,,,
1,10/18/2007,2007,October,10,1.01,-0.120035367,,,,,,,
17,10/18/2007,2007,October,10,0.44,-0.446925074,,,,,,,
18,10/18/2007,2007,October,10,0.38,-0.481334517,-0.349431653,-3.938900633,0.61,,,,
1,11/13/2007,2007,November,11,3.75,1.45132919,,,,,,,
17,11/13/2007,2007,November,11,3.59,1.359570676,,,,,,,
18,11/13/2007,2007,November,11,4.13,1.669255662,1.493385176,-2.445515457,3.823333333,,,,
1,12/11/2007,2007,December,12,3.66,1.399715026,,,,,,,
17,12/11/2007,2007,December,12,6.13,2.816237091,,,,,,,
18,12/11/2007,2007,December,12,4.7,1.996145369,2.070699162,-0.374816295,4.83,,,,
1,1/17/2008,2008,January,1,0.71,-0.292082581,,,,,,,
17,1/17/2008,2008,January,1,0.69,-0.303552396,,,,,,,
18,1/17/2008,2008,January,1,0.63,-0.337961839,-0.311198939,-0.686015233,0.676666667,,,,
1,2/12/2008,2008,February,2,0.63,-0.337961839,,,,,,,
17,2/12/2008,2008,February,2,1.27,0.029072219,,,,,,,
18,2/12/2008,2008,February,2,0.97,-0.142974996,-0.150621539,-0.836636772,0.956666667,,,,
1,3/13/2008,2008,March,3,0.23,-0.567358124,,,,,,,
17,3/13/2008,2008,March,3,0.71,-0.292082581,,,,,,,
18,3/13/2008,2008,March,3,0.16,-0.607502474,-0.48898106,-1.325617832,0.366666667,,,,
1,4/15/2008,2008,April,4,1.01,-0.120035367,,,,,,,
17,4/15/2008,2008,April,4,0.76,-0.263408046,,,,,,,
18,4/15/2008,2008,April,4,0.5,-0.412515631,-0.265319681,-1.590937513,0.756666667,,,,
1,5/14/2008,2008,May,5,2.41,0.682851633,,,,,,,
17,5/14/2008,2008,May,5,2.08,0.493599697,,,,,,,
18,5/14/2008,2008,May,5,0.63,-0.337961839,0.279496497,-1.311441016,1.706666667,,,,
1,6/17/2008,2008,June,6,0.85,-0.211793881,,,,,,,
17,6/17/2008,2008,June,6,1.06,-0.091360831,,,,,,,
18,6/17/2008,2008,June,6,0.25,-0.55588831,-0.286347674,-1.597788691,0.72,,,,
1,7/15/2008,2008,July,7,0.51,-0.406780724,,,,,,,
17,7/15/2008,2008,July,7,0.47,-0.429720353,,,,,,,
18,7/15/2008,2008,July,7,0.54,-0.389576003,-0.40869236,-2.006481051,0.506666667,,,,
1,8/13/2008,2008,August,8,0.39,-0.47559961,,,,,,,
17,8/13/2008,2008,August,8,0.63,-0.337961839,,,,,,,
18,8/13/2008,2008,August,8,0.33,-0.510009053,-0.441190167,-2.447671218,0.45,,,,
1,9/17/2008,2008,September,9,0.8,-0.240468417,,,,,,,
17,9/17/2008,2008,September,9,0.67,-0.31502221,,,,,,,
18,9/17/2008,2008,September,9,0.33,-0.510009053,-0.35516656,-2.802837778,0.6,,,,
1,10/16/2008,2008,October,10,0.89,-0.188854253,,,,,,,
17,10/16/2008,2008,October,10,0.07,-0.659116639,,,,,,,
18,10/16/2008,2008,October,10,0.09,-0.647646824,-0.498539239,-3.301377016,0.35,1.055438596,,,
1,11/11/2008,2008,November,11,1.49,0.155240176,,,,,,,
17,11/11/2008,2008,November,11,1.2,-0.011072131,,,,,,,
18,11/11/2008,2008,November,11,0.46,-0.43545526,-0.097095739,-3.398472755,1.05,,,,
1,12/17/2008,2008,December,12,0.6,-0.35516656,,,,,,,
17,12/17/2008,2008,December,12,1.24,0.011867497,,,,,,,
18,12/17/2008,2008,December,12,1.31,0.052011847,-0.097095739,-3.495568493,1.05,,,,
1,1/12/2009,2009,January,1,0.59,-0.360901467,,,,,,,
17,1/12/2009,2009,January,1,0.66,-0.320757117,,,,,,,
18,1/12/2009,2009,January,1,0.4,-0.469864703,-0.383841096,-3.879409589,0.55,,,,
1,2/10/2009,2009,February,2,0.22,-0.573093031,,,,,,,
17,2/10/2009,2009,February,2,0.22,-0.573093031,,,,,,,
18,2/10/2009,2009,February,2,0.2,-0.584562846,-0.576916303,-4.456325892,0.213333333,,,,
1,3/18/2009,2009,March,3,0.3,-0.527213774,,,,,,,
17,3/18/2009,2009,March,3,0.13,-0.624707196,,,,,,,
18,3/18/2009,2009,March,3,0.16,-0.607502474,-0.586474481,-5.042800374,0.196666667,,,,
1,4/17/2009,2009,April,4,0.36,-0.492804331,,,,,,,
17,4/17/2009,2009,April,4,0.07,-0.659116639,,,,,,,
18,4/17/2009,2009,April,4,0.15,-0.613237381,-0.588386117,-5.631186491,0.193333333,,,,
1,5/12/2009,2009,May,5,0.49,-0.418250539,,,,,,,
17,5/12/2009,2009,May,5,0.45,-0.441190167,,,,,,,
18,5/12/2009,2009,May,5,0.45,-0.441190167,-0.433543624,-6.064730115,0.463333333,,,,
1,6/16/2009,2009,June,6,0.23,-0.567358124,,,,,,,
17,6/16/2009,2009,June,6,0.29,-0.532948681,,,,,,,
18,6/16/2009,2009,June,6,0.42,-0.458394889,-0.519567231,-6.584297347,0.313333333,,,,
1,7/15/2009,2009,July,7,0.56,-0.378106189,,,,,,,
17,7/15/2009,2009,July,7,0.41,-0.464129796,,,,,,,
18,7/15/2009,2009,July,7,0.37,-0.487069424,-0.443101803,-7.027399149,0.446666667,,,,
1,8/18/2009,2009,August,8,0.41,-0.464129796,,,,,,,
17,8/17/2009,2009,August,8,0.34,-0.504274146,,,,,,,
18,8/18/2009,2009,August,8,0.37,-0.487069424,-0.485157789,-7.512556938,0.373333333,,,,
1,9/14/2009,2009,September,9,1.83,0.350227019,,,,,,,
17,9/14/2009,2009,September,9,2.21,0.56815349,,,,,,,
18,9/14/2009,2009,September,9,0.95,-0.15444481,0.254645233,-7.257911705,1.663333333,,,,
1,10/13/2009,2009,October,10,1.08,-0.079891017,,,,,,,
17,10/13/2009,2009,October,10,0.61,-0.349431653,,,,,,,
18,10/13/2009,2009,October,10,0.44,-0.446925074,-0.292082581,-7.549994286,0.71,,,,
1,11/17/2009,2009,November,11,4.9,2.110843512,,,,,,,
17,11/17/2009,2009,November,11,4.43,1.841302876,,,,,,,
18,11/17/2009,2009,November,11,5.21,2.288625633,2.08025734,-5.469736946,4.846666667,,,,
1,12/15/2009,2009,December,12,4.07,1.634846219,,,,,,,
17,12/15/2009,2009,December,12,4.66,1.97320574,,,,,,,
18,12/15/2009,2009,December,12,4.71,2.001880276,1.869977412,-3.599759534,4.48,,,,
1,1/20/2010,2010,January,1,1.04,-0.102830646,,,,,,,
17,1/20/2010,2010,January,1,2.02,0.459190254,,,,,,,
18,1/20/2010,2010,January,1,1.82,0.344492112,0.23361724,-3.366142294,1.626666667,,,,
1,2/16/2010,2010,February,2,0.22,-0.573093031,,,,,,,
17,2/16/2010,2010,February,2,0.19,-0.590297753,,,,,,,
18,2/16/2010,2010,February,2,0.16,-0.607502474,-0.590297753,-3.956440047,0.19,,,,
1,3/17/2010,2010,March,3,1.78,0.321552483,,,,,,,
17,3/17/2010,2010,March,3,1.14,-0.045481574,,,,,,,
18,3/17/2010,2010,March,3,1.78,0.321552483,0.199207797,-3.75723225,1.566666667,,,,
1,4/14/2010,2010,April,4,3.96,1.57176224,,,,,,,
17,4/14/2010,2010,April,4,1.62,0.229793969,,,,,,,
18,4/14/2010,2010,April,4,0.87,-0.200324067,0.533744047,-3.223488203,2.15,,,,
1,5/17/2010,2010,May,5,0.75,-0.269142953,,,,,,,
17,5/17/2010,2010,May,5,0.48,-0.423985446,,,,,,,
18,5/17/2010,2010,May,5,0.44,-0.446925074,-0.380017824,-3.603506027,0.556666667,,,,
1,6/15/2010,2010,June,6,0.53,-0.39531091,,,,,,,
17,6/15/2010,2010,June,6,0.23,-0.567358124,,,,,,,
18,6/15/2010,2010,June,6,0.37,-0.487069424,-0.483246153,-4.08675218,0.376666667,,,,
1,7/12/2010,2010,July,7,0.79,-0.246203324,,,,,,,
17,7/12/2010,2010,July,7,0.21,-0.578827939,,,,,,,
18,7/12/2010,2010,July,7,0.88,-0.19458916,-0.339873474,-4.426625654,0.626666667,,,,
1,8/17/2010,2010,August,8,1.20,-0.011072131,,,,,,,
17,8/17/2010,2010,August,8,0.42,-0.458394889,,,,,,,
18,8/17/2010,2010,August,8,0.36,-0.492804331,-0.320757117,-4.747382771,0.66,,,,
1,9/15/2010,2010,September,9,0.98,-0.137240089,,,,,,,
17,9/15/2010,2010,September,9,0.49,-0.418250539,,,,,,,
18,9/15/2010,2010,September,9,0.92,-0.171649531,-0.242380053,-4.989762824,0.796666667,,,,
1,10/13/2010,2010,October,10,2.36,0.654119748,,,,,,,
17,10/13/2010,2010,October,10,2.55,0.762796239,,,,,,,
18,10/13/2010,2010,October,10,3.03,1.035548422,0.817488136,-4.172274688,2.644766667,,,,
1,11/16/2010,2010,November,11,7.07,3.355318362,,,,,,,
17,11/16/2010,2010,November,11,2.63,0.811370902,,,,,,,
18,11/16/2010,2010,November,11,2.33,0.638291405,1.601660223,-2.570614465,4.012133333,,,,
1,12/8/2010,2010,December,12,1.06,-0.089124218,,,,,,,
17,12/8/2010,2010,December,12,2.19,0.554102968,,,,,,,
18,12/8/2010,2010,December,12,1.20,-0.013079349,0.150633134,-2.419981331,1.481966667,,,,
1,1/19/2011,2011,January,1,0.62,-0.345589265,,,,,,,
17,1/19/2011,2011,January,1,0.60,-0.356772334,,,,,,,
18,1/19/2011,2011,January,1,0.91,-0.175778665,-0.292713421,-2.712694752,0.7089,,,,
1,2/17/2011,2011,February,2,0.48,-0.422150275,,,,,,,
17,2/17/2011,2011,February,2,0.25,-0.553307602,,,,,,,
18,2/17/2011,2011,February,2,0.20,-0.582842374,-0.519433417,-3.232128169,0.313566667,,,,
1,3/17/2011,2011,March,3,0.37,-0.488847246,,,,,,,
17,3/17/2011,2011,March,3,0.72,-0.284569853,,,,,,,
18,3/17/2011,2011,March,3,0.72,-0.287150561,-0.353522553,-3.585650723,0.602866667,,,,
1,4/13/2011,2011,April,4,0.34,-0.50645341,,,,,,,
17,4/13/2011,2011,April,4,1.06,-0.089812406,,,,,,,
18,4/13/2011,2011,April,4,0.86,-0.205485484,-0.267250433,-3.852901156,0.7533,,,,
1,5/18/2011,2011,May,5,0.72,-0.286347674,,,,,,,
17,5/18/2011,2011,May,5,0.5,-0.412515631,,,,,,,
18,5/18/2011,2011,May,5,0.28,-0.538683589,-0.412515631,-4.265416788,0.5,,,,
1,6/14/2011,2011,June,6,0.85,-0.211793881,,,,,,,
17,6/14/2011,2011,June,6,0.12,-0.630442103,,,,,,,
18,6/14/2011,2011,June,6,0.17,-0.601767567,-0.481334517,-4.746751305,0.38,,,,
1,7/11/2011,2011,July,7,0.53,-0.39531091,,,,,,,
17,7/11/2011,2011,July,7,0.68,-0.309287303,,,,,,,
18,7/11/2011,2011,July,7,0.54,-0.389576003,-0.364724739,-5.111476043,0.583333333,,,,
1,8/16/2011,2011,August,8,1.19,-0.016807039,,,,,,,
17,8/16/2011,2011,August,8,0.38,-0.481334517,,,,,,,
18,8/16/2011,2011,August,8,0.16,-0.607502474,-0.36854801,-5.480024053,0.576666667,,,,
1,9/13/2011,2011,September,9,0.83,-0.223263696,,,,,,,
17,9/13/2011,2011,September,9,0.5,-0.412515631,,,,,,,
18,9/13/2011,2011,September,9,0.1,-0.641911917,-0.425897081,-5.905921135,0.476666667,,,,
1,10/11/2011,2011,October,10,1.41,0.109360919,,,,,,,
17,10/11/2011,2011,October,10,0.62,-0.343696746,,,,,,,
18,10/11/2011,2011,October,10,0.32,-0.51574396,-0.250026596,-6.15594773,0.783333333,,,,
1,11/15/2011,2011,November,11,3.80,1.480003726,,,,,,,
17,11/15/2011,2011,November,11,8.67,4.272903505,,,,,,,
18,11/15/2011,2011,November,11,6.63,3.102982448,2.951963226,-3.203984504,6.366666667,,,,
1,12/13/2011,2011,December,12,9.80,4.920948012,,,,,,,
17,12/13/2011,2011,December,12,7.46,3.578979741,,,,,,,
18,12/13/2011,2011,December,12,3.90,1.537352797,3.345760183,0.141775679,7.053333333,,,,
1,1/9/2012,2012,January,1,1.21,-0.005337224,,,,,,,
17,1/9/2012,2012,January,1,2.38,0.665646912,,,,,,,
18,1/9/2012,2012,January,1,0.61,-0.349431653,0.103626011,0.245401691,1.4,,,,
1,2/23/2012,2012,February,2,0.26,-0.550153403,,,,,,,
17,2/23/2012,2012,February,2,0.17,-0.601767567,,,,,,,
18,2/23/2012,2012,February,2,0.21,-0.578827939,-0.576916303,-0.331514612,0.213333333,,,,
1,3/12/2012,2012,March,3,0.38,-0.481334517,,,,,,,
17,3/12/2012,2012,March,3,0.21,-0.578827939,,,,,,,
18,3/12/2012,2012,March,3,0.20,-0.584562846,-0.548241767,-0.879756379,0.263333333,,,,
1,4/16/2012,2012,April,4,0.30,-0.527213774,,,,,,,
17,4/16/2012,2012,April,4,0.18,-0.59603266,,,,,,,
18,4/16/2012,2012,April,4,0.10,-0.641911917,-0.588386117,-1.468142496,0.193333333,,,,
1,5/16/2012,2012,May,5,0.25,-0.55588831,,,,,,,
17,5/16/2012,2012,May,5,0.35,-0.498539239,,,,,,,
18,5/16/2012,2012,May,5,0.13,-0.624707196,-0.559711581,-2.027854078,0.243333333,,,,
1,6/13/2012,2012,June,6,0.46,-0.43545526,,,,,,,
17,6/13/2012,2012,June,6,0.33,-0.510009053,,,,,,,
18,6/13/2012,2012,June,6,0.31,-0.521478867,-0.48898106,-2.516835138,0.366666667,,,,
1,7/17/2012,2012,July,7,0.77,-0.257673139,,,,,,,
17,7/17/2012,2012,July,7,0.56,-0.378106189,,,,,,,
18,7/17/2012,2012,July,7,0.32,-0.51574396,-0.383841096,-2.900676234,0.55,,,,
1,8/14/2012,2012,August,8,0.35,-0.498539239,,,,,,,
17,8/14/2012,2012,August,8,0.11,-0.63617701,,,,,,,
18,8/14/2012,2012,August,8,0.28,-0.538683589,-0.557799946,-3.458476179,0.246666667,,,,
1,9/12/2012,2012,September,9,2.55,0.763140333,,,,,,,
17,9/12/2012,2012,September,9,0.24,-0.561623217,,,,,,,
18,9/12/2012,2012,September,9,0.01,-0.693526082,-0.164002989,-3.622479168,0.933333333,,,,
1,10/18/2012,2012,October,10,1.35,0.074951476,,,,,,,
17,10/18/2012,2012,October,10,1.50,0.160975083,,,,,,,
18,10/18/2012,2012,October,10,1.12,-0.056951389,0.05965839,-3.562820778,1.323333333,,,,
1,11/13/2012,2012,November,11,2.27,0.602562933,,,,,,,
17,11/13/2012,2012,November,11,3.34,1.216197997,,,,,,,
18,11/13/2012,2012,November,11,3.82,1.49147354,1.10341149,-2.459409288,3.143333333,,,,
1,12/11/2012,2012,December,12,3.51,1.313691419,,,,,,,
17,12/11/2012,2012,December,12,3.75,1.45132919,,,,,,,
18,12/11/2012,2012,December,12,1.52,0.172444897,0.979155169,-1.480254119,2.926666667,,,,
1,1/14/2013,2013,January,1,1.47,0.143770362,,,,,,,
17,1/14/2013,2013,January,1,2.40,0.677116726,,,,,,,
18,1/14/2013,2013,January,1,0.92,-0.171649531,0.216412519,-1.2638416,1.596666667,,,,
1,2/13/2013,2013,February,2,0.67,-0.31502221,,,,,,,
17,2/13/2013,2013,February,2,3.46,1.285016883,,,,,,,
18,2/13/2013,2013,February,2,2.04,0.470660069,0.480218247,-0.783623353,2.056666667,,,,
1,3/11/2013,2013,March,3,0.39,-0.47559961,,,,,,,
17,3/11/2013,2013,March,3,0.11,-0.63617701,,,,,,,
18,3/11/2013,2013,March,3,0.12,-0.630442103,-0.580739574,-1.364362927,0.206666667,,,,
1,4/17/2013,2013,April,4,0.35,-0.498539239,,,,,,,
17,4/17/2013,2013,April,4,0.33,-0.510009053,,,,,,,
18,4/17/2013,2013,April,4,0.47,-0.429720353,-0.479422881,-1.843785809,0.383333333,,,,
1,5/14/2013,2013,May,5,0.65,-0.326492024,,,,,,,
17,5/14/2013,2013,May,5,0.28,-0.538683589,,,,,,,
18,5/14/2013,2013,May,5,0.26,-0.550153403,-0.471776339,-2.315562147,0.396666667,,,,
1,6/11/2013,2013,June,6,1.28,0.034807126,,,,,,,
17,6/11/2013,2013,June,6,0.66,-0.320757117,,,,,,,
18,6/11/2013,2013,June,6,0.53,-0.39531091,-0.227086967,-2.542649115,0.823333333,,,,
1,7/16/2013,2013,July,7,0.30,-0.527213774,,,,,,,
17,7/16/2013,2013,July,7,0.63,-0.337961839,,,,,,,
18,7/16/2013,2013,July,7,0.71,-0.292082581,-0.385752731,-2.928401846,0.546666667,,,,
1,8/13/2013,2013,August,8,0.62,-0.343696746,,,,,,,
17,8/13/2013,2013,August,8,0.27,-0.544418496,,,,,,,
18,8/13/2013,2013,August,8,0.71,-0.292082581,-0.393399274,-3.32180112,0.533333333,,,,
1,9/16/2013,2013,September,9,1.83,0.350227019,,,,,,,
17,9/16/2013,2013,September,9,1.31,0.052011847,,,,,,,
18,9/16/2013,2013,September,9,0.26,-0.550153403,-0.049304846,-3.371105966,1.133333333,,,,
1,10/22/2013,2013,October,10,2.69,0.843429033,,,,,,,
17,10/22/2013,2013,October,10,1.88,0.378901554,,,,,,,
18,10/22/2013,2013,October,10,1.93,0.40757609,0.543302226,-2.82780374,2.166666667,,,,
1,11/20/2013,2013,November,11,2.55,0.763140333,,,,,,,
17,11/20/2013,2013,November,11,2.42,0.68858654,,,,,,,
18,11/20/2013,2013,November,11,2.43,0.694321447,0.71534944,-2.1124543,2.466666667,,,,
1,12/16/2013,2013,December,12,4.57,1.921591576,,,,,,,
17,12/16/2013,2013,December,12,4.16,1.686460383,,,,,,,
18,12/16/2013,2013,December,12,0.72,-0.286347674,1.107234762,-1.005219538,3.15,,,,
1,1/15/2014,2014,January,1,0.52,-0.401045817,,,,,,,
17,1/15/2014,2014,January,1,0.22,-0.573093031,,,,,,,
18,1/15/2014,2014,January,1,0.15,-0.613237381,-0.52912541,-1.534344948,0.296666667,,,,
1,2/18/2014,2014,February,2,0.57,-0.372371281,,,,,,,
17,2/18/2014,2014,February,2,0.44,-0.446925074,,,,,,,
18,2/18/2014,2014,February,2,0.34,-0.504274146,-0.441190167,-1.975535116,0.45,,,,
1,3/21/2014,2014,March,3,0.26,-0.550153403,,,,,,,
17,3/21/2014,2014,March,3,0.21,-0.578827939,,,,,,,
18,3/21/2014,2014,March,3,0.09,-0.647646824,-0.592209389,-2.567744504,0.186666667,,,,
1,4/18/2014,2014,April,4,0.48 ,-0.423985446,,,,,,,
17,4/18/2014,2014,April,4,0.11 ,-0.63617701,,,,,,,
18,4/18/2014,2014,April,4,0.09 ,-0.647646824,-0.56926976,-3.137014264,0.226666667,,,,
1,5/13/2014,2014,May,5,0.63 ,-0.337961839,,,,,,,
17,5/13/2014,2014,May,5,0.12 ,-0.630442103,,,,,,,
18,5/13/2014,2014,May,5,0.13 ,-0.624707196,-0.531037046,-3.66805131,0.293333333,,,,
1,6/18/2014,2014,June,6,0.27 ,-0.544418496,,,,,,,
17,6/18/2014,2014,June,6,0.15 ,-0.613237381,,,,,,,
18,6/18/2014,2014,June,6,0.08 ,-0.653381731,-0.603679203,-4.271730513,0.166666667,,,,
1,7/14/2014,2014,July,7,1.36 ,0.080686383,,,,,,,
17,7/14/2014,2014,July,7,0.16 ,-0.607502474,,,,,,,
18,7/14/2014,2014,July,7,0.57 ,-0.372371281,-0.299729124,-4.571459637,0.696666667,,,,
1,8/13/2014,2014,August,8,1.02 ,-0.11430046,,,,,,,
17,8/13/2014,2014,August,8,0.24 ,-0.561623217,,,,,,,
18,8/13/2014,2014,August,8,0.22 ,-0.573093031,-0.416338903,-4.98779854,0.493333333,,,,
1,9/16/2014,2014,September,9,2.64 ,0.814754497,,,,,,,
17,9/16/2014,2014,September,9,2.31 ,0.625502562,,,,,,,
18,9/16/2014,2014,September,9,1.83 ,0.350227019,0.596828026,-4.390970514,2.26,,,,
1,10/17/2014,2014,October,10,0.74,-0.27487786,,,,,,,
17,10/17/2014,2014,October,10,1.98,0.436250626,,,,,,,
18,10/17/2014,2014,October,10,0.16,-0.607502474,-0.148709903,-4.539680417,0.96,,,,
1,11/10/2014,2014,November,11,3.21,1.141644205,,,,,,,
17,11/10/2014,2014,November,11,3.80,1.480003726,,,,,,,
18,11/10/2014,2014,November,11,3.96,1.57176224,1.39780339,-3.141877027,3.656666667,,,,
1,12/15/2014,2014,December,12,3.68,1.41118484,,,,,,,
17,12/15/2014,2014,December,12,3.56,1.342365955,,,,,,,
18,12/15/2014,2014,December,12,3.17,1.118704576,1.29075179,-1.851125236,3.47,,,,
1,1/15/2015,2015,January,1,1.66 ,0.252733597,,,,,,,
17,1/15/2015,2015,January,1,1.75 ,0.304347762,,,,,,,
18,1/15/2015,2015,January,1,0.74 ,-0.27487786,0.094067833,-1.757057404,1.383333333,,,,
1,2/15/2015,2015,February,2,,,,,,,,,
17,2/15/2015,2015,February,2,,,,,,,,,
18,2/15/2015,2015,February,2,,,,,,,,,
1,3/16/2015,2015,March,3,0.57 ,-0.372371281,,,,,,,
17,3/16/2015,2015,March,3,0.05 ,-0.670586453,,,,,,,
18,3/16/2015,2015,March,3,0.24 ,-0.561623217,-0.534860317,-2.291917721,0.286666667,,,,
1,4/24/2015,2015,April,4,0.27 ,-0.544418496,,,,,,,
17,4/24/2015,2015,April,4,0.21 ,-0.578827939,,,,,,,
18,4/24/2015,2015,April,4,0.34 ,-0.504274146,-0.54250686,-2.834424581,0.273333333,,,,
1,5/12/2015,2015,May,5,0.30 ,-0.527213774,,,,,,,
17,5/12/2015,2015,May,5,0.35 ,-0.498539239,,,,,,,
18,5/12/2015,2015,May,5,0.30 ,-0.527213774,-0.517655596,-3.352080177,0.316666667,,,,
1,6/15/2015,2015,June,6,0.23 ,-0.567358124,,,,,,,
17,6/15/2015,2015,June,6,0.06 ,-0.664851546,,,,,,,
18,6/15/2015,2015,June,6,0.08 ,-0.653381731,-0.628530467,-3.980610644,0.123333333,,,,
1,7/16/2015,2015,July,7,0.45 ,-0.441190167,,,,,,,
17,7/16/2015,2015,July,7,0.32 ,-0.51574396,,,,,,,
18,7/16/2015,2015,July,7,0.26 ,-0.550153403,-0.50236251,-4.482973154,0.343333333,,,,
1,8/13/2015,2015,August,8,1.54 ,0.183914712,,,,,,,
17,8/13/2015,2015,August,8,0.14 ,-0.618972289,,,,,,,
18,8/13/2015,2015,August,8,0.93 ,-0.165914624,-0.200324067,-4.683297221,0.87,,,,
1,9/14/2015,2015,September,9,1.12 ,-0.056951389,,,,,,,
17,9/14/2015,2015,September,9,0.33 ,-0.510009053,,,,,,,
18,9/14/2015,2015,September,9,1.61 ,0.224059062,-0.11430046,-4.797597681,1.02,,,,
1,10/14/2015,2015,October,10,4.05 ,1.623376405,,,,,,,
17,10/14/2015,2015,October,10,4.17 ,1.69219529,,,,,,,
18,10/14/2015,2015,October,10,4.54 ,1.904386855,1.739986183,-3.057611498,4.253333333,,,,
1,11/18/2015,2015,November,11,2.47 ,0.717261076,,,,,,,
17,11/18/2015,2015,November,11,2.86 ,0.940922454,,,,,,,
18,11/18/2015,2015,November,11,2.51 ,0.740200704,0.799461412,-2.258150086,2.613333333,,,,
1,12/14/2015,2015,December,12,2.44 ,0.700056354,,,,,,,
17,12/14/2015,2015,December,12,2.98 ,1.00974134,,,,,,,
18,12/14/2015,2015,December,12,3.00 ,1.021211155,0.910336283,-1.347813803,2.806666667,,,,
1,1/14/2016,2016,January,1,0.29 ,-0.532948681,,,,,,,
17,1/14/2016,2016,January,1,0.45 ,-0.441190167,,,,,,,
18,1/14/2016,2016,January,1,0.26 ,-0.550153403,-0.508097417,-1.85591122,0.333333333,,,,
1,2/18/2016,2016,February,2,0.67 ,-0.31502221,,,,,,,
17,2/18/2016,2016,February,2,0.53 ,-0.39531091,,,,,,,
18,2/18/2016,2016,February,2,0.55 ,-0.383841096,-0.364724739,-2.220635959,0.583333333,,,,
1,3/15/2016,2016,March,3,0.96 ,-0.148709903,,,,,,,
17,3/15/2016,2016,March,3,0.77 ,-0.257673139,,,,,,,
18,3/15/2016,2016,March,3,0.69 ,-0.303552396,-0.236645146,-2.457281104,0.806666667,,,,
1,4/14/2016,2016,April,4,0.30 ,-0.527213774,,,,,,,
17,4/14/2016,2016,April,4,0.16 ,-0.607502474,,,,,,,
18,4/14/2016,2016,April,4,0.06 ,-0.664851546,-0.599855931,-3.057137036,0.173333333,,,,
1,5/17/2016,2016,May,5,0.20 ,-0.584562846,,,,,,,
17,5/17/2016,2016,May,5,0.08 ,-0.653381731,,,,,,,
18,5/17/2016,2016,May,5,0.09 ,-0.647646824,-0.628530467,-3.685667503,0.123333333,,,,
1,6/21/2016,2016,June,6,0.31 ,-0.521478867,,,,,,,
17,6/21/2016,2016,June,6,0.06 ,-0.664851546,,,,,,,
18,6/21/2016,2016,June,6,0.06 ,-0.664851546,-0.617060653,-4.302728156,0.143333333,,,,
1,7/20/2016,2016,July,7,0.35 ,-0.498539239,,,,,,,
17,7/20/2016,2016,July,7,0.14 ,-0.618972289,,,,,,,
18,7/20/2016,2016,July,7,0.07 ,-0.659116639,-0.592209389,-4.894937545,0.186666667,,,,
1,8/16/2016,2016,August,8,0.46 ,-0.43545526,,,,,,,
17,8/16/2016,2016,August,8,0.07 ,-0.659116639,,,,,,,
18,8/16/2016,2016,August,8,0.14 ,-0.618972289,-0.571181396,-5.46611894,0.223333333,,,,
1,9/12/2016,2016,September,9,1.58 ,0.20685434,,,,,,,
17,9/12/2016,2016,September,9,1.40 ,0.103626011,,,,,,,
18,9/12/2016,2016,September,9,1.33 ,0.063481661,0.124654004,-5.341464936,1.436666667,,,,
1,10/13/2016,2016,October,10,7.60 ,3.659268441,,,,,,,
17,10/13/2016,2016,October,10,6.88 ,3.246355126,,,,,,,
18,10/13/2016,2016,October,10,6.34 ,2.936670141,3.280764569,-2.060700367,6.94,,,,
1,11/14/2016,2016,November,11,2.56 ,0.76887524,,,,,,,
17,11/14/2016,2016,November,11,3.40 ,1.25060744,,,,,,,
18,11/14/2016,2016,November,11,3.32 ,1.204728183,1.074736955,-0.985963412,3.093333333,,,,
1,12/14/16,2016,December,12,1.08 ,-0.079891017,,,,,,,
17,12/14/16,2016,December,12,0.86 ,-0.206058974,,,,,,,
18,12/14/16,2016,December,12,0.70 ,-0.297817489,-0.19458916,-1.180552572,0.88,,,,
1,1/15/2017,2017,January,1,0.21,-0.578827939,,,,,,,
17,1/15/2017,2017,January,1,0.37,-0.487069424,,,,,,,
18,1/15/2017,2017,January,1,0.18,-0.59603266,-0.553976674,-1.734529247,0.253333333,,,,
1,2/18/2017,2017,February,2,0.59,-0.360901467,,,,,,,
17,2/18/2017,2017,February,2,0.45,-0.441190167,,,,,,,
18,2/18/2017,2017,February,2,0.47,-0.429720353,-0.410603996,-2.145133242,0.503333333,,,,
1,3/23/2017,2017,March,3,0.5,-0.412515631,,,,,,,
17,3/23/2017,2017,March,3,1.26,0.023337311,,,,,,,
18,3/23/2017,2017,March,3,0.76,-0.263408046,-0.217528789,-2.362662031,0.84,,,,
1,,2017,April,4,,,,,,,,,
17,,2017,April,4,,,,,,,,,
18,,2017,April,4,,,,,,,,,
1,5/31/2017,2017,May,5,0.66,-0.320757117,,,,,,,
17,5/31/2017,2017,May,5,0.35,-0.498539239,,,,,,,
18,5/31/2017,2017,May,5,0.28,-0.538683589,-0.452659981,-2.815322012,0.43,,,,
1,6/29/2017,2017,June,6,0.32,-0.51574396,,,,,,,
17,6/29/2017,2017,June,6,0.28,-0.538683589,,,,,,,
18,6/29/2017,2017,June,6,0.28,-0.538683589,-0.531037046,-3.346359058,0.293333333,,,,
1,7/18/2017,2017,July,7,0.31,-0.521478867,,,,,,,
17,7/18/2017,2017,July,7,0.14,-0.618972289,,,,,,,
18,7/18/2017,2017,July,7,0.17,-0.601767567,-0.580739574,-3.927098633,0.206666667,,,,
1,,2017,August,8,,,,,,,,,
17,,2017,August,8,,,,,,,,,
18,,2017,August,8,,,,,,,,,
1,10/2/2017,2017,September,9,4.17,1.69219529,,,,,,,
17,10/2/2017,2017,September,9,3.81,1.485738633,,,,,,,
18,10/2/2017,2017,September,9,4.73,2.01335009,1.730428005,-2.196670628,4.236666667,,,,
1,,2017,October,10,,,,,,,,,
17,,2017,October,10,,,,,,,,,
18,,2017,October,10,,,,,,,,,
1,11/14/2017,2017,November,11,6.3,2.913730512,,,,,,,
17,11/14/2017,2017,November,11,6.67,3.125922076,,,,,,,
18,11/14/2017,2017,November,11,4.07,1.634846219,2.558166269,0.361495641,5.68,,,,
1,12/20/2017,2017,December,12,1.96,0.424780812,,,,,,,
17,12/20/2017,2017,December,12,3.01,1.026946062,,,,,,,
18,12/20/2017,2017,December,12,3.01,1.026946062,0.826224312,1.187719953,2.66,,,,
1,1/26/2018,2018,January,1,0.35,-0.498539239,,,,,,,
17,1/26/2018,2018,January,1,0.63,-0.337961839,,,,,,,
18,1/26/2018,2018,January,1,0.29,-0.532948681,-0.456483253,0.7312367,0.423333333,,,,
1,2/21/2018,2018,February,2,0.33,-0.510009053,,,,,,,
17,2/21/2018,2018,February,2,0.73,-0.280612767,,,,,,,
18,2/21/2018,2018,February,2,0.39,-0.47559961,-0.42207381,0.30916289,0.483333333,,,,
1,3/27/2018,2018,March,3,0.29,-0.532948681,,,,,,,
17,3/27/2018,2018,March,3,0.28,-0.538683589,,,,,,,
18,3/27/2018,2018,March,3,0.28,-0.538683589,-0.536771953,-0.227609063,0.283333333,,,,
1,4/26/2018,2018,April,4,0.48,-0.423985446,,,,,,,
17,4/26/2018,2018,April,4,0.42,-0.458394889,,,,,,,
18,4/26/2018,2018,April,4,0.38,-0.481334517,-0.454571617,-0.68218068,0.426666667,,,,
1,5/22/2018,2018,May,5,1.98,0.436250626,,,,,,,
17,5/22/2018,2018,May,5,1.21,-0.005337224,,,,,,,
18,5/22/2018,2018,May,5,0.23,-0.567358124,-0.045481574,-0.727662254,1.14,,,,
1,6/21/2018,2018,June,6,0.19,-0.590297753,,,,,,,
17,6/21/2018,2018,June,6,0.18,-0.59603266,,,,,,,
18,6/21/2018,2018,June,6,0.22,-0.573093031,-0.586474481,-1.314136736,0.196666667,,,,
1,8/2/2018,2018,July,7,0.23,-0.567358124,,,,,,,
17,8/2/2018,2018,July,7,0.2,-0.584562846,,,,,,,
18,8/2/2018,2018,July,7,0.41,-0.464129796,-0.538683589,-1.852820325,0.28,,,,
1,8/28/2018,2018,August,8,0.29,-0.532948681,,,,,,,
17,8/28/2018,2018,August,8,0.2,-0.584562846,,,,,,,
18,8/28/2018,2018,August,8,0.14,-0.618972289,-0.578827939,-2.431648263,0.21,,,,
1,9/19/2018,2018,September,9,2.59,0.786079962,,,,,,,
17,9/19/2018,2018,September,9,3.18,1.124439483,,,,,,,
18,9/19/2018,2018,September,9,0.22,-0.573093031,0.445808804,-1.985839459,1.996666667,,,,
1,10/23/2018,2018,October,10,1.62,0.229793969,,,,,,,
17,10/23/2018,2018,October,10,1.38,0.092156197,,,,,,,
18,10/23/2018,2018,October,10,2.44,0.700056354,0.34066884,-1.645170619,1.813333333,,,,
1,11/14/2018,2018,November,11,2.53,0.751670519,,,,,,,
17,11/14/2018,2018,November,11,3.37,1.233402719,,,,,,,
18,11/14/2018,2018,November,11,3.29,1.187523462,1.057532233,-0.587638386,3.063333333,,,,
1,12/4/2018,2018,December,12,3.29,1.187523462,,,,,,,
17,12/4/2018,2018,December,12,6.05,2.770357833,,,,,,,
18,12/4/2018,2018,December,12,6.82,3.211945683,2.389942326,1.802303941,5.386666667,,,,
1,,2019,January,1,,,,,,,,,
17,,2019,January,1,,,,,,,,,
18,,2019,January,1,,,,,,,,,
1,,2019,February,2,,,,,,,,,
17,,2019,February,2,,,,,,,,,
18,,2019,February,2,,,,,,,,,
1,4/4/2019,2019,March,3,0.53,-0.39531091,,,,,,,
17,4/4/2019,2019,March,3,0.18,-0.59603266,,,,,,,
18,4/4/2019,2019,March,3,0.21,-0.578827939,-0.523390503,1.278913438,0.306666667,,,,
1,4/30/2019,2019,April,4,1.40 ,0.103626011,,,,,,,
17,4/30/2019,2019,April,4,1.71 ,0.281408133,,,,,,,
18,4/30/2019,2019,April,4,0.35 ,-0.498539239,-0.037835031,1.241078406,1.153333333,,,,
1,5/17/2019,2019,May,5,0.83 ,-0.223263696,,,,,,,
17,5/17/2019,2019,May,5,0.73 ,-0.280612767,,,,,,,
18,5/17/2019,2019,May,5,0.20 ,-0.584562846,-0.362813103,0.878265303,0.586666667,,,,
1,6/25/2019,2019,June,6,0.11 ,-0.63617701,,,,,,,
17,6/25/2019,2019,June,6,0.37 ,-0.487069424,,,,,,,
18,6/25/2019,2019,June,6,0.17 ,-0.601767567,-0.575004667,0.303260636,0.216666667,,,,
1,7/25/2019,2019,July,7,0.17 ,-0.601767567,,,,,,,
17,7/25/2019,2019,July,7,0.28 ,-0.538683589,,,,,,,
18,7/25/2019,2019,July,7,0.15 ,-0.613237381,-0.584562846,-0.28130221,0.2,,,,
1,,2019,August,8,,,,,,,,,
17,,2019,August,8,,,,,,,,,
18,,2019,August,8,,,,,,,,,
1,9/25/2019,2019,September,9,1.04 ,-0.102830646,,,,,,,
17,9/25/2019,2019,September,9,0.23 ,-0.567358124,,,,,,,
18,9/25/2019,2019,September,9,0.78 ,-0.251938231,-0.307375667,-0.588677877,0.683333333,,,,
1,10/29/2019,2019,October,10,2.88 ,0.952392269,,,,,,,
17,10/29/2019,2019,October,10,3.35 ,1.221932905,,,,,,,
18,10/29/2019,2019,October,10,2.51 ,0.740200704,0.971508626,0.382830749,2.913333333,,,,
1,,2019,November,11,,,,,,,,,
17,,2019,November,11,,,,,,,,,
18,,2019,November,11,,,,,,,,,
1,12/29/2019,2019,December,12,1.33 ,0.063481661,,,,,,,
17,12/29/2019,2019,December,12,1.45 ,0.132300547,,,,,,,
18,12/29/2019,2019,December,12,1.55 ,0.189649619,0.128477276,0.511308025,1.443333333,,,,
1,,2020,January,1,,,,,,,,,
17,,2020,January,1,,,,,,,,,
18,,2020,January,1,,,,,,,,,
1,,2020,February,2,,,,,,,,,
17,,2020,February,2,,,,,,,,,
18,,2020,February,2,,,,,,,,,
1,,2020,March,3,,,,,,,,,
17,,2020,March,3,,,,,,,,,
18,,2020,March,3,,,,,,,,,
1,,2020,April,4,,,,,,,,,
17,,2020,April,4,,,,,,,,,
18,,2020,April,4,,,,,,,,,
1,,2020,May,5,,,,,,,,,
17,,2020,May,5,,,,,,,,,
18,,2020,May,5,,,,,,,,,
1,6/24/20,2020,June,6,0.24 ,-0.561623217,,,,,,,
17,6/24/20,2020,June,6,0.14 ,-0.618972289,,,,,,,
18,6/24/20,2020,June,6,0.28 ,-0.538683589,-0.573093031,-0.061785006,0.22,,,,
1,7/29/22,2020,July,7,0.81 ,-0.23473351,,,,,,,
17,7/29/22,2020,July,7,0.76 ,-0.263408046,,,,,,,
18,7/29/22,2020,July,7,1.30 ,0.04627694,-0.150621539,-0.212406545,0.956666667,,,,
1,8/27/20,2020,August,8,0.59 ,-0.360901467,,,,,,,
17,8/27/20,2020,August,8,0.32 ,-0.51574396,,,,,,,
18,8/27/20,2020,August,8,0.19 ,-0.590297753,-0.48898106,-0.701387605,0.366666667,,,,
1,9/23/20,2020,September,9,2.42 ,0.68858654,,,,,,,
17,9/23/20,2020,September,9,1.39 ,0.097891104,,,,,,,
18,9/23/20,2020,September,9,1.79 ,0.32728739,0.371255012,-0.330132593,1.866666667,,,,
1,10/21/20,2020,October,10,2.28 ,0.60829784,,,,,,,
17,10/21/20,2020,October,10,1.40 ,0.103626011,,,,,,,
18,10/21/20,2020,October,10,0.19 ,-0.590297753,0.040542033,-0.289590561,1.29,,,,
1,11/20/20,2020,November,11,0.39 ,-0.47559961,,,,,,,
17,11/20/20,2020,November,11,0.58 ,-0.366636374,,,,,,,
18,11/20/20,2020,November,11,0.30 ,-0.527213774,-0.456483253,-0.746073813,0.423333333,,,,
1,,2020,December,12,,,,,,,,,
17,,2020,December,12,,,,,,,,,
18,,2020,December,12,,,,,,,,,
1,,2020,January,1,,,,,,,,,
17,,2020,January,1,,,,,,,,,
18,,2020,January,1,,,,,,,,,
1,2/4/2021,2021,February,2,4.17,1.69219529,,,,,,,
17,2/4/2021,2021,February,2,2.29,0.614032747,,,,,,,
18,2/4/2021,2021,February,2,1.96,0.424780812,0.910336283,0.16426247,2.806666667,,,,
1,3/26/2021,2021,March,3,0.83,-0.223263696,,,,,,,
17,3/26/2021,2021,March,3,0.60,-0.35516656,,,,,,,
18,3/26/2021,2021,March,3,0.95,-0.15444481,-0.244291689,-0.080029219,0.793333333,,,,
1,4/28/2021,2021,April,4,0.20,-0.584562846,,,,,,,
17,4/28/2021,2021,April,4,0.17,-0.601767567,,,,,,,
18,4/28/2021,2021,April,4,0.55,-0.383841096,-0.523390503,-0.603419722,0.306666667,,,,
1,5/19/2021,2021,May,5,0.41,-0.464129796,,,,,,,
17,5/19/2021,2021,May,5,0.65,-0.326492024,,,,,,,
18,5/19/2021,2021,May,5,0.70,-0.297817489,-0.362813103,-0.966232825,0.586666667,,,,
1,6/30/2021,2021,June,6,0.37,-0.487069424,,,,,,,
17,6/30/2021,2021,June,6,1.75,0.304347762,,,,,,,
18,6/30/2021,2021,June,6,0.15,-0.613237381,-0.265319681,-1.231552506,0.756666667,,,,
1,7/28/2021,2021,July,7,1.00,-0.125770274,,,,,,,
17,7/28/2021,2021,July,7,0.11,-0.637897482,,,,,,,
18,7/28/2021,2021,July,7,0.50,-0.412515631,-0.392061129,-1.623613635,0.535666667,,,,
1,8/25/2021,2021,August,8,1.77,0.315817576,,,,,,,
17,8/25/2021,2021,August,8,0.41,-0.464129796,,,,,,,
18,8/25/2021,2021,August,8,1.94,0.413310997,0.088332926,-1.53528071,1.373333333,,,,
1,9/29/2021,2021,September,9,1.32,0.057746754,,,,,,,
17,9/29/2021,2021,September,9,1.03,-0.108565553,,,,,,,
18,9/29/2021,2021,September,9,0.47,-0.429720353,-0.160179717,-1.695460427,0.94,,,,
1,10/27/2021,2021,October,10,1.20,-0.011072131,,,,,,,
17,10/27/2021,2021,October,10,1.01,-0.120035367,,,,,,,
18,10/27/2021,2021,October,10,2.04,0.470660069,0.11318419,-1.582276237,1.416666667,,,,
1,11/16/2021,2021,November,11,1.59,0.212589247,,,,,,,
17,11/16/2021,2021,November,11,2.36,0.654177097,,,,,,,
18,11/16/2021,2021,November,11,1.14,-0.045481574,0.27376159,-1.308514647,1.696666667,,,,
1,12/15/2021,2021,December,12,4.57,1.921591576,,,,1.22,,,
17,12/15/2021,2021,December,12,4.16,1.686460383,,,,1.74,,,
18,12/15/2021,2021,December,12,0.72,-0.286347674,1.107234762,-0.201279885,3.15,,,,
