STA,DATE,YEAR,MONTH,MONTH#,PO4,Zscore PO4,meanZ,CUSUM,mean PO4,wetdryave
1,1/24/1995,1995,JANUARY,1,0.37,-0.295207613,,,,
17,1/24/1995,1995,JANUARY,1,0.28,-0.513474494,,,,
18,1/24/1995,1995,JANUARY,1,0.29,-0.489222619,-1.297904726,,0.94,
1,2/16/1995,1995,FEBRUARY,2,0.35,-0.343711365,,,,
17,2/16/1995,1995,FEBRUARY,2,0.17,-0.780245127,,,,
18,2/16/1995,1995,FEBRUARY,2,0.12,-0.901504505,-2.025460996,-3.323365723,0.64,
1,3/22/1995,1995,MARCH,3,0.44,-0.125444483,,,,
17,3/22/1995,1995,MARCH,3,0.15,-0.828748878,,,,
18,3/22/1995,1995,MARCH,3,0.1,-0.950008256,-1.904201618,-5.227567341,0.69,
1,4/19/1995,1995,APRIL,4,0.24,-0.610481997,,,,
17,4/19/1995,1995,APRIL,4,0.04,-1.095519511,,,,
18,4/19/1995,1995,APRIL,4,0.08,-0.998512008,-2.704513515,-7.932080856,0.36,
1,5/16/1995,1995,MAY,5,0.62,0.311089279,,,,
17,5/16/1995,1995,MAY,5,0.2,-0.7074895,,,,
18,5/16/1995,1995,MAY,5,0.21,-0.683237624,-1.079637845,-9.011718701,1.03,
1,6/15/1995,1995,JUNE,6,0.59,0.238333652,,,,
17,6/15/1995,1995,JUNE,6,0.37,-0.295207613,,,,
18,6/15/1995,1995,JUNE,6,0.35,-0.343711365,-0.400585326,-9.412304027,1.31,
1,7/5/1995,1995,JULY,7,0.43,-0.149696359,,,,
17,7/5/1995,1995,JULY,7,0.39,-0.246703862,,,,
18,7/5/1995,1995,JULY,7,0.36,-0.319459489,-0.71585971,-10.12816374,1.18,
1,8/23/1995,1995,AUGUST,8,0.4,-0.222451986,,,,
17,8/23/1995,1995,AUGUST,8,0.43,-0.149696359,,,,
18,8/23/1995,1995,AUGUST,8,0.33,-0.392215116,-0.764363461,-10.8925272,1.16,
1,9/20/1995,1995,SEPTEMBER,9,1.03,1.310266557,,,,
17,9/20/1995,1995,SEPTEMBER,9,0.82,0.796126792,,,,
18,9/20/1995,1995,SEPTEMBER,9,0.89,0.965889922,3.072283271,-7.820243928,2.74,
1,10/13/1995,1995,OCTOBER,10,0.72,0.553608035,,,,
17,10/13/1995,1995,OCTOBER,10,0.68,0.456600533,,,,
18,10/13/1995,1995,OCTOBER,10,0.62,0.311089279,1.321297847,-6.498946081,2.02,
1,12/7/1995,1995,DECEMBER,12,0.65,0.383844906,,,,
17,12/7/1995,1995,DECEMBER,12,0.53,0.092822398,,,,
18,12/7/1995,1995,DECEMBER,12,0.71,0.52935616,1.006023463,-5.492922618,1.89,1.269272727
1,1/22/1996,1996,JANUARY,1,0.21,-0.683237624,,,,
17,1/22/1996,1996,JANUARY,1,0.29,-0.489222619,,,,
18,1/22/1996,1996,JANUARY,1,0.3,-0.464970743,-1.637430986,-7.130353603,0.8,
1,2/14/1996,1996,FEBRUARY,2,0.07,-1.022763884,,,,
17,2/14/1996,1996,FEBRUARY,2,0.08,-0.998512008,,,,
18,2/14/1996,1996,FEBRUARY,2,0.18,-0.755993251,-2.777269142,-9.907622746,0.33,
1,3/18/1996,1996,MARCH,3,0.14,-0.853000754,,,,
17,3/18/1996,1996,MARCH,3,0.01,-1.168275138,,,,
18,3/18/1996,1996,MARCH,3,0.06,-1.047015759,-3.068291651,-12.9759144,0.21,
1,4/22/1996,1996,APRIL,4,0.26,-0.561978246,,,,
17,4/22/1996,1996,APRIL,4,0.16,-0.804497002,,,,
18,4/22/1996,1996,APRIL,4,0.1,-0.950008256,-2.316483505,-15.2923979,0.52,
1,5/8/1996,1996,MAY,5,0.41,-0.198200111,,,,
17,5/8/1996,1996,MAY,5,0.1,-0.950008256,,,,
18,5/8/1996,1996,MAY,5,0.13,-0.877252629,-2.025460996,-17.3178589,0.64,
1,6/20/1996,1996,JUNE,6,0.34,-0.36796324,,,,
17,6/20/1996,1996,JUNE,6,0.26,-0.561978246,,,,
18,6/20/1996,1996,JUNE,6,0.29,-0.489222619,-1.419164105,-18.737023,0.89,
1,7/22/1996,1996,JULY,7,0.14,-0.853000754,,,,
17,7/22/1996,1996,JULY,7,0.09,-0.974260132,,,,
18,7/22/1996,1996,JULY,7,0.12,-0.901504505,-2.728765391,-21.46578839,0.35,
1,8/21/1996,1996,AUGUST,8,0.25,-0.586230121,,,,
17,8/21/1996,1996,AUGUST,8,0.35,-0.343711365,,,,
18,8/21/1996,1996,AUGUST,8,0.5,0.020066771,-0.909874715,-22.37566311,1.1,
1,9/17/1996,1996,SEPTEMBER,9,1.11,1.499431187,,,,
17,9/17/1996,1996,SEPTEMBER,9,0.65,0.383844906,,,,
18,9/17/1996,1996,SEPTEMBER,9,0.21,-0.683237624,1.200038469,-21.17562464,1.97,
1,10/21/1996,1996,OCTOBER,10,0.4,-0.222451986,,,,
17,10/21/1996,1996,OCTOBER,10,0.43,-0.149696359,,,,
18,10/21/1996,1996,OCTOBER,10,0.25,-0.586230121,-0.958378467,-22.13400311,1.08,
1,11/12/1996,1996,NOVEMBER,11,0.72,0.553608035,,,,
17,11/12/1996,1996,NOVEMBER,11,0.52,0.068570522,,,,
18,11/12/1996,1996,NOVEMBER,11,0.65,0.383844906,1.006023463,-21.12797964,1.89,
1,12/17/1996,1996,DECEMBER,12,0.52,0.068570522,,,,
17,12/17/1996,1996,DECEMBER,12,0.67,0.432348657,,,,
18,12/17/1996,1996,DECEMBER,12,0.6,0.262585527,0.763504706,-20.36447494,1.79,
1,1/15/1997,1997,JANUARY,1,0.67,0.432348657,,,,
17,1/15/1997,1997,JANUARY,1,0.32,-0.416466992,,,,
18,1/15/1997,1997,JANUARY,1,0.45,-0.101192608,-0.085310942,-20.44978588,1.44,
1,2/12/1997,1997,FEBRUARY,2,0.44,-0.125444483,,,,
17,2/12/1997,1997,FEBRUARY,2,0.37,-0.295207613,,,,
18,2/12/1997,1997,FEBRUARY,2,0.39,-0.246703862,-0.667355959,-21.11714184,1.2,
1,3/18/1997,1997,MARCH,3,0.04,-1.095519511,,,,
17,3/18/1997,1997,MARCH,3,0.04,-1.095519511,,,,
18,3/18/1997,1997,MARCH,3,0.06,-1.047015759,-3.23805478,-24.35519662,0.14,
1,4/21/1997,1997,APRIL,4,0.21,-0.683237624,,,,
17,4/21/1997,1997,APRIL,4,0.07,-1.022763884,,,,
18,4/21/1997,1997,APRIL,4,0.07,-1.022763884,-2.728765391,-27.08396201,0.35,0.975882353
1,5/21/1997,1997,MAY,5,0.36,-0.319459489,,,,
17,5/21/1997,1997,MAY,5,0.29,-0.489222619,,,,
18,5/21/1997,1997,MAY,5,0.39,-0.246703862,-1.055385969,-28.13934798,1.04,
1,6/11/1997,1997,JUNE,6,0.43,-0.149696359,,,,
17,6/11/1997,1997,JUNE,6,0.33,-0.392215116,,,,
18,6/11/1997,1997,JUNE,6,0.11,-0.925756381,-1.467667856,-29.60701583,0.87,
1,7/17/1997,1997,JULY,7,1.03,1.305416181,,,,
17,7/17/1997,1997,JULY,7,0.95,1.111401176,,,,
18,7/17/1997,1997,JULY,7,0.8,0.747623041,3.164440398,-26.44257544,2.78,
18,8/22/1997,1997,AUGUST,8,0.35,-0.343711365,,,,
1,8/25/1997,1997,AUGUST,8,0.73,0.577859911,,,,
17,8/25/1997,1997,AUGUST,8,0.46,-0.076940732,0.157207814,-26.28536762,1.54,
1,9/25/1997,1997,SEPTEMBER,9,1.19,1.693446192,,,,
17,9/25/1997,1997,SEPTEMBER,9,0.79,0.723371165,,,,
18,9/25/1997,1997,SEPTEMBER,9,0.74,0.602111787,3.018929144,-23.26643848,2.72,
1,10/7/1997,1997,OCTOBER,10,1.11,1.499431187,,,,
17,10/7/1997,1997,OCTOBER,10,0.81,0.771874917,,,,
18,10/7/1997,1997,OCTOBER,10,0.47,-0.052688856,2.218617247,-21.04782123,2.39,1.67
1,11/21/1997,1997,NOVEMBER,11,0.51,0.044318646,,,,
17,11/21/1997,1997,NOVEMBER,11,0.05,-1.071267635,,,,
18,11/21/1997,1997,NOVEMBER,11,0.64,0.35959303,-0.667355959,-21.71517719,1.2,
1,12/16/1997,1997,DECEMBER,12,0.16,-0.804497002,,,,
17,12/16/1997,1997,DECEMBER,12,0.34,-0.36796324,,,,
18,12/16/1997,1997,DECEMBER,12,0.35,-0.334010614,-1.506470857,-23.22164805,0.85,
1,1/20/1998,1998,JANUARY,1,0.24,-0.610481997,,,,
17,1/20/1998,1998,JANUARY,1,0.35,-0.343711365,,,,
18,1/20/1998,1998,JANUARY,1,0.33,-0.392215116,-1.346408478,-24.56805652,0.92,
1,2/9/1998,1998,FEBRUARY,2,0.25,-0.586230121,,,,
17,2/9/1998,1998,FEBRUARY,2,0.36,-0.319459489,,,,
18,2/9/1998,1998,FEBRUARY,2,0.29,-0.489222619,-1.394912229,-25.96296875,0.9,
1,3/10/1998,1998,MARCH,3,0.09,-0.974260132,,,,
17,3/10/1998,1998,MARCH,3,0.06,-1.047015759,,,,
18,3/10/1998,1998,MARCH,3,0.02,-1.144023262,-3.165299153,-29.12826791,0.17,
1,4/13/1998,1998,APRIL,4,0.25,-0.586230121,,,,
17,4/13/1998,1998,APRIL,4,0.11,-0.925756381,,,,
18,4/13/1998,1998,APRIL,4,0.15,-0.828748878,-2.34073538,-31.46900329,0.51,
1,5/22/1998,1998,MAY,5,0.3,-0.464970743,,,,
17,5/22/1998,1998,MAY,5,0.05,-1.071267635,,,,
18,5/22/1998,1998,MAY,5,0.18,-0.755993251,-2.292231629,-33.76123492,0.53,
1,6/18/1998,1998,JUNE,6,0.15,-0.828748878,,,,
17,6/18/1998,1998,JUNE,6,0.1,-0.950008256,,,,
18,6/19/1998,1998,JUNE,6,0.15,-0.828748878,-2.607506013,-36.36874093,0.4,
1,7/9/1998,1998,JULY,7,0.9,0.990141798,,,,
17,7/9/1998,1998,JULY,7,0.34,-0.36796324,,,,
18,7/9/1998,1998,JULY,7,0.73,0.577859911,1.200038469,-35.16870246,1.97,
1,8/13/1998,1998,AUGUST,8,0.53,0.092822398,,,,
17,8/13/1998,1998,AUGUST,8,0.32,-0.416466992,,,,
18,8/13/1998,1998,AUGUST,8,0.31,-0.440718867,-0.764363461,-35.93306592,1.16,
1,9/18/1998,1998,SEPTEMBER,9,0.84,0.844630544,,,,
17,9/18/1998,1998,SEPTEMBER,9,0.43,-0.149696359,,,,
18,9/18/1998,1998,SEPTEMBER,9,0.48,-0.028436981,0.666497204,-35.26656872,1.75,
1,10/14/1998,1998,OCTOBER,10,0.79,0.723371165,,,,
17,10/14/1998,1998,OCTOBER,10,0.81,0.771874917,,,,
18,10/14/1998,1998,OCTOBER,10,0.94,1.0871493,2.582395382,-32.68417334,2.54,
1,11/17/1998,1998,NOVEMBER,11,0.58,0.214081776,,,,
17,11/17/1998,1998,NOVEMBER,11,0.72,0.553608035,,,,
18,11/17/1998,1998,NOVEMBER,11,0.74,0.602111787,1.369801598,-31.31437174,2.04,
1,12/16/1998,1998,DECEMBER,12,0.78,0.69911929,,,,
17,12/16/1998,1998,DECEMBER,12,0.62,0.311089279,,,,
18,12/16/1998,1998,DECEMBER,12,0.39,-0.246703862,0.763504706,-30.55086703,1.79,
1,1/20/1999,1999,JANUARY,1,0.4,-0.222451986,,,,
17,1/20/1999,1999,JANUARY,1,0.48,-0.028436981,,,,
18,1/20/1999,1999,JANUARY,1,0.27,-0.53772637,-0.788615337,-31.33948237,1.15,
1,2/16/1999,1999,FEBRUARY,2,0.18,-0.755993251,,,,
17,2/16/1999,1999,FEBRUARY,2,0.36,-0.319459489,,,,
18,2/16/1999,1999,FEBRUARY,2,0.31,-0.440718867,-1.516171607,-32.85565397,0.85,
1,3/17/1999,1999,MARCH,3,0.23,-0.634733873,,,,
17,3/17/1999,1999,MARCH,3,0.02,-1.144023262,,,,
18,3/17/1999,1999,MARCH,3,0.05,-1.071267635,-2.850024769,-35.70567874,0.3,
1,4/12/1999,1999,APRIL,4,0.36,-0.319459489,,,,
17,4/12/1999,1999,APRIL,4,0.13,-0.877252629,,,,
18,4/12/1999,1999,APRIL,4,0.19,-0.731741375,-1.928453494,-37.63413224,0.68,
1,5/20/1999,1999,MAY,5,0.38,-0.270955738,,,,
17,5/20/1999,1999,MAY,5,0.26,-0.561978246,,,,
18,5/20/1999,1999,MAY,5,0.15,-0.828748878,-1.661682861,-39.2958151,0.79,
1,6/15/1999,1999,JUNE,6,0.4,-0.222451986,,,,
17,6/15/1999,1999,JUNE,6,0.36,-0.319459489,,,,
18,6/15/1999,1999,JUNE,6,0.24,-0.610481997,-1.152393472,-40.44820857,1,
1,7/16/1999,1999,JULY,7,0.91,1.014393673,,,,
17,7/16/1999,1999,JULY,7,0.49,-0.004185105,,,,
18,7/16/1999,1999,JULY,7,0.31,-0.440718867,0.569489701,-39.87871887,1.71,
1,8/18/1999,1999,AUGUST,8,0.72,0.553608035,,,,
17,8/18/1999,1999,AUGUST,8,0.27,-0.53772637,,,,
18,8/18/1999,1999,AUGUST,8,0.005,-1.180401075,-1.16451941,-41.04323828,1,
1,9/20/1999,1999,SEPTEMBER,9,0.11,-0.925756381,,,,
17,9/20/1999,1999,SEPTEMBER,9,0.005,-1.180401075,,,,
18,9/20/1999,1999,SEPTEMBER,9,0.005,-1.180401075,-3.286558532,-44.32979681,0.12,1.126944444
1,10/12/1999,1999,OCTOBER,10,0.68,0.456600533,,,,
17,10/12/1999,1999,OCTOBER,10,0.52,0.068570522,,,,
18,10/12/1999,1999,OCTOBER,10,0.3,-0.464970743,0.060200312,-44.2695965,1.5,
1,11/8/1999,1999,NOVEMBER,11,0.65,0.383844906,,,,
17,11/8/1999,1999,NOVEMBER,11,0.46,-0.076940732,,,,
18,11/8/1999,1999,NOVEMBER,11,0.47,-0.052688856,0.254215317,-44.01538118,1.58,
1,12/7/1999,1999,DECEMBER,12,0.66,0.408096781,,,,
17,12/7/1999,1999,DECEMBER,12,0.43,-0.149696359,,,,
18,12/7/1999,1999,DECEMBER,12,0.18,-0.755993251,-0.497592829,-44.51297401,1.27,
1,1/5/2000,2000,JANUARY,1,0.26,-0.561978246,,,,
17,1/5/2000,2000,JANUARY,1,0.37,-0.295207613,,,,
18,1/5/2000,2000,JANUARY,1,0.15,-0.828748878,-1.685934737,-46.19890875,0.78,
1,2/23/2000,2000,FEBRUARY,2,0.02,-1.144023262,,,,
17,2/23/2000,2000,FEBRUARY,2,0.13,-0.877252629,,,,
18,2/23/2000,2000,FEBRUARY,2,0.11,-0.925756381,-2.947032272,-49.14594102,0.26,
1,3/15/2000,2000,MARCH,3,0.18,-0.755993251,,,,
17,3/15/2000,2000,MARCH,3,0.07,-1.022763884,,,,
18,3/15/2000,2000,MARCH,3,0.005,-1.180401075,-2.95915821,-52.10509923,0.26,
1,4/12/2000,2000,APRIL,4,0.29,-0.489222619,,,,
17,4/12/2000,2000,APRIL,4,0.19,-0.731741375,,,,
18,4/12/2000,2000,APRIL,4,0.18,-0.755993251,-1.976957245,-54.08205648,0.66,
1,5/15/2000,2000,MAY,5,0.43,-0.149696359,,,,
17,5/15/2000,2000,MAY,5,0.26,-0.561978246,,,,
18,5/15/2000,2000,MAY,5,0.12,-0.901504505,-1.61317911,-55.69523559,0.81,
1,6/14/2000,2000,JUNE,6,0.41,-0.198200111,,,,
17,6/14/2000,2000,JUNE,6,0.13,-0.877252629,,,,
18,6/14/2000,2000,JUNE,6,0.14,-0.853000754,-1.928453494,-57.62368908,0.68,
1,7/13/2000,2000,JULY,7,0.1,-0.950008256,,,,
17,7/13/2000,2000,JULY,7,0.01,-1.168275138,,,,
18,7/13/2000,2000,JULY,7,0.02,-1.144023262,-3.262306656,-60.88599574,0.13,
1,8/16/2000,2000,AUGUST,8,0.44,-0.125444483,,,,
17,8/16/2000,2000,AUGUST,8,0.35,-0.343711365,,,,
18,8/16/2000,2000,AUGUST,8,0.47,-0.052688856,-0.521844705,-61.40784044,1.26,
1,9/13/2000,2000,SEPTEMBER,9,0.38,-0.270955738,,,,
17,9/13/2000,2000,SEPTEMBER,9,0.52,0.068570522,,,,
18,9/13/2000,2000,SEPTEMBER,9,0.63,0.335341154,0.132955939,-61.2748845,1.53,
1,10/19/2000,2000,OCTOBER,10,0.95,1.111401176,,,,
17,10/19/2000,2000,OCTOBER,10,1.03,1.305416181,,,,
18,10/19/2000,2000,OCTOBER,10,0.9,0.990141798,3.406959155,-57.86792535,2.88,
1,11/15/2000,2000,NOVEMBER,11,0.99,1.208408679,,,,
17,11/15/2000,2000,NOVEMBER,11,0.79,0.723371165,,,,
18,11/15/2000,2000,NOVEMBER,11,0.61,0.286837403,2.218617247,-55.6493081,2.39,
1,12/15/2000,2000,DECEMBER,12,0.62,0.311089279,,,,
17,12/15/2000,2000,DECEMBER,12,0.56,0.165578025,,,,
18,12/15/2000,2000,DECEMBER,12,0.35,-0.343711365,0.132955939,-55.51635216,1.53,1.40125
1,1/10/2001,2001,JANUARY,1,,,,,,
17,1/10/2001,2001,JANUARY,1,,,,,,
18,1/10/2001,2001,JANUARY,1,,,,,,
1,2/6/2001,2001,FEBRUARY,2,,,,,,
17,2/6/2001,2001,FEBRUARY,2,,,,,,
18,2/6/2001,2001,FEBRUARY,2,,,,,,
1,3/13/2001,2001,MARCH,3,0.25,-0.586230121,,,,
17,3/13/2001,2001,MARCH,3,0.07,-1.022763884,,,,
18,3/13/2001,2001,MARCH,3,0.31,-0.440718867,-2.049712872,-57.56606503,0.63,
1,4/19/2001,2001,APRIL,4,0.59,0.238333652,,,,
17,4/19/2001,2001,APRIL,4,0.1,-0.950008256,,,,
18,4/19/2001,2001,APRIL,4,0.09,-0.974260132,-1.685934737,-59.25199977,0.78,
1,5/17/2001,2001,MAY,5,0.15,-0.828748878,,,,
17,5/17/2001,2001,MAY,5,0.08,-0.998512008,,,,
18,5/17/2001,2001,MAY,5,0.22,-0.658985748,-2.486246634,-61.7382464,0.45,
1,6/16/2001,2001,JUNE,6,0.9,0.990141798,,,,
17,6/16/2001,2001,JUNE,6,0.87,0.917386171,,,,
18,6/16/2001,2001,JUNE,6,0.6,0.262585527,2.170113496,-59.56813291,2.37,
1,7/17/2001,2001,JULY,7,0.57,0.1898299,,,,
17,7/17/2001,2001,JULY,7,0.6,0.262585527,,,,
18,7/17/2001,2001,JULY,7,0.54,0.117074273,0.569489701,-58.99864321,1.71,
1,8/16/2001,2001,AUGUST,8,0.7,0.505104284,,,,
17,8/16/2001,2001,AUGUST,8,0.33,-0.392215116,,,,
18,8/16/2001,2001,AUGUST,8,0.53,0.092822398,0.205711566,-58.79293164,1.56,
1,9/18/2001,2001,SEPTEMBER,9,1.03,1.305416181,,,,
17,9/18/2001,2001,SEPTEMBER,9,0.74,0.602111787,,,,
18,9/18/2001,2001,SEPTEMBER,9,0.85,0.868882419,2.776410388,-56.01652125,2.62,
1,10/17/2001,2001,OCTOBER,10,0.84,0.844630544,,,,
17,10/17/2001,2001,OCTOBER,10,0.74,0.602111787,,,,
18,10/17/2001,2001,OCTOBER,10,1,1.232660554,2.679402885,-53.33711837,2.58,
1,11/8/2001,2001,NOVEMBER,11,2.48,4.821938155,,,,
17,11/8/2001,2001,NOVEMBER,11,1.68,2.8817881,,,,
18,11/8/2001,2001,NOVEMBER,11,0.59,0.238333652,7.942059907,-45.39505846,4.75,
1,12/3/2001,2001,DECEMBER,12,1.06,1.378171808,,,,
17,12/3/2001,2001,DECEMBER,12,0.53,0.092822398,,,,
18,12/3/2001,2001,DECEMBER,12,0.96,1.135653052,2.606647258,-42.78841121,2.55,
1,1/14/2002,2002,JANUARY,1,1.46,2.348246836,,,,
17,1/14/2002,2002,JANUARY,1,0.08,-0.998512008,,,,
18,1/14/2002,2002,JANUARY,1,0.46,-0.076940732,1.272794096,-41.51561711,2,
1,2/13/2002,2002,FEBRUARY,2,0.22,-0.658985748,,,,
17,2/13/2002,2002,FEBRUARY,2,0.23,-0.634733873,,,,
18,2/13/2002,2002,FEBRUARY,2,0.29,-0.489222619,-1.78294224,-43.29855935,0.74,
1,3/19/2002,2002,MARCH,3,0.22,-0.658985748,,,,
17,3/19/2002,2002,MARCH,3,0.23,-0.634733873,,,,
18,3/19/2002,2002,MARCH,3,0.29,-0.489222619,-1.78294224,-45.08150159,0.74,
1,4/15/2002,2002,APRIL,4,0.43,-0.149696359,,,,
17,4/15/2002,2002,APRIL,4,0.81,0.771874917,,,,
18,4/15/2002,2002,APRIL,4,0.07,-1.022763884,-0.400585326,-45.48208692,1.31,
1,5/13/2002,2002,MAY,5,0.28,-0.513474494,,,,
17,5/13/2002,2002,MAY,5,0.11,-0.925756381,,,,
18,5/13/2002,2002,MAY,5,0.14,-0.853000754,-2.292231629,-47.77431854,0.53,
1,6/11/2002,2002,JUNE,6,0.12,-0.901504505,,,,
17,6/11/2002,2002,JUNE,6,0.32,-0.416466992,,,,
18,6/11/2002,2002,JUNE,6,0.13,-0.877252629,-2.195224126,-49.96954267,0.57,
1,7/18/2002,2002,JULY,7,0.69,0.480852408,,,,
17,7/18/2002,2002,JULY,7,0.21,-0.683237624,,,,
18,7/18/2002,2002,JULY,7,0.22,-0.658985748,-0.861370964,-50.83091363,1.12,
1,8/15/2002,2002,AUGUST,8,2.24,4.239893138,,,,
17,8/15/2002,2002,AUGUST,8,1.94,3.512336868,,,,
18,8/15/2002,2002,AUGUST,8,1.78,3.124306857,10.87653686,-39.95437677,5.96,1.902352941
1,9/17/2002,2002,SEPTEMBER,9,1.46,2.348246836,,,,
17,9/17/2002,2002,SEPTEMBER,9,1.02,1.281164306,,,,
18,9/17/2002,2002,SEPTEMBER,9,0.66,0.408096781,4.037507923,-35.91686885,3.14,
1,10/15/2002,2002,OCTOBER,10,0.95,1.111401176,,,,
17,10/15/2002,2002,OCTOBER,10,1.15,1.59643869,,,,
18,10/15/2002,2002,OCTOBER,10,1.07,1.402423684,4.11026355,-31.8066053,3.17,
1,11/15/2002,2002,NOVEMBER,11,0.79,0.723371165,,,,
17,11/15/2002,2002,NOVEMBER,11,0.51,0.044318646,,,,
18,11/15/2002,2002,NOVEMBER,11,0.39,-0.246703862,0.52098595,-31.28561935,1.69,
1,12/19/2002,2002,DECEMBER,12,0.35,-0.343711365,,,,
17,12/19/2002,2002,DECEMBER,12,0.54,0.117074273,,,,
18,12/19/2002,2002,DECEMBER,12,0.53,0.092822398,-0.133814694,-31.41943404,1.42,
1,1/14/2003,2003,JANUARY,1,0.31,-0.440718867,,,,
17,1/14/2003,2003,JANUARY,1,0.33,-0.392215116,,,,
18,1/14/2003,2003,JANUARY,1,0.32,-0.416466992,-1.249400975,-32.66883502,0.96,
1,2/13/2003,2003,FEBRUARY,2,0.27,-0.53772637,,,,
17,2/13/2003,2003,FEBRUARY,2,0.11,-0.925756381,,,,
18,2/13/2003,2003,FEBRUARY,2,0.13,-0.877252629,-2.34073538,-35.0095704,0.51,
1,3/10/2003,2003,MARCH,3,0.26,-0.561978246,,,,
17,3/10/2003,2003,MARCH,3,0.13,-0.877252629,,,,
18,3/10/2003,2003,MARCH,3,0.17,-0.780245127,-2.219476002,-37.2290464,0.56,
1,4/14/2003,2003,APRIL,4,0.09,-0.974260132,,,,
17,4/14/2003,2003,APRIL,4,0.07,-1.022763884,,,,
18,4/14/2003,2003,APRIL,4,0.06,-1.047015759,-3.044039775,-40.27308617,0.22,
1,5/12/2003,2003,MAY,5,0.29,-0.489222619,,,,
17,5/12/2003,2003,MAY,5,0.2,-0.7074895,,,,
18,5/12/2003,2003,MAY,5,0.18,-0.755993251,-1.952705369,-42.22579154,0.67,
1,6/20/2003,2003,JUNE,6,0.53,0.092822398,,,,
17,6/20/2003,2003,JUNE,6,0.23,-0.634733873,,,,
18,6/20/2003,2003,JUNE,6,0.42,-0.173948235,-0.71585971,-42.94165125,1.18,
1,7/15/2003,2003,JULY,7,0.39,-0.246703862,,,,
17,7/15/2003,2003,JULY,7,0.26,-0.561978246,,,,
18,7/15/2003,2003,JULY,7,0.39,-0.246703862,-1.055385969,-43.99703722,1.04,
1,8/12/2003,2003,AUGUST,8,0.6,0.262585527,,,,
17,8/12/2003,2003,AUGUST,8,0.41,-0.198200111,,,,
18,8/12/2003,2003,AUGUST,8,0.43,-0.149696359,-0.085310942,-44.08234817,1.44,
1,9/24/2003,2003,SEPTEMBER,9,1.28,1.911713073,,,,
17,9/24/2003,2003,SEPTEMBER,9,0.64,0.35959303,,,,
18,9/24/2003,2003,SEPTEMBER,9,0.67,0.432348657,2.70365476,-41.37869341,2.59,
1,10/14/2003,2003,OCTOBER,10,0.89,0.965889922,,,,
17,10/14/2003,2003,OCTOBER,10,0.63,0.335341154,,,,
18,10/14/2003,2003,OCTOBER,10,0.72,0.553608035,1.854839112,-39.52385429,2.24,
1,11/18/2003,2003,NOVEMBER,11,0.53,0.092822398,,,,
17,11/18/2003,2003,NOVEMBER,11,0.67,0.432348657,,,,
18,11/18/2003,2003,NOVEMBER,11,0.4,-0.222451986,0.302719068,-39.22113523,1.6,
1,12/18/2003,2003,DECEMBER,12,0.47,-0.052688856,,,,
17,12/18/2003,2003,DECEMBER,12,0.27,-0.53772637,,,,
18,12/18/2003,2003,DECEMBER,12,0.21,-0.683237624,-1.27365285,-40.49478808,0.95,
1,1/13/2004,2004,JANUARY,1,0.19,-0.731741375,,,,
17,1/13/2004,2004,JANUARY,1,0.18,-0.755993251,,,,
18,1/14/2004,2004,JANUARY,1,0.32,-0.416466992,-1.904201618,-42.39898969,0.69,
1,2/10/2004,2004,FEBRUARY,2,0.14,-0.853000754,,,,
17,2/10/2004,2004,FEBRUARY,2,0.19,-0.731741375,,,,
18,2/10/2004,2004,FEBRUARY,2,0.22,-0.658985748,-2.243727878,-44.64271757,0.55,
1,3/17/2004,2004,MARCH,3,0.21,-0.683237624,,,,
17,3/17/2004,2004,MARCH,3,0.19,-0.731741375,,,,
18,3/17/2004,2004,MARCH,3,0.16,-0.804497002,-2.219476002,-46.86219357,0.56,
1,4/17/2004,2004,APRIL,4,0.27,-0.53772637,,,,
17,4/17/2004,2004,APRIL,4,0.09,-0.974260132,,,,
18,4/17/2004,2004,APRIL,4,0.09,-0.974260132,-2.486246634,-49.34844021,0.45,1.504285714
1,5/11/2004,2004,MAY,5,0.39,-0.246703862,,,,
17,5/11/2004,2004,MAY,5,0.37,-0.295207613,,,,
18,5/11/2004,2004,MAY,5,0.25,-0.586230121,-1.128141596,-50.4765818,1.01,
1,6/15/2004,2004,JUNE,6,0.32,-0.416466992,,,,
17,6/15/2004,2004,JUNE,6,0.27,-0.53772637,,,,
18,6/15/2004,2004,JUNE,6,0.23,-0.634733873,-1.588927234,-52.06550904,0.82,
1,7/13/2004,2004,JULY,7,1.06,1.378171808,,,,
17,7/13/2004,2004,JULY,7,0.52,0.068570522,,,,
18,7/13/2004,2004,JULY,7,0.71,0.52935616,1.97609849,-50.08941055,2.29,
1,8/18/2004,2004,AUGUST,8,0.67,0.432348657,,,,
17,8/18/2004,2004,AUGUST,8,0.37,-0.295207613,,,,
18,8/18/2004,2004,AUGUST,8,0.46,-0.076940732,0.060200312,-50.02921024,1.5,
1,9/14/2004,2004,SEPTEMBER,9,0.87,0.917386171,,,,
17,9/14/2004,2004,SEPTEMBER,9,0.24,-0.610481997,,,,
18,9/14/2004,2004,SEPTEMBER,9,0.45,-0.101192608,0.205711566,-49.82349867,1.56,
1,10/12/2004,2004,OCTOBER,10,0.51,0.044318646,,,,
17,10/12/2004,2004,OCTOBER,10,0.35,-0.343711365,,,,
18,10/12/2004,2004,OCTOBER,10,0.4,-0.222451986,-0.521844705,-50.34534338,1.26,
1,11/15/2004,2004,NOVEMBER,11,0.47,-0.052688856,,,,
17,11/15/2004,2004,NOVEMBER,11,0.34,-0.36796324,,,,
18,11/15/2004,2004,NOVEMBER,11,0.43,-0.149696359,-0.570348456,-50.91569183,1.24,
1,12/14/2004,2004,DECEMBER,12,0.46,-0.076940732,,,,
17,12/14/2004,2004,DECEMBER,12,0.43,-0.149696359,,,,
18,12/14/2004,2004,DECEMBER,12,0.42,-0.173948235,-0.400585326,-51.31627716,1.31,
1,1/10/2005,2005,JANUARY,1,,,,,,
17,1/10/2005,2005,JANUARY,1,,,,,,
18,1/10/2005,2005,JANUARY,1,,,,,,
1,2/16/2005,2005,FEBRUARY,2,0.16,-0.804497002,,,,
17,2/16/2005,2005,FEBRUARY,2,0.21,-0.683237624,,,,
18,2/16/2005,2005,FEBRUARY,2,0.14,-0.853000754,-2.34073538,-53.65701254,0.51,
1,3/17/2005,2005,MARCH,3,0.3,-0.464970743,,,,
17,3/17/2005,2005,MARCH,3,0.26,-0.561978246,,,,
18,3/17/2005,2005,MARCH,3,0.2,-0.7074895,-1.734438488,-55.39145103,0.76,
1,4/26/2005,2005,APRIL,4,0.62,0.311089279,,,,
17,4/26/2005,2005,APRIL,4,0.22,-0.658985748,,,,
18,4/26/2005,2005,APRIL,4,0.36,-0.319459489,-0.667355959,-56.05880698,1.2,
1,5/17/2005,2005,MAY,5,0.81,0.771874917,,,,
17,5/17/2005,2005,MAY,5,0.27,-0.53772637,,,,
18,5/17/2005,2005,MAY,5,0.68,0.456600533,0.690749079,-55.3680579,1.76,
1,6/14/2005,2005,JUNE,6,0.36,-0.319459489,,,,
17,6/14/2005,2005,JUNE,6,0.61,0.286837403,,,,
18,6/14/2005,2005,JUNE,6,0.43,-0.149696359,-0.182318445,-55.55037635,1.4,
1,7/14/2005,2005,JULY,7,0.45,-0.101192608,,,,
17,7/14/2005,2005,JULY,7,0.58,0.214081776,,,,
18,7/14/2005,2005,JULY,7,0.51,0.044318646,0.157207814,-55.39316854,1.54,1.240666667
1,8/23/2005,2005,AUGUST,8,0.79,0.723371165,,,,
17,8/23/2005,2005,AUGUST,8,0.5,0.020066771,,,,
18,8/23/2005,2005,AUGUST,8,0.35,-0.343711365,0.399726571,-54.99344196,1.64,
1,9/13/2005,2005,SEPTEMBER,9,1.21,1.741949944,,,,
17,9/13/2005,2005,SEPTEMBER,9,0.71,0.52935616,,,,
18,9/13/2005,2005,SEPTEMBER,9,0.76,0.650615538,2.921921642,-52.07152032,2.68,
18,10/12/2005,2005,OCTOBER,10,1.26,1.863209322,,,,
1,10/13/2005,2005,OCTOBER,10,1.38,2.15423183,,,,
17,10/13/2005,2005,OCTOBER,10,1.52,2.49375809,6.511199242,-45.56032108,4.16,
1,11/15/2005,2005,NOVEMBER,11,0.58,0.214081776,,,,
17,11/15/2005,2005,NOVEMBER,11,0.54,0.117074273,,,,
18,11/15/2005,2005,NOVEMBER,11,0.5,0.020066771,0.35122282,-45.20909826,1.62,
1,12/21/2005,2005,DECEMBER,12,0.48,-0.028436981,,,,
17,12/21/2005,2005,DECEMBER,12,0.26,-0.561978246,,,,
18,12/21/2005,2005,DECEMBER,12,0.49,-0.004185105,-0.594600332,-45.80369859,1.23,
1,1/17/2006,2006,JANUARY,1,0.4,-0.222451986,,,,
17,1/17/2006,2006,JANUARY,1,0.27,-0.53772637,,,,
18,1/17/2006,2006,JANUARY,1,0.27,-0.53772637,-1.297904726,-47.10160332,0.94,
1,2/14/2006,2006,February,2,0.49,-0.004185105,,,,
17,2/14/2006,2006,February,2,0.13,-0.877252629,,,,
18,2/14/2006,2006,February,2,0.12,-0.901504505,-1.78294224,-48.88454556,0.74,
1,3/13/2006,2006,March,3,0.29,-0.489222619,,,,
17,3/13/2006,2006,March,3,0.29,-0.489222619,,,,
18,3/13/2006,2006,March,3,0.28,-0.513474494,-1.491919732,-50.37646529,0.86,
1,4/18/2006,2006,April,4,0.65,0.383844906,,,,
17,4/18/2006,2006,April,4,0.29,-0.489222619,,,,
18,4/18/2006,2006,April,4,0.3,-0.464970743,-0.570348456,-50.94681375,1.24,
1,5/15/2006,2006,May,5,0.83,0.820378668,,,,
17,5/15/2006,2006,May,5,0.33,-0.392215116,,,,
18,5/15/2006,2006,May,5,0.62,0.311089279,0.739252831,-50.20756092,1.78,
1,6/15/2006,2006,June,6,0.62,0.311089279,,,,
17,6/15/2006,2006,June,6,0.26,-0.561978246,,,,
18,6/15/2006,2006,June,6,0.37,-0.295207613,-0.54609658,-50.7536575,1.25,
1,7/18/2006,2006,July,7,0.76,0.650615538,,,,
17,7/18/2006,2006,July,7,0.57,0.1898299,,,,
18,7/18/2006,2006,July,7,0.74,0.602111787,1.442557225,-49.31110027,2.07,
1,8/24/2006,2006,August,8,0.83,0.820378668,,,,
17,8/25/2006,2006,August,8,1.13,1.547934938,,,,
18,8/25/2006,2006,August,8,0.61,0.286837403,2.655151009,-46.65594926,2.57,1.43
1,9/12/2006,2006,Septemeber,9,0.89,0.965889922,,,,
17,9/12/2006,2006,Septemeber,9,0.87,0.917386171,,,,
18,9/12/2006,2006,Septemeber,9,0.75,0.626363662,2.509639755,-44.14630951,2.51,
1,10/19/2006,2006,October,10,0.94,1.0871493,,,,
17,10/19/2006,2006,October,10,1.28,1.911713073,,,,
18,10/19/2006,2006,October,10,0.5,0.020066771,3.018929144,-41.12738036,2.72,
1,11/14/2006,2006,November,11,0.88,0.941638046,,,,
17,11/14/2006,2006,November,11,0.52,0.068570522,,,,
18,11/14/2006,2006,November,11,0.52,0.068570522,1.07877909,-40.04860127,1.92,
1,12/12/2006,2006,December,12,0.53,0.092822398,,,,
17,12/12/2006,2006,December,12,0.21,-0.683237624,,,,
18,12/12/2006,2006,December,12,0.29,-0.489222619,-1.079637845,-41.12823912,1.03,
1,1/16/2007,2007,January,1,0.29,-0.489222619,,,,
17,1/16/2007,2007,January,1,0.2,-0.7074895,,,,
18,1/16/2007,2007,January,1,0.2,-0.7074895,-1.904201618,-43.03244073,0.69,
1,2/20/2007,2007,February,2,0.35,-0.343711365,,,,
17,2/20/2007,2007,February,2,0.18,-0.755993251,,,,
18,2/20/2007,2007,February,2,0.33,-0.392215116,-1.491919732,-44.52436047,0.86,
1,3/13/2007,2007,March,3,0.23,-0.634733873,,,,
17,3/13/2007,2007,March,3,0.43,-0.149696359,,,,
18,3/13/2007,2007,March,3,0.13,-0.877252629,-1.661682861,-46.18604333,0.79,
1,4/18/2007,2007,April,4,0.5,0.020066771,,,,
17,4/18/2007,2007,April,4,0.34,-0.36796324,,,,
18,4/18/2007,2007,April,4,0.4,-0.222451986,-0.570348456,-46.75639178,1.24,1.592222222
1,5/15/2007,2007,May,5,0.46,-0.076940732,,,,
17,5/15/2007,2007,May,5,0.13,-0.877252629,,,,
18,5/15/2007,2007,May,5,0.16,-0.804497002,-1.758690364,-48.51508215,0.75,
1,6/12/2007,2007,June,6,0.47,-0.052688856,,,,
17,6/12/2007,2007,June,6,0.31,-0.440718867,,,,
18,6/12/2007,2007,June,6,0.25,-0.586230121,-1.079637845,-49.59471999,1.03,
1,7/17/2007,2007,July,7,0.82,0.796126792,,,,
17,7/17/2007,2007,July,7,0.73,0.577859911,,,,
18,7/17/2007,2007,July,7,1.2,1.717698068,3.091684771,-46.50303522,2.75,
1,8/14/2007,2007,August,8,0.72,0.553608035,,,,
17,8/14/2007,2007,August,8,1.18,1.669194317,,,,
18,8/14/2007,2007,August,8,0.7,0.505104284,2.727906636,-43.77512859,2.6,
1,9/12/2007,2007,September,9,1.36,2.105728079,,,,
17,9/12/2007,2007,September,9,1.07,1.402423684,,,,
18,9/12/2007,2007,September,9,0.69,0.480852408,3.989004171,-39.78612441,3.12,
1,10/18/2007,2007,October,10,1,1.232660554,,,,
17,10/18/2007,2007,October,10,0.86,0.893134295,,,,
18,10/18/2007,2007,October,10,0.46,-0.076940732,2.048854117,-37.7372703,2.32,
1,11/13/2007,2007,November,11,0.99,1.208408679,,,,
17,11/13/2007,2007,November,11,0.89,0.965889922,,,,
18,11/13/2007,2007,November,11,0.98,1.184156803,3.358455404,-34.37881489,2.86,
1,12/11/2007,2007,December,12,0.52,0.068570522,,,,
17,12/11/2007,2007,December,12,0.44,-0.125444483,,,,
18,12/11/2007,2007,December,12,0.47,-0.052688856,-0.109562818,-34.48837771,1.43,
1,1/17/2008,2008,January,1,0.24,-0.610481997,,,,
17,1/17/2008,2008,January,1,0.15,-0.828748878,,,,
18,1/17/2008,2008,January,1,0.21,-0.683237624,-2.122468499,-36.61084621,0.6,
1,2/12/2008,2008,February,2,0.57,0.1898299,,,,
17,2/12/2008,2008,February,2,0.3,-0.464970743,,,,
18,2/12/2008,2008,February,2,0.23,-0.634733873,-0.909874715,-37.52072093,1.1,
1,3/13/2008,2008,March,3,0.32,-0.416466992,,,,
17,3/13/2008,2008,March,3,0.27,-0.53772637,,,,
18,3/13/2008,2008,March,3,0.27,-0.53772637,-1.491919732,-39.01264066,0.86,
1,4/15/2008,2008,April,4,0.36,-0.319459489,,,,
17,4/15/2008,2008,April,4,0.65,0.383844906,,,,
18,4/15/2008,2008,April,4,0.21,-0.683237624,-0.618852207,-39.63149286,1.22,
1,5/14/2008,2008,May,5,0.44,-0.125444483,,,,
17,5/14/2008,2008,May,5,0.35,-0.343711365,,,,
18,5/14/2008,2008,May,5,0.25,-0.586230121,-1.055385969,-40.68687883,1.04,
1,6/17/2008,2008,June,6,0.52,0.068570522,,,,
17,6/17/2008,2008,June,6,0.5,0.020066771,,,,
18,6/17/2008,2008,June,6,0.8,0.747623041,0.836260333,-39.8506185,1.82,
1,7/15/2008,2008,July,7,0.65,0.383844906,,,,
17,7/15/2008,2008,July,7,0.4,-0.222451986,,,,
18,7/15/2008,2008,July,7,0.66,0.408096781,0.569489701,-39.2811288,1.71,
1,8/13/2008,2008,August,8,0.66,0.408096781,,,,
17,8/13/2008,2008,August,8,0.78,0.69911929,,,,
18,8/13/2008,2008,August,8,0.62,0.311089279,1.41830535,-37.86282345,2.06,
1,9/17/2008,2008,September,9,0.95,1.111401176,,,,
17,9/17/2008,2008,September,9,0.96,1.135653052,,,,
18,9/17/2008,2008,September,9,1.57,2.615017468,4.862071696,-33.00075175,3.48,
1,10/16/2008,2008,October,10,0.73,0.577859911,,,,
17,10/16/2008,2008,October,10,0.26,-0.561978246,,,,
18,10/16/2008,2008,October,10,0.36,-0.319459489,-0.303577823,-33.30432958,1.35,1.754736842
1,11/11/2008,2008,November,11,0.59,0.238333652,,,,
17,11/11/2008,2008,November,11,0.48,-0.028436981,,,,
18,11/11/2008,2008,November,11,0.3,-0.464970743,-0.255074072,-33.55940365,1.37,
1,12/17/2008,2008,December,12,0.38,-0.270955738,,,,
17,12/17/2008,2008,December,12,0.35,-0.343711365,,,,
18,12/17/2008,2008,December,12,0.37,-0.295207613,-0.909874715,-34.46927837,1.1,
1,1/12/2009,2009,January,1,0.31,-0.440718867,,,,
17,1/12/2009,2009,January,1,0.17,-0.780245127,,,,
18,1/12/2009,2009,January,1,0.15,-0.828748878,-2.049712872,-36.51899124,0.63,
1,2/10/2009,2009,February,2,0.13,-0.877252629,,,,
17,2/10/2009,2009,February,2,0.08,-0.998512008,,,,
18,2/10/2009,2009,February,2,0.08,-0.998512008,-2.874276645,-39.39326788,0.29,
1,3/18/2009,2009,March,3,0.54,0.117074273,,,,
17,3/18/2009,2009,March,3,0.23,-0.634733873,,,,
18,3/18/2009,2009,March,3,0.22,-0.658985748,-1.176645348,-40.56991323,0.99,
1,4/17/2009,2009,April,4,0.34,-0.36796324,,,,
17,4/17/2009,2009,April,4,0.22,-0.658985748,,,,
18,4/17/2009,2009,April,4,0.26,-0.561978246,-1.588927234,-42.15884046,0.82,
1,5/12/2009,2009,May,5,0.42,-0.173948235,,,,
17,5/12/2009,2009,May,5,0.24,-0.610481997,,,,
18,5/12/2009,2009,May,5,0.28,-0.513474494,-1.297904726,-43.45674519,0.94,
1,6/16/2009,2009,June,6,0.38,-0.270955738,,,,
17,6/16/2009,2009,June,6,0.25,-0.586230121,,,,
18,6/16/2009,2009,June,6,0.54,0.117074273,-0.740111586,-44.19685678,1.17,
1,7/15/2009,2009,July,7,0.62,0.311089279,,,,
17,7/15/2009,2009,July,7,0.61,0.286837403,,,,
18,7/15/2009,2009,July,7,0.54,0.117074273,0.715000955,-43.48185582,1.77,
1,8/18/2009,2009,August,8,0.63,0.335341154,,,,
17,8/17/2009,2009,August,8,0.68,0.456600533,,,,
18,8/18/2009,2009,August,8,0.69,0.480852408,1.272794096,-42.20906173,2,
1,9/14/2009,2009,September,9,0.67,0.432348657,,,,
17,9/14/2009,2009,September,9,0.51,0.044318646,,,,
18,9/14/2009,2009,September,9,0.36,-0.319459489,0.157207814,-42.05185391,1.54,
1,10/13/2009,2009,October,10,0.73,0.577859911,,,,
17,10/13/2009,2009,October,10,0.63,0.335341154,,,,
18,10/13/2009,2009,October,10,0.67,0.432348657,1.345549723,-40.70630419,2.03,
1,11/17/2009,2009,November,11,0.62,0.311089279,,,,
17,11/17/2009,2009,November,11,0.41,-0.198200111,,,,
18,11/17/2009,2009,November,11,0.29,-0.489222619,-0.37633345,-41.08263764,1.32,
1,12/15/2009,2009,December,12,0.48,-0.028436981,,,,
17,12/15/2009,2009,December,12,0.44,-0.125444483,,,,
18,12/15/2009,2009,December,12,0.49,-0.004185105,-0.158066569,-41.24070421,1.41,
1,1/20/2010,2010,January,1,0.1,-0.950008256,,,,
17,1/20/2010,2010,January,1,0.09,-0.974260132,,,,
18,1/20/2010,2010,January,1,0.01,-1.168275138,-3.092543526,-44.33324773,0.2,
1,2/16/2010,2010,February,2,0.31,-0.440718867,,,,
17,2/16/2010,2010,February,2,0.21,-0.683237624,,,,
18,2/16/2010,2010,February,2,0.11,-0.925756381,-2.049712872,-46.38296061,0.63,
1,3/17/2010,2010,March,3,0.51,0.044318646,,,,
17,3/17/2010,2010,March,3,0.19,-0.731741375,,,,
18,3/17/2010,2010,March,3,0.2,-0.7074895,-1.394912229,-47.77787284,0.9,
1,4/14/2010,2010,April,4,0.29,-0.489222619,,,,
17,4/14/2010,2010,April,4,0.23,-0.634733873,,,,
18,4/14/2010,2010,April,4,0.18,-0.755993251,-1.879949742,-49.65782258,0.7,
1,5/17/2010,2010,May,5,0.49,-0.004185105,,,,
17,5/17/2010,2010,May,5,0.17,-0.780245127,,,,
18,5/17/2010,2010,May,5,0.31,-0.440718867,-1.225149099,-50.88297168,0.97,
1,6/15/2010,2010,June,6,0.5,0.020066771,,,,
17,6/15/2010,2010,June,6,0.51,0.044318646,,,,
18,6/15/2010,2010,June,6,0.37,-0.295207613,-0.230822196,-51.11379387,1.38,
1,7/12/2010,2010,July,7,0.63,0.335341154,,,,
17,7/12/2010,2010,July,7,0.14,-0.853000754,,,,
18,7/12/2010,2010,July,7,0.52,0.068570522,-0.449089077,-51.56288295,1.29,
1,8/17/2010,2010,August,8,0.43,-0.149696359,,,,
17,8/17/2010,2010,August,8,0.2,-0.7074895,,,,
18,8/17/2010,2010,August,8,0.21,-0.683237624,-1.540423483,-53.10330643,0.84,
1,9/15/2010,2010,September,9,0.82,0.796126792,,,,
17,9/15/2010,2010,September,9,0.58,0.214081776,,,,
18,9/15/2010,2010,September,9,0.83,0.820378668,1.830587236,-51.2727192,2.23,
1,10/13/2010,2010,October,10,0.63,0.325640404,,,,
17,10/13/2010,2010,October,10,0.34,-0.35632234,,,,
18,10/13/2010,2010,October,10,0.51,0.051594209,0.020912273,-51.25180692,1.48,
1,11/16/2010,2010,November,11,0.72,0.560398561,,,,
17,11/16/2010,2010,November,11,0.7,0.504861765,,,,
18,11/16/2010,2010,November,11,0.34,-0.367478203,0.697782123,-50.5540248,1.76,
1,12/8/2010,2010,December,12,0.47,-0.060934494,,,,
17,12/8/2010,2010,December,12,0.42,-0.168612822,,,,
18,12/8/2010,2010,December,12,0.39,-0.257859725,-0.487407041,-51.04143184,1.27,
1,1/19/2011,2011,January,1,0.17,-0.792128546,,,,
17,1/19/2011,2011,January,1,0.2,-0.699971418,,,,
18,1/19/2011,2011,January,1,0.25,-0.59423324,-2.086333204,-53.12776505,0.61,
1,2/17/2011,2011,February,2,0.3,-0.472246306,,,,
17,2/17/2011,2011,February,2,0.23,-0.643464548,,,,
18,2/17/2011,2011,February,2,0.16,-0.81468279,-1.930393644,-55.05815869,0.68,
1,3/17/2011,2011,March,3,0.13,-0.877010111,,,,
17,3/17/2011,2011,March,3,0.19,-0.726891,,,,
18,3/17/2011,2011,March,3,0.18,-0.755750732,-2.359651843,-57.41781053,0.5,
1,4/13/2011,2011,April,4,0.33,-0.385182072,,,,
17,4/13/2011,2011,April,4,0.24,-0.607571772,,,,
18,4/13/2011,2011,April,4,0.21,-0.679114805,-1.671868649,-59.08967918,0.79,
1,5/18/2011,2011,May,5,0.81,0.771874917,,,,
17,5/18/2011,2011,May,5,1.65,2.809032473,,,,
18,5/18/2011,2011,May,5,0.28,-0.513474494,3.067432896,-56.02224629,2.74,
1,6/14/2011,2011,June,6,0.65,0.383844906,,,,
17,6/14/2011,2011,June,6,0.32,-0.416466992,,,,
18,6/14/2011,2011,June,6,0.26,-0.561978246,-0.594600332,-56.61684662,1.23,
1,7/11/2011,2011,July,7,0.34,-0.36796324,,,,
17,7/11/2011,2011,July,7,0.8,0.747623041,,,,
18,7/11/2011,2011,July,7,0.44,-0.125444483,0.254215317,-56.3626313,1.58,
1,8/16/2011,2011,August,8,0.55,0.141326149,,,,
17,8/16/2011,2011,August,8,0.66,0.408096781,,,,
18,8/16/2011,2011,August,8,0.49,-0.004185105,0.545237825,-55.81739348,1.7,
1,9/13/2011,2011,September,9,0.51,0.044318646,,,,
17,9/13/2011,2011,September,9,0.38,-0.270955738,,,,
18,9/13/2011,2011,September,9,0.21,-0.683237624,-0.909874715,-56.72726819,1.1,
1,10/11/2011,2011,October,10,0.29,-0.489222619,,,,
17,10/11/2011,2011,October,10,0.16,-0.804497002,,,,
18,10/11/2011,2011,October,10,0.27,-0.53772637,-1.831445991,-58.55871418,0.72,
1,11/15/2011,2011,November,11,0.69,0.480852408,,,,
17,11/15/2011,2011,November,11,0.87,0.917386171,,,,
18,11/15/2011,2011,November,11,0.76,0.650615538,2.048854117,-56.50986007,2.32,
1,12/13/2011,2011,December,12,0.75,0.626363662,,,,
17,12/13/2011,2011,December,12,0.66,0.408096781,,,,
18,12/13/2011,2011,December,12,0.43,-0.149696359,0.884764085,-55.62509598,1.84,
1,1/9/2012,2012,January,1,0.63,0.335341154,,,,
17,1/9/2012,2012,January,1,0.18,-0.755993251,,,,
18,1/9/2012,2012,January,1,0.21,-0.683237624,-1.103889721,-56.7289857,1.02,
1,2/23/2012,2012,February,2,0.34,-0.36796324,,,,
17,2/23/2012,2012,February,2,0.22,-0.658985748,,,,
18,2/23/2012,2012,February,2,0.25,-0.586230121,-1.61317911,-58.34216481,0.81,
1,3/12/2012,2012,March,3,0.34,-0.36796324,,,,
17,3/12/2012,2012,March,3,0.3,-0.464970743,,,,
18,3/12/2012,2012,March,3,0.14,-0.853000754,-1.685934737,-60.02809955,0.78,
1,4/16/2012,2012,April,4,0.54,0.117074273,,,,
17,4/16/2012,2012,April,4,0.32,-0.416466992,,,,
18,4/16/2012,2012,April,4,0.2,-0.7074895,-1.006882218,-61.03498177,1.06,
1,5/16/2012,2012,May,5,0.48,-0.028436981,,,,
17,5/16/2012,2012,May,5,0.46,-0.076940732,,,,
18,5/16/2012,2012,May,5,0.24,-0.610481997,-0.71585971,-61.75084148,1.18,
1,6/13/2012,2012,June,6,1.01,1.25691243,,,,
17,6/13/2012,2012,June,6,1.08,1.42667556,,,,
18,6/13/2012,2012,June,6,0.45,-0.101192608,2.582395382,-59.16844609,2.54,
1,7/17/2012,2012,July,7,1.13,1.547934938,,,,
17,7/17/2012,2012,July,7,1.11,1.499431187,,,,
18,7/17/2012,2012,July,7,0.96,1.135653052,4.183019177,-54.98542692,3.2,
1,8/14/2012,2012,August,8,0.64,0.35959303,,,,
17,8/14/2012,2012,August,8,0.56,0.165578025,,,,
18,8/14/2012,2012,August,8,0.51,0.044318646,0.569489701,-54.41593722,1.71,
1,9/12/2012,2012,September,9,1.07,1.402423684,,,,
17,9/12/2012,2012,September,9,0.44,-0.125444483,,,,
18,9/12/2012,2012,September,9,0.24,-0.610481997,0.666497204,-53.74944001,1.75,
1,10/18/2012,2012,October,10,0.97,1.159904927,,,,
17,10/18/2012,2012,October,10,0.85,0.868882419,,,,
18,10/18/2012,2012,October,10,0.64,0.35959303,2.388380377,-51.36105964,2.46,
1,11/13/2012,2012,November,11,0.52,0.068570522,,,,
17,11/13/2012,2012,November,11,0.6,0.262585527,,,,
18,11/13/2012,2012,November,11,0.69,0.480852408,0.812008458,-50.54905118,1.81,
1,12/11/2012,2012,December,12,0.26,-0.561978246,,,,
17,12/11/2012,2012,December,12,0.27,-0.53772637,,,,
18,12/11/2012,2012,December,12,0.24,-0.610481997,-1.710186613,-52.25923779,0.77,
1,1/14/2013,2013,January,1,0.26,-0.561978246,,,,
17,1/14/2013,2013,January,1,0.27,-0.53772637,,,,
18,1/14/2013,2013,January,1,0.17,-0.780245127,-1.879949742,-54.13918753,0.7,
1,2/13/2013,2013,February,2,0.24,-0.610481997,,,,
17,2/13/2013,2013,February,2,0.33,-0.392215116,,,,
18,2/13/2013,2013,February,2,0.23,-0.634733873,-1.637430986,-55.77661852,0.8,
1,3/11/2013,2013,March,3,0.43,-0.149696359,,,,
17,3/11/2013,2013,March,3,0.24,-0.610481997,,,,
18,3/11/2013,2013,March,3,0.29,-0.489222619,-1.249400975,-57.02601949,0.96,
1,4/17/2013,2013,April,4,0.19,-0.731741375,,,,
17,4/17/2013,2013,April,4,0.2,-0.7074895,,,,
18,4/17/2013,2013,April,4,0.26,-0.561978246,-2.001209121,-59.02722862,0.65,
1,5/14/2013,2013,May,5,0.51,0.044318646,,,,
17,5/14/2013,2013,May,5,0.33,-0.392215116,,,,
18,5/14/2013,2013,May,5,0.26,-0.561978246,-0.909874715,-59.93710333,1.1,
1,6/11/2013,2013,June,6,0.5,0.020066771,,,,
17,6/11/2013,2013,June,6,0.42,-0.173948235,,,,
18,6/11/2013,2013,June,6,0.27,-0.53772637,-0.691607834,-60.62871117,1.19,
1,7/16/2013,2013,July,7,0.72,0.553608035,,,,
17,7/16/2013,2013,July,7,0.21,-0.683237624,,,,
18,7/16/2013,2013,July,7,0.32,-0.416466992,-0.54609658,-61.17480775,1.25,
1,8/13/2013,2013,August,8,0.73,0.577859911,,,,
17,8/13/2013,2013,August,8,0.69,0.480852408,,,,
18,8/13/2013,2013,August,8,0.86,0.893134295,1.951846615,-59.22296113,2.28,
1,9/16/2013,2013,September,9,1.28,1.911713073,,,,
17,9/16/2013,2013,September,9,1.08,1.42667556,,,,
18,9/16/2013,2013,September,9,0.81,0.771874917,4.11026355,-55.11269758,3.17,
1,10/22/2013,2013,October,10,1.02,1.281164306,,,,
17,10/22/2013,2013,October,10,0.85,0.868882419,,,,
18,10/22/2013,2013,October,10,0.81,0.771874917,2.921921642,-52.19077594,2.68,
1,11/20/2013,2013,November,11,0.98,1.184156803,,,,
17,11/20/2013,2013,November,11,0.63,0.335341154,,,,
18,11/20/2013,2013,November,11,0.64,0.35959303,1.879090987,-50.31168495,2.25,
1,12/16/2013,2013,December,12,0.72,0.553608035,,,,
17,12/16/2013,2013,December,12,0.59,0.238333652,,,,
18,12/16/2013,2013,December,12,0.37,-0.295207613,0.496734074,-49.81495088,1.68,
1,1/15/2014,2014,January,1,0.56,0.165578025,,,,
17,1/15/2014,2014,January,1,0.43,-0.149696359,,,,
18,1/15/2014,2014,January,1,0.29,-0.489222619,-0.473340953,-50.28829183,1.28,
1,2/18/2014,2014,February,2,0.23,-0.634733873,,,,
17,2/18/2014,2014,February,2,0.21,-0.683237624,,,,
18,2/18/2014,2014,February,2,0.2,-0.7074895,-2.025460996,-52.31375283,0.64,
1,3/21/2014,2014,March,3,0.29,-0.489222619,,,,
17,3/21/2014,2014,March,3,0.24,-0.610481997,,,,
18,3/21/2014,2014,March,3,0.24,-0.610481997,-1.710186613,-54.02393944,0.77,
1,4/18/2014,2014,April,4,0.42,-0.173948235,,,,
17,4/18/2014,2014,April,4,0.21,-0.683237624,,,,
18,4/18/2014,2014,April,4,0.22,-0.658985748,-1.516171607,-55.54011105,0.85,
1,5/13/2014,2014,May,5,0.39,-0.246703862,,,,
17,5/13/2014,2014,May,5,0.31,-0.440718867,,,,
18,5/13/2014,2014,May,5,0.36,-0.319459489,-1.006882218,-56.54699327,1.06,
1,6/18/2014,2014,June,6,0.5,0.020066771,,,,
17,6/18/2014,2014,June,6,0.39,-0.246703862,,,,
18,6/18/2014,2014,June,6,0.29,-0.489222619,-0.71585971,-57.26285298,1.18,
1,7/14/2014,2014,July,7,0.82,0.796126792,,,,
17,7/14/2014,2014,July,7,1.1,1.475179311,,,,
18,7/14/2014,2014,July,7,0.58,0.214081776,2.485387879,-54.7774651,2.5,
1,8/13/2014,2014,August,8,1.15,1.59643869,,,,
17,8/13/2014,2014,August,8,0.89,0.965889922,,,,
18,8/13/2014,2014,August,8,0.68,0.456600533,3.018929144,-51.75853595,2.72,
1,9/16/2014,2014,September,9,1.42,2.251239333,,,,
17,9/16/2014,2014,September,9,1.13,1.547934938,,,,
18,9/16/2014,2014,September,9,1.06,1.378171808,5.177346079,-46.58118987,3.61,
1,10/17/2014,2014,October,10,0.76,0.650615538,,,,
17,10/17/2014,2014,October,10,1.05,1.353919933,,,,
18,10/17/2014,2014,October,10,0.47,-0.052688856,1.951846615,-44.62934326,2.28,
1,11/10/2014,2014,November,11,1,1.232660554,,,,
17,11/10/2014,2014,November,11,0.93,1.062897425,,,,
18,11/10/2014,2014,November,11,0.97,1.159904927,3.455462906,-41.17388035,2.9,
1,12/15/2014,2014,December,12,0.72,0.553608035,,,,
17,12/15/2014,2014,December,12,0.58,0.214081776,,,,
18,12/15/2014,2014,December,12,0.57,0.1898299,0.957519712,-40.21636064,1.87,
1,1/15/2015,2015,January,1,0.42,-0.173948235,,,,
17,1/15/2015,2015,January,1,0.31,-0.440718867,,,,
18,1/15/2015,2015,January,1,0.26,-0.561978246,-1.176645348,-41.39300599,0.99,
1,2/15/2015,2015,February,2,,,,,,
17,2/15/2015,2015,February,2,,,,,,
18,2/15/2015,2015,February,2,,,,,,
1,3/16/2015,2015,March,3,0.58,0.214081776,,,,
17,3/16/2015,2015,March,3,0.39,-0.246703862,,,,
18,3/16/2015,2015,March,3,0.89,0.965889922,0.933267836,-40.45973815,1.86,
1,4/24/2015,2015,April,4,0.39,-0.246703862,,,,
17,4/24/2015,2015,April,4,0.32,-0.416466992,,,,
18,4/24/2015,2015,April,4,0.31,-0.440718867,-1.103889721,-41.56362787,1.02,
1,5/12/2015,2015,May,5,0.38,-0.270955738,,,,
17,5/12/2015,2015,May,5,0.42,-0.173948235,,,,
18,5/12/2015,2015,May,5,0.33,-0.392215116,-0.837119088,-42.40074696,1.13,
1,6/15/2015,2015,June,6,0.65,0.383844906,,,,
17,6/15/2015,2015,June,6,0.33,-0.392215116,,,,
18,6/15/2015,2015,June,6,0.36,-0.319459489,-0.327829699,-42.72857666,1.34,
1,7/16/2015,2015,July,7,0.94,1.0871493,,,,
17,7/16/2015,2015,July,7,0.61,0.286837403,,,,
18,7/16/2015,2015,July,7,0.66,0.408096781,1.782083485,-40.94649318,2.21,
1,8/13/2015,2015,August,8,1.13,1.547934938,,,,
17,8/13/2015,2015,August,8,0.69,0.480852408,,,,
18,8/13/2015,2015,August,8,0.94,1.0871493,3.115936647,-37.83055653,2.76,
1,9/14/2015,2015,September,9,1.2,1.717698068,,,,
17,9/14/2015,2015,September,9,0.82,0.796126792,,,,
18,9/14/2015,2015,September,9,1.15,1.59643869,4.11026355,-33.72029298,3.17,
1,10/14/2015,2015,October,10,1.37,2.129979954,,,,
17,10/14/2015,2015,October,10,0.59,0.238333652,,,,
18,10/14/2015,2015,October,10,0.59,0.238333652,2.606647258,-31.11364572,2.55,
1,11/18/2015,2015,November,11,0.82,0.796126792,,,,
17,11/18/2015,2015,November,11,0.61,0.286837403,,,,
18,11/18/2015,2015,November,11,0.63,0.335341154,1.41830535,-29.69534037,2.06,
1,12/14/2015,2015,December,12,0.66,0.408096781,,,,
17,12/14/2015,2015,December,12,0.7,0.505104284,,,,
18,12/14/2015,2015,December,12,0.68,0.456600533,1.369801598,-28.32553877,2.04,
1,1/14/2016,2016,January,1,0.2,-0.7074895,,,,
17,1/14/2016,2016,January,1,0.25,-0.586230121,,,,
18,1/14/2016,2016,January,1,0.18,-0.755993251,-2.049712872,-30.37525164,0.63,
1,2/18/2016,2016,February,2,0.35,-0.343711365,,,,
17,2/18/2016,2016,February,2,0.34,-0.36796324,,,,
18,2/18/2016,2016,February,2,0.2,-0.7074895,-1.419164105,-31.79441575,0.89,
1,3/15/2016,2016,March,3,0.16,-0.804497002,,,,
17,3/15/2016,2016,March,3,0.16,-0.804497002,,,,
18,3/15/2016,2016,March,3,0.17,-0.780245127,-2.389239132,-34.18365488,0.49,
1,4/14/2016,2016,April,4,0.28,-0.513474494,,,,
17,4/14/2016,2016,April,4,0.22,-0.658985748,,,,
18,4/14/2016,2016,April,4,0.21,-0.683237624,-1.855697867,-36.03935275,0.71,
1,5/17/2016,2016,May,5,0.25,-0.586230121,,,,
17,5/17/2016,2016,May,5,0.22,-0.658985748,,,,
18,5/17/2016,2016,May,5,0.24,-0.610481997,-1.855697867,-37.89505061,0.71,
1,6/21/2016,2016,June,6,0.35,-0.343711365,,,,
17,6/21/2016,2016,June,6,0.25,-0.586230121,,,,
18,6/21/2016,2016,June,6,0.25,-0.586230121,-1.516171607,-39.41122222,0.85,
1,7/20/2016,2016,July,7,0.73,0.577859911,,,,
17,7/20/2016,2016,July,7,0.63,0.335341154,,,,
18,7/20/2016,2016,July,7,0.69,0.480852408,1.394053474,-38.01716875,2.05,
1,8/16/2016,2016,August,8,0.74,0.602111787,,,,
17,8/16/2016,2016,August,8,0.56,0.165578025,,,,
18,8/16/2016,2016,August,8,0.72,0.553608035,1.321297847,-36.6958709,2.02,
1,9/12/2016,2016,September,9,0.97,1.159904927,,,,
17,9/12/2016,2016,September,9,0.69,0.480852408,,,,
18,9/12/2016,2016,September,9,0.71,0.52935616,2.170113496,-34.52575741,2.37,
1,10/13/2016,2016,October,10,0.63,0.335341154,,,,
17,10/13/2016,2016,October,10,0.9,0.990141798,,,,
18,10/13/2016,2016,October,10,0.92,1.038645549,2.364128501,-32.1616289,2.45,
1,11/14/2016,2016,November,11,0.65,0.383844906,,,,
17,11/14/2016,2016,November,11,0.6,0.262585527,,,,
18,11/14/2016,2016,November,11,0.63,0.335341154,0.981771587,-31.17985732,1.88,
1,12/14/2016,2016,December,12,0.57,0.1898299,,,,
17,12/14/2016,2016,December,12,0.45,-0.101192608,,,,
18,12/14/2016,2016,December,12,0.52,0.068570522,0.157207814,-31.0226495,1.54,
1,1/15/2017,2017,January,1,0.19,-0.731741375,,,,
17,1/15/2017,2017,January,1,0.24,-0.610481997,,,,
18,1/15/2017,2017,January,1,0.17,-0.780245127,-2.122468499,-33.145118,0.6,
1,2/18/2017,2017,February,2,0.34,-0.36796324,,,,
17,2/18/2017,2017,February,2,0.33,-0.392215116,,,,
18,2/18/2017,2017,February,2,0.19,-0.731741375,-1.491919732,-34.63703773,0.86,
1,3/23/2017,2017,March,3,0.37,-0.295207613,,,,
17,3/23/2017,2017,March,3,0.32,-0.416466992,,,,
18,3/23/2017,2017,March,3,0.31,-0.440718867,-1.152393472,-35.78943121,1,
1,,2017,April,4,,,,,,
17,,2017,April,4,,,,,,
18,,2017,April,4,,,,,,
1,5/31/2017,2017,May,5,0.69,0.480852408,,,,
17,5/31/2017,2017,May,5,0.25,-0.586230121,,,,
18,5/31/2017,2017,May,5,0.16,-0.804497002,-0.909874715,-36.69930592,1.1,
1,6/29/2017,2017,June,6,0.61,0.286837403,,,,
17,6/29/2017,2017,June,6,0.56,0.165578025,,,,
18,6/29/2017,2017,June,6,0.4,-0.222451986,0.229963441,-36.46934248,1.57,
1,7/18/2017,2017,July,7,0.88,0.941638046,,,,
17,7/18/2017,2017,July,7,0.99,1.208408679,,,,
18,7/18/2017,2017,July,7,0.59,0.238333652,2.388380377,-34.0809621,2.46,
1,,2017,August,8,,,,,,
17,,2017,August,8,,,,,,
18,,2017,August,8,,,,,,
1,10/2/2017,2017,September,9,0.97,1.159904927,,,,
17,10/2/2017,2017,September,9,0.99,1.208408679,,,,
18,10/2/2017,2017,September,9,0.99,1.208408679,3.576722285,-30.50423982,2.95,
1,,2017,October,10,,,,,,
17,,2017,October,10,,,,,,
18,,2017,October,10,,,,,,
1,11/14/2017,2017,November,11,1.12,1.523683063,,,,
17,11/14/2017,2017,November,11,1.02,1.281164306,,,,
18,11/14/2017,2017,November,11,0.73,0.577859911,3.382707279,-27.12153254,2.87,
1,12/20/2017,2017,December,12,0.61,0.286837403,,,,
17,12/20/2017,2017,December,12,0.64,0.35959303,,,,
18,12/20/2017,2017,December,12,0.77,0.674867414,1.321297847,-25.80023469,2.02,
1,1/26/2018,2018,January,1,0.22,-0.658985748,,,,
17,1/26/2018,2018,January,1,0.22,-0.658985748,,,,
18,1/26/2018,2018,January,1,0.23,-0.634733873,-1.952705369,-27.75294006,0.67,
1,2/21/2018,2018,February,2,0.36,-0.319459489,,,,
17,2/21/2018,2018,February,2,0.76,0.650615538,,,,
18,2/21/2018,2018,February,2,0.21,-0.683237624,-0.352081575,-28.10502164,1.33,
1,3/27/2018,2018,March,3,0.36,-0.319459489,,,,
17,3/27/2018,2018,March,3,0.25,-0.586230121,,,,
18,3/27/2018,2018,March,3,0.22,-0.658985748,-1.564675359,-29.66969699,0.83,
1,4/26/2018,2018,April,4,0.54,0.117074273,,,,
17,4/26/2018,2018,April,4,0.45,-0.101192608,,,,
18,4/26/2018,2018,April,4,0.38,-0.270955738,-0.255074072,-29.92477107,1.37,
1,5/22/2018,2018,May,5,0.24,-0.610481997,,,,
17,5/22/2018,2018,May,5,0.25,-0.586230121,,,,
18,5/22/2018,2018,May,5,0.23,-0.634733873,-1.831445991,-31.75621706,0.72,
1,6/21/2018,2018,June,6,0.22,-0.658985748,,,,
17,6/21/2018,2018,June,6,0.27,-0.53772637,,,,
18,6/21/2018,2018,June,6,0.29,-0.489222619,-1.685934737,-33.44215179,0.78,
1,8/2/2018,2018,July,7,0.58,0.214081776,,,,
17,8/2/2018,2018,July,7,0.88,0.941638046,,,,
18,8/2/2018,2018,July,7,0.6,0.262585527,1.41830535,-32.02384644,2.06,
1,8/28/2018,2018,August,8,0.68,0.456600533,,,,
17,8/28/2018,2018,August,8,0.53,0.092822398,,,,
18,8/28/2018,2018,August,8,0.46,-0.076940732,0.472482198,-31.55136425,1.67,
1,9/19/2018,2018,September,9,0.94,1.0871493,,,,
17,9/19/2018,2018,September,9,0.81,0.771874917,,,,
18,9/19/2018,2018,September,9,0.21,-0.683237624,1.175786593,-30.37557765,1.96,
1,10/23/2018,2018,October,10,0.77,0.674867414,,,,
17,10/23/2018,2018,October,10,0.65,0.383844906,,,,
18,10/23/2018,2018,October,10,0.95,1.111401176,2.170113496,-28.20546416,2.37,
1,11/14/2018,2018,November,11,0.66,0.408096781,,,,
17,11/14/2018,2018,November,11,0.61,0.286837403,,,,
18,11/14/2018,2018,November,11,0.64,0.35959303,1.054527214,-27.15093694,1.91,
1,12/4/2018,2018,December,12,0.31,-0.440718867,,,,
17,12/4/2018,2018,December,12,0.58,0.214081776,,,,
18,12/4/2018,2018,December,12,0.53,0.092822398,-0.133814694,-27.28475164,1.42,
1,,2019,January,1,,,,,,
17,,2019,January,1,,,,,,
18,,2019,January,1,,,,,,
1,,2019,February,2,,,,,,
17,,2019,February,2,,,,,,
18,,2019,February,2,,,,,,
1,4/4/2019,2019,March,3,0.28,-0.513474494,,,,
17,4/4/2019,2019,March,3,0.21,-0.683237624,,,,
18,4/4/2019,2019,March,3,0.27,-0.53772637,-1.734438488,-29.01919013,0.76,
1,4/30/2019,2019,April,4,0.24,-0.610481997,,,,
17,4/30/2019,2019,April,4,0.23,-0.634733873,,,,
18,4/30/2019,2019,April,4,0.2,-0.7074895,-1.952705369,-30.9718955,0.67,
1,5/17/2019,2019,May,5,0.29,-0.489222619,,,,
17,5/17/2019,2019,May,5,0.19,-0.731741375,,,,
18,5/17/2019,2019,May,5,0.15,-0.828748878,-2.049712872,-33.02160837,0.63,
1,6/25/2019,2019,June,6,0.44,-0.125444483,,,,
17,6/25/2019,2019,June,6,0.35,-0.343711365,,,,
18,6/25/2019,2019,June,6,0.31,-0.440718867,-0.909874715,-33.93148308,1.1,
1,7/25/2019,2019,July,7,0.37,-0.295207613,,,,
17,7/25/2019,2019,July,7,0.36,-0.319459489,,,,
18,7/25/2019,2019,July,7,0.31,-0.440718867,-1.055385969,-34.98686905,1.04,
1,,2019,August,8,,,,,,
17,,2019,August,8,,,,,,
18,,2019,August,8,,,,,,
1,9/25/2019,2019,September,9,1.24,1.814705571,,,,
17,9/25/2019,2019,September,9,0.52,0.068570522,,,,
18,9/25/2019,2019,September,9,0.83,0.820378668,2.70365476,-32.28321429,2.59,
1,10/29/2019,2019,October,10,0.67,0.432348657,,,,
17,10/29/2019,2019,October,10,0.84,0.844630544,,,,
18,10/29/2019,2019,October,10,0.68,0.456600533,1.733579733,-30.54963456,2.19,
1,,2019,November,11,,,,,,
17,,2019,November,11,,,,,,
18,,2019,November,11,,,,,,
1,12/29/2019,2019,December,12,0.69,0.480852408,,,,
17,12/29/2019,2019,December,12,0.21,-0.683237624,,,,
18,12/29/2019,2019,December,12,3.73,7.853422614,7.651037399,-22.89859716,4.63,
1,,2020,January,1,,,,,,
17,,2020,January,1,,,,,,
18,,2020,January,1,,,,,,
1,,2020,February,2,,,,,,
17,,2020,February,2,,,,,,
18,,2020,February,2,,,,,,
1,,2020,March,3,,,,,,
17,,2020,March,3,,,,,,
18,,2020,March,3,,,,,,
1,,2020,April,4,,,,,,
17,,2020,April,4,,,,,,
18,,2020,April,4,,,,,,
1,,2020,May,5,,,,,,
17,,2020,May,5,,,,,,
18,,2020,May,5,,,,,,
1,6/24/2020,2020,June,6,0.17,-0.780245127,,,,
17,6/24/2020,2020,June,6,0.16,-0.804497002,,,,
18,6/24/2020,2020,June,6,0.16,-0.804497002,-2.389239132,-25.28783629,0.49,
1,7/29/2022,2020,July,7,0.81,0.771874917,,,,
17,7/29/2022,2020,July,7,0.85,0.868882419,,,,
18,7/29/2022,2020,July,7,1.09,1.450927435,3.091684771,-22.19615152,2.75,
1,8/27/2020,2020,August,8,0.84,0.844630544,,,,
17,8/27/2020,2020,August,8,0.55,0.141326149,,,,
18,8/27/2020,2020,August,8,0.2,-0.7074895,0.278467193,-21.91768433,1.59,
1,9/23/2020,2020,September,9,1.18,1.669194317,,,,
17,9/23/2020,2020,September,9,1.29,1.935964949,,,,
18,9/23/2020,2020,September,9,1.14,1.572186814,5.177346079,-16.74033825,3.61,
1,10/21/2020,2020,October,10,0.93,1.062897425,,,,
17,10/21/2020,2020,October,10,0.46,-0.076940732,,,,
18,10/21/2020,2020,October,10,0.28,-0.513474494,0.472482198,-16.26785605,1.67,
1,11/20/2020,2020,November,11,0.15,-0.828748878,,,,
17,11/20/2020,2020,November,11,0.16,-0.804497002,,,,
18,11/20/2020,2020,November,11,0.09,-0.974260132,-2.607506013,-18.87536206,0.4,
1,,2020,December,12,,,,,,
17,,2020,December,12,,,,,,
18,,2020,December,12,,,,,,
1,,2020,January,1,,,,,,
17,,2020,January,1,,,,,,
18,,2020,January,1,,,,,,
1,2/4/2021,2021,February,2,0.18,-0.755993251,,,,
17,2/4/2021,2021,February,2,0.3,-0.464970743,,,,
18,2/4/2021,2021,February,2,0.14,-0.853000754,-2.073964748,-20.94932681,0.62,
1,3/26/2021,2021,March,3,0.17,-0.780245127,,,,
17,3/26/2021,2021,March,3,0.2,-0.7074895,,,,
18,3/26/2021,2021,March,3,0.21,-0.683237624,-2.170972251,-23.12029906,0.58,
1,4/28/2021,2021,April,4,0.18,-0.755993251,,,,
17,4/28/2021,2021,April,4,0.11,-0.925756381,,,,
18,4/28/2021,2021,April,4,0.18,-0.755993251,-2.437742883,-25.55804194,0.47,
1,5/19/2021,2021,May,5,0.2,-0.7074895,,,,
17,5/19/2021,2021,May,5,0.18,-0.755993251,,,,
18,5/19/2021,2021,May,5,0.25,-0.586230121,-2.049712872,-27.60775482,0.63,
1,6/30/2021,2021,June,6,0.14,-0.853000754,,,,
17,6/30/2021,2021,June,6,0.23,-0.634733873,,,,
18,6/30/2021,2021,June,6,0.38,-0.270955738,-1.758690364,-29.36644518,0.75,
1,7/28/2021,2021,July,7,1.02,1.281164306,,,,
17,7/28/2021,2021,July,7,0.32,-0.416466992,,,,
18,7/28/2021,2021,July,7,0.36,-0.319459489,0.545237825,-28.82120735,1.7,
1,8/25/2021,2021,August,8,1.32,2.008720576,,,,
17,8/25/2021,2021,August,8,0.61,0.286837403,,,,
18,8/25/2021,2021,August,8,0.61,0.286837403,2.582395382,-26.23881197,2.54,
1,9/29/2021,2021,September,9,0.98,1.184156803,,,,
17,9/29/2021,2021,September,9,0.43,-0.149696359,,,,
18,9/29/2021,2021,September,9,0.43,-0.149696359,0.884764085,-25.35404789,1.84,
1,10/27/2021,2021,October,10,0.79,0.723371165,,,,
17,10/27/2021,2021,October,10,0.61,0.286837403,,,,
18,10/27/2021,2021,October,10,5.36,11.80647835,12.81668692,-12.53736097,6.76,
1,11/16/2021,2021,November,11,0.36,-0.319459489,,,,
17,11/16/2021,2021,November,11,0.26,-0.561978246,,,,
18,11/16/2021,2021,November,11,5.82,12.92206463,12.0406269,-0.496734074,6.44,
1,12/15/2021,2021,December,12,0.72,0.553608035,,,,
17,12/15/2021,2021,December,12,0.59,0.238333652,,,,
18,12/15/2021,2021,December,12,0.37,-0.295207613,0.496734074,-1.84E-13,1.68,
