6,1/24/1995,1995,JANUARY,1,1.60,-0.360204085,,,,,,,
15,1/24/1995,1995,JANUARY,1,0.67,-0.521401323,,,,,,,
8,1/25/1995,1995,JANUARY,1,0.63,-0.528334538,-0.469979982,,0.966666667,,,,
8,2/15/1995,1995,FEBRUARY,2,0.87,-0.486735251,,,,,,,
6,2/16/1995,1995,FEBRUARY,2,,,,,,,,,
15,2/16/1995,1995,FEBRUARY,2,0.53,-0.545667575,-0.516201413,-0.986181395,0.7,,,,
6,3/22/1995,1995,MARCH,3,0.98,-0.467668911,,,,,,,
15,3/22/1995,1995,MARCH,3,0.77,-0.504068287,,,,,,,
8,3/23/1995,1995,MARCH,3,1.95,-0.299538457,-0.423758552,-1.409939946,1.233333333,,,,
8,4/20/1995,1995,APRIL,4,1.22,-0.426069623,,,,,,,
6,4/25/1995,1995,APRIL,4,0.62,-0.530067842,,,,,,,
15,4/25/1995,1995,APRIL,4,1.04,-0.457269089,-0.471135518,-1.881075464,0.96,,,,
6,5/16/1995,1995,MAY,5,0.66,-0.523134627,,,,,,,
15,5/16/1995,1995,MAY,5,0.88,-0.485001947,,,,,,,
8,5/20/1995,1995,MAY,5,0.45,-0.559534004,-0.522556859,-2.403632323,0.663333333,,,,
8,6/14/1995,1995,JUNE,6,1.78,-0.329004619,,,,,,,
6,6/15/1995,1995,JUNE,6,0.20,-0.602866595,,,,,,,
15,6/15/1995,1995,JUNE,6,0.18,-0.606333202,-0.512734805,-2.916367129,0.72,,,,
6,7/5/1995,1995,JULY,7,0.49,-0.552600789,,,,,,,
15,7/5/1995,1995,JULY,7,0.65,-0.524867931,,,,,,,
8,7/6/1995,1995,JULY,7,0.72,-0.512734805,-0.530067842,-3.44643497,0.62,,,,
8,8/22/1995,1995,AUGUST,8,6.00,0.402449519,,,,,,,
6,8/23/1995,1995,AUGUST,8,0.43,-0.563000611,,,,,,,
15,8/23/1995,1995,AUGUST,8,0.62,-0.530067842,-0.230206311,-3.676641282,2.35,,,,
6,9/20/1995,1995,SEPTEMBER,9,0.32,-0.582066951,,,,,,,
15,9/20/1995,1995,SEPTEMBER,9,1.57,-0.365403996,,,,,,,
8,9/21/1995,1995,SEPTEMBER,9,0.77,-0.504068287,-0.483846411,-4.160487693,0.886666667,,,,
8,10/12/1995,1995,OCTOBER,10,1.06,-0.453802481,,,,,,,
6,10/13/1995,1995,OCTOBER,10,0.64,-0.526601234,,,,,,,
15,10/13/1995,1995,OCTOBER,10,1.85,-0.316871494,-0.43242507,-4.592912763,1.183333333,,,,
15,12/6/1995,1995,DECEMBER,12,3.52,-0.027409785,,,,,,,
8,12/8/1995,1995,DECEMBER,12,0.97,-0.469402214,-0.248406,-4.841318762,2.245,1.138939394,,,
6,1/22/1996,1996,JANUARY,1,0.67,-0.521401323,,,,,,,
15,1/22/1996,1996,JANUARY,1,0.79,-0.50060168,,,,,,,
8,1/23/1996,1996,JANUARY,1,0.26,-0.592466773,-0.538156592,-5.379475354,0.57,,,,
8,2/12/1996,1996,FEBRUARY,2,9.10,0.939773648,,,,,,,
6,2/15/1996,1996,FEBRUARY,2,2.09,-0.275272206,,,,,,,
15,2/15/1996,1996,FEBRUARY,2,1.00,-0.464202303,0.06676638,-5.312708975,4.06,,,,
6,3/18/1996,1996,MARCH,3,0.93,-0.476335429,,,,,,,
15,3/18/1996,1996,MARCH,3,1.31,-0.41046989,,,,,,,
8,3/19/1996,1996,MARCH,3,0.67,-0.521401323,-0.469402214,-5.782111189,0.97,,,,
8,4/18/1996,1996,APRIL,4,2.05,-0.282205421,,,,,,,
6,4/19/1996,1996,APRIL,4,0.00,-0.637532668,,,,,,,
15,4/19/1996,1996,APRIL,4,0.26,-0.592466773,-0.504068287,-6.286179476,0.77,,,,
8,5/7/1996,1996,MAY,5,0.61,-0.531801145,,,,,,,
6,5/8/1996,1996,MAY,5,2.26,-0.245806044,,,,,,,
15,5/8/1996,1996,MAY,5,0.85,-0.490201858,-0.422603016,-6.708782492,1.24,,,,
8,6/17/1996,1996,JUNE,6,0.70,-0.516201413,,,,,,,
6,6/20/1996,1996,JUNE,6,0.85,-0.490201858,,,,,,,
15,6/20/1996,1996,JUNE,6,0.57,-0.53873436,-0.515045877,-7.223828368,0.71,,,,
6,7/22/1996,1996,JULY,7,0.81,-0.497135072,,,,,,,
15,7/22/1996,1996,JULY,7,0.93,-0.476335429,,,,,,,
8,7/23/1996,1996,JULY,7,1.46,-0.384470336,-0.452646946,-7.676475314,1.07,,,,
6,8/20/1996,1996,AUGUST,8,1.99,-0.292605243,,,,,,,
15,8/20/1996,1996,AUGUST,8,2.00,-0.290871939,,,,,,,
8,8/22/1996,1996,AUGUST,8,4.36,0.118187721,-0.155096487,-7.831571801,2.78,,,,
8,9/16/1996,1996,SEPTEMBER,9,1.93,-0.303005064,,,,,,,
6,9/19/1996,1996,SEPTEMBER,9,2.50,-0.204206757,,,,,,,
15,9/19/1996,1996,SEPTEMBER,9,3.10,-0.100208538,-0.202473453,-8.034045254,2.51,,,,
8,10/22/1996,1996,OCTOBER,10,2.35,-0.230206311,,,,,,,
6,10/23/1996,1996,OCTOBER,10,1.65,-0.351537566,,,,,,,
15,10/23/1996,1996,OCTOBER,10,1.37,-0.400070068,-0.327271315,-8.361316569,1.79,,,,
6,11/13/1996,1996,NOVEMBER,11,0.55,-0.542200967,,,,,,,
15,11/13/1996,1996,NOVEMBER,11,0.22,-0.599399987,,,,,,,
8,11/14/1996,1996,NOVEMBER,11,0.26,-0.592466773,-0.578022576,-8.939339145,0.34,,,,
6,12/16/1996,1996,DECEMBER,12,0.87,-0.486735251,,,,,,,
8,12/18/1996,1996,DECEMBER,12,1.58,-0.363670692,,,,,,,
15,12/18/1996,1996,DECEMBER,12,2.00,-0.290871939,-0.38042596,-9.319765106,1.48,,,,
15,1/13/1997,1997,JANUARY,1,1.21,-0.427802927,,,,,,,
8,1/14/1997,1997,JANUARY,1,0.43,-0.563000611,,,,,,,
6,1/15/1997,1997,JANUARY,1,0.08,-0.623666238,-0.538156592,-9.857921698,0.57,,,,
8,2/10/1997,1997,FEBRUARY,2,3.18,-0.086342109,,,,,,,
6,2/12/1997,1997,FEBRUARY,2,2.30,-0.23887283,,,,,,,
15,2/12/1997,1997,FEBRUARY,2,1.22,-0.426069623,-0.250428187,-10.10834988,2.23,,,,
6,3/17/1997,1997,MARCH,3,0.10,-0.620199631,,,,,,,
15,3/17/1997,1997,MARCH,3,0.02,-0.63406606,,,,,,,
8,3/28/1997,1997,MARCH,3,0.44,-0.561267307,-0.605177666,-10.71352755,0.19,,,,
6,4/21/1997,1997,APRIL,4,1.64,-0.35327087,,,,,,,
15,4/21/1997,1997,APRIL,4,0.05,-0.629732801,,,,,,,
8,4/22/1997,1997,APRIL,4,1.25,-0.420869712,-0.467957794,-11.18148535,0.98,1.442156863,,,
8,5/20/1997,1997,MAY,5,0.36,-0.575133736,,,,,,,
6,5/22/1997,1997,MAY,5,0.05,-0.629732801,,,,,,,
15,5/22/1997,1997,MAY,5,0.40,-0.568200522,-0.591022353,-11.7725077,0.27,,,,
8,6/10/1997,1997,JUNE,6,0.30,-0.585533558,,,,,,,
6,6/12/1997,1997,JUNE,6,0.76,-0.505801591,,,,,,,
15,6/12/1997,1997,JUNE,6,1.18,-0.433002838,-0.508112662,-12.28062036,0.75,,,,
8,7/15/1997,1997,JULY,7,0.30,-0.585533558,,,,,,,
6,7/16/1997,1997,JULY,7,0.89,-0.483268643,,,,,,,
15,7/16/1997,1997,JULY,7,0.85,-0.490201858,-0.51966802,-12.80028838,0.68,,,,
6,8/27/1997,1997,AUGUST,8,0.47,-0.556067396,,,,,,,
8,9/3/1997,1997,AUGUST,8,3.10,-0.100208538,,,,,,,
15,9/8/1997,1997,AUGUST,8,0.05,-0.629732801,-0.428669579,-13.22895796,1.21,,,,
15,9/22/1997,1997,SEPTEMBER,9,0.50,-0.550867485,,,,,,,
6,9/26/1997,1997,SEPTEMBER,9,0.48,-0.554334093,,,,,,,
8,9/26/1997,1997,SEPTEMBER,9,2.89,-0.136607915,-0.413936498,-13.64289446,1.29,,,,
6,10/6/1997,1997,OCTOBER,10,0.82 ,-0.495401769,,,,,,,
15,10/6/1997,1997,OCTOBER,10,1.98 ,-0.294338546,,,,,,,
8,10/8/1997,1997,OCTOBER,10,3.65 ,-0.004876838,-0.264872384,-13.90776684,2.15,1.05,,,
6,11/21/1997,1997,NOVEMBER,11,0.39 ,-0.569933826,,,,,,,
8,11/21/1997,1997,NOVEMBER,11,0.31 ,-0.583800255,,,,,,,
15,11/21/1997,1997,NOVEMBER,11,0.27 ,-0.590733469,-0.581489183,-14.48925602,0.32,,,,
8,12/15/1997,1997,DECEMBER,12,1.04 ,-0.457269089,,,,,,,
6,12/17/1997,1997,DECEMBER,12,0.58 ,-0.537001056,,,,,,,
15,12/17/1997,1997,DECEMBER,12,0.32 ,-0.582066951,-0.525445699,-15.01470172,0.65,,,,
8,1/21/1998,1998,JANUARY,1,0.10 ,-0.619766305,,,,,,,
6,1/22/1998,1998,JANUARY,1,0.10 ,-0.619766305,,,,,,,
15,1/22/1998,1998,JANUARY,1,1.27 ,-0.417403105,-0.552311905,-15.56701363,0.49,,,,
6,2/9/1998,1998,FEBRUARY,2,2.13,-0.268338991,,,,,,,
15,2/9/1998,1998,FEBRUARY,2,2.19,-0.25793917,,,,,,,
8,2/10/1998,1998,FEBRUARY,2,0.7,-0.516201413,-0.347493191,-15.91450682,1.67,,,,
6,3/12/1998,1998,MARCH,3,3,-0.117541574,,,,,,,
15,3/12/1998,1998,MARCH,3,3.99,0.054055486,,,,,,,
8,3/16/1998,1998,MARCH,3,0.10 ,-0.619766305,-0.227750798,-16.14225762,2.36,,,,
8,4/14/1998,1998,APRIL,4,1.23,-0.424336319,,,,,,,
6,4/15/1998,1998,APRIL,4,0.14,-0.613266417,,,,,,,
15,4/15/1998,1998,APRIL,4,0.41,-0.566467218,-0.534689985,-16.6769476,0.59,,,,
6,5/19/1998,1998,MAY,5,1.02,-0.460735696,,,,,,,
15,5/19/1998,1998,MAY,5,0.28,-0.589000166,,,,,,,
8,5/20/1998,1998,MAY,5,1.8,-0.325538012,-0.458424624,-17.13537223,1.03,,,,
6,6/16/1998,1998,JUNE,6,0.46,-0.5578007,,,,,,,
15,6/16/1998,1998,JUNE,6,0.65,-0.524867931,,,,,,,
8,6/17/1998,1998,JUNE,6,0.95,-0.472868821,-0.518512484,-17.65388471,0.69,,,,
8,7/7/1998,1998,JULY,7,3.22,-0.079408894,,,,,,,
6,7/9/1998,1998,JULY,7,0.24,-0.59593338,,,,,,,
15,7/9/1998,1998,JULY,7,8.05,0.757776766,0.027478164,-17.62640655,3.84,,,,
6,8/11/1998,1998,AUGUST,8,0.29,-0.587266862,,,,,,,
15,8/11/1998,1998,AUGUST,8,1.28,-0.415669801,,,,,,,
8,8/12/1998,1998,AUGUST,8,5.34,0.288051478,-0.238295062,-17.86470161,2.30,,,,
8,9/16/1998,1998,SEPTEMBER,9,0.55,-0.542200967,,,,,,,
6,9/17/1998,1998,SEPTEMBER,9,0.10 ,-0.619766305,,,,,,,
15,9/17/1998,1998,SEPTEMBER,9,0.10 ,-0.619766305,-0.593911193,-18.4586128,0.25,,,,
6,10/12/1998,1998,OCTOBER,10,1.97,-0.29607185,,,,,,,
15,10/12/1998,1998,OCTOBER,10,9.05,0.93110713,,,,,,,
8,10/13/1998,1998,OCTOBER,10,2.71,-0.16780738,0.155742633,-18.30287017,4.58,,,,
6,11/16/1998,1998,NOVEMBER,11,1.92,-0.304738368,,,,,,,
15,11/16/1998,1998,NOVEMBER,11,0.01,-0.635799364,,,,,,,
8,11/19/1998,1998,NOVEMBER,11,1.22,-0.426069623,-0.455535785,-18.75840595,1.05,,,,
8,12/15/1998,1998,DECEMBER,12,0.59,-0.535267753,,,,,,,
6,12/16/1998,1998,DECEMBER,12,1.38,-0.398336765,,,,,,,
15,12/16/1998,1998,DECEMBER,12,2.18,-0.259672473,-0.397758997,-19.15616495,1.38,,,,
8,1/19/1999,1999,JANUARY,1,0.16,-0.609799809,,,,,,,
6,1/20/1999,1999,JANUARY,1,2.32,-0.235406222,,,,,,,
15,1/20/1999,1999,JANUARY,1,0.35,-0.57686704,-0.474024357,-19.63018931,0.94,,,,
6,2/16/1999,1999,FEBRUARY,2,0.42,-0.564733915,,,,,,,
15,2/16/1999,1999,FEBRUARY,2,0.51,-0.549134182,,,,,,,
8,2/17/1999,1999,FEBRUARY,2,0.23,-0.597666684,-0.570511593,-20.2007009,0.39,,,,
6,3/16/1999,1999,MARCH,3,0.33,-0.580333647,,,,,,,
15,3/16/1999,1999,MARCH,3,1.7,-0.342871048,,,,,,,
8,3/18/1999,1999,MARCH,3,0.47,-0.556067396,-0.493090697,-20.6937916,0.83,,,,
6,4/13/1999,1999,APRIL,4,1.06,-0.453802481,,,,,,,
15,4/13/1999,1999,APRIL,4,0.34,-0.578600344,,,,,,,
8,4/14/1999,1999,APRIL,4,0.22,-0.599399987,-0.543934271,-21.23772587,0.54,,,,
6,5/17/1999,1999,MAY,5,2.08,-0.27700551,,,,,,,
15,5/17/1999,1999,MAY,5,0.8,-0.498868376,,,,,,,
8,5/18/1999,1999,MAY,5,0.47,-0.556067396,-0.443980427,-21.6817063,1.12,,,,
8,6/16/1999,1999,JUNE,6,6.3,0.454448628,,,,,,,
6,6/22/1999,1999,JUNE,6,0.64,-0.526601234,,,,,,,
15,6/22/1999,1999,JUNE,6,1.05,-0.455535785,-0.17589613,-21.85760243,2.66,,,,
8,7/15/1999,1999,JULY,7,0.69,-0.517934716,,,,,,,
6,7/17/1999,1999,JULY,7,0.46,-0.5578007,,,,,,,
15,7/17/1999,1999,JULY,7,0.3,-0.585533558,-0.553756325,-22.41135875,0.48,,,,
6,8/17/1999,1999,AUGUST,8,0.61,-0.531801145,,,,,,,
15,8/17/1999,1999,AUGUST,8,3.06,-0.107141753,,,,,,,
8,8/19/1999,1999,AUGUST,8,7.05,0.584446401,-0.018165499,-22.42952425,3.57,,,,
8,9/14/1999,1999,SEPTEMBER,9,2.96,-0.124474789,,,,,,,
6,9/20/1999,1999,SEPTEMBER,9,0.63,-0.528334538,,,,,,,
15,9/20/1999,1999,SEPTEMBER,9,0.38,-0.571667129,-0.408158819,-22.83768307,1.32,1.53,,,
6,10/12/1999,1999,OCTOBER,10,0.87,-0.486735251,,,,,,,
15,10/12/1999,1999,OCTOBER,10,3.14,-0.093275323,,,,,,,
8,10/13/1999,1999,OCTOBER,10,2.48,-0.207673364,-0.262561313,-23.10024438,2.16,,,,
6,11/8/1999,1999,NOVEMBER,11,2.11 ,-0.271805599,,,,,,,
15,11/8/1999,1999,NOVEMBER,11,3.90 ,0.038455753,,,,,,,
8,11/9/1999,1999,NOVEMBER,11,2.60 ,-0.18687372,-0.140074522,-23.2403189,2.87,,,,
6,12/7/1999,1999,DECEMBER,12,3.16 ,-0.089808716,,,,,,,
15,12/7/1999,1999,DECEMBER,12,1.17 ,-0.434736141,,,,,,,
8,12/8/1999,1999,DECEMBER,12,2.08 ,-0.27700551,-0.267183456,-23.50750236,2.14,,,,
6,1/5/2000,2000,JANUARY,1,2.53 ,-0.199006846,,,,,,,
15,1/5/2000,2000,JANUARY,1,2.69 ,-0.171273987,,,,,,,
8,1/6/2000,2000,JANUARY,1,2.90 ,-0.134874611,-0.168385148,-23.67588751,2.71,,,,
8,2/22/2000,2000,FEBRUARY,2,1.26 ,-0.419136409,,,,,,,
6,2/23/2000,2000,FEBRUARY,2,2.36 ,-0.228473008,,,,,,,
15,2/23/2000,2000,FEBRUARY,2,2.34 ,-0.231939615,-0.29318301,-23.96907052,1.99,,,,
6,3/13/2000,2000,MARCH,3,2,-0.290871939,,,,,,,
15,3/13/2000,2000,MARCH,3,0.83,-0.493668465,,,,,,,
8,3/14/2000,2000,MARCH,3,0.99,-0.465935607,-0.416825337,-24.38589585,1.27,,,,
8,4/10/2000,2000,APRIL,4,0.75 ,-0.507534894,,,,,,,
6,4/11/2000,2000,APRIL,4,0.73 ,-0.511001502,,,,,,,
15,4/11/2000,2000,APRIL,4,0.36 ,-0.575133736,-0.531223377,-24.91711923,0.61,,,,
6,5/16/2000,2000,MAY,5,0.87 ,-0.486735251,,,,,,,
15,5/16/2000,2000,MAY,5,0.85 ,-0.490201858,,,,,,,
8,5/17/2000,2000,MAY,5,1.35 ,-0.403536676,-0.460157928,-25.37727716,1.02,,,,
6,6/13/2000,2000,JUNE,6,0.07 ,-0.625399542,,,,,,,
15,6/13/2000,2000,JUNE,6,0.08 ,-0.623666238,,,,,,,
8,6/15/2000,2000,JUNE,6,0.07 ,-0.625399542,-0.624821774,-26.00209893,0.07,,,,
6,7/11/2000,2000,JULY,7,5.40 ,0.2984513,,,,,,,
15,7/11/2000,2000,JULY,7,5.13 ,0.251652102,,,,,,,
8,7/12/2000,2000,JULY,7,2.44 ,-0.214606579,0.111832274,-25.89026666,4.32,,,,
6,8/15/2000,2000,AUGUST,8,1.17 ,-0.434736141,,,,,,,
15,8/15/2000,2000,AUGUST,8,1.37 ,-0.400070068,,,,,,,
8,8/17/2000,2000,AUGUST,8,0.87 ,-0.486735251,-0.44051382,-26.33078048,1.14,,,,
6,9/12/2000,2000,SEPTEMBER,9,0.53 ,-0.545667575,,,,,,,
15,9/12/2000,2000,SEPTEMBER,9,0.81 ,-0.497135072,,,,,,,
8,9/14/2000,2000,SEPTEMBER,9,6.65 ,0.515114256,-0.17589613,-26.50667661,2.66,,,,
8,10/16/2000,2000,OCTOBER,10,2.26 ,-0.245806044,,,,,,,
6,10/18/2000,2000,OCTOBER,10,1.64 ,-0.35327087,,,,,,,
15,10/18/2000,2000,OCTOBER,10,0.56 ,-0.540467664,-0.379848193,-26.8865248,1.49,,,,
6,11/15/2000,2000,NOVEMBER,11,2.20 ,-0.256205866,,,,,,,
15,11/15/2000,2000,NOVEMBER,11,1.44 ,-0.387936943,,,,,,,
8,11/16/2000,2000,NOVEMBER,11,0.60 ,-0.533534449,-0.392559086,-27.27908389,1.41,,,,
6,12/11/2000,2000,DECEMBER,12,1.05 ,-0.455535785,,,,,,,
15,12/11/2000,2000,DECEMBER,12,1.57 ,-0.365403996,,,,,,,
8,12/13/2000,2000,DECEMBER,12,0.31 ,-0.583800255,-0.468246678,-27.74733057,0.98,1.64,,,
6,1/10/2001,2001,JANUARY,1,,,,,,,,,
15,1/10/2001,2001,JANUARY,1,,,,,,,,,
8,1/11/2001,2001,JANUARY,1,,,,,0.00,,,,
6,2/6/2001,2001,FEBRUARY,2,,,,,,,,,
15,2/6/2001,2001,FEBRUARY,2,,,,,,,,,
8,2/7/2001,2001,FEBRUARY,2,,,,,0.00,,,,
8,3/12/2001,2001,MARCH,3,3.95,0.047122272,,,,,,,
15,3/14/2001,2001,MARCH,3,11.90,1.425098669,,,,,,,
6,3/15/2001,2001,MARCH,3,0.81,-0.497135072,0.325028623,-27.42230194,5.55,,,,
15,4/16/2001,2001,APRIL,4,22.4,3.245067495,,,,,,,
8,4/17/2001,2001,APRIL,4,67.5,11.06226693,,,,,,,
6,4/19/2001,2001,APRIL,4,19.5,2.742409438,5.683247954,-21.73905399,36.47,,,,
8,5/14/2001,2001,MAY,5,1.66,-0.349804263,,,,,,,
6,5/15/2001,2001,MAY,5,10.5,1.182436158,,,,,,,
15,5/15/2001,2001,MAY,5,9.33,0.979639632,0.604090509,-21.13496348,7.16,,,,
8,6/12/2001,2001,JUNE,6,3.47 ,-0.036076303,,,,,,,
6,6/13/2001,2001,JUNE,6,1.31 ,-0.41046989,,,,,,,
15,6/13/2001,2001,JUNE,6,10.50 ,1.182436158,0.245296655,-20.88966683,5.09,,,,
8,7/18/2001,2001,JULY,7,2.96 ,-0.124474789,,,,,,,
6,7/20/2001,2001,JULY,7,2.73 ,-0.164340773,,,,,,,
15,7/20/2001,2001,JULY,7,0.64 ,-0.526601234,-0.271805599,-21.16147243,2.11,,,,
8,8/14/2001,2001,AUGUST,8,1.35 ,-0.403536676,,,,,,,
6,8/15/2001,2001,AUGUST,8,2.67 ,-0.174740595,,,,,,,
15,8/15/2001,2001,AUGUST,8,1.28 ,-0.415669801,-0.331315691,-21.49278812,1.77,,,,
8,9/11/2001,2001,SEPTEMBER,9,0.10 ,-0.61967964,,,,,,,
15,9/11/2001,2001,SEPTEMBER,9,0.10 ,-0.61967964,,,,,,,
6,9/18/2001,2001,SEPTEMBER,9,0.10 ,-0.61967964,-0.61967964,-22.11246776,0.10,,,,
6,10/16/2001,2001,OCTOBER,10,0.10 ,-0.61967964,,,,,,,
15,10/16/2001,2001,OCTOBER,10,0.10 ,-0.61967964,,,,,,,
8,10/18/2001,2001,OCTOBER,10,0.10 ,-0.61967964,-0.61967964,-22.7321474,0.10,,,,
6,11/6/2001,2001,NOVEMBER,11,0.10 ,-0.61967964,,,,,,,
15,11/6/2001,2001,NOVEMBER,11,0.10 ,-0.61967964,,,,,,,
8,11/7/2001,2001,NOVEMBER,11,2.09 ,-0.275272206,-0.504877162,-23.23702456,0.77,,,,
6,12/4/2001,2001,DECEMBER,12,1.45 ,-0.386203639,,,,,,,
15,12/4/2001,2001,DECEMBER,12,1.42 ,-0.39140355,,,,,,,
8,12/5/2001,2001,DECEMBER,12,0.10 ,-0.61967964,-0.465762277,-23.70278684,0.99,,,,
6,1/15/2002,2002,JANUARY,1,0.10,-0.61967964,,,,,,,
15,1/15/2002,2002,JANUARY,1,5.83,0.372983357,,,,,,,
8,1/16/2002,2002,JANUARY,1,3.60,-0.013543356,-0.086746546,-23.78953338,3.18,,,,
8,2/14/2002,2002,FEBRUARY,2,0.48,-0.554334093,,,,,,,
6,2/19/2002,2002,FEBRUARY,2,0.90,-0.48153534,,,,,,,
15,2/19/2002,2002,FEBRUARY,2,0.10,-0.61967964,-0.551849691,-24.34138307,0.49,,,,
6,3/19/2002,2002,MARCH,3,0.90,-0.48153534,,,,,,,
8,3/21/2002,2002,MARCH,3,0.48,-0.554334093,,,,,,,
15,3/21/2002,2002,MARCH,3,0.10,-0.61967964,-0.551849691,-24.89323276,0.49,,,,
6,4/16/2002,2002,APRIL,4,0.10,-0.61967964,,,,,,,
15,4/16/2002,2002,APRIL,4,0.10,-0.61967964,,,,,,,
8,4/17/2002,2002,APRIL,4,0.08,-0.623666238,-0.621008506,-25.51424127,0.10,,,,
6,5/16/2002,2002,MAY,5,0.10,-0.61967964,,,,,,,
8,5/16/2002,2002,MAY,5,0.10,-0.61967964,,,,,,,
15,5/16/2002,2002,MAY,5,0.10,-0.61967964,-0.61967964,-26.13392091,0.10,,,,
6,6/12/2002,2002,JUNE,6,0.10,-0.61967964,,,,,,,
15,6/12/2002,2002,JUNE,6,0.10,-0.61967964,,,,,,,
8,6/13/2002,2002,JUNE,6,0.10,-0.61967964,-0.61967964,-26.75360055,0.10,,,,
8,7/16/2002,2002,JULY,7,0.10,-0.61967964,,,,,,,
6,7/17/2002,2002,JULY,7,0.10,-0.61967964,,,,,,,
15,7/17/2002,2002,JULY,7,0.10,-0.61967964,-0.61967964,-27.37328019,0.10,,,,
8,8/13/2002,2002,AUGUST,8,1.61 ,-0.358470781,,,,,,,
6,8/14/2002,2002,AUGUST,8,0.10 ,-0.61967964,,,,,,,
15,8/14/2002,2002,AUGUST,8,0.10 ,-0.61967964,-0.53261002,-27.90589021,0.61,3.51,,,
6,9/18/2002,2002,SEPTEMBER,9,0.10 ,-0.61967964,,,,,,,
15,9/18/2002,2002,SEPTEMBER,9,0.10 ,-0.61967964,,,,,,,
8,9/19/2002,2002,SEPTEMBER,9,0.10 ,-0.61967964,-0.61967964,-28.52556985,0.10,,,,
6,10/15/2002,2002,OCTOBER,10,8.85 ,0.896441057,,,,,,,
8,10/17/2002,2002,OCTOBER,10,2.58 ,-0.190340328,,,,,,,
15,10/17/2002,2002,OCTOBER,10,1.72 ,-0.339404441,0.122232096,-28.40333775,4.38,,,,
8,11/14/2002,2002,NOVEMBER,11,2.18 ,-0.259672473,,,,,,,
15,11/14/2002,2002,NOVEMBER,11,0.61 ,-0.531801145,,,,,,,
6,11/15/2002,2002,NOVEMBER,11,0.10 ,-0.61967964,-0.47038442,-28.87372217,0.96,,,,
8,12/18/2002,2002,DECEMBER,12,0.46 ,-0.5578007,,,,,,,
15,12/18/2002,2002,DECEMBER,12,0.83 ,-0.493668465,,,,,,,
6,12/19/2002,2002,DECEMBER,12,1.26 ,-0.419136409,-0.490201858,-29.36392403,0.85,,,,
6,1/14/2003,2003,JANUARY,1,0.12 ,-0.616733024,,,,,,,
8,1/15/2003,2003,JANUARY,1,1.25 ,-0.420869712,,,,,,,
15,1/15/2003,2003,JANUARY,1,2.15 ,-0.264872384,-0.434158373,-29.7980824,1.17,,,,
8,2/11/2003,2003,FEBRUARY,2,0.10 ,-0.61967964,,,,,,,
15,2/11/2003,2003,FEBRUARY,2,0.10 ,-0.61967964,,,,,,,
6,2/13/2003,2003,FEBRUARY,2,2.05 ,-0.282205421,-0.507188234,-30.30527064,0.75,,,,
8,3/11/2003,2003,MARCH,3,3.58 ,-0.017009963,,,,,,,
6,3/12/2003,2003,MARCH,3,0.10 ,-0.61967964,,,,,,,
15,3/12/2003,2003,MARCH,3,1.46 ,-0.384470336,-0.340386646,-30.64565728,1.71,,,,
6,4/15/2003,2003,APRIL,4,0.10 ,-0.61967964,,,,,,,
15,4/15/2003,2003,APRIL,4,0.38 ,-0.571667129,,,,,,,
8,4/16/2003,2003,APRIL,4,0.23 ,-0.597666684,-0.596337818,-31.2419951,0.24,,,,
8,5/15/2003,2003,MAY,5,0.10 ,-0.61967964,,,,,,,
6,5/20/2003,2003,MAY,5,0.10 ,-0.61967964,,,,,,,
15,5/20/2003,2003,MAY,5,0.85 ,-0.490201858,-0.576520379,-31.81851548,0.35,,,,
8,6/18/2003,2003,JUNE,6,2.23 ,-0.251005955,,,,,,,
15,6/18/2003,2003,JUNE,6,3.01 ,-0.115808271,,,,,,,
6,6/20/2003,2003,JUNE,6,1.63 ,-0.355004174,-0.240606133,-32.05912162,2.29,,,,
8,7/16/2003,2003,JULY,7,13.9,1.771759397,,,,,,,
6,7/17/2003,2003,JULY,7,6.63,0.511647648,,,,,,,
15,7/17/2003,2003,JULY,7,1.32,-0.408736587,0.624890153,-31.43423146,7.28,,,,
8,8/13/2003,2003,AUGUST,8,6.54 ,0.496047915,,,,,,,
6,8/14/2003,2003,AUGUST,8,0.46 ,-0.5578007,,,,,,,
15,8/14/2003,2003,AUGUST,8,0.56 ,-0.540467664,-0.200740149,-31.63497161,2.52,,,,
8,9/22/2003,2003,SEPTEMBER,9,10.1 ,1.113104013,,,,,,,
15,9/22/2003,2003,SEPTEMBER,9,5.62 ,0.33658398,,,,,,,
6,9/24/2003,2003,SEPTEMBER,9,8.30 ,0.801109357,0.750265783,-30.88470583,8.01,,,,
6,10/16/2003,2003,OCTOBER,10,6.12,0.423249162,,,,,,,
8,10/16/2003,2003,OCTOBER,10,4.94,0.218719332,,,,,,,
15,10/16/2003,2003,OCTOBER,10,3.64,-0.006610141,0.211786118,-30.67291971,4.90,,,,
8,11/17/2003,2003,NOVEMBER,11,3.17 ,-0.088075413,,,,,,,
15,11/17/2003,2003,NOVEMBER,11,0.83 ,-0.493668465,,,,,,,
6,11/18/2003,2003,NOVEMBER,11,12.6 ,1.546429924,0.321562015,-30.3513577,5.53,,,,
8,12/16/2003,2003,DECEMBER,12,13.5 ,1.702427252,,,,,,,
15,12/16/2003,2003,DECEMBER,12,1.36 ,-0.401803372,,,,,,,
6,12/18/2003,2003,DECEMBER,12,15.3 ,2.014421907,1.105015262,-29.24634243,10.05,,,,
6,1/13/2004,2004,JANUARY,1,1.34 ,-0.405269979,,,,,,,
8,,2004,JANUARY,1,,,,,,,,,
15,,2004,JANUARY,1,,,-0.405269979,-29.65161241,1.34,,,,
8,2/9/2004,2004,FEBRUARY,2,2.64 ,-0.179940506,,,,,,,
15,2/9/2004,2004,FEBRUARY,2,3.55 ,-0.022209874,,,,,,,
6,2/10/2004,2004,FEBRUARY,2,3.61 ,-0.011810052,-0.071320144,-29.72293256,3.27,,,,
8,3/15/2004,2004,MARCH,3,1.53,-0.37233721,,,,,,,
6,3/17/2004,2004,MARCH,3,0.85,-0.490201858,,,,,,,
15,3/17/2004,2004,MARCH,3,3.51,-0.029143089,-0.297227386,-30.02015994,1.96,,,,
8,4/16/2004,2004,APRIL,4,9.01,0.924173915,,,,,,,
6,4/17/2004,2004,APRIL,4,6.35,0.463115146,,,,,,,
15,4/17/2004,2004,APRIL,4,1.60,-0.360204085,0.342361659,-29.67779828,5.65,3.05,,,
8,5/10/2004,2004,MAY,5,3.06,-0.107141753,,,,,,,
6,5/11/2004,2004,MAY,5,6.40,0.471781664,,,,,,,
15,5/11/2004,2004,MAY,5,4.81,0.196186385,0.186942099,-29.49085618,4.76,,,,
6,6/15/2004,2004,JUNE,6,0.38 ,-0.571667129,,,,,,,
15,6/17/2004,2004,JUNE,6,0.82 ,-0.495401769,,,,,,,
8,6/22/2004,2004,JUNE,6,0.68 ,-0.51966802,-0.528912306,-30.01976849,0.63,,,,
6,7/13/2004,2004,JULY,7,2.49,-0.20594006,,,,,,,
8,7/14/2004,2004,JULY,7,4.37,0.119921025,,,,,,,
15,7/14/2004,2004,JULY,7,0.82,-0.495401769,-0.193806935,-30.21357542,2.56,,,,
6,8/18/2004,2004,AUGUST,8,0.21,-0.601133291,,,,,,,
8,8/19/2004,2004,AUGUST,8,17.20,2.3437496,,,,,,,
15,8/19/2004,2004,AUGUST,8,0.75,-0.507534894,0.411693805,-29.80188162,6.05,,,,
6,9/14/2004,2004,SEPTEMBER,9,6.62,0.509914345,,,,,,,
8,9/16/2004,2004,SEPTEMBER,9,9.71,1.045505171,,,,,,,
15,9/16/2004,2004,SEPTEMBER,9,2.72,-0.166074077,0.463115146,-29.33876647,6.35,,,,
6,10/13/2004,2004,OCTOBER,10,4.59 ,0.158053705,,,,,,,
15,10/13/2004,2004,OCTOBER,10,1.25 ,-0.420869712,,,,,,,
8,10/14/2004,2004,OCTOBER,10,0.85 ,-0.490201858,-0.251005955,-29.58977243,2.23,,,,
6,11/16/2004,2004,NOVEMBER,11,0.72 ,-0.512734805,,,,,,,
15,11/16/2004,2004,NOVEMBER,11,1.26 ,-0.419136409,,,,,,,
8,11/18/2004,2004,NOVEMBER,11,4.97 ,0.223919243,-0.23598399,-29.82575642,2.32,,,,
6,12/16/2004,2004,DECEMBER,12,5.28 ,0.277651656,,,,,,,
8,12/16/2004,2004,DECEMBER,12,0.37 ,-0.573400433,,,,,,,
15,12/16/2004,2004,DECEMBER,12,7.88 ,0.728310604,0.144187276,-29.68156914,4.51,,,,
6,1/11/2005,2005,JANUARY,1,8.31 ,0.80284266,,,,,,,
15,1/11/2005,2005,JANUARY,1,3.63 ,-0.008343445,,,,,,,
8,1/12/2005,2005,JANUARY,1,3.85 ,0.029789235,0.274762817,-29.40680633,5.26,,,,
8,2/15/2005,2005,FEBRUARY,2,3.63 ,-0.008343445,,,,,,,
15,2/15/2005,2005,FEBRUARY,2,0.09 ,-0.621932935,,,,,,,
6,2/16/2005,2005,FEBRUARY,2,0.17 ,-0.608066506,-0.412780962,-29.81958729,1.30,,,,
8,3/16/2005,2005,MARCH,3,0.21 ,-0.601826613,,,,,,,
15,3/16/2005,2005,MARCH,3,2.13 ,-0.268338991,,,,,,,
6,3/17/2005,2005,MARCH,3,0.32 ,-0.582066951,-0.484077518,-30.30366481,0.89,,,,
6,4/27/2005,2005,APRIL,4,17.4 ,2.378415673,,,,,,,
15,4/27/2005,2005,APRIL,4,6.25 ,0.44578211,,,,,,,
8,4/28/2005,2005,APRIL,4,6.44 ,0.478714879,1.100970887,-29.20269392,10.03,,,,
8,5/16/2005,2005,MAY,5,6.17 ,0.431915681,,,,,,,
15,5/16/2005,2005,MAY,5,,,,,,,,,
6,5/18/2005,2005,MAY,5,15.9 ,2.118420126,1.275167903,-27.92752602,11.04,,,,
6,6/15/2005,2005,JUNE,6,6.43 ,0.476981575,,,,,,,
8,6/22/2005,2005,JUNE,6,0.52 ,-0.547400878,,,,,,,
15,6/22/2005,2005,JUNE,6,3.9 ,0.033255843,-0.01238782,-27.93991384,3.61,,,,
8,7/13/2005,2005,JULY,7,4.58 ,0.156320401,,,,,,,
15,7/13/2005,2005,JULY,7,,,,,,,,,
6,7/14/2005,2005,JULY,7,5.14 ,0.253385405,0.204852903,-27.73506093,4.86,4.50,,,
6,8/23/2005,2005,AUGUST,8,1.60 ,-0.360204085,,,,,,,
8,8/23/2005,2005,AUGUST,8,13.2 ,1.650428142,,,,,,,
15,8/23/2005,2005,AUGUST,8,4.62 ,0.163253616,0.484492558,-27.25056837,6.47,,,,
6,9/13/2005,2005,SEPTEMBER,9,0.64 ,-0.526601234,,,,,,,
8,9/14/2005,2005,SEPTEMBER,9,0.7 ,-0.51966802,,,,,,,
15,9/14/2005,2005,SEPTEMBER,9,7.94 ,0.738710426,-0.10251961,-27.35308798,3.09,,,,
6,10/11/2005,2005,OCTOBER,10,12.4 ,1.511763851,,,,,,,
15,10/12/2005,2005,OCTOBER,10,14.60 ,1.893090652,,,,,,,
8,10/17/2005,2005,OCTOBER,10,28.3 ,4.267716645,2.557523716,-24.79556427,18.43,,,,
8,11/14/2005,2005,NOVEMBER,11,0.3 ,-0.578600344,,,,,,,
15,11/14/2005,2005,NOVEMBER,11,13.8 ,1.754426361,,,,,,,
6,11/15/2005,2005,NOVEMBER,11,2.24 ,-0.249272651,0.308851122,-24.48671315,5.46,,,,
8,12/20/2005,2005,DECEMBER,12,16.2 ,2.170419235,,,,,,,
15,12/20/2005,2005,DECEMBER,12,6.46 ,0.482181486,,,,,,,
6,12/21/2005,2005,DECEMBER,12,2.49 ,-0.20594006,0.815553554,-23.67115959,8.38,,,,
6,1/17/2006,2006,JANUARY,1,1.23 ,-0.424336319,,,,,,,
15,1/20/2006,2006,JANUARY,1,1.36 ,-0.401803372,,,,,,,
8,1/23/2006,2006,JANUARY,1,15.2 ,1.997088871,0.390316393,-23.2808432,5.93,,,,
6,2/14/2006,2006,February,2,20.2 ,2.863740693,,,,,,,
8,2/15/2006,2006,February,2,12.9 ,1.598429033,,,,,,,
15,2/15/2006,2006,February,2,27.0 ,4.042387171,2.834852299,-20.4459909,20.03,,,,
6,3/13/2006,2006,March,3,26.2 ,3.903722879,,,,,,,
8,3/16/2006,2006,March,3,1.28 ,-0.415669801,,,,,,,
15,3/16/2006,2006,March,3,21.6 ,3.106403203,2.198152094,-18.24783881,16.36,,,,
6,4/18/2006,2006,April,4,12.8 ,1.581095997,,,,,,,
8,4/19/2006,2006,April,4,1.07 ,-0.452069178,,,,,,,
15,4/19/2006,2006,April,4,2.19 ,-0.25793917,0.29036255,-17.95747626,5.35,,,,
6,5/15/2006,2006,May,5,1.94 ,-0.301271761,,,,,,,
8,5/16/2006,2006,May,5,5.78 ,0.364316839,,,,,,,
15,5/16/2006,2006,May,5,17.5 ,2.395748709,0.819597929,-17.13787833,8.41,,,,
6,6/15/2006,2006,June,6,12.1 ,1.459764741,,,,,,,
8,6/16/2006,2006,June,6,18.0 ,2.482413891,,,,,,,
15,6/16/2006,2006,June,6,1.75 ,-0.33420453,1.202658034,-15.93522029,10.62,,,,
8,7/17/2006,2006,July,7,3.57 ,-0.018743267,,,,,,,
15,7/17/2006,2006,July,7,12.8 ,1.581095997,,,,,,,
6,7/18/2006,2006,July,7,58.7 ,9.536959722,3.699770817,-12.23544948,25.02,,,,
8,8/23/2006,2006,August,8,24.4 ,3.591728223,,,,,,,
15,8/23/2006,2006,August,8,3.66 ,-0.003143534,,,,,,,
6,8/24/2006,2006,August,8,2.29 ,-0.240606133,1.115992852,-11.11945662,10.12,11.57,,,
6,9/12/2006,2006,Septemeber,9,28.9 ,4.371714863,,,,,,,
8,9/15/2006,2006,Septemeber,9,35.3 ,5.481029195,,,,,,,
15,9/15/2006,2006,Septemeber,9,3.48 ,-0.034343,3.272800353,-7.846656271,22.56,,,,
8,10/16/2006,2006,October,10,5.69,0.348717106,,,,,,,
15,10/16/2006,2006,October,10,1.12,-0.44340266,,,,,,,
6,10/18/2006,2006,October,10,3.41,-0.046476125,-0.047053893,-7.893710164,3.41,,,,
6,11/14/2006,2006,November,11,0.54,-0.543934271,,,,,,,
8,11/20/2006,2006,November,11,1.19,-0.431269534,,,,,,,
15,11/20/2006,2006,November,11,3.73,0.008989592,-0.322071404,-8.215781569,1.82,,,,
8,12/11/2006,2006,December,12,1.74,-0.335937834,,,,,,,
15,12/11/2006,2006,December,12,0.21,-0.601826613,,,,,,,
6,12/12/2006,2006,December,12,1.15,-0.438202749,-0.458655732,-8.6744373,1.03,,,,
6,1/18/2007,2007,January,1,1.66,-0.349804263,,,,,,,
8,1/18/2007,2007,January,1,0.21,-0.601133291,,,,,,,
15,1/18/2007,2007,January,1,0.37,-0.573400433,-0.508112662,-9.182549963,0.75,,,,
6,2/21/2007,2007,February,2,0.21,-0.601826613,,,,,,,
8,2/22/2007,2007,February,2,3.45,-0.039542911,,,,,,,
15,2/22/2007,2007,February,2,9.96,1.088837762,0.14915608,-9.033393883,4.54,,,,
8,3/12/2007,2007,March,3,0.18,-0.606333202,,,,,,,
15,3/12/2007,2007,March,3,7.57,0.674578191,,,,,,,
6,3/13/2007,2007,March,3,9.33,0.979639632,0.349294874,-8.68409901,5.69,,,,
6,4/18/2007,2007,April,4,1.88,-0.311671583,,,,,,,
8,4/19/2007,2007,April,4,1.16,-0.436469445,,,,,,,
15,4/19/2007,2007,April,4,2.67,-0.174740595,-0.307627207,-8.991726217,1.90,5.76,,,
8,5/14/2007,2007,May,5,2.15,-0.264872384,,,,,,,
15,5/14/2007,2007,May,5,6.26,0.447515413,,,,,,,
6,5/15/2007,2007,May,5,0.36,-0.575133736,-0.130830236,-9.122556453,2.92,,,,
6,6/13/2007,2007,June,6,6.04,0.409382733,,,,,,,
8,6/15/2007,2007,June,6,0.43,-0.563000611,,,,,,,
15,6/15/2007,2007,June,6,3.11,-0.098475234,-0.084031037,-9.20658749,3.19,,,,
8,7/16/2007,2007,July,7,8.53,0.840975341,,,,,,,
15,7/16/2007,2007,July,7,2.35,-0.230206311,,,,,,,
6,7/17/2007,2007,July,7,1.54,-0.370603906,0.080055041,-9.126532449,4.14,,,,
6,8/14/2007,2007,August,8,0.37,-0.573400433,,,,,,,
8,8/14/2007,2007,August,8,4.88,0.208319511,,,,,,,
15,8/14/2007,2007,August,8,1.54,-0.370603906,-0.245228276,-9.371760725,2.26,,,,
8,9/10/2007,2007,September,9,15.5,2.04908798,,,,,,,
15,9/10/2007,2007,September,9,11.4,1.338433486,,,,,,,
6,9/11/2007,2007,September,9,3.91,0.040189057,1.142570175,-8.229190551,10.27,,,,
6,10/15/2007,2007,October,10,1.9,-0.308204975,,,,,,,
8,10/15/2007,2007,October,10,7.28,0.624312385,,,,,,,
15,10/15/2007,2007,October,10,0.47,-0.556067396,-0.079986662,-8.309177213,3.22,,,,
6,11/14/2007,2007,November,11,9.41,0.993506061,,,,,,,
8,11/14/2007,2007,November,11,3.29,-0.067275769,,,,,,,
15,11/14/2007,2007,November,11,2.92,-0.131408004,0.264940763,-8.04423645,5.21,,,,
6,12/11/2007,2007,December,12,3.3,-0.065542465,,,,,,,
8,12/18/2007,2007,December,12,9.99,1.094037673,,,,,,,
15,12/18/2007,2007,December,12,1.09,-0.44860257,0.193297546,-7.850938904,4.79,,,,
6,1/15/2008,2008,January,1,3.82,0.024589324,,,,,,,
8,1/16/2008,2008,January,1,0.45,-0.559534004,,,,,,,
15,1/16/2008,2008,January,1,1.86,-0.31513819,-0.283360956,-8.134299861,2.04,,,,
6,2/12/2008,2008,February,2,1.7,-0.342871048,,,,,,,
8,2/15/2008,2008,February,2,5.71,0.352183713,,,,,,,
15,2/15/2008,2008,February,2,9.51,1.010839098,0.340050588,-7.794249273,5.64,,,,
6,3/10/2008,2008,March,3,1.62,-0.356737477,,,,,,,
8,3/10/2008,2008,March,3,0.52,-0.547400878,,,,,,,
15,3/10/2008,2008,March,3,0.51,-0.549134182,-0.484424179,-8.278673452,0.88,,,,
8,4/14/2008,2008,April,4,2.97,-0.122741485,,,,,,,
15,4/14/2008,2008,April,4,0.37,-0.573400433,,,,,,,
6,4/15/2008,2008,April,4,0.55,-0.542200967,-0.412780962,-8.691454414,1.30,,,,
6,5/14/2008,2008,May,5,0.34,-0.578600344,,,,,,,
8,5/15/2008,2008,May,5,1.08,-0.450335874,,,,,,,
15,5/15/2008,2008,May,5,13.4,1.685094215,0.218719332,-8.472735082,4.94,,,,
6,6/17/2008,2008,June,6,4.83,0.199652992,,,,,,,
8,6/18/2008,2008,June,6,4.03,0.060988701,,,,,,,
15,6/18/2008,2008,June,6,6.2,0.437115592,0.232585762,-8.24014932,5.02,,,,
6,7/15/2008,2008,July,7,13.90,1.771759397,,,,,,,
8,7/16/2008,2008,July,7,5.01,0.230852458,,,,,,,
15,7/16/2008,2008,July,7,0.31,-0.583800255,0.4729372,-7.76721212,6.41,,,,
6,8/12/2008,2008,August,8,13.6,1.719760288,,,,,,,
8,8/12/2008,2008,August,8,13.4,1.685094215,,,,,,,
15,8/12/2008,2008,August,8,3.95,0.047122272,1.150658925,-6.616553195,10.32,,,,
6,9/18/2008,2008,September,9,9.07,0.934573737,,,,,,,
8,9/18/2008,2008,September,9,6.98,0.572313276,,,,,,,
15,9/18/2008,2008,September,9,8.19,0.782043017,0.762976677,-5.853576518,8.08,,,,
8,10/14/2008,2008,October,10,0.206,-0.601826613,,,,,,,
15,10/14/2008,2008,October,10,4.3,0.107787899,,,,,,,
6,10/16/2008,2008,October,10,5.25,0.272451745,-0.073862323,-5.927438841,3.25,4.52,,,
6,11/11/2008,2008,November,11,8.93,0.910307486,,,,,,,
8,11/17/2008,2008,November,11,3.01,-0.115808271,,,,,,,
15,11/17/2008,2008,November,11,2,-0.290871939,0.167875759,-5.759563082,4.65,,,,
6,12/15/2008,2008,December,12,0.6,-0.533534449,,,,,,,
8,12/15/2008,2008,December,12,1.37,-0.400070068,,,,,,,
15,12/15/2008,2008,December,12,0.43,-0.563000611,-0.498868376,-6.258431458,0.80,,,,
6,1/12/2009,2009,January,1,1.07,-0.452069178,,,,,,,
8,1/13/2009,2009,January,1,8.91,0.906840879,,,,,,,
15,1/13/2009,2009,January,1,0.95,-0.472868821,-0.006032373,-6.264463832,3.64,,,,
6,2/10/2009,2009,February,2,0.22,-0.599399987,,,,,,,
8,2/11/2009,2009,February,2,0.69,-0.517934716,,,,,,,
15,2/11/2009,2009,February,2,0.49,-0.552600789,-0.556645164,-6.821108996,0.47,,,,
6,3/18/2009,2009,March,3,3.44,-0.041276214,,,,,,,
8,3/16/2009,2009,March,3,0.47,-0.556067396,,,,,,,
15,3/16/2009,2009,March,3,1.97,-0.29607185,-0.297805153,-7.118914149,1.96,,,,
6,4/17/2009,2009,April,4,4.67,0.171920134,,,,,,,
8,4/13/2009,2009,April,4,2.73,-0.164340773,,,,,,,
15,4/13/2009,2009,April,4,1.03,-0.459002392,-0.150474344,-7.269388493,2.81,,,,
6,5/12/2009,2009,May,5,8.26,0.794176142,,,,,,,
8,5/13/2009,2009,May,5,0.86,-0.488468554,,,,,,,
15,5/13/2009,2009,May,5,0.27,-0.590733469,-0.095008627,-7.36439712,3.13,,,,
6,6/16/2009,2009,June,6,17.6,2.413081746,,,,,,,
8,6/19/2009,2009,June,6,4.87,0.206586207,,,,,,,
15,6/19/2009,2009,June,6,0.31,-0.583800255,0.678622566,-6.685774554,7.59,,,,
6,7/13/2009,2009,July,7,0.69,-0.517934716,,,,,,,
8,7/13/2009,2009,July,7,5.6,0.333117373,,,,,,,
15,7/13/2009,2009,July,7,13.9,1.771759397,0.528980685,-6.15679387,6.73,,,,
6,8/18/2009,2009,August,8,1.93,-0.303005064,,,,,,,
8,8/17/2009,2009,August,8,19.6,2.759742474,,,,,,,
15,8/17/2009,2009,August,8,1.64,-0.35327087,0.701155513,-5.455638356,7.72,,,,
6,9/14/2009,2009,September,9,2.23,-0.251005955,,,,,,,
8,9/15/2009,2009,September,9,9.72,1.047238474,,,,,,,
15,9/15/2009,2009,September,9,0.59,-0.535267753,0.086988256,-5.368650101,4.18,,,,
6,10/13/2009,2009,October,10,0.27,-0.590733469,,,,,,,
8,10/14/2009,2009,October,10,3.29,-0.067275769,,,,,,,
15,10/14/2009,2009,October,10,1.61,-0.358470781,-0.338826673,-5.707476774,1.72,,,,
6,11/16/2009,2009,November,11,3.95,0.047122272,,,,,,,
8,11/16/2009,2009,November,11,3.31,-0.063809162,,,,,,,
15,11/16/2009,2009,November,11,3.61,-0.011810052,-0.009498981,-5.716975754,3.62,,,,
6,12/14/2009,2009,December,12,3.50,-0.030876392,,,,,,,
8,12/14/2009,2009,December,12,4.24,0.097388077,,,,,,,
15,12/14/2009,2009,December,12,2.46,-0.211139971,-0.048209429,-5.765185183,3.40,,,,
6,1/19/2010,2010,January,1,0.81,-0.497135072,,,,,,,
8,1/19/2010,2010,January,1,0.50,-0.550867485,,,,,,,
15,1/19/2010,2010,January,1,0.55,-0.542200967,-0.530067842,-6.295253025,0.62,,,,
6,2/17/2010,2010,February,2,,,,,,,,,
8,2/17/2010,2010,February,2,,,,,,,,,
15,2/17/2010,2010,February,2,,,,,,,,,
6,3/17/2010,2010,March,3,3.87,0.033255843,,,,,,,
8,3/18/2010,2010,March,3,5.13,0.251652102,,,,,,,
15,3/18/2010,2010,March,3,0.35,-0.57686704,-0.097319699,-6.392572723,3.12,,,,
6,4/12/2010,2010,April,4,0.82,-0.495401769,,,,,,,
8,4/13/2010,2010,April,4,0.48,-0.554334093,,,,,,,
15,4/13/2010,2010,April,4,1.79,-0.327271315,-0.459002392,-6.851575116,1.03,,,,
6,5/17/2010,2010,May,5,2.92,-0.131408004,,,,,,,
8,5/19/2010,2010,May,5,11.1,1.286434377,,,,,,,
15,5/19/2010,2010,May,5,3.60,-0.013543356,0.380494339,-6.471080777,5.87,,,,
6,6/15/2010,2010,June,6,1.94,-0.301271761,,,,,,,
8,6/16/2010,2010,June,6,1.9,-0.308204975,,,,,,,
15,6/16/2010,2010,June,6,4.94,0.218719332,-0.130252468,-6.601333244,2.93,,,,
6,7/15/2010,2010,July,7,11.5,1.355766523,,,,,,,
8,7/15/2010,2010,July,7,10.7,1.217102231,,,,,,,
15,7/15/2010,2010,July,7,5.03,0.234319065,0.935729273,-5.665603971,9.08,,,,
6,8/17/2010,2010,August,8,0.89,-0.483268643,,,,,,,
8,8/19/2010,2010,August,8,12.1,1.459764741,,,,,,,
15,8/19/2010,2010,August,8,0.21,-0.601133291,0.125120936,-5.540483036,4.40,,,,
6,9/15/2010,2010,September,9,1.6,-0.356737477,,,,,,,
8,9/13/2010,2010,September,9,5.30,0.281118264,,,,,,,
15,9/13/2010,2010,September,9,6.47,0.48391479,0.136098525,-5.40438451,4.46,,,,
6,10/13/2010,2010,October,10,5.07 ,0.241130949,,,,,,,
8,10/12/2010,2010,October,10,11.3 ,1.318309831,,,,,,,
15,10/12/2010,2010,October,10,3.34 ,-0.058730582,0.500236733,-4.904147778,6.56,,,,
6,11/16/2010,2010,November,11,0.72 ,-0.513064133,,,,,,,
8,11/18/2010,2010,November,11,0.95 ,-0.472920821,,,,,,,
15,11/18/2010,2010,November,11,8.86 ,0.89862502,-0.029119978,-4.933267756,3.51,,,,
6,12/8/2010,2010,December,12,7.20,0.610497955,,,,,,,
8,12/9/2010,2010,December,12,15.4,2.038324165,,,,,,,
15,12/9/2010,2010,December,12,7.10,0.592766259,1.08052946,-3.852738296,9.91,,,,
6,1/19/2011,2011,January,1,8.55 ,0.844615278,,,,,,,
8,1/20/2011,2011,January,1,1.09 ,-0.447978581,,,,,,,
15,1/20/2011,2011,January,1,1.37 ,-0.400746057,-0.001369787,-3.854108083,3.67,,,,
6,2/17/2011,2011,February,2,1.00 ,-0.464202303,,,,,,,
8,2/24/2011,2011,February,2,7.90,0.732383867,,,,,,,
15,2/24/2011,2011,February,2,5.07,0.241200281,0.169793948,-3.684314134,4.66,,,,
6,3/17/2011,2011,March,3,4.86 ,0.20409025,,,,,,,
8,3/15/2011,2011,March,3,5.44 ,0.305384515,,,,,,,
15,3/15/2011,2011,March,3,7.09 ,0.592194269,0.367223011,-3.317091123,5.80,,,,
6,4/13/2011,2011,April,4,8.87 ,0.899872998,,,,,,,
8,4/14/2011,2011,April,4,7.07 ,0.587878343,,,,,,,
15,4/14/2011,2011,April,4,12.5,1.526722261,1.004824534,-2.312266589,9.48,,,,
6,5/18/2011,2011,May,5,7.28,0.624312385,,,,,,,
8,5/19/2011,2011,May,5,2.64,-0.179940506,,,,,,,
15,5/19/2011,2011,May,5,1.51,-0.375803817,0.022856021,-2.289410569,3.81,,,,
6,6/15/2011,2011,June,6,6.7,0.523780774,,,,,,,
8,6/15/2011,2011,June,6,4.37,0.119921025,,,,,,,
15,6/15/2011,2011,June,6,1.73,-0.337671137,0.10201022,-2.187400348,4.27,,,,
6,7/11/2011,2011,July,7,7.66,0.690177924,,,,,,,
8,7/12/2011,2011,July,7,11.1,1.286434377,,,,,,,
15,7/12/2011,2011,July,7,2.94,-0.127941396,0.616223635,-1.571176714,7.23,,,,
6,8/16/2011,2011,August,8,7.02,0.57924649,,,,,,,
8,8/17/2011,2011,August,8,4.64,0.166720223,,,,,,,
15,8/17/2011,2011,August,8,0.77,-0.504068287,0.080632809,-1.490543905,4.14,,,,
6,9/13/2011,2011,September,9,0.65,-0.524867931,,,,,,,
8,9/12/2011,2011,September,9,11.4,1.338433486,,,,,,,
15,9/12/2011,2011,September,9,7.35,0.636445511,0.483337022,-1.007206883,6.47,,,,
6,10/11/2011,2011,October,10,7.38,0.641645422,,,,,,,
8,10/13/2011,2011,October,10,9.62,1.029905438,,,,,,,
15,10/13/2011,2011,October,10,14.7,1.910423689,1.193991516,0.186784633,10.57,,,,
6,11/15/2011,2011,November,11,1.0,-0.472868821,,,,,,,
8,11/18/2011,2011,November,11,3.45,-0.039542911,,,,,,,
15,11/18/2011,2011,November,11,24.7,3.643727333,1.043771867,1.2305565,9.70,,,,
6,12/14/2011,2011,December,12,2.63,-0.181673809,,,,,,,
8,12/14/2011,2011,December,12,0.62,-0.530067842,,,,,,,
15,12/14/2011,2011,December,12,0.63,-0.528334538,-0.41335873,0.817197771,1.29,,,,
6,1/11/2012,2012,January,1,5.38,0.294984693,,,,,,,
8,1/11/2012,2012,January,1,1.26,-0.419136409,,,,,,,
15,1/11/2012,2012,January,1,6.58,0.50298113,0.126276471,0.943474242,4.41,,,,
6,2/23/2012,2012,February,2,2.67,-0.174740595,,,,,,,
8,2/21/2012,2012,February,2,3.46,-0.037809607,,,,,,,
15,2/21/2012,2012,February,2,0.56,-0.540467664,-0.251005955,0.692468287,2.23,,,,
6,3/12/2012,2012,March,3,1.92,-0.304738368,,,,,,,
8,3/14/2012,2012,March,3,4.93,0.216986029,,,,,,,
15,3/14/2012,2012,March,3,1.92,-0.304738368,-0.130830236,0.561638051,2.92,,,,
6,4/16/2012,2012,April,4,11.3,1.32110045,,,,,,,
8,4/17/2012,2012,April,4,2.75,-0.160874166,,,,,,,
15,4/17/2012,2012,April,4,0.92,-0.478068732,0.227385851,0.789023902,4.99,,,,
6,5/16/2012,2012,May,5,0.39,-0.569933826,,,,,,,
8,5/22/2012,2012,May,5,2.76,-0.159140862,,,,,,,
15,5/22/2012,2012,May,5,0.28,-0.589000166,-0.439358284,0.349665618,1.14,,,,
6,6/13/2012,2012,June,6,19.6,2.759742474,,,,,,,
8,6/20/2012,2012,June,6,1.85,-0.316871494,,,,,,,
15,6/20/2012,2012,June,6,4.58,0.156320401,0.866397127,1.216062745,8.68,,,,
6,7/17/2012,2012,July,7,9.54,1.016039009,,,,,,,
8,7/16/2012,2012,July,7,18.1,2.499746928,,,,,,,
15,7/16/2012,2012,July,7,16.8,2.274417454,1.930067797,3.146130542,14.81,,,,
6,8/14/2012,2012,August,8,6.79,0.539380507,,,,,,,
8,8/16/2012,2012,August,8,11.9,1.425098669,,,,,,,
15,8/16/2012,2012,August,8,8.02,0.752576855,0.905685343,4.051815885,8.90,,,,
6,9/12/2012,2012,September,9,6.01,0.404182822,,,,,,,
8,9/11/2012,2012,September,9,1.39,-0.396603461,,,,,,,
15,9/11/2012,2012,September,9,4.14,0.080055041,0.029211467,4.081027352,3.85,,,,
6,10/17/2012,2012,October,10,8.80,0.887774539,,,,,,,
8,10/17/2012,2012,October,10,3.76,0.014189502,,,,,,,
15,10/17/2012,2012,October,10,0.89,-0.483268643,0.139565133,4.220592485,4.48,,,,
6,11/12/2012,2012,November,11,28.5,4.302382717,,,,,,,
8,11/12/2012,2012,November,11,1.45,-0.386203639,,,,,,,
15,11/12/2012,2012,November,11,11.6,1.373099559,1.763092879,5.983685364,13.85,,,,
6,12/11/2012,2012,December,12,0.72,-0.512734805,,,,,,,
8,12/12/2012,2012,December,12,21.5,3.089070167,,,,,,,
15,12/12/2012,2012,December,12,7.98,0.74564364,1.107326334,7.091011698,10.07,,,,
6,1/14/2013,2013,January,1,5.57,0.327917462,,,,,,,
8,1/23/2013,2013,January,1,0.36,-0.575133736,,,,,,,
15,1/23/2013,2013,January,1,0.43,-0.563000611,-0.270072295,6.820939403,2.12,,,,
6,2/13/2013,2013,February,2,1.88,-0.311671583,,,,,,,
8,2/14/2013,2013,February,2,6.13,0.424982466,,,,,,,
15,2/14/2013,2013,February,2,8.87,0.899907664,0.337739516,7.158678919,5.63,,,,
6,3/11/2013,2013,March,3,0.21,-0.601133291,,,,,,,
8,3/13/2013,2013,March,3,7.68,0.693644531,,,,,,,
15,3/13/2013,2013,March,3,0.83,-0.493668465,-0.133719075,7.024959844,2.91,,,,
6,4/15/2013,2013,April,4,0.21,-0.601133291,,,,,,,
8,4/16/2013,2013,April,4,0.21,-0.601133291,,,,,,,
15,4/16/2013,2013,April,4,1.93,-0.303005064,-0.501757216,6.523202628,0.78,,,,
6,5/14/2013,2013,May,5,0.89,-0.483268643,,,,,,,
8,5/13/2013,2013,May,5,1.33,-0.407003283,,,,,,,
15,5/13/2013,2013,May,5,0.21,-0.601133291,-0.497135072,6.026067556,0.81,,,,
6,6/11/2013,2013,June,6,0.21,-0.601133291,,,,,,,
8,6/12/2013,2013,June,6,5.29,0.27938496,,,,,,,
15,6/12/2013,2013,June,6,0.47,-0.556067396,-0.292605243,5.733462313,1.99,,,,
6,7/15/2013,2013,July,7,0.24,-0.59593338,,,,,,,
8,7/15/2013,2013,July,7,3.71,0.005522984,,,,,,,
15,7/15/2013,2013,July,7,0.40,-0.568200522,-0.386203639,5.347258674,1.45,,,,
6,8/12/2013,2013,August,8,1.27,-0.417403105,,,,,,,
8,8/12/2013,2013,August,8,8.96,0.915507397,,,,,,,
15,8/12/2013,2013,August,8,0.39,-0.569933826,-0.023943178,5.323315496,3.54,,,,
6,9/18/2013,2013,September,9,1.49,-0.379270425,,,,,,,
8,9/18/2013,2013,September,9,5.76,0.360850231,,,,,,,
15,9/18/2013,2013,September,9,1.76,-0.332471226,-0.116963807,5.20635169,3.00,,,,
6,10/22/2013,2013,October,10,0.92,-0.478068732,,,,,,,
8,10/21/3013,2013,October,10,5.02,0.232585762,,,,,,,
15,10/21/3013,2013,October,10,5.51,0.31751764,0.024011556,5.230363246,3.82,,,,
6,11/21/2013,2013,November,11,0.45,-0.559534004,,,,,,,
8,11/21/2013,2013,November,11,0.25,-0.594200077,,,,,,,
15,11/21/2013,2013,November,11,0.33,-0.580333647,-0.578022576,4.65234067,0.34,,,,
6,12/16/2013,2013,December,12,0.45,-0.559534004,,,,,,,
8,12/19/2013,2013,December,12,0.34,-0.578600344,,,,,,,
15,12/19/2013,2013,December,12,0.55,-0.542200967,-0.560111772,4.092228899,0.45,,,,
6,1/15/2014,2014,January,1,0.21,-0.601133291,,,,,,,
8,1/16/2014,2014,January,1,0.24,-0.59593338,,,,,,,
15,1/16/2014,2014,January,1,0.33,-0.580333647,-0.592466773,3.499762126,0.26,,,,
6,2/18/2014,2014,February,2,0.25,-0.594200077,,,,,,,
8,2/20/2014,2014,February,2,0.26,-0.592466773,,,,,,,
15,2/20/2014,2014,February,2,0.23,-0.597666684,-0.594777844,2.904984281,0.25,,,,
6,3/21/2014,2014,March,3,0.49,-0.552600789,,,,,,,
8,3/20/2014,2014,March,3,0.54,-0.543934271,,,,,,,
15,3/20/2014,2014,March,3,0.62,-0.530067842,-0.542200967,2.362783314,0.55,,,,
6,4/18/2014,2014,April,4,1.04 ,-0.457269089,,,,,,,
8,4/21/2014,2014,April,4,0.69 ,-0.517934716,,,,,,,
15,4/21/2014,2014,April,4,0.74 ,-0.509268198,-0.494824001,1.867959313,0.82,,,,
6,5/13/2014,2014,May,5,0.65 ,-0.524867931,,,,,,,
8,5/12/2013,2014,May,5,1.25 ,-0.420869712,,,,,,,
15,5/12/2013,2014,May,5,0.21 ,-0.601133291,-0.515623645,1.352335668,0.70,,,,
6,6/18/2014,2014,June,6,1.19 ,-0.431269534,,,,,,,
8,6/17/2014,2014,June,6,3.23 ,-0.077675591,,,,,,,
15,6/17/2014,2014,June,6,0.65 ,-0.524867931,-0.344604352,1.007731317,1.69,,,,
6,7/14/2014,2014,July,7,0.40 ,-0.568200522,,,,,,,
8,7/17/2014,2014,July,7,2.09 ,-0.275272206,,,,,,,
15,7/17/2014,2014,July,7,0.34 ,-0.578600344,-0.474024357,0.533706959,0.94,,,,
6,8/11/2014,2014,August,8,0.24 ,-0.59593338,,,,,,,
8,8/11/2014,2014,August,8,4.61 ,0.161520312,,,,,,,
15,8/11/2014,2014,August,8,0.25 ,-0.594200077,-0.342871048,0.190835911,1.70,,,,
6,9/16/2014,2014,September,9,0.40 ,-0.568200522,,,,,,,
8,9/15/2014,2014,September,9,4.28 ,0.104321292,,,,,,,
15,9/15/2014,2014,September,9,0.52 ,-0.547400878,-0.337093369,-0.146257458,1.73,,,,
6,10/17/2014,2014,October,10,0.35,-0.57686704,,,,,,,
8,10/16/2014,2014,October,10,1.14,-0.439936052,,,,,,,
15,10/16/2014,2014,October,10,0.37,-0.573400433,-0.530067842,-0.6763253,0.62,,,,
6,11/10/2014,2014,November,11,0.54,-0.543934271,,,,,,,
8,11/12/2014,2014,November,11,1.40,-0.394870157,,,,,,,
15,11/12/2014,2014,November,11,1.32,-0.408736587,-0.449180338,-1.125505638,1.09,,,,
6,12/15/2014,2014,December,12,0.77,-0.504068287,,,,,,,
8,12/19/2014,2014,December,12,0.56,-0.540467664,,,,,,,
15,12/19/2014,2014,December,12,0.65,-0.524867931,-0.523134627,-1.648640265,0.66,,,,
6,1/15/2015,2015,January,1,0.24 ,-0.59593338,,,,,,,
8,1/20/2015,2015,January,1,0.15 ,-0.611533113,,,,,,,
15,1/20/2015,2015,January,1,0.37 ,-0.573400433,-0.593622309,-2.242262574,0.25,,,,
6,2/15/2015,2015,February,2,,,,,,,,,
8,2/15/2015,2015,February,2,,,,,,,,,
15,2/15/2015,2015,February,2,,,,,,,,,
6,3/16/2015,2015,March,3,0.24 ,-0.59593338,,,,,,,
8,3/17/2015,2015,March,3,4.61 ,0.161520312,,,,,,,
15,3/17/2015,2015,March,3,0.48 ,-0.554334093,-0.329582387,-2.571844961,1.78,,,,
6,4/24/2015,2015,April,4,0.40 ,-0.568200522,,,,,,,
8,4/27/2015,2015,April,4,1.39 ,-0.396603461,,,,,,,
15,4/27/2015,2015,April,4,0.63 ,-0.528334538,-0.49771284,-3.069557801,0.81,,,,
6,5/12/2015,2015,May,5,1.08 ,-0.450335874,,,,,,,
8,5/14/2015,2015,May,5,0.45 ,-0.559534004,,,,,,,
15,5/14/2015,2015,May,5,0.39 ,-0.569933826,-0.526601234,-3.596159036,0.64,,,,
6,6/15/2015,2015,June,6,0.76 ,-0.505801591,,,,,,,
8,6/16/2015,2015,June,6,1.15 ,-0.438202749,,,,,,,
15,6/16/2015,2015,June,6,0.98 ,-0.467668911,-0.47055775,-4.066716786,0.96,,,,
6,7/15/2015,2015,July,7,0.91 ,-0.479802036,,,,,,,
8,7/15/2015,2015,July,7,4.73 ,0.182319956,,,,,,,
15,7/15/2015,2015,July,7,0.91 ,-0.479802036,-0.259094705,-4.325811491,2.18,,,,
6,8/12/2015,2015,August,8,0.64 ,-0.526601234,,,,,,,
8,8/12/2015,2015,August,8,10.5 ,1.182436158,,,,,,,
15,8/12/2015,2015,August,8,0.48 ,-0.554334093,0.03383361,-4.291977881,3.87,,,,
6,9/14/2015,2015,September,9,2.64 ,-0.179940506,,,,,,,
8,9/15/2015,2015,September,9,7.27 ,0.622579081,,,,,,,
15,9/15/2015,2015,September,9,2.65 ,-0.178207202,0.088143791,-4.203834089,4.19,,,,
6,10/14/2015,2015,October,10,1.87 ,-0.313404886,,,,,,,
8,10/15/2015,2015,October,10,1.69 ,-0.344604352,,,,,,,
15,10/15/2015,2015,October,10,11.1 ,1.286434377,0.209475046,-3.994359043,4.89,,,,
6,11/16/2015,2015,November,11,0.57 ,-0.53873436,,,,,,,
8,11/16/2015,2015,November,11,0.66 ,-0.523134627,,,,,,,
15,11/16/2015,2015,November,11,0.66 ,-0.523134627,-0.528334538,-4.522693581,0.63,,,,
6,12/14/2015,2015,December,12,0.15 ,-0.611533113,,,,,,,
8,12/15/2015,2015,December,12,0.30 ,-0.585533558,,,,,,,
15,12/15/2015,2015,December,12,0.2 ,-0.611533113,-0.602866595,-5.125560176,0.20,,,,
6,1/14/2016,2016,January,1,0.72 ,-0.512734805,,,,,,,
8,1/15/2016,2016,January,1,1.02 ,-0.460735696,,,,,,,
15,1/15/2016,2016,January,1,1.04 ,-0.457269089,-0.476913197,-5.602473372,0.93,,,,
6,2/17/2016,2016,February,2,0.98,-0.467668911,,,,,,,
8,2/17/2016,2016,February,2,0.50,-0.550867485,,,,,,,
15,2/17/2016,2016,February,2,0.83,-0.493668465,-0.504068287,-6.10654166,0.77,,,,
6,3/15/2016,2016,March,3,0.86,-0.488468554,,,,,,,
8,3/16/2016,2016,March,3,0.86,-0.488468554,,,,,,,
15,3/16/2016,2016,March,3,0.81,-0.497135072,-0.491357394,-6.597899053,0.84,,,,
6,4/14/2016,2016,April,4,0.74 ,-0.509268198,,,,,,,
8,4/15/2016,2016,April,4,0.96 ,-0.471135518,,,,,,,
15,4/15/2016,2016,April,4,0.64 ,-0.526601234,-0.502334983,-7.100234037,0.78,,,,
6,5/17/2016,2016,May,5,0.49 ,-0.552600789,,,,,,,
8,5/19/2016,2016,May,5,0.97 ,-0.469402214,,,,,,,
15,5/19/2016,2016,May,5,0.59 ,-0.535267753,-0.519090252,-7.619324289,0.68,,,,
6,6/21/2016,2016,June,6,0.26 ,-0.592466773,,,,,,,
8,6/22/2016,2016,June,6,1.66 ,-0.349804263,,,,,,,
15,6/22/2016,2016,June,6,0.72 ,-0.512734805,-0.485001947,-8.104326236,0.88,,,,
6,7/19/2016,2016,July,7,0.54 ,-0.543934271,,,,,,,
8,7/19/2016,2016,July,7,5.46 ,0.308851122,,,,,,,
15,7/19/2016,2016,July,7,0.58 ,-0.537001056,-0.257361402,-8.361687637,2.19,,,,
6,8/15/2016,2016,August,8,0.83 ,-0.493668465,,,,,,,
8,8/15/2016,2016,August,8,10.8 ,1.234435268,,,,,,,
15,8/15/2016,2016,August,8,0.57 ,-0.53873436,0.067344148,-8.29434349,4.07,,,,
6,9/13/2016,2016,September,9,0.49 ,-0.552600789,,,,,,,
8,9/13/2016,2016,September,9,24.1 ,3.539729114,,,,,,,
15,9/13/2016,2016,September,9,0.53 ,-0.545667575,0.81382025,-7.48052324,8.37,,,,
6,10/12/2016,2016,October,10,8.63 ,0.858308377,,,,,,,
8,10/12/2016,2016,October,10,9.22 ,0.960573292,,,,,,,
15,10/12/2016,2016,October,10,7.73 ,0.702311049,0.840397573,-6.640125667,8.53,,,,
6,11/14/2016,2016,November,11,0.52 ,-0.547400878,,,,,,,
8,11/15/2016,2016,November,11,1.07 ,-0.452069178,,,,,,,
15,11/15/2016,2016,November,11,0.83 ,-0.493668465,-0.49771284,-7.137838507,0.81,,,,
6,12/13/16,2016,December,12,0.65 ,-0.524867931,,,,,,,
8,12/13/16,2016,December,12,0.91 ,-0.479802036,,,,,,,
15,12/13/16,2016,December,12,0.64 ,-0.526601234,-0.510423734,-7.648262241,0.73,,,,
6,1/15/2017,2017,January,1,0.58,-0.537001056,,,,,,,
8,1/16/2017,2017,January,1,0.88,-0.485001947,,,,,,,
15,1/16/2017,2017,January,1,0.90,-0.48153534,-0.501179448,-8.149441689,0.79,,,,
6,2/18/2017,2017,February,2,0.84,-0.491935162,,,,,,,
8,2/20/2017,2017,February,2,0.36,-0.575133736,,,,,,,
15,2/20/2017,2017,February,2,0.69,-0.517934716,-0.528334538,-8.677776227,0.63,,,,
6,3/23/2017,2017,March,3,3.33,-0.060342554,,,,,,,
8,3/29/2017,2017,March,3,0.51,-0.549134182,,,,,,,
15,3/29/2017,2017,March,3,0.4,-0.568200522,-0.392559086,-9.070335313,1.41,,,,
6,,2017,April,4,,,,,,,,,
8,4/28/2017,2017,April,4,0.65,-0.524867931,,,,,,,
15,4/28/2017,2017,April,4,0.37,-0.573400433,-0.549134182,-9.619469495,0.51,,,,
6,5/31/2017,2017,May,5,3.91,0.040189057,,,,,,,
8,6/1/2017,2017,May,5,1.38,-0.398336765,,,,,,,
15,6/1/2017,2017,May,5,0.72,-0.512734805,-0.290294171,-9.909763666,2.00,,,,
6,6/27/2017,2017,June,6,2.83,-0.147007736,,,,,,,
8,6/27/2017,2017,June,6,1.62,-0.356737477,,,,,,,
15,6/27/2017,2017,June,6,0.86,-0.488468554,-0.330737923,-10.24050159,1.77,,,,
6,7/18/2017,2017,July,7,6.47,0.48391479,,,,,,,
8,7/20/2017,2017,July,7,3.75,0.012456199,,,,,,,
15,7/20/2017,2017,July,7,0.78,-0.502334983,-0.001987998,-10.24248959,3.67,,,,
6,,2017,August,8,,,,,,,,,
8,,2017,August,8,,,,,,,,,
15,,2017,August,8,,,,,,,,,
6,10/2/2017,2017,September,9,1.66,-0.349804263,,,,,,,
8,10/3/2017,2017,September,9,1.72,-0.339404441,,,,,,,
15,10/3/2017,2017,September,9,2.73,-0.164340773,-0.284516492,-10.52700608,2.04,,,,
6,,2017,October,10,,,,,,,,,
8,,2017,October,10,,,,,,,,,
15,,2017,October,10,,,,,,,,,
6,11/14/2017,2017,November,11,1.8,-0.325538012,,,,,,,
8,11/15/2017,2017,November,11,1.43,-0.389670247,,,,,,,
15,11/15/2017,2017,November,11,1.82,-0.322071404,-0.345759888,-10.87276597,1.68,,,,
6,12/20/2017,2017,December,12,2.48,-0.207673364,,,,,,,
8,12/21/2017,2017,December,12,2.06,-0.280472117,,,,,,,
15,12/20/2017,2017,December,12,1.63,-0.355004174,-0.281049885,-11.15381585,2.06,,,,
6,1/26/2018,2018,January,1,2.59,-0.188607024,,,,,,,
8,2/1/2018,2018,January,1,3.24,-0.075942287,,,,,,,
15,2/1/2018,2018,January,1,1.07,-0.452069178,-0.23887283,-11.39268868,2.30,,,,
6,2/21/2018,2018,February,2,6.72,0.527247381,,,,,,,
8,3/1/2018,2018,February,2,6.54,0.496047915,,,,,,,
15,3/1/2018,2018,February,2,0.74,-0.509268198,0.171342366,-11.22134631,4.67,,,,
6,3/27/2018,2018,March,3,1.94,-0.301271761,,,,,,,
8,3/29/2018,2018,March,3,1.08,-0.450335874,,,,,,,
15,3/29/2018,2018,March,3,0.76,-0.505801591,-0.419136409,-11.64048272,1.26,,,,
6,4/26/2018,2018,April,4,1.17,-0.434736141,,,,,,,
8,4/30/2018,2018,April,4,1.47,-0.382737032,,,,,,,
15,4/26/2018,2018,April,4,1.88,-0.311671583,-0.376381585,-12.01686431,1.51,,,,
6,5/23/2016,2018,May,5,3.71,0.005522984,,,,,,,
8,5/24/2018,2018,May,5,1.17,-0.434736141,,,,,,,
15,5/23/2018,2018,May,5,9.81,1.062838207,0.21120835,-11.80565596,4.90,,,,
6,6/21/2018,2018,June,6,0.69,-0.517934716,,,,,,,
8,6/20/2018,2018,June,6,0.79,-0.50060168,,,,,,,
15,6/20/2018,2018,June,6,1.7,-0.342871048,-0.453802481,-12.25945844,1.06,,,,
6,8/1/2018,2018,July,7,2.66,-0.176473898,,,,,,,
8,8/7/2018,2018,July,7,2.84,-0.145274433,,,,,,,
15,8/7/2018,2018,July,7,2.15,-0.264872384,-0.195540238,-12.45499868,2.55,,,,
6,8/28/2018,2018,August,8,0.74,-0.509268198,,,,,,,
8,8/31/2018,2018,August,8,10.1,1.113104013,,,,,,,
15,8/31/2018,2018,August,8,2.4,-0.221539793,0.127432007,-12.32756667,4.41,,,,
6,9/21/2018,2018,September,9,0.66,-0.523134627,,,,,,,
8,9/21/2018,2018,September,9,20.1,2.846407657,,,,,,,
15,9/21/2018,2018,September,9,0.58,-0.537001056,0.595423991,-11.73214268,7.11,,,,
6,10/25/2018,2018,October,10,11.8,1.407765632,,,,,,,
8,11/1/2018,2018,October,10,2.16,-0.263139081,,,,,,,
15,10/25/2018,2018,October,10,5.55,0.324450855,0.489692469,-11.24245021,6.50,,,,
6,11/14/2018,2018,November,11,0.48,-0.554334093,,,,,,,
8,11/15/2018,2018,November,11,1.03,-0.459002392,,,,,,,
15,11/15/2018,2018,November,11,0.79,-0.50060168,-0.504646055,-11.74709627,0.77,,,,
6,12/6/2018,2018,December,12,1.73,-0.337671137,,,,,,,
8,,2018,December,12,,,,,,,,,
15,,2018,December,12,,,-0.337671137,-12.0847674,1.73,,,,
6,,2019,January,1,,,,,,,,,
8,,2019,January,1,,,,,,,,,
15,,2019,January,1,,,,,,,,,
6,,2019,February,2,,,,,,,,,
8,,2019,February,2,,,,,,,,,
15,,2019,February,2,,,,,,,,,
6,4/4/2019,2019,March,3,10.5,1.182436158,,,,,,,
8,4/9/2019,2019,March,3,0.73,-0.511001502,,,,,,,
15,4/9/2019,2019,March,3,0.64,-0.526601234,0.048277807,-12.0364896,3.96,,,,
6,4/30/2019,2019,April,4,1.40,-0.394870157,,,,,,,
8,5/1/2019,2019,April,4,0.89,-0.483268643,,,,,,,
15,5/1/2019,2019,April,4,1.17,-0.434736141,-0.437624981,-12.47411458,1.15,,,,
6,5/17/2019,2019,May,5,7.26,0.620845778,,,,,,,
8,5/16/2019,2019,May,5,0.81,-0.497135072,,,,,,,
15,5/16/2019,2019,May,5,2.87,-0.140074522,-0.005454606,-12.47956918,3.65,,,,
6,6/26/2019,2019,June,6,0.60,-0.533534449,,,,,,,
8,6/26/2019,2019,June,6,3.58,-0.017009963,,,,,,,
15,6/26/2019,2019,June,6,0.48,-0.554334093,-0.368292835,-12.84786202,1.55,,,,
6,,2019,July,7,,,,,,,,,
8,7/26/2019,2019,July,7,4.09,0.071388523,,,,,,,
15,7/26/2019,2019,July,7,1.80,-0.325538012,-0.127074745,-12.97493676,2.95,,,,
6,9/3/2019,2019,August,8,5.14,0.253385405,,,,,,,
8,,2019,August,8,,,,,,,,,
15,,2019,August,8,,,0.253385405,-12.72155136,5.14,,,,
6,9/25/2019,2019,September,9,12.6,1.546429924,,,,,,,
8,9/25/2019,2019,September,9,7.42,0.648578636,,,,,,,
15,9/25/2019,2019,September,9,4.60,0.159787009,0.784931856,-11.9366195,8.21,,,,
6,10/29/2019,2019,October,10,0.85,-0.490201858,,,,,,,
8,10/30/2019,2019,October,10,3.25,-0.074208983,,,,,,,
15,10/29/2019,2019,October,10,2.00,-0.290871939,-0.28509426,-12.22171376,2.03,,,,
6,,2019,November,11,,,,,,,,,
8,,2019,November,11,,,,,,,,,
15,,2019,November,11,,,,,,,,,
6,12/29/2019,2019,December,12,1.7,-0.337671137,,,,,,,
8,12/29/2019,2019,December,12,1.70,-0.342871048,,,,,,,
15,12/29/2019,2019,December,12,10.50,1.182436158,0.167297991,-12.05441577,4.64,,,,
6,,2020,January,1,,,,,,,,,
8,,2020,January,1,,,,,,,,,
15,,2020,January,1,,,,,,,,,
6,,2020,February,2,,,,,,,,,
8,,2020,February,2,,,,,,,,,
15,,2020,February,2,,,,,,,,,
6,,2020,March,3,,,,,,,,,
8,,2020,March,3,,,,,,,,,
15,,2020,March,3,,,,,,,,,
6,,2020,April,4,,,,,,,,,
8,,2020,April,4,,,,,,,,,
15,,2020,April,4,,,,,,,,,
6,,2020,May,5,,,,,,,,,
8,,2020,May,5,,,,,,,,,
15,,2020,May,5,,,,,,,,,
6,6/23/20,2020,June,6,1.34 ,-0.405269979,,,,,,,
8,6/23/20,2020,June,6,3.54 ,-0.023943178,,,,,,,
15,6/23/20,2020,June,6,3.94 ,0.045388968,-0.127941396,-12.18235717,2.94,,,,
6,7/28/20,2020,July,7,0.94 ,-0.474602125,,,,,,,
8,7/28/20,2020,July,7,29.7 ,4.510379155,,,,,,,
15,7/28/20,2020,July,7,5.70 ,0.350450409,1.462075813,-10.72028135,12.11,,,,
6,8/26/20,2020,August,8,1.35 ,-0.403536676,,,,,,,
8,8/26/20,2020,August,8,10.8 ,1.234435268,,,,,,,
15,8/26/20,2020,August,8,5.12 ,0.249918798,0.360272463,-10.36000889,5.76,,,,
6,9/23/20,2020,September,9,1.30 ,-0.412203194,,,,,,,
8,9/22/20,2020,September,9,14.4 ,1.85842458,,,,,,,
15,9/22/20,2020,September,9,23.8 ,3.487730005,1.644650463,-8.715358426,13.17,,,,
6,10/20/20,2020,October,10,2.3 ,-0.231939615,,,,,,,
8,10/20/20,2020,October,10,4.87 ,0.206586207,,,,,,,
15,10/20/20,2020,October,10,25.7 ,3.817057697,1.26390143,-7.451456996,10.97,,,,
6,11/19/20,2020,November,11,5.98 ,0.398982911,,,,,,,
8,11/19/20,2020,November,11,2.5 ,-0.211139971,,,,,,,
15,11/19/20,2020,November,11,14.0 ,1.789092434,0.658978458,-6.792478538,7.48,,,,
6,,2020,December,12,,,,,,,,,
8,,2020,Decemebr,12,,,,,,,,,
15,,2020,December,12,,,,,,,,,
6,,2021,January,1,,,,,,,,,
8,,2021,January,1,,,,,,,,,
15,,2021,January,1,,,,,,,,,
6,2/4/2021,2021,February,2,0.64,-0.526601234,,,,,,,
8,2/4/2021,2021,February,2,7.82,0.717910782,,,,,,,
15,2/4/2021,2021,February,2,13.20,1.650428142,0.613912563,-6.178565975,7.22,,,,
6,3/26/2021,2021,March,3,12.97,1.610562158,,,,,,,
8,3/26/2021,2021,March,3,0.64,-0.526601234,,,,,,,
15,3/26/2021,2021,March,3,1.73,-0.337671137,0.248763262,-5.929802713,5.11,,,,
6,4/28/2021,2021,April,4,1.63,-0.355004174,,,,,,,
8,4/28/2021,2021,April,4,4.99,0.227385851,,,,,,,
15,4/28/2021,2021,April,4,11.29,1.319367146,0.397249608,-5.532553105,5.97,,,,
6,5/19/2021,2021,May,5,4.88,0.208319511,,,,,,,
8,5/19/2021,2021,May,5,0.64,-0.526601234,,,,,,,
15,5/19/2021,2021,May,5,26.31,3.922789219,1.201502499,-4.331050606,10.61,,,,
6,6/30/2021,2021,June,6,1.87,-0.313404886,,,,,,,
8,6/30/2021,2021,June,6,26.46,3.948788774,,,,,,,
15,6/30/2021,2021,June,6,5.87,0.379916571,1.338433486,-2.99261712,11.40,,,,
6,7/28/2021,2021,July,7,0.64,-0.526601234,,,,,,,
8,7/28/2021,2021,July,7,0.64,-0.526601234,,,,,,,
15,7/28/2021,2021,July,7,3.46,-0.037809607,-0.363670692,-3.356287812,1.58,,,,
6,8/25/2021,2021,August,8,0.64,-0.526601234,,,,,,,
8,8/25/2021,2021,August,8,10.24,1.137370264,,,,,,,
15,8/25/2021,2021,August,8,0.64,-0.526601234,0.028055932,-3.32823188,3.84,,,,
6,9/29/2021,2021,September,9,21.25,3.045737576,,,,,,,
8,9/29/2021,2021,September,9,18.64,2.593345325,,,,,,,
15,9/29/2021,2021,September,9,0.35,-0.57686704,1.687405287,-1.640826594,13.41,,,,
6,10/27/21,2021,October,10,17.47,2.390548798,,,,,,,
8,10/27/21,2021,October,10,12.12,1.463231349,,,,,,,
15,10/27/21,2021,October,10,17.85,2.456414337,2.103398161,0.462571568,15.81,,,,
6,11/16/21,2021,November,11,2.03,-0.285672028,,,,,,,
8,11/16/21,2021,November,11,0.92,-0.478068732,,,,,,,
15,11/16/21,2021,November,11,4.35,0.116454417,-0.215762114,0.246809453,2.43,,,,
6,12/15/21,2021,December,12,0.45,-0.559534004,,,,,,,
8,12/15/21,2021,December,12,0.34,-0.578600344,,,,3.68,,,
15,12/15/21,2021,December,12,0.55,-0.542200967,-0.560111772,-0.313302318,0.45,5.77,,,
