6,1/24/1995,1995,JANUARY,1,6.57,0.487551308,,,,,,,
15,1/24/1995,1995,JANUARY,1,3.80,-0.139776417,,,,,,,
8,1/25/1995,1995,JANUARY,1,1.87,-0.576867575,-0.076364228,,4.08,,,,
8,2/15/1995,1995,FEBRUARY,2,0.96,-0.782957189,,,,,,,
6,2/16/1995,1995,FEBRUARY,2,,,,,,,,,
15,2/16/1995,1995,FEBRUARY,2,1.46,-0.669721138,-0.726339163,-0.802703391,1.21,,,,
6,3/22/1995,1995,MARCH,3,3.68,-0.166953069,,,,,,,
15,3/22/1995,1995,MARCH,3,2.57,-0.418337103,,,,,,,
8,3/23/1995,1995,MARCH,3,0.24,-0.946017103,-0.510435759,-1.31313915,2.163333333,,,,
8,4/20/1995,1995,APRIL,4,0.67,-0.848634099,,,,,,,
6,4/25/1995,1995,APRIL,4,0.96,-0.782957189,,,,,,,
15,4/25/1995,1995,APRIL,4,1.63,-0.63122088,-0.754270723,-2.067409872,1.086666667,,,,
6,5/16/1995,1995,MAY,5,2.28,-0.484014013,,,,,,,
15,5/16/1995,1995,MAY,5,4.99,0.129725386,,,,,,,
8,5/20/1995,1995,MAY,5,76.05,16.22283302,5.289514796,3.222104924,27.77333333,,,,
8,6/14/1995,1995,JUNE,6,0.34,-0.923369893,,,,,,,
6,6/15/1995,1995,JUNE,6,21.17,3.79404401,,,,,,,
15,6/15/1995,1995,JUNE,6,24.47,4.54140195,2.470692023,5.692796947,15.32666667,,,,
6,7/5/1995,1995,JULY,7,24.47,4.54140195,,,,,,,
15,7/5/1995,1995,JULY,7,10.68,1.418351651,,,,,,,
8,7/6/1995,1995,JULY,7,1.01,-0.771633584,1.729373339,7.422170286,12.05333333,,,,
8,8/22/1995,1995,AUGUST,8,0.98,-0.778427747,,,,,,,
6,8/23/1995,1995,AUGUST,8,3.79,-0.142041138,,,,,,,
15,8/23/1995,1995,AUGUST,8,7.25,0.641552338,-0.092972182,7.329198103,4.006666667,,,,
6,9/20/1995,1995,SEPTEMBER,9,6.08,0.376579978,,,,,,,
15,9/20/1995,1995,SEPTEMBER,9,3.32,-0.248483026,,,,,,,
8,9/21/1995,1995,SEPTEMBER,9,0.99,-0.776163026,-0.216022025,7.113176079,3.463333333,,,,
8,10/12/1995,1995,OCTOBER,10,0.19,-0.957340708,,,,,,,
6,10/13/1995,1995,OCTOBER,10,3.29,-0.255277189,,,,,,,
15,10/13/1995,1995,OCTOBER,10,0.96,-0.782957189,-0.665191696,6.447984383,1.48,,,,
15,12/6/1995,1995,DECEMBER,12,5.98,0.353706295,,,,,,,
8,12/8/1995,1995,DECEMBER,12,1.16,-0.738115713,-0.192204709,6.255779674,4.0485,6.971984848,,,
6,1/22/1996,1996,JANUARY,1,7.87,0.781965042,,,,,,,
15,1/22/1996,1996,JANUARY,1,6.03,0.366162261,,,,,,,
8,1/23/1996,1996,JANUARY,1,4.30,-0.025860949,0.374088785,6.629868459,6.069,,,,
8,2/12/1996,1996,FEBRUARY,2,7.25,0.641099394,,,,,,,
6,2/15/1996,1996,FEBRUARY,2,2.65,-0.400445807,,,,,,,
15,2/15/1996,1996,FEBRUARY,2,4.57,0.035060047,0.091904544,6.721773004,4.823,,,,
6,3/18/1996,1996,MARCH,3,2.43,-0.449137309,,,,,,,
15,3/18/1996,1996,MARCH,3,4.17,-0.055755267,,,,,,,
8,3/19/1996,1996,MARCH,3,3.38,-0.234668228,-0.246520268,6.475252736,3.328666667,,,,
8,4/18/1996,1996,APRIL,4,0.84,-0.810360313,,,,,,,
6,4/19/1996,1996,APRIL,4,2.32,-0.474728657,,,,,,,
15,4/19/1996,1996,APRIL,4,3.50,-0.207038631,-0.497375867,5.977876868,2.221,,,,
8,5/7/1996,1996,MAY,5,0.72,-0.837536966,,,,,,,
6,5/8/1996,1996,MAY,5,4.50,0.018301111,,,,,,,
15,5/8/1996,1996,MAY,5,4.09,-0.074099507,-0.297778454,5.680098414,3.102333333,,,,
8,6/17/1996,1996,JUNE,6,1.29,-0.708674339,,,,,,,
6,6/20/1996,1996,JUNE,6,13.48,2.052473539,,,,,,,
15,6/20/1996,1996,JUNE,6,3.89,-0.118714511,0.408361563,6.088459977,6.220333333,,,,
6,7/22/1996,1996,JULY,7,6.51,0.473283566,,,,,,,
15,7/22/1996,1996,JULY,7,4.01,-0.092443747,,,,,,,
8,7/23/1996,1996,JULY,7,1.34,-0.697350734,-0.105503639,5.982956339,3.951333333,,,,
6,8/20/1996,1996,AUGUST,8,7.81,0.769056132,,,,,,,
15,8/20/1996,1996,AUGUST,8,3.03,-0.313933464,,,,,,,
8,8/22/1996,1996,AUGUST,8,1.51,-0.657718116,-0.067531816,5.915424523,4.119,,,,
8,9/16/1996,1996,SEPTEMBER,9,0.83,-0.813077979,,,,,,,
6,9/19/1996,1996,SEPTEMBER,9,2.61,-0.409278219,,,,,,,
15,9/19/1996,1996,SEPTEMBER,9,0.99,-0.77661597,-0.666324056,5.249100467,1.475,,,,
8,10/22/1996,1996,OCTOBER,10,1.143,-0.741512794,,,,,,,
6,10/23/1996,1996,OCTOBER,10,1.191,-0.730642133,,,,,,,
15,10/23/1996,1996,OCTOBER,10,1.262,-0.714562614,-0.728905847,4.52019462,1.198666667,,,,
6,11/13/1996,1996,NOVEMBER,11,0.570,-0.871351358,,,,,,,
15,11/13/1996,1996,NOVEMBER,11,1.579,-0.642787531,,,,,,,
8,11/14/1996,1996,NOVEMBER,11,0.685,-0.845207329,-0.786448739,3.73374588,0.944582868,,,,
6,12/16/1996,1996,DECEMBER,12,2.081,-0.529081962,,,,,,,
8,12/18/1996,1996,DECEMBER,12,1.573,-0.64412979,,,,,,,
15,12/18/1996,1996,DECEMBER,12,2.523,-0.428981292,-0.534064348,3.199681532,2.059,3.292659683,,,
15,1/13/1997,1997,JANUARY,1,2.377,-0.462038847,,,,,,,
8,1/14/1997,1997,JANUARY,1,2.983,-0.324775917,,,,,,,
6,1/15/1997,1997,JANUARY,1,2.725,-0.383122177,-0.38997898,2.809702552,2.69521685,,,,
8,2/10/1997,1997,FEBRUARY,2,4.311,-0.024095097,,,,,,,
6,2/12/1997,1997,FEBRUARY,2,2.338,-0.470984845,,,,,,,
15,2/12/1997,1997,FEBRUARY,2,3.167,-0.283227966,-0.259435969,2.550266583,3.271636678,,,,
6,3/17/1997,1997,MARCH,3,2.926,-0.33770469,,,,,,,
15,3/17/1997,1997,MARCH,3,4.349,-0.015452554,,,,,,,
8,3/28/1997,1997,MARCH,3,0.832,-0.811945618,-0.38836762,2.161898962,2.702331896,,,,
6,4/21/1997,1997,APRIL,4,3.532,-0.200490794,,,,,,,
15,4/21/1997,1997,APRIL,4,2.615,-0.408232162,,,,,,,
8,4/22/1997,1997,APRIL,4,0.813,-0.816303177,-0.475008711,1.686890251,2.319763406,,,,
8,5/20/1997,1997,MAY,5,0.615,-0.861090723,,,,,,,
6,5/22/1997,1997,MAY,5,7.567,0.713313294,,,,,,,
15,5/22/1997,1997,MAY,5,2.502,-0.433628069,-0.193801833,1.493088418,3.56144781,,,,
8,6/10/1997,1997,JUNE,6,5.389,0.220051814,,,,,,,
6,6/12/1997,1997,JUNE,6,6.604,0.495171148,,,,,,,
15,6/12/1997,1997,JUNE,6,8.533,0.93206146,0.549094807,2.042183226,6.841748698,,,,
8,7/15/1997,1997,JULY,7,1.046,-0.763513621,,,,,,,
6,7/16/1997,1997,JULY,7,4.417,-0.000104449,,,,,,,
15,7/16/1997,1997,JULY,7,5.314,0.203210383,-0.186802563,1.855380663,3.592353472,,,,
6,8/27/1997,1997,AUGUST,8,5.095,0.153560211,,,,,,,
8,9/3/1997,1997,AUGUST,8,1.877,-0.575326952,,,,,,,
15,9/8/1997,1997,AUGUST,8,2.399,-0.456960213,-0.292908985,1.562471678,3.123834741,,,,
15,9/22/1997,1997,SEPTEMBER,9,2.556,-0.421464393,,,,,,,
6,9/26/1997,1997,SEPTEMBER,9,6.814,0.54274407,,,,,,,
8,9/26/1997,1997,SEPTEMBER,9,1.106,-0.749942479,-0.209554268,1.352917411,3.491892071,,,,
6,10/6/1997,1997,OCTOBER,10,7.308,0.654730024,,,,,,,
15,10/6/1997,1997,OCTOBER,10,3.120,-0.293870731,,,,,,,
8,10/8/1997,1997,OCTOBER,10,1.096,-0.752165801,-0.130435502,1.222481908,3.841245321,,,,
6,11/21/1997,1997,NOVEMBER,11,2.530,-0.427312785,,,,,,,
8,11/21/1997,1997,NOVEMBER,11,0.491,-0.889240317,,,,,,,
15,11/21/1997,1997,NOVEMBER,11,2.143,-0.515033218,-0.610528773,0.611953135,1.721367133,,,,
8,12/15/1997,1997,DECEMBER,12,1.151,-0.739663774,,,,,,,
6,12/17/1997,1997,DECEMBER,12,2.405,-0.455786006,,,,,,,
15,12/17/1997,1997,DECEMBER,12,3.273,-0.259075154,-0.484841645,0.12711149,2.276345547,3.286598635,,,
8,1/21/1998,1998,JANUARY,1,2.182,-0.506118011,,,,,,,
6,1/22/1998,1998,JANUARY,1,5.356,0.212618957,,,,,,,
15,1/22/1998,1998,JANUARY,1,5.406,0.223862941,-0.023212038,0.103899452,4.314696413,,,,
6,2/9/1998,1998,FEBRUARY,2,7.529,0.704732753,,,,,,,
15,2/9/1998,1998,FEBRUARY,2,6.349,0.4374061,,,,,,,
8,2/10/1998,1998,FEBRUARY,2,4.577,0.036180574,0.392773142,0.496672594,6.151501806,,,,
6,3/12/1998,1998,MARCH,3,7.699,0.743132947,,,,,,,
15,3/12/1998,1998,MARCH,3,9.544,1.161040443,,,,,,,
8,3/16/1998,1998,MARCH,3,6.376,0.443523749,0.782565713,1.279238307,7.872652296,,,,
8,4/14/1998,1998,APRIL,4,1.683,-0.619246247,,,,,,,
6,4/15/1998,1998,APRIL,4,7.170,0.623439872,,,,,,,
15,4/15/1998,1998,APRIL,4,5.965,0.350639211,0.118277612,1.39751592,4.939451727,,,,
6,5/19/1998,1998,MAY,5,4.174,-0.054966186,,,,,,,
15,5/19/1998,1998,MAY,5,6.419,0.453405234,,,,,,,
8,5/20/1998,1998,MAY,5,10.067,1.279467489,0.559302179,1.956818099,6.88681991,,,,
6,6/16/1998,1998,JUNE,6,15.848,2.588841813,,,,,,,
15,6/16/1998,1998,JUNE,6,4.749,0.075254425,,,,,,,
8,6/17/1998,1998,JUNE,6,1.407,-0.681613875,0.660827454,2.617645553,7.335110332,,,,
8,7/7/1998,1998,JULY,7,5.572,0.261437908,,,,,,,
6,7/9/1998,1998,JULY,7,6.540,0.480794547,,,,,,,
15,7/9/1998,1998,JULY,7,7.780,0.761683811,0.501305422,3.118950975,6.630732044,,,,
6,8/11/1998,1998,AUGUST,8,10.181,1.305247732,,,,,,,
15,8/11/1998,1998,AUGUST,8,8.777,0.987449712,,,,,,,
8,8/12/1998,1998,AUGUST,8,10.989,1.488252346,1.260316597,4.379267572,9.982187545,,,,
8,9/16/1998,1998,SEPTEMBER,9,12.160,1.753495115,,,,,,,
6,9/17/1998,1998,SEPTEMBER,9,10.920,1.472704956,,,,,,,
15,9/17/1998,1998,SEPTEMBER,9,8.356,0.892068242,1.372756104,5.752023676,10.47867036,,,,
6,10/12/1998,1998,OCTOBER,10,3.672,-0.168731042,,,,,,,
15,10/12/1998,1998,OCTOBER,10,0.854,-0.806926186,,,,,,,
8,10/13/1998,1998,OCTOBER,10,0.557,-0.874221978,-0.616626402,5.135397274,1.694442718,,,,
6,11/16/1998,1998,NOVEMBER,11,1.546,-0.65020477,,,,,,,
15,11/16/1998,1998,NOVEMBER,11,0.978,-0.77881428,,,,,,,
8,11/19/1998,1998,NOVEMBER,11,0.474,-0.893126904,-0.774048652,4.361348623,0.999336136,,,,
8,12/15/1998,1998,DECEMBER,12,0.352,-0.920690649,,,,,,,
6,12/16/1998,1998,DECEMBER,12,1.713,-0.612355487,,,,,,,
15,12/16/1998,1998,DECEMBER,12,2.393,-0.458453449,-0.663833195,3.697515428,1.485998534,5.730966652,,,
8,1/19/1999,1999,JANUARY,1,1.990,-0.549610354,,,,,,,
6,1/20/1999,1999,JANUARY,1,4.189,-0.051759685,,,,,,,
15,1/20/1999,1999,JANUARY,1,3.841,-0.130391596,-0.243920545,3.453594883,3.340145886,,,,
6,2/16/1999,1999,FEBRUARY,2,4.006,-0.093167194,,,,,,,
15,2/16/1999,1999,FEBRUARY,2,2.404,-0.455953631,,,,,,,
8,2/17/1999,1999,FEBRUARY,2,0.635,-0.856574882,-0.468565236,2.985029647,2.348214924,,,,
6,3/16/1999,1999,MARCH,3,3.676,-0.167955653,,,,,,,
15,3/16/1999,1999,MARCH,3,3.814,-0.136552638,,,,,,,
8,3/18/1999,1999,MARCH,3,1.638,-0.629496958,-0.311335083,2.673694564,3.042473293,,,,
6,4/13/1999,1999,APRIL,4,5.565,0.259907849,,,,,,,
15,4/13/1999,1999,APRIL,4,4.703,0.064733256,,,,,,,
8,4/14/1999,1999,APRIL,4,0.593,-0.866128575,-0.180495824,2.49319874,3.620201224,,,,
6,5/17/1999,1999,MAY,5,3.537,-0.199250759,,,,,,,
15,5/17/1999,1999,MAY,5,10.284,1.32860658,,,,,,,
8,5/18/1999,1999,MAY,5,1.895,-0.571136284,0.186073179,2.679271919,5.238806775,,,,
8,6/16/1999,1999,JUNE,6,1.363,-0.69164303,,,,,,,
6,6/22/1999,1999,JUNE,6,7.041,0.594115666,,,,,,,
15,6/22/1999,1999,JUNE,6,14.060,2.183781887,0.695418174,3.374690093,7.487847556,,,,
8,7/15/1999,1999,JULY,7,0.631,-0.857403684,,,,,,,
6,7/17/1999,1999,JULY,7,7.956,0.801550012,,,,,,,
15,7/17/1999,1999,JULY,7,4.915,0.112663528,0.018936619,3.393626712,4.50080612,,,,
6,8/17/1999,1999,AUGUST,8,6.511,0.474097201,,,,,,,
15,8/17/1999,1999,AUGUST,8,1.747,-0.604644124,,,,,,,
8,8/19/1999,1999,AUGUST,8,0.877,-0.801803887,-0.310783603,3.082843109,3.044908382,,,,
8,9/14/1999,1999,SEPTEMBER,9,0.828,-0.812932896,,,,,,,
6,9/20/1999,1999,SEPTEMBER,9,8.109,0.836049686,,,,,,,
15,9/20/1999,1999,SEPTEMBER,9,4.652,0.053145456,0.025420749,3.108263858,4.529437152,,,,
6,10/12/1999,1999,OCTOBER,10,3.570,-0.191902025,,,,,,,
15,10/12/1999,1999,OCTOBER,10,2.126,-0.518877201,,,,,,,
8,10/13/1999,1999,OCTOBER,10,0.684,-0.845436694,-0.51873864,2.589525218,2.126671504,,,,
6,11/8/1999,1999,NOVEMBER,11,2.405,-0.455608742,,,,,,,
15,11/8/1999,1999,NOVEMBER,11,1.386,-0.686511379,,,,,,,
8,11/9/1999,1999,NOVEMBER,11,0.311,-0.929922957,-0.690681026,1.898844192,1.367450462,,,,
6,12/7/1999,1999,DECEMBER,12,4.768,0.079430055,,,,,,,
15,12/7/1999,1999,DECEMBER,12,3.280,-0.257587869,,,,,,,
8,12/8/1999,1999,DECEMBER,12,0.212,-0.95244557,-0.376867794,1.521976397,2.753110009,3.616672774,,,
6,1/5/2000,2000,JANUARY,1,3.211,-0.273084796,,,,,,,
15,1/5/2000,2000,JANUARY,1,2.458,-0.443653861,,,,,,,
8,1/6/2000,2000,JANUARY,1,0.422,-0.904748326,-0.540495661,0.981480736,2.030602185,,,,
8,2/22/2000,2000,FEBRUARY,2,2.317,-0.475591221,,,,,,,
6,2/23/2000,2000,FEBRUARY,2,2.014,-0.544237025,,,,,,,
15,2/23/2000,2000,FEBRUARY,2,2.113,-0.521904964,-0.51391107,0.467569666,2.147987904,,,,
6,3/13/2000,2000,MARCH,3,2.486,-0.437248468,,,,,,,
15,3/13/2000,2000,MARCH,3,1.900,-0.570093107,,,,,,,
8,3/14/2000,2000,MARCH,3,0.612,-0.861723858,-0.623021811,-0.155452145,1.66620344,,,,
8,4/10/2000,2000,APRIL,4,1.206,-0.727274268,,,,,,,
6,4/11/2000,2000,APRIL,4,5.022,0.137046368,,,,,,,
15,4/11/2000,2000,APRIL,4,1.411,-0.680712938,-0.423646946,-0.579099091,2.546554099,,,,
6,5/16/2000,2000,MAY,5,11.532,1.611266586,,,,,,,
15,5/16/2000,2000,MAY,5,8.238,0.865329128,,,,,,,
8,5/17/2000,2000,MAY,5,1.107,-0.749635158,0.575653519,-0.003445572,6.959020147,,,,
6,6/13/2000,2000,JUNE,6,13.424,2.039863293,,,,,,,
15,6/13/2000,2000,JUNE,6,11.751,1.660803768,,,,,,,
8,6/15/2000,2000,JUNE,6,1.167,-0.73615195,0.988171704,0.984726132,8.780516832,,,,
6,7/11/2000,2000,JULY,7,7.622,0.72583455,,,,,,,
15,7/11/2000,2000,JULY,7,7.445,0.685758732,,,,,,,
8,7/12/2000,2000,JULY,7,1.036,-0.765663623,0.215309886,1.200036018,5.36790306,,,,
6,8/15/2000,2000,AUGUST,8,12.146,1.750255727,,,,,,,
15,8/15/2000,2000,AUGUST,8,16.704,2.782672054,,,,,,,
8,8/17/2000,2000,AUGUST,8,1.428,-0.677068685,1.285286365,2.485322383,10.09244293,,,,
6,9/12/2000,2000,SEPTEMBER,9,5.257,0.190089874,,,,,,,
15,9/12/2000,2000,SEPTEMBER,9,3.489,-0.210244981,,,,,,,
8,9/14/2000,2000,SEPTEMBER,9,1.920,-0.565478671,-0.195211259,2.290111124,3.55522441,,,,
8,10/16/2000,2000,OCTOBER,10,0.746,-0.831479203,,,,,,,
6,10/18/2000,2000,OCTOBER,10,3.416,-0.226778567,,,,,,,
15,10/18/2000,2000,OCTOBER,10,1.406,-0.681980113,-0.580079294,1.71003183,1.85581848,,,,
6,11/15/2000,2000,NOVEMBER,11,3.093,-0.29981572,,,,,,,
15,11/15/2000,2000,NOVEMBER,11,1.420,-0.678888676,,,,,,,
8,11/16/2000,2000,NOVEMBER,11,0.535,-0.879119295,-0.619274564,1.090757266,1.682749616,,,,
6,12/11/2000,2000,DECEMBER,12,2.217,-0.498296689,,,,,,,
15,12/11/2000,2000,DECEMBER,12,4.058,-0.081289101,,,,,,,
8,12/13/2000,2000,DECEMBER,12,3.898,-0.117553186,-0.232379659,0.858377607,3.391105303,4.1730107,,,
6,1/10/2001,2001,JANUARY,1,2.755,-0.376502688,,,,,,,
15,1/10/2001,2001,JANUARY,1,3.626,-0.179225269,,,,,,,
8,1/11/2001,2001,JANUARY,1,2.473,-0.440286488,-0.332004815,0.526372793,2.951204959,,,,
6,2/6/2001,2001,FEBRUARY,2,2.389,-0.459316853,,,,,,,
15,2/6/2001,2001,FEBRUARY,2,2.702,-0.38852662,,,,,,,
8,2/7/2001,2001,FEBRUARY,2,1.364,-0.691549172,-0.513130882,0.013241911,2.15143287,,,,
8,3/12/2001,2001,MARCH,3,2.192,-0.503991891,,,,,,,
15,3/14/2001,2001,MARCH,3,2.491,-0.436328306,,,,,,,
6,3/15/2001,2001,MARCH,3,2.908,-0.341847194,-0.42738913,-0.414147219,2.530030279,,,,
15,4/16/2001,2001,APRIL,4,3.859,-0.126313292,,,,,,,
8,4/17/2001,2001,APRIL,4,0.606,-0.86319328,,,,,,,
6,4/19/2001,2001,APRIL,4,4.815,0.09006661,-0.299813321,-0.71396054,3.093348267,,,,
8,5/14/2001,2001,MAY,5,0.862,-0.805156052,,,,,,,
6,5/15/2001,2001,MAY,5,6.205,0.404895895,,,,,,,
15,5/15/2001,2001,MAY,5,3.579,-0.189724229,-0.196661462,-0.910622002,3.548820962,,,,
8,6/12/2001,2001,JUNE,6,1.188,-0.731313122,,,,,,,
6,6/13/2001,2001,JUNE,6,8.404,0.902826376,,,,,,,
15,6/13/2001,2001,JUNE,6,8.476,0.919101193,0.363538149,-0.547083853,6.022413089,,,,
8,7/18/2001,2001,JULY,7,1.057,-0.761011661,,,,,,,
6,7/20/2001,2001,JULY,7,7.681,0.739173008,,,,,,,
15,7/20/2001,2001,JULY,7,2.432,-0.449551272,-0.157129975,-0.704213828,3.723374411,,,,
8,8/14/2001,2001,AUGUST,8,0.759,-0.828387625,,,,,,,
6,8/15/2001,2001,AUGUST,8,2.967,-0.328464893,,,,,,,
15,8/15/2001,2001,AUGUST,8,5.586,0.264756499,-0.297365339,-1.001579167,3.104157463,,,,
8,9/11/2001,2001,SEPTEMBER,9,3.141,-0.288958151,,,,,,,
15,9/11/2001,2001,SEPTEMBER,9,3.015,-0.317568019,,,,,,,
6,9/18/2001,2001,SEPTEMBER,9,6.347,0.437134903,-0.056463756,-1.058042923,4.167871628,,,,
6,10/16/2001,2001,OCTOBER,10,1.055,-0.761473947,,,,,,,
15,10/16/2001,2001,OCTOBER,10,0.655,-0.852095506,,,,,,,
8,10/18/2001,2001,OCTOBER,10,0.348,-0.921459794,-0.845009749,-1.903052672,0.686003514,,,,
6,11/6/2001,2001,NOVEMBER,11,1.505,-0.659433825,,,,,,,
15,11/6/2001,2001,NOVEMBER,11,1.034,-0.766101023,,,,,,,
8,11/7/2001,2001,NOVEMBER,11,0.398,-0.910167188,-0.778567345,-2.681620017,0.979383595,,,,
6,12/4/2001,2001,DECEMBER,12,1.501,-0.660426984,,,,,,,
15,12/4/2001,2001,DECEMBER,12,2.236,-0.494041678,,,,,,,
8,12/5/2001,2001,DECEMBER,12,1.276,-0.711381235,-0.621949966,-3.303569983,1.670936232,2.885748106,,,
6,1/15/2002,2002,JANUARY,1,4.978,0.127115318,,,,,,,
15,1/15/2002,2002,JANUARY,1,2.537,-0.425812666,,,,,,,
8,1/16/2002,2002,JANUARY,1,3.560,-0.194069407,-0.164255585,-3.467825568,3.69191089,,,,
8,2/14/2002,2002,FEBRUARY,2,1.474,-0.666626388,,,,,,,
6,2/19/2002,2002,FEBRUARY,2,1.605,-0.636793369,,,,,,,
15,2/19/2002,2002,FEBRUARY,2,1.590,-0.640297323,-0.647905693,-4.115731261,1.556327292,,,,
6,3/19/2002,2002,MARCH,3,4.111,-0.069280065,,,,,,,
8,3/21/2002,2002,MARCH,3,0.875,-0.80210693,,,,,,,
15,3/21/2002,2002,MARCH,3,4.149,-0.060655149,-0.310680715,-4.426411976,3.045362692,,,,
6,4/16/2002,2002,APRIL,4,0.993,-0.77552519,,,,,,,
15,4/16/2002,2002,APRIL,4,0.763,-0.827466799,,,,,,,
8,4/17/2002,2002,APRIL,4,1.057,-0.760912041,-0.78796801,-5.214379986,0.937874445,,,,
6,5/16/2002,2002,MAY,5,9.042,1.047410384,,,,,,,
8,5/16/2002,2002,MAY,5,1.841,-0.583419333,,,,,,,
15,5/16/2002,2002,MAY,5,4.124,-0.066508327,0.132494241,-5.081885744,5.002226034,,,,
6,6/12/2002,2002,JUNE,6,5.825,0.318717058,,,,,,,
15,6/12/2002,2002,JUNE,6,7.025,0.590667294,,,,,,,
8,6/13/2002,2002,JUNE,6,3.016,-0.317239827,0.197381509,-4.884504236,5.288739324,,,,
8,7/16/2002,2002,JULY,7,4.236,-0.041024998,,,,,,,
6,7/17/2002,2002,JULY,7,7.415,0.679021367,,,,,,,
15,7/17/2002,2002,JULY,7,4.990,0.129637973,0.255878114,-4.628626122,5.547034295,,,,
8,8/13/2002,2002,AUGUST,8,2.349,-0.468448887,,,,,,,
6,8/14/2002,2002,AUGUST,8,10.709,1.424902164,,,,,,,
15,8/14/2002,2002,AUGUST,8,5.720,0.294949625,0.417134301,-4.211491822,6.259069838,,,,
6,9/18/2002,2002,SEPTEMBER,9,5.214,0.180523275,,,,,,,
15,9/18/2002,2002,SEPTEMBER,9,5.956,0.348590476,,,,,,,
8,9/19/2002,2002,SEPTEMBER,9,3.012,-0.318288308,0.070275147,-4.141216674,4.72749421,,,,
6,10/15/2002,2002,OCTOBER,10,3.488,-0.210517563,,,,,,,
8,10/17/2002,2002,OCTOBER,10,4.821,0.091390079,,,,,,,
15,10/17/2002,2002,OCTOBER,10,6.066,0.373442143,0.084771553,-4.056445121,4.791503885,,,,
8,11/14/2002,2002,NOVEMBER,11,1.778,-0.597705793,,,,,,,
15,11/14/2002,2002,NOVEMBER,11,3.534,-0.20007452,,,,,,,
6,11/15/2002,2002,NOVEMBER,11,2.417,-0.452968421,-0.416916245,-4.473361366,2.576273879,,,,
8,12/18/2002,2002,DECEMBER,12,2.647,-0.401004808,,,,,,,
15,12/18/2002,2002,DECEMBER,12,4.512,0.021509131,,,,,,,
6,12/19/2002,2002,DECEMBER,12,4.775,0.080941091,-0.099518195,-4.572879561,3.977762387,3.950131598,,,
6,1/14/2003,2003,JANUARY,1,5.154,0.166837545,,,,,,,
8,1/15/2003,2003,JANUARY,1,2.153,-0.512772888,,,,,,,
15,1/15/2003,2003,JANUARY,1,4.764,0.078473468,-0.089153959,-4.66203352,4.023526243,,,,
8,2/11/2003,2003,FEBRUARY,2,3.343,-0.243368661,,,,,,,
15,2/11/2003,2003,FEBRUARY,2,2.794,-0.367574909,,,,,,,
6,2/13/2003,2003,FEBRUARY,2,3.694,-0.163677922,-0.258207164,-4.920240684,3.277062536,,,,
8,3/11/2003,2003,MARCH,3,3.998,-0.094847635,,,,,,,
6,3/12/2003,2003,MARCH,3,3.394,-0.231750399,,,,,,,
15,3/12/2003,2003,MARCH,3,3.242,-0.266121401,-0.197573145,-5.117813829,3.544795375,,,,
6,4/15/2003,2003,APRIL,4,3.143,-0.28852171,,,,,,,
15,4/15/2003,2003,APRIL,4,4.165,-0.057090147,,,,,,,
8,4/16/2003,2003,APRIL,4,9.908,1.243533118,0.299307087,-4.818506742,5.738797309,,,,
8,5/15/2003,2003,MAY,5,3.045,-0.310699936,,,,,,,
6,5/20/2003,2003,MAY,5,5.459,0.235866973,,,,,,,
15,5/20/2003,2003,MAY,5,9.460,1.141994294,0.355720444,-4.462786298,5.987893583,,,,
8,6/18/2003,2003,JUNE,6,15.115,2.422723172,,,,,,,
15,6/18/2003,2003,JUNE,6,11.289,1.556193487,,,,,,,
6,6/20/2003,2003,JUNE,6,15.846,2.5882235,2.18904672,-2.273739578,14.08304637,,,,
8,7/16/2003,2003,JULY,7,7.943,0.798586547,,,,,,,
6,7/17/2003,2003,JULY,7,15.953,2.612563783,,,,,,,
15,7/17/2003,2003,JULY,7,12.778,1.893469961,1.768206764,-0.505532815,12.22480445,,,,
8,8/13/2003,2003,AUGUST,8,4.712,0.066685501,,,,,,,
6,8/14/2003,2003,AUGUST,8,14.196,2.214552478,,,,,,,
15,8/14/2003,2003,AUGUST,8,5.979,0.353663821,0.8783006,0.372767785,8.295374944,,,,
8,9/22/2003,2003,SEPTEMBER,9,15.421,2.492006875,,,,,,,
15,9/22/2003,2003,SEPTEMBER,9,11.004,1.491799964,,,,,,,
6,9/24/2003,2003,SEPTEMBER,9,10.450,1.366281356,1.783362731,2.156130517,12.29172646,,,,
6,10/16/2003,2003,OCTOBER,10,6.757,0.529924239,,,,,,,
8,10/16/2003,2003,OCTOBER,10,5.617,0.271768689,,,,,,,
15,10/16/2003,2003,OCTOBER,10,6.903,0.562853282,0.454848737,2.610979253,6.4256,,,,
8,11/17/2003,2003,NOVEMBER,11,2.437,-0.448435246,,,,,,,
15,11/17/2003,2003,NOVEMBER,11,2.010,-0.545070892,,,,,,,
6,11/18/2003,2003,NOVEMBER,11,2.360,-0.465805656,-0.486437265,2.124541988,2.2693,,,,
8,12/16/2003,2003,DECEMBER,12,4.766,0.079040929,,,,,,,
15,12/16/2003,2003,DECEMBER,12,5.173,0.171260369,,,,,,,
6,12/18/2003,2003,DECEMBER,12,7.089,0.605135624,0.285145641,2.409687629,5.676266667,6.986516162,,,
6,1/13/2004,2004,JANUARY,1,4.998,0.131605104,,,,,,,
8,,2004,JANUARY,1,,,,,,,,,
15,,2004,JANUARY,1,,,0.131605104,2.541292733,4.9983,,,,
8,2/9/2004,2004,FEBRUARY,2,9.578,1.168688805,,,,,,,
15,2/9/2004,2004,FEBRUARY,2,7.021,0.589622285,,,,,,,
6,2/10/2004,2004,FEBRUARY,2,5.399,0.22223924,0.660183443,3.201476176,7.332266667,,,,
8,3/15/2004,2004,MARCH,3,6.045,0.368585513,,,,,,,
6,3/17/2004,2004,MARCH,3,8.174,0.850857856,,,,,,,
15,3/17/2004,2004,MARCH,3,3.853,-0.127863984,0.363859795,3.565335971,6.023833333,,,,
8,4/16/2004,2004,APRIL,4,1.318,-0.701834882,,,,,,,
6,4/17/2004,2004,APRIL,4,4.390,-0.006135229,,,,,,,
15,4/17/2004,2004,APRIL,4,3.831,-0.132733134,-0.280234415,3.285101556,3.1798,,,,
8,5/10/2004,2004,MAY,5,2.489,-0.436703991,,,,,,,
6,5/11/2004,2004,MAY,5,2.606,-0.410184108,,,,,,,
15,5/11/2004,2004,MAY,5,2.160,-0.511122724,-0.452670274,2.832431282,2.4184,,,,
6,6/15/2004,2004,JUNE,6,13.858,2.137989405,,,,,,,
15,6/17/2004,2004,JUNE,6,4.338,-0.018025014,,,,,,,
8,6/22/2004,2004,JUNE,6,2.947,-0.332911826,0.595684188,3.42811547,7.047466667,,,,
6,7/13/2004,2004,JULY,7,11.022,1.495782463,,,,,,,
8,7/14/2004,2004,JULY,7,2.293,-0.480979287,,,,,,,
15,7/14/2004,2004,JULY,7,4.055,-0.082003383,0.310933264,3.739048734,5.790133333,,,,
6,8/18/2004,2004,AUGUST,8,15.413,2.490153525,,,,,,,
8,8/19/2004,2004,AUGUST,8,3.709,-0.160385378,,,,,,,
15,8/19/2004,2004,AUGUST,8,3.056,-0.308249014,0.673839711,4.412888445,7.392566667,,,,
6,9/14/2004,2004,SEPTEMBER,9,9.457,1.141466858,,,,,,,
8,9/16/2004,2004,SEPTEMBER,9,1.674,-0.621346696,,,,,,,
15,9/16/2004,2004,SEPTEMBER,9,2.984,-0.3246003,0.065173287,4.478061733,4.704966667,,,,
6,10/13/2004,2004,OCTOBER,10,8.550,0.935882277,,,,,,,
15,10/13/2004,2004,OCTOBER,10,1.513,-0.657638851,,,,,,,
8,10/14/2004,2004,OCTOBER,10,1.546,-0.65026039,-0.124005654,4.354056078,3.869636667,,,,
6,11/16/2004,2004,NOVEMBER,11,1.902,-0.56960235,,,,,,,
15,11/16/2004,2004,NOVEMBER,11,1.695,-0.616550017,,,,,,,
8,11/18/2004,2004,NOVEMBER,11,1.501,-0.660524105,-0.615558824,3.738497254,1.699156667,,,,
6,12/16/2004,2004,DECEMBER,12,3.159,-0.285058271,,,,,,,
8,12/16/2004,2004,DECEMBER,12,2.389,-0.459423672,,,,,,,
15,12/16/2004,2004,DECEMBER,12,2.213,-0.499291821,-0.414591255,3.323905999,2.58654,4.753588889,,,
6,1/11/2005,2005,JANUARY,1,3.363,-0.23879002,,,,,,,
15,1/11/2005,2005,JANUARY,1,3.713,-0.15956102,,,,,,,
8,1/12/2005,2005,JANUARY,1,1.082,-0.755359299,-0.384570113,2.939335886,2.7191,,,,
8,2/15/2005,2005,FEBRUARY,2,3.348,-0.242089719,,,,,,,
15,2/15/2005,2005,FEBRUARY,2,2.541,-0.424895735,,,,,,,
6,2/16/2005,2005,FEBRUARY,2,3.098,-0.29886854,-0.321951331,2.617384555,2.995596667,,,,
8,3/16/2005,2005,MARCH,3,1.887,-0.572945079,,,,,,,
15,3/16/2005,2005,MARCH,3,1.922,-0.565145379,,,,,,,
6,3/17/2005,2005,MARCH,3,1.573,-0.644066378,-0.594052279,2.023332276,1.79412,,,,
6,4/27/2005,2005,APRIL,4,4.198,-0.049665432,,,,,,,
15,4/27/2005,2005,APRIL,4,3.130,-0.291591991,,,,,,,
8,4/28/2005,2005,APRIL,4,1.402,-0.682947108,-0.34140151,1.681930766,2.909713333,,,,
8,5/16/2005,2005,MAY,5,1.217,-0.724851242,,,,,,,
15,5/16/2005,2005,MAY,5,1.891,-0.572109397,,,,,,,
6,5/18/2005,2005,MAY,5,6.095,0.380001971,-0.305652889,1.376277877,3.067563333,,,,
6,6/15/2005,2005,JUNE,6,8.414,0.905222484,,,,,,,
8,6/22/2005,2005,JUNE,6,3.233,-0.26809551,,,,,,,
15,6/22/2005,2005,JUNE,6,5.869,0.328735481,0.321954152,1.698232029,5.838796667,,,,
8,7/13/2005,2005,JULY,7,6.823,0.544950663,,,,,,,
15,7/13/2005,2005,JULY,7,6.594,0.492986639,,,,,,,
6,7/14/2005,2005,JULY,7,9.188,1.080532274,0.706156525,2.404388554,7.535263333,,,,
6,8/23/2005,2005,AUGUST,8,10.992,1.489081154,,,,,,,
8,8/23/2005,2005,AUGUST,8,14.170,2.208741555,,,,,,,
15,8/23/2005,2005,AUGUST,8,6.800,0.539710098,1.412510936,3.816899489,10.65421,,,,
6,9/13/2005,2005,SEPTEMBER,9,6.366,0.441251351,,,,,,,
8,9/14/2005,2005,SEPTEMBER,9,21.487,3.865783578,,,,,,,
15,9/14/2005,2005,SEPTEMBER,9,7.805,0.767158296,1.691397742,5.508297231,11.88565,,,,
6,10/11/2005,2005,OCTOBER,10,7.0764,0.602236781,,,,,,,
15,10/12/2005,2005,OCTOBER,10,8.5502,0.936011366,,,,,,,
8,10/17/2005,2005,OCTOBER,10,6.0200,0.362991652,0.6337466,6.142043831,7.215533333,,,,
8,11/14/2005,2005,NOVEMBER,11,1.0083,-0.772018586,,,,,,,
15,11/14/2005,2005,NOVEMBER,11,2.6531,-0.399517272,,,,,,,
6,11/15/2005,2005,NOVEMBER,11,4.6013,0.041695679,-0.376613393,5.765430438,2.754233333,,,,
8,12/20/2005,2005,DECEMBER,12,2.7451,-0.378681838,,,,,,,
15,12/20/2005,2005,DECEMBER,12,7.9624,0.802891064,,,,,,,
6,12/21/2005,2005,DECEMBER,12,6.2308,0.410731971,0.278313732,6.04374417,5.6461,5.41799,,,
6,1/17/2006,2006,JANUARY,1,4.1160,-0.068211232,,,,,,,
15,1/20/2006,2006,JANUARY,1,3.8661,-0.124806611,,,,,,,
8,1/23/2006,2006,JANUARY,1,3.9530,-0.105126185,-0.099381343,5.944362828,3.978366667,,,,
6,2/14/2006,2006,February,2,7.2596,0.64372647,,,,,,,
8,2/15/2006,2006,February,2,2.5999,-0.411565587,,,,,,,
15,2/15/2006,2006,February,2,4.6071,0.043009217,0.091723367,6.036086194,4.8222,,,,
6,3/13/2006,2006,March,3,4.0525,-0.082592211,,,,,,,
8,3/16/2006,2006,March,3,3.1963,-0.276497625,,,,,,,
15,3/16/2006,2006,March,3,4.2167,-0.045405492,-0.134831776,5.901254419,3.821833333,,,,
6,4/18/2006,2006,April,4,4.0722,-0.07813071,,,,,,,
8,4/19/2006,2006,April,4,0.6163,-0.860795651,,,,,,,
15,4/19/2006,2006,April,4,3.2526,-0.263747246,-0.400891202,5.500363216,2.647033333,,,,
6,5/15/2006,2006,May,5,5.1788,0.172483319,,,,,,,
8,5/16/2006,2006,May,5,8.0971,0.833396857,,,,,,,
15,5/16/2006,2006,May,5,5.1484,0.165598567,0.390492914,5.89085613,6.141433333,,,,
6,6/15/2006,2006,June,6,18.3134,3.147103801,,,,,,,
8,6/16/2006,2006,June,6,6.8802,0.557802955,,,,,,,
15,6/16/2006,2006,June,6,13.9615,2.161519857,1.955475538,7.846331668,13.0517,,,,
8,7/17/2006,2006,July,7,8.0588,0.824722975,,,,,,,
15,7/17/2006,2006,July,7,6.4636,0.463454676,,,,,,,
6,7/18/2006,2006,July,7,11.2727,1.552581666,0.946919773,8.79325144,8.598366667,,,,
8,8/23/2006,2006,August,8,6.9972,0.584300191,,,,,,,
15,8/23/2006,2006,August,8,7.4080,0.67733493,,,,,,,
6,8/24/2006,2006,August,8,8.9014,1.015548369,0.759061163,9.552312604,7.768866667,,,,
6,9/12/2006,2006,Septemeber,9,12.7673,1.891066871,,,,,,,
8,9/15/2006,2006,Septemeber,9,8.2116,0.859327912,,,,,,,
15,9/15/2006,2006,Septemeber,9,6.4159,0.452651957,1.067682247,10.61999485,9.1316,,,,
8,10/16/2006,2006,October,10,3.035,-0.313027576,,,,,,,
15,10/16/2006,2006,October,10,8.338,0.887953986,,,,,,,
6,10/18/2006,2006,October,10,9.724,1.201844321,0.59225691,11.21225176,7.032333333,,,,
6,11/14/2006,2006,November,11,11.514,1.607229385,,,,,,,
8,11/20/2006,2006,November,11,1.508,-0.658850477,,,,,,,
15,11/20/2006,2006,November,11,5.242,0.186796356,0.378391755,11.59064352,6.088,,,,
8,12/11/2006,2006,December,12,3.065,-0.306233412,,,,,,,
15,12/11/2006,2006,December,12,6.237,0.412136098,,,,,,,
6,12/12/2006,2006,December,12,7.488,0.695452699,0.267118461,11.85776198,5.596666667,6.556533333,,,
6,1/18/2007,2007,January,1,17.345,2.927788217,,,,,,,
8,1/18/2007,2007,January,1,1.136,-0.743098099,,,,,,,
15,1/18/2007,2007,January,1,5.325,0.20559354,0.796761219,12.6545232,7.935333333,,,,
6,2/21/2007,2007,February,2,4.955,0.121798862,,,,,,,
8,2/22/2007,2007,February,2,3.047,-0.31030991,,,,,,,
15,2/22/2007,2007,February,2,3.061,-0.307139301,-0.165216783,12.48930641,3.687666667,,,,
8,3/12/2007,2007,March,3,1.588,-0.640732708,,,,,,,
15,3/12/2007,2007,March,3,1.937,-0.561693944,,,,,,,
6,3/13/2007,2007,March,3,2.392,-0.458649138,-0.55369193,11.93561448,1.972333333,,,,
6,4/18/2007,2007,April,4,5.942,0.345326828,,,,,,,
8,4/19/2007,2007,April,4,2.127,-0.518664245,,,,,,,
15,4/19/2007,2007,April,4,4.803,0.087375102,-0.028654105,11.90696038,4.290666667,,,,
8,5/14/2007,2007,May,5,17.225,2.900611564,,,,,,,
15,5/14/2007,2007,May,5,9.633,1.181235359,,,,,,,
6,5/15/2007,2007,May,5,9.224,1.088608269,1.723485064,13.63044544,12.02733333,,,,
6,6/13/2007,2007,June,6,24.803,4.61681716,,,,,,,
8,6/15/2007,2007,June,6,12.871,1.914552029,,,,,,,
15,6/15/2007,2007,June,6,18.127,3.104889401,3.212086197,16.84253164,18.60033333,,,,
8,7/16/2007,2007,July,7,6.288,0.423686175,,,,,,,
15,7/16/2007,2007,July,7,4.698,0.063595532,,,,,,,
6,7/17/2007,2007,July,7,13.331,2.018729196,0.835336968,17.67786861,8.105666667,,,,
6,8/14/2007,2007,August,8,15.652,2.544370947,,,,,,,
8,8/14/2007,2007,August,8,10.670,1.41608693,,,,,,,
15,8/14/2007,2007,August,8,9.279,1.101064235,1.687174037,19.36504264,11.867,,,,
8,9/10/2007,2007,September,9,5.852,0.324944338,,,,,,,
15,9/10/2007,2007,September,9,8.279,0.874592132,,,,,,,
6,9/11/2007,2007,September,9,12.808,1.900284286,1.033273585,20.39831623,8.979666667,,,,
6,10/15/2007,2007,October,10,7.659,0.734179428,,,,,,,
8,10/15/2007,2007,October,10,1.942,-0.560561584,,,,,,,
15,10/15/2007,2007,October,10,6.488,0.468980596,0.21419948,20.61251571,5.363,,,,
6,11/14/2007,2007,November,11,4.752,0.075825025,,,,,,,
8,11/14/2007,2007,November,11,0.777,-0.824401584,,,,,,,
15,11/14/2007,2007,November,11,5.402,0.223031892,-0.175181556,20.43733415,3.643666667,,,,
6,12/11/2007,2007,December,12,2.974,-0.326842374,,,,,,,
8,12/18/2007,2007,December,12,5.484,0.241602604,,,,,,,
15,12/18/2007,2007,December,12,8.719,0.974239857,0.296333363,20.73366752,5.725666667,7.683194444,,,
6,1/15/2008,2008,January,1,4.615,0.044798347,,,,,,,
8,1/16/2008,2008,January,1,1.212,-0.725886219,,,,,,,
15,1/16/2008,2008,January,1,5.539,0.25405857,-0.142343101,20.59132442,3.788666667,,,,
6,2/12/2008,2008,February,2,3.996,-0.095387885,,,,,,,
8,2/15/2008,2008,February,2,1.270,-0.712750837,,,,,,,
15,2/15/2008,2008,February,2,4.352,-0.014763816,-0.274300846,20.31702357,3.206,,,,
6,3/10/2008,2008,March,3,2.326,-0.473596296,,,,,,,
8,3/10/2008,2008,March,3,1.384,-0.686933017,,,,,,,
15,3/10/2008,2008,March,3,2.589,-0.414034133,-0.524854482,19.79216909,2.099666667,,,,
8,4/14/2008,2008,April,4,1.205,-0.727471524,,,,,,,
15,4/14/2008,2008,April,4,4.49,0.016489334,,,,,,,
6,4/15/2008,2008,April,4,3.314,-0.249841859,-0.320274683,19.4718944,3.003,,,,
6,5/14/2008,2008,May,5,2.105,-0.523646631,,,,,,,
8,5/15/2008,2008,May,5,2.316,-0.475861017,,,,,,,
15,5/15/2008,2008,May,5,7.451,0.687073231,-0.104144806,19.3677496,3.957333333,,,,
6,6/17/2008,2008,June,6,7.901,0.788985677,,,,,,,
8,6/18/2008,2008,June,6,2.818,-0.362172022,,,,,,,
15,6/18/2008,2008,June,6,4.138,-0.063228846,0.121194936,19.48894454,4.952333333,,,,
6,7/15/2008,2008,July,7,6.549,0.482795394,,,,,,,
8,7/16/2008,2008,July,7,3.542,-0.198206219,,,,,,,
15,7/16/2008,2008,July,7,4.401,-0.003666683,0.093640831,19.58258537,4.830666667,,,,
6,8/12/2008,2008,August,8,6.821,0.544395806,,,,,,,
8,8/12/2008,2008,August,8,7.841,0.775397351,,,,,,,
15,8/12/2008,2008,August,8,4.053,-0.082478975,0.412438061,19.99502343,6.238333333,,,,
6,9/18/2008,2008,September,9,18.856,3.269987564,,,,,,,
8,9/18/2008,2008,September,9,4.091,-0.073873035,,,,,,,
15,9/18/2008,2008,September,9,9.840,1.228115085,1.474743205,21.46976663,10.929,,,,
8,10/14/2008,2008,October,10,10.298,1.331839308,,,,,,,
15,10/14/2008,2008,October,10,2.061,-0.533611404,,,,,,,
6,10/16/2008,2008,October,10,8.927,1.021346055,0.606524653,22.07629128,7.095333333,,,,
6,11/11/2008,2008,November,11,2.730,-0.382101567,,,,,,,
8,11/17/2008,2008,November,11,0.919,-0.792242545,,,,,,,
15,11/17/2008,2008,November,11,3.798,-0.140229361,-0.438191158,21.63810013,2.482333333,,,,
6,12/15/2008,2008,December,12,3.574,-0.190959112,,,,,,,
8,12/15/2008,2008,December,12,0.628,-0.858145927,,,,,,,
15,12/15/2008,2008,December,12,2.656,-0.398860503,-0.482655181,21.15544495,2.286,4.572388889,,,
6,1/12/2009,2009,January,1,5.034,0.139690158,,,,,,,
8,1/13/2009,2009,January,1,1.422,-0.678327077,,,,,,,
15,1/13/2009,2009,January,1,3.698,-0.162876571,-0.23383783,20.92160712,3.384666667,,,,
6,2/10/2009,2009,February,2,3.080,-0.302836331,,,,,,,
8,2/11/2009,2009,February,2,2.164,-0.510284777,,,,,,,
15,2/11/2009,2009,February,2,2.475,-0.439851953,-0.417657687,20.50394943,2.573,,,,
6,3/18/2009,2009,March,3,5.804,0.314073677,,,,,,,
8,3/16/2009,2009,March,3,1.991,-0.549464451,,,,,,,
15,3/16/2009,2009,March,3,3.770,-0.14657058,-0.127320451,20.37662898,3.855,,,,
6,4/17/2009,2009,April,4,1.219,-0.724300914,,,,,,,
8,4/13/2009,2009,April,4,0.412,-0.907063901,,,,,,,
15,4/13/2009,2009,April,4,1.795,-0.593852983,-0.741739266,19.63488971,1.142,,,,
6,5/12/2009,2009,May,5,8.453,0.913998278,,,,,,,
8,5/13/2009,2009,May,5,0.339,-0.923596365,,,,,,,
15,5/13/2009,2009,May,5,7.667,0.735991205,0.242131039,19.87702075,5.486333333,,,,
6,6/16/2009,2009,June,6,15.779,2.573132904,,,,,,,
8,6/19/2009,2009,June,6,2.002,-0.546973258,,,,,,,
15,6/19/2009,2009,June,6,8.271,0.872780355,0.966313334,20.84333408,8.684,,,,
6,7/13/2009,2009,July,7,9.710,1.198673711,,,,,,,
8,7/13/2009,2009,July,7,1.663,-0.623747301,,,,,,,
15,7/13/2009,2009,July,7,12.876,1.915684389,0.8302036,21.67353768,8.083,,,,
6,8/18/2009,2009,August,8,8.406,0.903354089,,,,,,,
8,8/17/2009,2009,August,8,3.997,-0.095161413,,,,,,,
15,8/17/2009,2009,August,8,4.354,-0.014310872,0.264627268,21.93816495,5.585666667,,,,
6,9/14/2009,2009,September,9,15.342,2.474164595,,,,,,,
8,9/15/2009,2009,September,9,3.021,-0.316198185,,,,,,,
15,9/15/2009,2009,September,9,5.685,0.287123497,0.815029969,22.75319492,8.016,,,,
6,10/13/2009,2009,October,10,7.211,0.632719926,,,,,,,
8,10/14/2009,2009,October,10,1.180,-0.733133326,,,,,,,
15,10/14/2009,2009,October,10,5.542,0.254737986,0.051441529,22.80463645,4.644333333,,,,
6,11/16/2009,2009,November,11,3.515,-0.204320966,,,,,,,
8,11/16/2009,2009,November,11,2.919,-0.339298339,,,,,,,
15,11/16/2009,2009,November,11,3.758,-0.149288245,-0.230969184,22.57366727,3.397333333,,,,
6,12/14/2009,2009,December,12,2.840,-0.357189636,,,,,,,
8,12/14/2009,2009,December,12,2.510,-0.43192543,,,,,,,
15,12/14/2009,2009,December,12,1.820,-0.588191181,-0.459102082,22.11456518,2.39,4.770111111,,,
6,1/19/2010,2010,January,1,4.999,0.131763635,,,,,,,
8,1/19/2010,2010,January,1,5.905,0.33694736,,,,,,,
15,1/19/2010,2010,January,1,4.796,0.085789798,0.184833597,22.29939878,5.233333333,,,,
6,2/17/2010,2010,February,2,12.963,1.935387462,,,,,,,
8,2/17/2010,2010,February,2,6.078,0.376127034,,,,,,,
15,2/17/2010,2010,February,2,6.551,0.483248338,0.931587611,23.23098639,8.530666667,,,,
6,3/17/2010,2010,March,3,6.138,0.38971536,,,,,,,
8,3/18/2010,2010,March,3,6.196,0.402850742,,,,,,,
15,3/18/2010,2010,March,3,6.107,0.382694725,0.391753609,23.62274,6.147,,,,
6,4/12/2010,2010,April,4,2.902,-0.343148365,,,,,,,
8,4/13/2010,2010,April,4,0.805,-0.818060365,,,,,,,
15,4/13/2010,2010,April,4,1.873,-0.576188159,-0.579132296,23.04360771,1.86,,,,
6,5/17/2010,2010,May,5,6.854,0.551869385,,,,,,,
8,5/19/2010,2010,May,5,1.692,-0.61717961,,,,,,,
15,5/19/2010,2010,May,5,4.124,-0.066399455,-0.043903227,22.99970448,4.223333333,,,,
6,6/15/2010,2010,June,6,9.559,1.164476424,,,,,,,
8,6/16/2010,2010,June,6,4.774,0.080807411,,,,,,,
15,6/16/2010,2010,June,6,3.863,-0.125508674,0.373258387,23.37296287,6.065333333,,,,
6,7/15/2010,2010,July,7,7.531,0.705190999,,,,,,,
8,7/15/2010,2010,July,7,5.378,0.217596562,,,,,,,
15,7/15/2010,2010,July,7,5.258,0.190419909,0.371069157,23.74403202,6.055666667,,,,
6,8/17/2010,2010,August,8,6.502,0.472151205,,,,,,,
8,8/19/2010,2010,August,8,6.025,0.364124012,,,,,,,
15,8/19/2010,2010,August,8,7.132,0.61482863,0.483701282,24.2277333,6.553,,,,
6,9/15/2010,2010,September,9,8.345,0.889539291,,,,,,,
8,9/13/2010,2010,September,9,6.695,0.515860321,,,,,,,
15,9/13/2010,2010,September,9,5.459,0.235940802,0.547113471,24.77484678,6.833,,,,
6,10/13/2010,2010,October,10,6.468,0.464451154,,,,,,,
8,10/12/2010,2010,October,10,3.106,-0.296948056,,,,,,,
15,10/12/2010,2010,October,10,3.338,-0.244406528,-0.025634477,24.7492123,4.304,,,,
6,11/16/2010,2010,November,11,1.373,-0.689424211,,,,,,,
8,11/18/2010,2010,November,11,2.523,-0.428981292,,,,,,,
15,11/18/2010,2010,November,11,3.877,-0.122338065,-0.413581189,24.33563111,2.591,,,,
6,12/8/2010,2010,December,12,3.712,-0.159705962,,,,,,,
8,12/9/2010,2010,December,12,1.158,-0.738115713,,,,,,,
15,12/9/2010,2010,December,12,3.177,-0.280868537,-0.392896737,23.94273437,2.682333333,5.089888889,,,
6,1/19/2011,2011,January,1,2.368,-0.464084468,,,,,,,
8,1/20/2011,2011,January,1,2.976,-0.32638943,,,,,,,
15,1/20/2011,2011,January,1,3.006,-0.319595267,-0.370023055,23.57271132,2.783333333,,,,
6,2/17/2011,2011,February,2,1.862,-0.578679352,,,,,,,
8,2/24/2011,2011,February,2,4.971,0.125422416,,,,,,,
15,2/24/2011,2011,February,2,2.884,-0.347224863,-0.266827267,23.30588405,3.239,,,,
6,3/17/2011,2011,March,3,1.287,-0.708900811,,,,,,,
8,3/15/2011,2011,March,3,2.183,-0.505981807,,,,,,,
15,3/15/2011,2011,March,3,2.274,-0.485372846,-0.566751821,22.73913223,1.914666667,,,,
6,4/13/2011,2011,April,4,1.804,-0.591814734,,,,,,,
8,4/14/2011,2011,April,4,1.517,-0.656812228,,,,,,,
15,4/14/2011,2011,April,4,1.119,-0.746948125,-0.665191696,22.07394053,1.48,,,,
6,5/18/2011,2011,May,5,3.156,-0.285624451,,,,,,,
8,5/19/2011,2011,May,5,1.469,-0.667682889,,,,,,,
15,5/19/2011,2011,May,5,0.864,-0.804698511,-0.58600195,21.48793858,1.829666667,,,,
6,6/15/2011,2011,June,6,4.520,0.023283497,,,,,,,
8,6/15/2011,2011,June,6,5.746,0.300938295,,,,,,,
15,6/15/2011,2011,June,6,2.988,-0.323671764,0.000183343,21.48812193,4.418,,,,
6,7/11/2011,2011,July,7,1.407,-0.681724159,,,,,,,
8,7/12/2011,2011,July,7,3.210,-0.273394958,,,,,,,
15,7/12/2011,2011,July,7,1.713,-0.612423696,-0.522514271,20.96560766,2.11,,,,
6,8/16/2011,2011,August,8,2.860,-0.352660194,,,,,,,
8,8/17/2011,2011,August,8,22.920,4.19037019,,,,,,,
15,8/17/2011,2011,August,8,1.569,-0.645035678,1.064224773,22.02983243,9.116333333,,,,
6,9/13/2011,2011,September,9,6.616,0.497969025,,,,,,,
8,9/12/2011,2011,September,9,10.556,1.39026911,,,,,,,
15,9/12/2011,2011,September,9,5.335,0.207858261,0.698698799,22.72853123,7.502333333,,,,
6,10/11/2011,2011,October,10,3.171,-0.28222737,,,,,,,
8,10/13/2011,2011,October,10,1.896,-0.570979301,,,,,,,
15,10/13/2011,2011,October,10,1.623,-0.632806185,-0.495337618,22.23319361,2.23,,,,
6,11/15/2011,2011,November,11,7.103,0.608260939,,,,,,,
8,11/18/2011,2011,November,11,1.503,-0.659982837,,,,,,,
15,11/18/2011,2011,November,11,4.197,-0.049866992,-0.033862963,22.19933065,4.267666667,,,,
6,12/14/2011,2011,December,12,4.149,-0.060737653,,,,,,,
8,12/14/2011,2011,December,12,0.694,-0.843198768,,,,,,,
15,12/14/2011,2011,December,12,3.490,-0.209982769,-0.371306397,21.82802425,2.777666667,3.639055556,,,
6,1/11/2012,2012,January,1,5.178,0.172302141,,,,,,,
8,1/11/2012,2012,January,1,1.081,-0.755554065,,,,,,,
15,1/11/2012,2012,January,1,3.716,-0.158800073,-0.247350666,21.58067358,3.325,,,,
6,2/23/2012,2012,February,2,3.669,-0.169444262,,,,,,,
8,2/21/2012,2012,February,2,1.252,-0.716827335,,,,,,,
15,2/21/2012,2012,February,2,3.205,-0.274527318,-0.386932972,21.19374061,2.708666667,,,,
6,3/12/2012,2012,March,3,2.421,-0.452081447,,,,,,,
8,3/14/2012,2012,March,3,1.122,-0.746268708,,,,,,,
15,3/14/2012,2012,March,3,0.957,-0.783636605,-0.660662253,20.53307836,1.5,,,,
6,4/16/2012,2012,April,4,2.642,-0.402031112,,,,,,,
8,4/17/2012,2012,April,4,1.998,-0.547879146,,,,,,,
15,4/17/2012,2012,April,4,1.831,-0.585699987,-0.511870082,20.02120828,2.157,,,,
6,5/16/2012,2012,May,5,4.525,0.024415858,,,,,,,
8,5/22/2012,2012,May,5,2.125,-0.519117189,,,,,,,
15,5/22/2012,2012,May,5,7.631,0.727838209,0.077712293,20.09892057,4.760333333,,,,
6,6/13/2012,2012,June,6,13.755,2.114753367,,,,,,,
8,6/20/2012,2012,June,6,2.551,-0.422640073,,,,,,,
15,6/20/2012,2012,June,6,3.333,-0.245538889,0.482191468,20.58111204,6.546333333,,,,
6,7/17/2012,2012,July,7,7.460,0.68911148,,,,,,,
8,7/16/2012,2012,July,7,6.999,0.58470784,,,,,,,
15,7/16/2012,2012,July,7,6.044,0.368426982,0.547415434,21.12852747,6.834333333,,,,
6,8/14/2012,2012,August,8,5.580,0.263343926,,,,,,,
8,8/16/2012,2012,August,8,13.216,1.992684904,,,,,,,
15,8/16/2012,2012,August,8,7.736,0.75161778,1.00254887,22.13107634,8.844,,,,
6,9/12/2012,2012,September,9,12.352,1.797013007,,,,,,,
8,9/11/2012,2012,September,9,15.668,2.5479945,,,,,,,
15,9/11/2012,2012,September,9,9.289,1.103328956,1.816112154,23.9471885,12.43633333,,,,
6,10/17/2012,2012,October,10,6.067,0.37363584,,,,,,,
8,10/17/2012,2012,October,10,1.466,-0.668362305,,,,,,,
15,10/17/2012,2012,October,10,9.506,1.152473402,0.285915646,24.23310414,5.679666667,,,,
6,11/12/2012,2012,November,11,7.723,0.748673643,,,,,,,
8,11/12/2012,2012,November,11,2.477,-0.439399009,,,,,,,
15,11/12/2012,2012,November,11,8.249,0.867797969,0.392357534,24.62546168,6.149666667,,,,
6,12/11/2012,2012,December,12,3.522,-0.202735661,,,,,,,
8,12/12/2012,2012,December,12,1.309,-0.703918425,,,,,,,
15,12/12/2012,2012,December,12,2.905,-0.342468949,-0.416374345,24.20908733,2.578666667,5.293333333,,,
6,1/14/2013,2013,January,1,2.803,-0.365569103,,,,,,,
8,1/23/2013,2013,January,1,1.788,-0.595438288,,,,,,,
15,1/23/2013,2013,January,1,5.177,0.172075669,-0.262977241,23.94611009,3.256,,,,
6,2/13/2013,2013,February,2,9.032,1.045125626,,,,,,,
8,2/14/2013,2013,February,2,2.504,-0.433284262,,,,,,,
15,2/14/2013,2013,February,2,7.098,0.607128579,0.406323314,24.3524334,6.211333333,,,,
6,3/11/2013,2013,March,3,9.457,1.141376269,,,,,,,
8,3/13/2013,2013,March,3,9.912,1.244421076,,,,,,,
15,3/13/2013,2013,March,3,9.019,1.042181488,1.142659611,25.49509302,9.462666667,,,,
6,4/15/2013,2013,April,4,0.595,-0.865619507,,,,,,,
8,4/16/2013,2013,April,4,0.707,-0.840254631,,,,,,,
15,4/16/2013,2013,April,4,0.377,-0.914990425,-0.873621521,24.6214715,0.559666667,,,,
6,5/14/2013,2013,May,5,0.692,-0.843651713,,,,,,,
8,5/13/2013,2013,May,5,1.170,-0.735398047,,,,,,,
15,5/13/2013,2013,May,5,0.761,-0.828025137,-0.802358299,23.8191132,0.874333333,,,,
6,6/11/2013,2013,June,6,10.188,1.306927376,,,,,,,
8,6/12/2013,2013,June,6,4.493,0.01716875,,,,,,,
15,6/12/2013,2013,June,6,3.333,-0.245538889,0.359519079,24.17863228,6.004666667,,,,
6,7/15/2013,2013,July,7,4.262,-0.035146305,,,,,,,
8,7/15/2013,2013,July,7,4.146,-0.061417069,,,,,,,
15,7/15/2013,2013,July,7,3.368,-0.237612365,-0.111391913,24.06724036,3.925333333,,,,
6,8/12/2013,2013,August,8,3.323,-0.24780361,,,,,,,
8,8/12/2013,2013,August,8,3.330,-0.246218305,,,,,,,
15,8/12/2013,2013,August,8,1.987,-0.550370339,-0.348130751,23.71910961,2.88,,,,
6,9/18/2013,2013,September,9,1.473,-0.666777,,,,,,,
8,9/18/2013,2013,September,9,2.958,-0.330465927,,,,,,,
15,9/18/2013,2013,September,9,2.576,-0.416978271,-0.471407066,23.24770254,2.335666667,,,,
6,10/22/2013,2013,October,10,1.539,-0.651829841,,,,,,,
8,10/21/3013,2013,October,10,0.922,-0.791563129,,,,,,,
15,10/21/3013,2013,October,10,1.838,-0.584114683,-0.675835884,22.57186666,1.433,,,,
6,11/21/2013,2013,November,11,2.193,-0.503717086,,,,,,,
8,11/21/2013,2013,November,11,0.510,-0.884869635,,,,,,,
15,11/21/2013,2013,November,11,1.608,-0.636203266,-0.674929996,21.89693666,1.437,,,,
6,12/16/2013,2013,December,12,4.742,0.073560304,,,,,,,
8,12/19/2013,2013,December,12,1.417,-0.679459438,,,,,,,
15,12/19/2013,2013,December,12,3.164,-0.283812674,-0.296570603,21.60036606,3.107666667,3.457277778,,,
6,1/15/2014,2014,January,1,2.570,-0.418337103,,,,,,,
8,1/16/2014,2014,January,1,1.939,-0.561241,,,,,,,
15,1/16/2014,2014,January,1,2.852,-0.35447197,-0.444683358,21.1556827,2.453666667,,,,
6,2/18/2014,2014,February,2,5.194,0.175925695,,,,,,,
8,2/20/2014,2014,February,2,2.635,-0.403616417,,,,,,,
15,2/20/2014,2014,February,2,2.037,-0.539046734,-0.255579152,20.90010355,3.288666667,,,,
6,3/21/2014,2014,March,3,3.532,-0.20047094,,,,,,,
8,3/20/2014,2014,March,3,3.299,-0.25323894,,,,,,,
15,3/20/2014,2014,March,3,5.055,0.144446072,-0.103087936,20.79701562,3.962,,,,
6,4/18/2014,2014,April,4,3.525,-0.202056245,,,,,,,
8,4/21/2014,2014,April,4,1.020,-0.769368863,,,,,,,
15,4/21/2014,2014,April,4,2.587,-0.414487078,-0.461970729,20.33504489,2.377333333,,,,
6,5/13/2014,2014,May,5,1.872,-0.576414631,,,,,,,
8,5/12/2013,2014,May,5,1.192,-0.730415661,,,,,,,
15,5/12/2013,2014,May,5,1.144,-0.741286322,-0.682705538,19.65233935,1.402666667,,,,
6,6/18/2014,2014,June,6,4.549,0.029851188,,,,,,,
8,6/17/2014,2014,June,6,2.823,-0.361039661,,,,,,,
15,6/17/2014,2014,June,6,2.129,-0.518211301,-0.283133258,19.36920609,3.167,,,,
6,7/14/2014,2014,July,7,1.706,-0.614009,,,,,,,
8,7/17/2014,2014,July,7,2.914,-0.3404307,,,,,,,
15,7/17/2014,2014,July,7,3.326,-0.247124194,-0.400521298,18.96868479,2.648666667,,,,
6,8/11/2014,2014,August,8,2.972,-0.327295318,,,,,,,
8,8/11/2014,2014,August,8,4.175,-0.054849378,,,,,,,
15,8/11/2014,2014,August,8,1.121,-0.74649518,-0.376213292,18.5924715,2.756,,,,
6,9/16/2014,2014,September,9,3.350,-0.241688863,,,,,,,
8,9/15/2014,2014,September,9,1.718,-0.611291335,,,,,,,
15,9/15/2014,2014,September,9,1.767,-0.600194202,-0.484391467,18.10808003,2.278333333,,,,
6,10/17/2014,2014,October,10,1.510,-0.658397532,,,,,,,
8,10/16/2014,2014,October,10,1.224,-0.723168554,,,,,,,
15,10/16/2014,2014,October,10,2.017,-0.543576176,-0.641714088,17.46636595,1.583666667,,,,
6,11/10/2014,2014,November,11,3.005,-0.319821739,,,,,,,
8,11/12/2014,2014,November,11,0.779,-0.82394864,,,,,,,
15,11/12/2014,2014,November,11,1.903,-0.569393996,-0.571054791,16.89531115,1.895666667,,,,
6,12/15/2014,2014,December,12,3.819,-0.135473447,,,,,,,
8,12/19/2014,2014,December,12,1.287,-0.708900811,,,,,,,
15,12/19/2014,2014,December,12,2.220,-0.497602339,-0.447325533,16.44798562,2.442,2.521305556,,,
6,1/15/2015,2015,January,1,3.987,-0.097426134,,,,,,,
8,1/20/2015,2015,January,1,4.727,0.070163223,,,,,,,
15,1/20/2015,2015,January,1,1.993,-0.549011507,-0.192091473,16.25589415,3.569,,,,
6,2/15/2015,2015,February,2,,,,,,,,,
8,2/15/2015,2015,February,2,,,,,,,,,
15,2/15/2015,2015,February,2,,,,,,,,,
6,3/16/2015,2015,March,3,10.461,1.368754261,,,,,,,
8,3/17/2015,2015,March,3,9.519,1.15541754,,,,,,,
15,3/17/2015,2015,March,3,7.326,0.658764218,1.060978673,17.31687282,9.102,,,,
6,4/24/2015,2015,April,4,3.719,-0.158120657,,,,,,,
8,4/27/2015,2015,April,4,0.979,-0.778654219,,,,,,,
15,4/27/2015,2015,April,4,1.614,-0.634844434,-0.523873103,16.79299972,2.104,,,,
6,5/12/2015,2015,May,5,4.697,0.063369059,,,,,,,
8,5/14/2015,2015,May,5,2.334,-0.47178452,,,,,,,
15,5/14/2015,2015,May,5,3.531,-0.200697412,-0.203037624,16.5899621,3.520666667,,,,
6,6/15/2015,2015,June,6,3.234,-0.267959627,,,,,,,
8,6/16/2015,2015,June,6,4.174,-0.05507585,,,,,,,
15,6/16/2015,2015,June,6,1.878,-0.575055799,-0.299363759,16.29059834,3.095333333,,,,
6,7/15/2015,2015,July,7,7.840,0.775170879,,,,,,,
8,7/15/2015,2015,July,7,1.882,-0.57414991,,,,,,,
15,7/15/2015,2015,July,7,2.536,-0.426037155,-0.075005395,16.21559294,4.086,,,,
6,8/12/2015,2015,August,8,5.627,0.273988115,,,,,,,
8,8/12/2015,2015,August,8,8.995,1.036746158,,,,,,,
15,8/12/2015,2015,August,8,6.138,0.38971536,0.566816544,16.78240949,6.92,,,,
6,9/14/2015,2015,September,9,10.030,1.271144784,,,,,,,
8,9/15/2015,2015,September,9,2.467,-0.44166373,,,,,,,
15,9/15/2015,2015,September,9,7.743,0.753203085,0.52756138,17.30997086,6.746666667,,,,
6,10/14/2015,2015,October,10,6.046,0.368879926,,,,,,,
8,10/15/2015,2015,October,10,1.417,-0.679459438,,,,,,,
15,10/15/2015,2015,October,10,7.543,0.707908664,0.132443051,17.44241392,5.002,,,,
6,11/16/2015,2015,November,11,0.975,-0.779560107,,,,,,,
8,11/16/2015,2015,November,11,0.569,-0.871507781,,,,,,,
15,11/16/2015,2015,November,11,2.733,-0.381422151,-0.67749668,16.76491724,1.425666667,,,,
6,12/14/2015,2015,December,12,3.256,-0.262977241,,,,,,,
8,12/15/2015,2015,December,12,0.643,-0.854748846,,,,,,,
15,12/15/2015,2015,December,12,2.294,-0.480843404,-0.532856497,16.23206074,2.064333333,4.330515152,,,
6,1/14/2016,2016,January,1,3.858,-0.126641035,,,,,,,
8,1/15/2016,2016,January,1,1.902,-0.569620468,,,,,,,
15,1/15/2016,2016,January,1,2.674,-0.394784005,-0.363681836,15.8683789,2.811333333,,,,
6,2/17/2016,2016,February,2,2.635,-0.403616417,,,,,,,
8,2/17/2016,2016,February,2,5.010,0.134254828,,,,,,,
15,2/17/2016,2016,February,2,3.019,-0.316651129,-0.195337573,15.67304133,3.554666667,,,,
6,3/15/2016,2016,March,3,1.980,-0.551955644,,,,,,,
8,3/16/2016,2016,March,3,0.801,-0.818966253,,,,,,,
15,3/16/2016,2016,March,3,1.990,-0.549690923,-0.640204273,15.03283706,1.590333333,,,,
6,4/14/2016,2016,April,4,4.538,0.027359995,,,,,,,
8,4/15/2016,2016,April,4,0.543,-0.877396056,,,,,,,
15,4/15/2016,2016,April,4,1.580,-0.642544485,-0.497526849,14.53531021,2.220333333,,,,
6,5/17/2016,2016,May,5,4.037,-0.086102528,,,,,,,
8,5/19/2016,2016,May,5,6.342,0.435915669,,,,,,,
15,5/19/2016,2016,May,5,9.525,1.156776372,0.502196504,15.03750671,6.634666667,,,,
6,6/21/2016,2016,June,6,10.296,1.331386364,,,,,,,
8,6/22/2016,2016,June,6,3.572,-0.191412056,,,,,,,
15,6/22/2016,2016,June,6,19.372,3.386847169,1.508940492,16.5464472,11.08,,,,
6,7/19/2016,2016,July,7,7.466,0.690470312,,,,,,,
8,7/19/2016,2016,July,7,7.557,0.711079274,,,,,,,
15,7/19/2016,2016,July,7,6.862,0.553681162,0.651743583,17.19819079,7.295,,,,
6,8/15/2016,2016,August,8,5.895,0.334682639,,,,,,,
8,8/15/2016,2016,August,8,2.805,-0.365116159,,,,,,,
15,8/15/2016,2016,August,8,5.966,0.350762158,0.106776213,17.304967,4.888666667,,,,
6,9/13/2016,2016,September,9,4.496,0.017848167,,,,,,,
8,9/13/2016,2016,September,9,1.092,-0.753062871,,,,,,,
15,9/13/2016,2016,September,9,1.273,-0.712071421,-0.482428708,16.82253829,2.287,,,,
6,10/12/2016,2016,October,10,6.248,0.414627291,,,,,,,
8,10/12/2016,2016,October,10,3.701,-0.162197155,,,,,,,
15,10/12/2016,2016,October,10,4.466,0.011054004,0.087828047,16.91036634,4.805,,,,
6,11/14/2016,2016,November,11,1.300,-0.705956674,,,,,,,
8,11/15/2016,2016,November,11,0.683,-0.845689962,,,,,,,
15,11/15/2016,2016,November,11,2.007,-0.545840897,-0.699162511,16.21120383,1.33,,,,
6,12/13/16,2016,December,12,1.924,-0.564638082,,,,,,,
8,12/13/16,2016,December,12,1.639,-0.629182631,,,,,,,
15,12/13/16,2016,December,12,2.901,-0.343374837,-0.512398517,15.69880531,2.154666667,4.220972222,,,
6,1/15/2017,2017,January,1,3.22,-0.271583181,,,,,,,
8,1/16/2017,2017,January,1,1.26,-0.714562614,,,,,,,
15,1/16/2017,2017,January,1,2.03,-0.539726151,-0.508623982,15.19018133,2.171333333,,,,
6,2/18/2017,2017,February,2,2.00,-0.548558563,,,,,,,
8,2/20/2017,2017,February,2,4.37,-0.010687318,,,,,,,
15,2/20/2017,2017,February,2,2.38,-0.461593275,-0.340279719,14.84990161,2.914666667,,,,
6,3/23/2017,2017,March,3,1.609,-0.635976794,,,,,,,
8,3/29/2017,2017,March,3,1.374,-0.689197738,,,,,,,
15,3/29/2017,2017,March,3,2.113,-0.521834854,-0.615669796,14.23423181,1.698666667,,,,
6,,2017,April,4,,,,,,,,,
8,4/28/2017,2017,April,4,3.921,-0.112373292,,,,,,,
15,4/28/2017,2017,April,4,3.873,-0.123243953,-0.117808623,14.11642319,3.897,,,,
6,5/31/2017,2017,May,5,14.352,2.249957213,,,,,,,
8,6/1/2017,2017,May,5,7.227,0.63634348,,,,,,,
15,6/1/2017,2017,May,5,7.139,0.616413935,1.167571542,15.28399473,9.572666667,,,,
6,6/27/2017,2017,June,6,5.657,0.280782278,,,,,,,
8,6/27/2017,2017,June,6,3.697,-0.163103043,,,,,,,
15,6/27/2017,2017,June,6,2.231,-0.495111146,-0.125810637,15.1581841,3.861666667,,,,
6,7/18/2017,2017,July,7,2.942,-0.334089481,,,,,,,
8,7/20/2017,2017,July,7,0.921,-0.791789601,,,,,,,
15,7/20/2017,2017,July,7,2.255,-0.489675816,-0.538518299,14.6196658,2.039333333,,,,
6,,2017,August,8,,,,,,,,,
8,,2017,August,8,,,,,,,,,
15,,2017,August,8,,,,,,,,,
6,10/2/2017,2017,September,9,4.496,0.017848167,,,,,,,
8,10/3/2017,2017,September,9,1.092,-0.753062871,,,,,,,
15,10/3/2017,2017,September,9,1.273,-0.712071421,-0.482428708,14.13723709,2.287,,,,
6,,2017,October,10,,,,,,,,,
8,,2017,October,10,,,,,,,,,
15,,2017,October,10,,,,,,,,,
6,11/14/2017,2017,November,11,2.268,-0.486731678,,,,,,,
8,11/15/2017,2017,November,11,0.348,-0.921558116,,,,,,,
15,11/15/2017,2017,November,11,1.543,-0.650923953,-0.686404582,13.45083251,1.386333333,,,,
6,12/20/2017,2017,December,12,2.61,-0.409278219,,,,,,,
8,12/21/2017,2017,December,12,1.181,-0.732906854,,,,,,,
15,12/20/2017,2017,December,12,2.998,-0.321407043,-0.487864039,12.96296847,2.263,3.209166667,,,
6,1/26/2018,2018,January,1,3.98,-0.099011438,,,,,,,
8,2/1/2018,2018,January,1,7.632,0.728064681,,,,,,,
15,2/1/2018,2018,January,1,5.896,0.334909111,0.321320785,13.28428925,5.836,,,,
6,2/21/2018,2018,February,2,1.816,-0.589097069,,,,,,,
8,3/1/2018,2018,February,2,1.111,-0.748759901,,,,,,,
15,3/1/2018,2018,February,2,1.141,-0.741965738,-0.693274236,12.59101502,1.356,,,,
6,3/27/2018,2018,March,3,4.406,-0.002534322,,,,,,,
8,3/29/2018,2018,March,3,3.746,-0.15200591,,,,,,,
15,3/29/2018,2018,March,3,3.492,-0.209529824,-0.121356686,12.46965833,3.881333333,,,,
6,4/26/2018,2018,April,4,3.826,-0.133888142,,,,,,,
8,4/30/2018,2018,April,4,1.375,-0.688971266,,,,,,,
15,4/26/2018,2018,April,4,0.839,-0.810360313,-0.544406574,11.92525176,2.013333333,,,,
6,5/23/2016,2018,May,5,11.643,1.636444286,,,,,,,
8,5/24/2018,2018,May,5,2.782,-0.370325018,,,,,,,
15,5/23/2018,2018,May,5,6.286,0.423233231,0.5631175,12.48836926,6.903666667,,,,
6,6/21/2018,2018,June,6,4.668,0.056801369,,,,,,,
8,6/20/2018,2018,June,6,2.660,-0.397954614,,,,,,,
15,6/20/2018,2018,June,6,5.089,0.152146124,-0.063002374,12.42536688,4.139,,,,
6,8/1/2018,2018,July,7,17.873,3.047365487,,,,,,,
8,8/7/2018,2018,July,7,4.228,-0.042846357,,,,,,,
15,8/7/2018,2018,July,7,2.068,-0.532026099,0.824164344,13.24953123,8.056333333,,,,
6,8/28/2018,2018,August,8,2.299,-0.479711043,,,,,,,
8,8/31/2018,2018,August,8,2.919,-0.339298339,,,,,,,
15,8/31/2018,2018,August,8,1.739,-0.606535421,-0.475181601,12.77434963,2.319,,,,
6,9/21/2018,2018,September,9,7.122,0.612563909,,,,,,,
8,9/21/2018,2018,September,9,2.970,-0.327748262,,,,,,,
15,9/21/2018,2018,September,9,5.197,0.176605111,0.153806919,12.92815654,5.096333333,,,,
6,10/25/2018,2018,October,10,2.797,-0.366927936,,,,,,,
8,11/1/2018,2018,October,10,0.695,-0.842972296,,,,,,,
15,10/25/2018,2018,October,10,3.716,-0.158800073,-0.456233435,12.47192311,2.402666667,,,,
6,11/14/2018,2018,November,11,1.39,-0.685574185,,,,,,,
8,11/15/2018,2018,November,11,0.77,-0.825307472,,,,,,,
15,11/15/2018,2018,November,11,2.10,-0.525458408,-0.678780022,11.79314309,1.42,,,,
6,12/6/2018,2018,December,12,3.271,-0.259580159,,,,,,,
8,,2018,December,12,,,,,,,,,
15,,2018,December,12,,,-0.259580159,11.53356293,3.271,3.891222222,,,
6,,2019,January,1,,,,,,,,,
8,,2019,January,1,,,,,,,,,
15,,2019,January,1,,,,,,,,,
6,,2019,February,2,,,,,,,,,
8,,2019,February,2,,,,,,,,,
15,,2019,February,2,,,,,,,,,
6,4/4/2019,2019,March,3,0.652,-0.852710597,,,,,,,
8,4/9/2019,2019,March,3,0.381,-0.914084537,,,,,,,
15,4/9/2019,2019,March,3,0.675,-0.847501738,-0.871432291,10.66213064,0.569333333,,,,
6,4/30/2019,2019,April,4,1.565,-0.645941567,,,,,,,
8,5/1/2019,2019,April,4,1.157,-0.738342185,,,,,,,
15,5/1/2019,2019,April,4,0.805,-0.818060365,-0.734114705,9.928015932,1.175666667,,,,
6,5/17/2019,2019,May,5,6.412,0.451768716,,,,,,,
8,5/16/2019,2019,May,5,1.660,-0.624426717,,,,,,,
15,5/16/2019,2019,May,5,3.592,-0.186882614,-0.119846872,9.808169061,3.888,,,,
6,6/26/2019,2019,June,6,5.205,0.178416888,,,,,,,
8,6/26/2019,2019,June,6,2.459,-0.443475507,,,,,,,
15,6/26/2019,2019,June,6,2.010,-0.545161481,-0.270073367,9.538095694,3.224666667,,,,
6,,2019,July,7,6.205,0.404888991,,,,,,,
8,7/26/2019,2019,July,7,4.955,0.121798862,,,,,,,
15,7/26/2019,2019,July,7,1.256,-0.715921447,-0.063077865,9.475017829,4.138666667,,,,
6,9/3/2019,2019,August,8,3.045,-0.310762854,,,,,,,
8,,2019,August,8,,,,,,,,,
15,,2019,August,8,,,-0.310762854,9.164254975,3.045,,,,
6,9/25/2019,2019,September,9,2.770,-0.373042683,,,,,,,
8,9/25/2019,2019,September,9,1.779,-0.597476537,,,,,,,
15,9/25/2019,2019,September,9,2.263,-0.487864039,-0.486127753,8.678127222,2.270666667,,,,
6,10/29/2019,2019,October,10,1.455,-0.670853498,,,,,,,
8,10/30/2019,2019,October,10,1.024,-0.768462974,,,,,,,
15,10/29/2019,2019,October,10,1.470,-0.667456417,-0.70225763,7.975869592,1.316333333,,,,
6,,2019,November,11,,,,,,,,,
8,,2019,November,11,,,,,,,,,
15,,2019,November,11,,,,,,,,,
6,12/29/2019,2019,December,12,0.647,-0.853842957,,,,,,,
8,12/29/2019,2019,December,12,2.349,-0.468387438,,,,,,,
15,12/29/2019,2019,December,12,0.682,-0.845916434,-0.72271561,7.253153983,1.226,2.317148148,,,
6,,2020,January,1,,,,,,,,,
8,,2020,January,1,,,,,,,,,
15,,2020,January,1,,,,,,,,,
6,,2020,February,2,,,,,,,,,
8,,2020,February,2,,,,,,,,,
15,,2020,February,2,,,,,,,,,
6,,2020,March,3,,,,,,,,,
8,,2020,March,3,,,,,,,,,
15,,2020,March,3,,,,,,,,,
6,,2020,April,4,,,,,,,,,
8,,2020,April,4,,,,,,,,,
15,,2020,April,4,,,,,,,,,
6,,2020,May,5,,,,,,,,,
8,,2020,May,5,,,,,,,,,
15,,2020,May,5,,,,,,,,,
6,6/23/20,2020,June,6,1.404,-0.682403575,,,,,,,
8,6/23/20,2020,June,6,1.318,-0.701880176,,,,,,,
15,6/23/20,2020,June,6,1.875,-0.575735215,-0.653339655,6.599814327,1.532333333,,,,
6,7/28/20,2020,July,7,2.894,-0.344960142,,,,,,,
8,7/28/20,2020,July,7,1.295,-0.707089035,,,,,,,
15,7/28/20,2020,July,7,1.960,-0.556485086,-0.536178088,6.06363624,2.049666667,,,,
6,8/26/20,2020,August,8,3.572,-0.191412056,,,,,,,
8,8/26/20,2020,August,8,3.838,-0.131170477,,,,,,,
15,8/26/20,2020,August,8,5.154,0.166866811,-0.051905241,6.011730999,4.188,,,,
6,9/23/20,2020,September,9,4.667,0.056574896,,,,,,,
8,9/22/20,2020,September,9,0.877,-0.801754374,,,,,,,
15,9/22/20,2020,September,9,1.082,-0.755327592,-0.500169023,5.511561975,2.208666667,,,,
6,10/20/20,2020,October,10,1.394,-0.684668296,,,,,,,
8,10/20/20,2020,October,10,0.890,-0.798810236,,,,,,,
15,10/20/20,2020,October,10,1.417,-0.679459438,-0.720979324,4.790582652,1.233666667,,,,
6,11/19/20,2020,November,11,1.138,-0.742645155,,,,,,,
8,11/19/20,2020,November,11,0.644,-0.854522374,,,,,,,
15,11/19/20,2020,November,11,1.998,-0.547879146,-0.715015558,4.075567094,1.26,,,,
6,,2020,December,12,,,,,,,,,
8,,2020,Decemebr,12,,,,,,,,,
15,,2020,December,12,,,,,,2.078722222,,,
6,,2021,January,1,,,,,,,,,
8,,2021,January,1,,,,,,,,,
15,,2021,January,1,,,,,,,,,
6,2/4/2021,2021,February,2,2.187,-0.505075919,,,,,,,
8,2/4/2021,2021,February,2,4.035,-0.086555473,,,,,,,
15,2/4/2021,2021,February,2,4.005,-0.093349636,-0.228327009,3.847240085,3.409,,,,
6,3/26/2021,2021,March,3,1.544,-0.650697481,,,,,,,
8,3/26/2021,2021,March,3,1.164,-0.73675688,,,,,,,
15,3/26/2021,2021,March,3,1.729,-0.608800142,-0.665418168,3.181821917,1.479,,,,
6,4/28/2021,2021,April,4,0.678,-0.846822322,,,,,,,
8,4/28/2021,2021,April,4,0.560,-0.87354603,,,,,,,
15,4/28/2021,2021,April,4,1.148,-0.740380434,-0.820249595,2.361572322,0.795333333,,,,
6,5/19/2021,2021,May,5,1.767,-0.600194202,,,,,,,
8,5/19/2021,2021,May,5,1.220,-0.724074442,,,,,,,
15,5/19/2021,2021,May,5,1.265,-0.713883198,-0.679383947,1.682188375,1.417333333,,,,
6,6/30/2021,2021,June,6,2.493,-0.435775455,,,,,,,
8,6/30/2021,2021,June,6,2.958,-0.330465927,,,,,,,
15,6/30/2021,2021,June,6,3.500,-0.207718048,-0.324653143,1.357535231,2.983666667,,,,
6,7/28/2021,2021,July,7,6.080,0.376579978,,,,,,,
8,7/28/2021,2021,July,7,3.977,-0.099690855,,,,,,,
15,7/28/2021,2021,July,7,6.840,0.548698776,0.275195966,1.632731197,5.632333333,,,,
6,8/25/2021,2021,August,8,3.915,-0.113732125,,,,,,,
8,8/25/2021,2021,August,8,1.664,-0.623520829,,,,,,,
15,8/25/2021,2021,August,8,1.471,-0.667229944,-0.468160966,1.164570231,2.35,,,,
6,9/29/2021,2021,September,9,1.972,-0.553767421,,,,,,,
8,9/29/2021,2021,September,9,0.977,-0.779107163,,,,,,,
15,9/29/2021,2021,September,9,2.640,-0.402484056,-0.57845288,0.586117351,1.863,,,,
6,10/27/2021,2021,October,10,2.269,-0.486505206,,,,,,,
8,10/27/2021,2021,October,10,1.655,-0.625559078,,,,,,,
15,10/27/2021,2021,October,10,2.103,-0.524099575,-0.545387953,0.040729398,2.009,,,,
6,11/16/2021,2021,November,11,0.873,-0.802660262,,,,,,,
8,11/16/2021,2021,November,11,0.905,-0.795413155,,,,,,,
15,11/16/2021,2021,November,11,0.920,-0.792016073,-0.796696497,-0.755967098,0.899333333,,,,
6,12/15/2021,2021,December,12,0.750,-0.830516331,,,,,,,
8,12/15/2021,2021,December,12,13.305,2.012840921,,,,,4.42,avg,
15,12/15/2021,2021,December,12,0.760,-0.82825161,0.118024327,-0.637942771,4.938333333,2.525121212,4.42,SD,
