11,1/25/1995,1995,JANUARY,1,0.40,-0.390328039,,,,,,,,
12,1/25/1995,1995,JANUARY,1,0.14,-0.644456251,,,,,,,,
13,1/25/1995,1995,JANUARY,1,0.28,-0.507617983,-0.514134091,,0.273333333,,,,,
11,2/15/1995,1995,FEBRUARY,2,0.12,-0.664004575,,,,,,,,
12,2/15/1995,1995,FEBRUARY,2,0.27,-0.517392145,,,,,,,,
13,2/15/1995,1995,FEBRUARY,2,0.27,-0.517392145,-0.566262955,-1.080397046,0.22,,,,,
11,3/23/1995,1995,MARCH,3,0.25,-0.536940469,,,,,,,,
12,3/23/1995,1995,MARCH,3,0.27,-0.517392145,,,,,,,,
13,3/23/1995,1995,MARCH,3,0.33,-0.458747173,-0.504359929,-1.584756975,0.283333333,,,,,
11,4/25/1995,1995,APRIL,4,0.31,-0.478295497,,,,,,,,
12,4/25/1995,1995,APRIL,4,0.28,-0.507617983,,,,,,,,
13,4/25/1995,1995,APRIL,4,0.10,-0.683552899,-0.556488793,-2.141245768,0.23,,,,,
11,5/20/1995,1995,MAY,5,0.57,-0.224167284,,,,,,,,
12,5/20/1995,1995,MAY,5,0.40,-0.390328039,,,,,,,,
13,5/20/1995,1995,MAY,5,0.20,-0.585811279,-0.400102201,-2.541347969,0.39,,,,,
11,6/14/1995,1995,JUNE,6,,-0.78129452,,,,,,,,
12,6/14/1995,1995,JUNE,6,0.20,-0.585811279,,,,,,,,
13,6/14/1995,1995,JUNE,6,0.33,-0.458747173,-0.912926486,-3.454274454,0.265,,,,,
11,7/6/1995,1995,JULY,7,0.03,-0.751972033,,,,,,,,
12,7/6/1995,1995,JULY,7,0.15,-0.634682089,,,,,,,,
13,7/6/1995,1995,JULY,7,0.02,-0.761746195,-0.716133439,-4.170407894,0.066666667,,,,,
11,8/22/1995,1995,AUGUST,8,0.36,-0.429424687,,,,,,,,
12,8/22/1995,1995,AUGUST,8,1.95,1.124667075,,,,,,,,
13,8/22/1995,1995,AUGUST,8,0.02,-0.76565586,-0.023471157,-4.193879051,0.775333333,,,,,
11,9/21/1995,1995,SEPTEMBER,9,1.02,0.215670007,,,,,,,,
12,9/21/1995,1995,SEPTEMBER,9,1.08,0.274314979,,,,,,,,
13,9/21/1995,1995,SEPTEMBER,9,0.02,-0.766633276,-0.092216097,-4.286095148,0.705,,,,,
11,10/12/1995,1995,OCTOBER,10,0.35,-0.439198849,,,,,,,,
12,10/12/1995,1995,OCTOBER,10,0.65,-0.145973988,,,,,,,,
13,10/12/1995,1995,OCTOBER,10,0.69,-0.10687734,-0.230683392,-4.51677854,0.563333333,,,,,
11,12/8/1995,1995,DECEMBER,12,0.01,-0.771520357,,,,,,,,
12,12/8/1995,1995,DECEMBER,12,0.04,-0.742197871,,,,,,,,
13,12/8/1995,1995,DECEMBER,12,0.02,-0.76565586,-0.759791363,-5.276569903,0.022,0.344909091,,,,
11,1/23/1996,1996,JANUARY,1,1.84,1.017151293,,,,,,,,
12,1/23/1996,1996,JANUARY,1,0.62,-0.175296474,,,,,,,,
13,1/23/1996,1996,JANUARY,1,0.06,-0.722649547,0.03973509,-5.236834813,0.84,,,,,
11,2/12/1996,1996,FEBRUARY,2,0.02,-0.76565586,,,,,,,,
12,2/12/1996,1996,FEBRUARY,2,0.17,-0.615133765,,,,,,,,
13,2/12/1996,1996,FEBRUARY,2,0.02,-0.76565586,-0.715481829,-5.952316642,0.067333333,,,,,
11,3/19/1996,1996,MARCH,3,0.02,-0.76565586,,,,,,,,
12,3/19/1996,1996,MARCH,3,0.02,-0.76565586,,,,,,,,
13,3/19/1996,1996,MARCH,3,0.02,-0.76565586,-0.76565586,-6.717972502,0.016,,,,,
11,4/18/1996,1996,APRIL,4,0.02,-0.76565586,,,,,,,,
12,4/18/1996,1996,APRIL,4,0.02,-0.76565586,,,,,,,,
13,4/18/1996,1996,APRIL,4,0.06,-0.722649547,-0.751320423,-7.469292924,0.030666667,,,,,
11,5/7/1996,1996,MAY,5,0.16,-0.624907927,,,,,,,,
12,5/7/1996,1996,MAY,5,0.16,-0.624907927,,,,,,,,
13,5/7/1996,1996,MAY,5,0.07,-0.712875385,-0.654230413,-8.123523338,0.13,,,,,
11,6/17/1996,1996,JUNE,6,0.08,-0.703101223,,,,,,,,
12,6/17/1996,1996,JUNE,6,0.22,-0.566262955,,,,,,,,
13,6/17/1996,1996,JUNE,6,0.15,-0.634682089,-0.634682089,-8.758205427,0.15,,,,,
11,7/23/1996,1996,JULY,7,0.52,-0.273038094,,,,,,,,
12,7/23/1996,1996,JULY,7,0.44,-0.351231391,,,,,,,,
13,7/23/1996,1996,JULY,7,0.05,-0.732423709,-0.452231065,-9.210436492,0.336666667,,,,,
11,8/22/1996,1996,AUGUST,8,0.02,-0.76565586,,,,,,,,
12,8/22/1996,1996,AUGUST,8,0.03,-0.751972033,,,,,,,,
13,8/22/1996,1996,AUGUST,8,0.02,-0.76565586,-0.761094585,-9.971531076,0.020666667,,,,,
11,9/16/1996,1996,SEPTEMBER,9,1.39,0.577314002,,,,,,,,
12,9/16/1996,1996,SEPTEMBER,9,2.75,1.906600036,,,,,,,,
13,9/16/1996,1996,SEPTEMBER,9,1.95,1.124667075,1.202860371,-8.768670705,2.03,,,,,
11,10/22/1996,1996,OCTOBER,10,0.91,0.108154224,,,,,,,,
12,10/22/1996,1996,OCTOBER,10,0.60,-0.194844798,,,,,,,,
13,10/22/1996,1996,OCTOBER,10,0.52,-0.273038094,-0.119909556,-8.888580261,0.676666667,,,,,
11,11/14/1996,1996,NOVEMBER,11,0.88,0.078831738,,,,,,,,
12,11/14/1996,1996,NOVEMBER,11,0.69,-0.10687734,,,,,,,,
13,11/14/1996,1996,NOVEMBER,11,0.74,-0.05800653,-0.028684044,-8.917264305,0.77,,,,,
11,12/30/1996,1996,DECEMBER,12,4.62,3.734368335,,,,,,,,
12,12/30/1996,1996,DECEMBER,12,4.98,4.086238167,,,,,,,,
13,12/30/1996,1996,DECEMBER,12,4.91,4.017819033,3.946141845,-4.97112246,4.836666667,,,,,
11,1/14/1997,1997,JANUARY,1,1.27,0.460024057,,,,,,,,
12,1/14/1997,1997,JANUARY,1,0.73,-0.067780692,,,,,,,,
13,1/14/1997,1997,JANUARY,1,0.41,-0.380553877,0.003896496,-4.967225964,0.803333333,,,,,
11,2/10/1997,1997,FEBRUARY,2,8.42,7.448549903,,,,,,,,
12,2/10/1997,1997,FEBRUARY,2,5.24,4.34036638,,,,,,,,
13,2/10/1997,1997,FEBRUARY,2,3.82,2.952435373,4.913783885,-0.053442079,5.826666667,,,,,
11,3/28/1997,1997,MARCH,3,0.23,-0.556488793,,,,,,,,
12,3/28/1997,1997,MARCH,3,0.13,-0.654230413,,,,,,,,
13,3/28/1997,1997,MARCH,3,0.12,-0.664004575,-0.624907927,-0.678350006,0.16,,,,,
11,4/22/1997,1997,APRIL,4,0.07,-0.712875385,,,,,,,,
12,4/22/1997,1997,APRIL,4,0.26,-0.527166307,,,,,,,,
13,4/22/1997,1997,APRIL,4,0.20,-0.585811279,-0.608617657,-1.286967663,0.176666667,0.99372549,,,,
11,5/20/1997,1997,MAY,5,0.05,-0.732423709,,,,,,,,
12,5/20/1997,1997,MAY,5,0.53,-0.263263932,,,,,,,,
13,5/20/1997,1997,MAY,5,0.01,-0.776407438,-0.59069836,-1.877666023,0.195,,,,,
11,6/10/1997,1997,JUNE,6,0.01,-0.776407438,,,,,,,,
12,6/10/1997,1997,JUNE,6,0.01,-0.776407438,,,,,,,,
13,6/10/1997,1997,JUNE,6,0.01,-0.776407438,-0.776407438,-2.654073462,0.005,,,,,
11,7/15/1997,1997,JULY,7,0.01,-0.776407438,,,,,,,,
12,7/15/1997,1997,JULY,7,0.01,-0.776407438,,,,,,,,
13,7/15/1997,1997,JULY,7,0.01,-0.776407438,-0.776407438,-3.4304809,0.005,,,,,
11,8/28/1997,1997,AUGUST,8,0.01,-0.776407438,,,,,,,,
12,8/28/1997,1997,AUGUST,8,0.07,-0.712875385,,,,,,,,
13,8/29/1997,1997,AUGUST,8,0.01,-0.776407438,-0.755230087,-4.185710988,0.026666667,,,,,
12,9/24/1997,1997,SEPTEMBER,9,0.09,-0.693327061,,,,,,,,
13,9/24/1997,1997,SEPTEMBER,9,0.20,-0.585811279,,,,,,,,
11,9/26/1997,1997,SEPTEMBER,9,0.04,-0.742197871,-0.673778737,-4.859489725,0.11,,,,,
11,10/8/1997,1997,OCTOBER,10,0.17 ,-0.615133765,,,,,,,,
12,10/8/1997,1997,OCTOBER,10,0.04 ,-0.742197871,,,,,,,,
13,10/8/1997,1997,OCTOBER,10,0.18 ,-0.605359603,-0.654230413,-5.513720138,0.13,0.092619048,,,,
11,11/20/1997,1997,NOVEMBER,11,2.13 ,1.300601991,,,,,,,,
12,11/20/1997,1997,NOVEMBER,11,2.51 ,1.672020148,,,,,,,,
13,11/20/1997,1997,NOVEMBER,11,2.31 ,1.476536908,1.483053016,-4.030667123,2.316666667,,,,,
11,12/15/1997,1997,DECEMBER,12,3.43 ,2.571243054,,,,,,,,
12,12/15/1997,1997,DECEMBER,12,0.32 ,-0.468521335,,,,,,,,
13,12/15/1997,1997,DECEMBER,12,0.10 ,-0.683552899,0.473056273,-3.557610849,1.283333333,,,,,
11,1/21/1998,1998,JANUARY,1,0.01 ,-0.775430022,,,,,,,,
12,1/21/1998,1998,JANUARY,1,0.02 ,-0.761746195,,,,,,,,
13,1/21/1998,1998,JANUARY,1,0.01 ,-0.775430022,-0.770868747,-4.328479596,0.010666667,,,,,
11,2/10/1998,1998,FEBRUARY,2,5.5,4.594494592,,,,,,,,
12,2/10/1998,1998,FEBRUARY,2,2.49,1.652471824,,,,,,,,
13,2/10/1998,1998,FEBRUARY,2,3.12,2.268244031,2.838403483,-1.490076113,3.703333333,,,,,
11,3/16/1998,1998,MARCH,3,0.01 ,-0.775430022,,,,,,,,
12,3/16/1998,1998,MARCH,3,0.11,-0.673778737,,,,,,,,
13,3/16/1998,1998,MARCH,3,0.01 ,-0.775430022,-0.741546261,-2.231622374,0.040666667,,,,,
11,4/14/1998,1998,APRIL,4,0.02,-0.761746195,,,,,,,,
12,4/14/1998,1998,APRIL,4,0.02,-0.761746195,,,,,,,,
13,4/14/1998,1998,APRIL,4,0.02,-0.761746195,-0.761746195,-2.993368569,0.02,,,,,
11,5/20/1998,1998,MAY,5,0.01 ,-0.775430022,,,,,,,,
12,5/20/1998,1998,MAY,5,0.01 ,-0.775430022,,,,,,,,
13,5/20/1998,1998,MAY,5,0.01 ,-0.775430022,-0.775430022,-3.768798592,0.006,,,,,
11,6/17/1998,1998,JUNE,6,0.01 ,-0.775430022,,,,,,,,
12,6/17/1998,1998,JUNE,6,0.32,-0.468521335,,,,,,,,
13,6/17/1998,1998,JUNE,6,0.19,-0.595585441,-0.613178933,-4.381977524,0.172,,,,,
11,7/7/1998,1998,JULY,7,0.01 ,-0.775430022,,,,,,,,
12,7/7/1998,1998,JULY,7,0.01 ,-0.775430022,,,,,,,,
13,7/7/1998,1998,JULY,7,0.01 ,-0.775430022,-0.775430022,-5.157407547,0.006,,,,,
11,8/12/1998,1998,AUGUST,8,0.39,-0.400102201,,,,,,,,
12,8/12/1998,1998,AUGUST,8,0.47,-0.321908904,,,,,,,,
13,8/12/1998,1998,AUGUST,8,0.37,-0.419650525,-0.380553877,-5.537961423,0.41,,,,,
11,9/16/1998,1998,SEPTEMBER,9,0.79,-0.00913572,,,,,,,,
12,9/16/1998,1998,SEPTEMBER,9,0.2,-0.585811279,,,,,,,,
13,9/16/1998,1998,SEPTEMBER,9,0.01 ,-0.775430022,-0.45679234,-5.994753764,0.332,,,,,
11,10/13/1998,1998,OCTOBER,10,0.69,-0.10687734,,,,,,,,
12,10/13/1998,1998,OCTOBER,10,1.11,0.303637465,,,,,,,,
13,10/13/1998,1998,OCTOBER,10,0.89,0.0886059,0.095122008,-5.899631755,0.896666667,,,,,
11,11/19/1998,1998,NOVEMBER,11,0.08,-0.703101223,,,,,,,,
12,11/19/1998,1998,NOVEMBER,11,0.09,-0.693327061,,,,,,,,
13,11/19/1998,1998,NOVEMBER,11,0.01,-0.771520357,-0.722649547,-6.622281303,0.06,,,,,
11,12/15/1998,1998,DECEMBER,12,0.31,-0.478295497,,,,,,,,
12,12/15/1998,1998,DECEMBER,12,0.24,-0.546714631,,,,,,,,
13,12/15/1998,1998,DECEMBER,12,0.52,-0.273038094,-0.432682741,-7.054964043,0.356666667,,,,,
11,1/19/1999,1999,JANUARY,1,0.21,-0.576037117,,,,,,,,
12,1/19/1999,1999,JANUARY,1,0.75,-0.048232368,,,,,,,,
13,1/19/1999,1999,JANUARY,1,0.17,-0.615133765,-0.413134417,-7.46809846,0.376666667,,,,,
11,2/17/1999,1999,FEBRUARY,2,0.016,-0.76565586,,,,,,,,
12,2/17/1999,1999,FEBRUARY,2,0.05,-0.732423709,,,,,,,,
13,2/17/1999,1999,FEBRUARY,2,0.016,-0.76565586,-0.754578477,-8.222676937,0.027333333,,,,,
11,3/18/1999,1999,MARCH,3,0.23,-0.556488793,,,,,,,,
12,3/18/1999,1999,MARCH,3,0.21,-0.576037117,,,,,,,,
13,3/18/1999,1999,MARCH,3,0.18,-0.605359603,-0.579295171,-8.801972108,0.206666667,,,,,
11,4/14/1999,1999,APRIL,4,0.17,-0.615133765,,,,,,,,
12,4/14/1999,1999,APRIL,4,0.28,-0.507617983,,,,,,,,
13,4/14/1999,1999,APRIL,4,0.19,-0.595585441,-0.572779063,-9.374751171,0.213333333,,,,,
11,5/18/1999,1999,MAY,5,0.49,-0.30236058,,,,,,,,
12,5/18/1999,1999,MAY,5,0.39,-0.400102201,,,,,,,,
13,5/18/1999,1999,MAY,5,0.36,-0.429424687,-0.377295823,-9.752046993,0.413333333,,,,,
11,6/16/1999,1999,JUNE,6,1.19,0.381830761,,,,,,,,
12,6/16/1999,1999,JUNE,6,1,0.196121683,,,,,,,,
13,6/16/1999,1999,JUNE,6,0.98,0.176573359,0.251508601,-9.500538393,1.056666667,,,,,
11,7/15/1999,1999,JULY,7,0.39,-0.400102201,,,,,,,,
12,7/15/1999,1999,JULY,7,1.13,0.323185789,,,,,,,,
13,7/15/1999,1999,JULY,7,0.24,-0.546714631,-0.207877014,-9.708415407,0.586666667,,,,,
12,8/17/1999,1999,AUGUST,8,0.14,-0.644456251,,,,,,,,
13,8/17/1999,1999,AUGUST,8,0.09,-0.693327061,,,,,,,,
11,8/19/1999,1999,AUGUST,8,0.58,-0.214393122,-0.517392145,-10.22580755,0.27,,,,,
11,9/14/1999,1999,SEPTEMBER,9,3.9,3.030628669,,,,,,,,
12,9/14/1999,1999,SEPTEMBER,9,3.59,2.727629646,,,,,,,,
13,9/14/1999,1999,SEPTEMBER,9,2.5,1.662245986,2.473501434,-7.752306118,3.33,0.485555556,,,,
11,10/13/1999,1999,OCTOBER,10,0.44,-0.351231391,,,,,,,,
12,10/13/1999,1999,OCTOBER,10,0.56,-0.233941446,,,,,,,,
13,10/13/1999,1999,OCTOBER,10,0.31,-0.478295497,-0.354489445,-8.106795563,0.436666667,,,,,
11,11/9/1999,1999,NOVEMBER,11,0.58 ,-0.214393122,,,,,,,,
12,11/9/1999,1999,NOVEMBER,11,0.57 ,-0.224167284,,,,,,,,
13,11/9/1999,1999,NOVEMBER,11,0.45 ,-0.341457229,-0.260005878,-8.366801441,0.533333333,,,,,
11,12/8/1999,1999,DECEMBER,12,0.35 ,-0.439198849,,,,,,,,
12,12/8/1999,1999,DECEMBER,12,0.21 ,-0.576037117,,,,,,,,
13,12/8/1999,1999,DECEMBER,12,0.16 ,-0.624907927,-0.546714631,-8.913516072,0.24,,,,,
11,1/6/2000,2000,JANUARY,1,0.03 ,-0.751972033,,,,,,,,
12,1/6/2000,2000,JANUARY,1,0.35 ,-0.439198849,,,,,,,,
13,1/6/2000,2000,JANUARY,1,0.03 ,-0.751972033,-0.647714305,-9.561230377,0.136666667,,,,,
11,2/22/2000,2000,FEBRUARY,2,0.11 ,-0.673778737,,,,,,,,
12,2/22/2000,2000,FEBRUARY,2,0.02 ,-0.76565586,,,,,,,,
13,2/22/2000,2000,FEBRUARY,2,0.02 ,-0.76565586,-0.735030153,-10.29626053,0.047333333,,,,,
11,3/14/2000,2000,MARCH,3,0.27,-0.517392145,,,,,,,,
12,3/14/2000,2000,MARCH,3,0.45,-0.341457229,,,,,,,,
13,3/14/2000,2000,MARCH,3,0.2,-0.585811279,-0.481553551,-10.77781408,0.306666667,,,,,
11,4/10/2000,2000,APRIL,4,0.48 ,-0.312134742,,,,,,,,
12,4/10/2000,2000,APRIL,4,0.45 ,-0.341457229,,,,,,,,
13,4/10/2000,2000,APRIL,4,0.15 ,-0.634682089,-0.429424687,-11.20723877,0.36,,,,,
11,5/17/2000,2000,MAY,5,0.10 ,-0.683552899,,,,,,,,
12,5/17/2000,2000,MAY,5,0.17 ,-0.615133765,,,,,,,,
13,5/17/2000,2000,MAY,5,0.13 ,-0.654230413,-0.650972359,-11.85821113,0.133333333,,,,,
11,6/15/2000,2000,JUNE,6,0.37 ,-0.419650525,,,,,,,,
12,6/15/2000,2000,JUNE,6,0.40 ,-0.390328039,,,,,,,,
13,6/15/2000,2000,JUNE,6,0.12 ,-0.664004575,-0.491327713,-12.34953884,0.296666667,,,,,
11,7/12/2000,2000,JULY,7,0.42 ,-0.370779715,,,,,,,,
12,7/12/2000,2000,JULY,7,0.20 ,-0.585811279,,,,,,,,
13,7/12/2000,2000,JULY,7,0.02 ,-0.76565586,-0.574082285,-12.92362112,0.212,,,,,
11,8/17/2000,2000,AUGUST,8,0.45 ,-0.341457229,,,,,,,,
12,8/17/2000,2000,AUGUST,8,0.79 ,-0.00913572,,,,,,,,
13,8/17/2000,2000,AUGUST,8,0.65 ,-0.145973988,-0.165522312,-13.08914344,0.63,,,,,
11,9/14/2000,2000,SEPTEMBER,9,0.53 ,-0.263263932,,,,,,,,
12,9/14/2000,2000,SEPTEMBER,9,0.37 ,-0.419650525,,,,,,,,
13,9/14/2000,2000,SEPTEMBER,9,0.06 ,-0.722649547,-0.468521335,-13.55766477,0.32,,,,,
11,10/16/2000,2000,OCTOBER,10,0.70 ,-0.097103178,,,,,,,,
12,10/16/2000,2000,OCTOBER,10,1.03 ,0.225444169,,,,,,,,
13,10/16/2000,2000,OCTOBER,10,0.98 ,0.176573359,0.101638116,-13.45602665,0.903333333,,,,,
11,11/16/2000,2000,NOVEMBER,11,0.84 ,0.03973509,,,,,,,,
12,11/16/2000,2000,NOVEMBER,11,0.81 ,0.010412604,,,,,,,,
13,11/16/2000,2000,NOVEMBER,11,1.47 ,0.655507298,0.235218331,-13.22080832,1.04,,,,,
11,12/13/2000,2000,DECEMBER,12,0.71 ,-0.087329016,,,,,,,,
12,12/13/2000,2000,DECEMBER,12,0.35 ,-0.439198849,,,,,,,,
13,12/13/2000,2000,DECEMBER,12,0.80 ,0.000638442,-0.175296474,-13.3961048,0.62,0.519416667,,,,
11,1/11/2001,2001,JANUARY,1,,,,,,,,,,
12,1/11/2001,2001,JANUARY,1,,,,,,,,,,
13,1/11/2001,2001,JANUARY,1,,,,,,,,,,
11,2/7/2001,2001,FEBRUARY,2,,,,,,,,,,
12,2/7/2001,2001,FEBRUARY,2,,,,,,,,,,
13,2/7/2001,2001,FEBRUARY,2,,,,,,,,,,
11,3/12/2001,2001,MARCH,3,0.74 ,-0.05800653,,,,,,,,
12,3/12/2001,2001,MARCH,3,1.36 ,0.547991515,,,,,,,,
13,3/12/2001,2001,MARCH,3,0.29 ,-0.497843821,-0.002619612,-13.39872441,0.796666667,,,,,
11,4/17/2001,2001,APRIL,4,0.89 ,0.0886059,,,,,,,,
12,4/17/2001,2001,APRIL,4,1.37 ,0.557765677,,,,,,,,
13,4/17/2001,2001,APRIL,4,0.24 ,-0.546714631,0.033218982,-13.36550543,0.833333333,,,,,
11,5/14/2001,2001,MAY,5,0.61 ,-0.185070636,,,,,,,,
12,5/14/2001,2001,MAY,5,0.38 ,-0.409876363,,,,,,,,
13,5/14/2001,2001,MAY,5,0.24 ,-0.546714631,-0.380553877,-13.7460593,0.41,,,,,
11,6/12/2001,2001,JUNE,6,0.54 ,-0.258376851,,,,,,,,
12,6/12/2001,2001,JUNE,6,0.32 ,-0.468521335,,,,,,,,
13,6/12/2001,2001,JUNE,6,0.96 ,0.157025035,-0.189957717,-13.93601702,0.605,,,,,
11,7/18/2001,2001,JULY,7,0.10 ,-0.683552899,,,,,,,,
12,7/18/2001,2001,JULY,7,0.09 ,-0.693327061,,,,,,,,
13,7/18/2001,2001,JULY,7,0.12 ,-0.664004575,-0.680294845,-14.61631187,0.103333333,,,,,
11,8/14/2001,2001,AUGUST,8,1.18 ,0.372056599,,,,,,,,
12,8/14/2001,2001,AUGUST,8,1.33 ,0.518669029,,,,,,,,
13,8/14/2001,2001,AUGUST,8,1.34 ,0.528443191,0.473056273,-14.14325559,1.283333333,,,,,
11,9/11/2001,2001,SEPTEMBER,9,0.61 ,-0.185070636,,,,,,,,
12,9/11/2001,2001,SEPTEMBER,9,0.56 ,-0.233941446,,,,,,,,
13,9/11/2001,2001,SEPTEMBER,9,0.47 ,-0.321908904,-0.246973662,-14.39022926,0.546666667,,,,,
11,10/18/2001,2001,OCTOBER,10,0.09 ,-0.693327061,,,,,,,,
12,10/18/2001,2001,OCTOBER,10,0.10 ,-0.683552899,,,,,,,,
13,10/18/2001,2001,OCTOBER,10,0.25 ,-0.536940469,-0.637940143,-15.0281694,0.146666667,,,,,
11,11/7/2001,2001,NOVEMBER,11,1.42 ,0.606636488,,,,,,,,
12,11/7/2001,2001,NOVEMBER,11,1.51 ,0.694603946,,,,,,,,
13,11/7/2001,2001,NOVEMBER,11,0.67 ,-0.126425664,0.391604923,-14.63656448,1.2,,,,,
11,12/5/2001,2001,DECEMBER,12,0.80 ,0.000638442,,,,,,,,
12,12/5/2001,2001,DECEMBER,12,0.59 ,-0.20461896,,,,,,,,
13,12/5/2001,2001,DECEMBER,12,0.50 ,-0.292586418,-0.165522312,-14.80208679,0.63,,,,,
11,1/16/2002,2002,JANUARY,1,0.47 ,-0.321908904,,,,,,,,
12,1/16/2002,2002,JANUARY,1,0.13 ,-0.654230413,,,,,,,,
13,1/16/2002,2002,JANUARY,1,1.21 ,0.401379085,-0.191586744,-14.99367353,0.603333333,,,,,
11,2/14/2002,2002,FEBRUARY,2,0.60 ,-0.194844798,,,,,,,,
12,2/14/2002,2002,FEBRUARY,2,0.21 ,-0.576037117,,,,,,,,
13,2/14/2002,2002,FEBRUARY,2,0.38 ,-0.409876363,-0.393586093,-15.38725962,0.396666667,,,,,
11,3/21/2002,2002,MARCH,3,0.60 ,-0.194844798,,,,,,,,
12,3/21/2002,2002,MARCH,3,0.21 ,-0.576037117,,,,,,,,
13,3/21/2002,2002,MARCH,3,0.38 ,-0.409876363,-0.393586093,-15.78084572,0.396666667,,,,,
11,4/17/2002,2002,APRIL,4,0.21 ,-0.576037117,,,,,,,,
12,4/17/2002,2002,APRIL,4,0.20 ,-0.585811279,,,,,,,,
13,4/17/2002,2002,APRIL,4,0.21 ,-0.576037117,-0.579295171,-16.36014089,0.206666667,,,,,
11,5/16/2002,2002,MAY,5,0.77 ,-0.028684044,,,,,,,,
12,5/16/2002,2002,MAY,5,0.35 ,-0.439198849,,,,,,,,
13,5/16/2002,2002,MAY,5,0.40 ,-0.390328039,-0.28607031,-16.6462112,0.506666667,,,,,
11,6/13/2002,2002,JUNE,6,0.13 ,-0.654230413,,,,,,,,
12,6/13/2002,2002,JUNE,6,0.31 ,-0.478295497,,,,,,,,
13,6/13/2002,2002,JUNE,6,0.06 ,-0.722649547,-0.618391819,-17.26460302,0.166666667,,,,,
11,7/16/2002,2002,JULY,7,0.41 ,-0.385440958,,,,,,,,
12,7/16/2002,2002,JULY,7,0.26 ,-0.527166307,,,,,,,,
13,7/16/2002,2002,JULY,7,0.19 ,-0.595585441,-0.502730902,-17.76733392,0.285,,,,,
11,8/13/2002,2002,AUGUST,8,0.30 ,-0.488069659,,,,,,,,
12,8/13/2002,2002,AUGUST,8,0.35 ,-0.439198849,,,,,,,,
13,8/13/2002,2002,AUGUST,8,0.19 ,-0.595585441,-0.507617983,-18.2749519,0.28,0.505882353,,,,
11,9/19/2002,2002,SEPTEMBER,9,0.02 ,-0.761746195,,,,,,,,
12,9/19/2002,2002,SEPTEMBER,9,0.27 ,-0.517392145,,,,,,,,
13,9/19/2002,2002,SEPTEMBER,9,0.19 ,-0.595585441,-0.624907927,-18.89985983,0.16,,,,,
11,10/17/2002,2002,OCTOBER,10,2.60 ,1.759987606,,,,,,,,
12,10/17/2002,2002,OCTOBER,10,1.48 ,0.66528146,,,,,,,,
13,10/17/2002,2002,OCTOBER,10,1.21 ,0.401379085,0.94221605,-17.95764378,1.763333333,,,,,
11,11/14/2002,2002,NOVEMBER,11,1.69 ,0.870538862,,,,,,,,
12,11/14/2002,2002,NOVEMBER,11,1.39 ,0.577314002,,,,,,,,
13,11/14/2002,2002,NOVEMBER,11,1.22 ,0.411153247,0.619668704,-17.33797508,1.433333333,,,,,
11,12/18/2002,2002,DECEMBER,12,3.03 ,2.180276573,,,,,,,,
12,12/18/2002,2002,DECEMBER,12,1.45 ,0.635958974,,,,,,,,
13,12/18/2002,2002,DECEMBER,12,1.44 ,0.626184812,1.147473453,-16.19050162,1.973333333,,,,,
11,1/15/2003,2003,JANUARY,1,0.22 ,-0.571150036,,,,,,,,
12,1/15/2003,2003,JANUARY,1,0.20 ,-0.585811279,,,,,,,,
13,1/15/2003,2003,JANUARY,1,0.16 ,-0.624907927,-0.593956414,-16.78445804,0.191666667,,,,,
11,2/11/2003,2003,FEBRUARY,2,0.06 ,-0.722649547,,,,,,,,
12,2/11/2003,2003,FEBRUARY,2,0.10 ,-0.683552899,,,,,,,,
13,2/11/2003,2003,FEBRUARY,2,0.29 ,-0.502730902,-0.636311116,-17.42076915,0.148333333,,,,,
11,3/11/2003,2003,MARCH,3,0.10 ,-0.683552899,,,,,,,,
12,3/11/2003,2003,MARCH,3,0.06 ,-0.722649547,,,,,,,,
13,3/11/2003,2003,MARCH,3,0.09 ,-0.693327061,-0.699843169,-18.12061232,0.083333333,,,,,
11,4/16/2003,2003,APRIL,4,0.10 ,-0.683552899,,,,,,,,
12,4/16/2003,2003,APRIL,4,0.12 ,-0.664004575,,,,,,,,
13,4/16/2003,2003,APRIL,4,0.07 ,-0.712875385,-0.686810953,-18.80742328,0.096666667,,,,,
11,5/15/2003,2003,MAY,5,0.11 ,-0.673778737,,,,,,,,
12,5/15/2003,2003,MAY,5,0.27 ,-0.517392145,,,,,,,,
13,5/15/2003,2003,MAY,5,0.15 ,-0.634682089,-0.608617657,-19.41604093,0.176666667,,,,,
11,6/18/2003,2003,JUNE,6,0.05 ,-0.732423709,,,,,,,,
12,6/18/2003,2003,JUNE,6,0.08 ,-0.703101223,,,,,,,,
13,6/18/2003,2003,JUNE,6,0.02 ,-0.76565586,-0.733726931,-20.14976786,0.048666667,,,,,
11,7/16/2003,2003,JULY,7,0.61 ,-0.185070636,,,,,,,,
12,7/16/2003,2003,JULY,7,0.70 ,-0.097103178,,,,,,,,
13,7/16/2003,2003,JULY,7,0.75 ,-0.048232368,-0.110135394,-20.25990326,0.686666667,,,,,
11,8/13/2003,2003,AUGUST,8,0.84 ,0.03973509,,,,,,,,
12,8/13/2003,2003,AUGUST,8,0.83 ,0.029960928,,,,,,,,
13,8/13/2003,2003,AUGUST,8,0.18 ,-0.605359603,-0.178554528,-20.43845779,0.616666667,,,,,
11,9/22/2003,2003,SEPTEMBER,9,2.49 ,1.652471824,,,,,,,,
12,9/22/2003,2003,SEPTEMBER,9,2.69 ,1.847955064,,,,,,,,
13,9/22/2003,2003,SEPTEMBER,9,1.35 ,0.538217353,1.346214747,-19.09224304,2.176666667,,,,,
11,10/16/2003,2003,OCTOBER,10,1.33 ,0.518669029,,,,,,,,
12,10/16/2003,2003,OCTOBER,10,0.77 ,-0.028684044,,,,,,,,
13,10/16/2003,2003,OCTOBER,10,0.95 ,0.147250873,0.212411953,-18.87983109,1.016666667,,,,,
11,11/17/2003,2003,NOVEMBER,11,1.97 ,1.144215399,,,,,,,,
12,11/17/2003,2003,NOVEMBER,11,1.42 ,0.606636488,,,,,,,,
13,11/17/2003,2003,NOVEMBER,11,0.74 ,-0.05800653,0.564281785,-18.3155493,1.376666667,,,,,
11,12/16/2003,2003,DECEMBER,12,2.49 ,1.652471824,,,,,,,,
12,12/16/2003,2003,DECEMBER,12,0.89 ,0.0886059,,,,,,,,
13,12/16/2003,2003,DECEMBER,12,4.13 ,3.255434395,1.66550404,-16.65004526,2.503333333,,,,,
11,1/12/2004,2004,JANUARY,1,1.51 ,0.694603946,,,,,,,,
12,1/12/2004,2004,JANUARY,1,1.21 ,0.401379085,,,,,,,,
13,1/12/2004,2004,JANUARY,1,0.76 ,-0.038458206,0.352508275,-16.29753699,1.16,,,,,
11,2/9/2004,2004,FEBRUARY,2,0.78 ,-0.018909882,,,,,,,,
12,2/9/2004,2004,FEBRUARY,2,0.47 ,-0.321908904,,,,,,,,
13,2/9/2004,2004,FEBRUARY,2,0.34 ,-0.448973011,-0.263263932,-16.56080092,0.53,,,,,
11,3/15/2004,2004,MARCH,3,0.28 ,-0.507617983,,,,,,,,
12,3/15/2004,2004,MARCH,3,0.25 ,-0.536940469,,,,,,,,
13,3/15/2004,2004,MARCH,3,0.32 ,-0.468521335,-0.504359929,-17.06516085,0.283333333,,,,,
11,4/16/2004,2004,APRIL,4,0.63 ,-0.165522312,,,,,,,,
12,4/16/2004,2004,APRIL,4,0.90 ,0.098380062,,,,,,,,
13,4/16/2004,2004,APRIL,4,1.97 ,1.144215399,0.359024383,-16.70613646,1.166666667,0.851047619,,,,
11,5/10/2004,2004,MAY,5,0.92 ,0.117928386,,,,,,,,
12,5/10/2004,2004,MAY,5,0.55 ,-0.243715608,,,,,,,,
13,5/10/2004,2004,MAY,5,0.65 ,-0.145973988,-0.09058707,-16.79672353,0.706666667,,,,,
11,6/22/2004,2004,JUNE,6,0.66 ,-0.136199826,,,,,,,,
12,6/22/2004,2004,JUNE,6,2.13 ,1.300601991,,,,,,,,
13,6/22/2004,2004,JUNE,6,0.34 ,-0.448973011,0.238476385,-16.55824715,1.043333333,,,,,
11,7/15/2004,2004,JULY,7,0.34 ,-0.448973011,,,,,,,,
12,7/15/2004,2004,JULY,7,0.69 ,-0.10687734,,,,,,,,
13,7/15/2004,2004,JULY,7,0.61 ,-0.185070636,-0.246973662,-16.80522081,0.546666667,,,,,
11,8/19/2004,2004,AUGUST,8,2.86 ,2.014115819,,,,,,,,
12,8/19/2004,2004,AUGUST,8,3.14 ,2.287792355,,,,,,,,
13,8/19/2004,2004,AUGUST,8,1.76 ,0.938957996,1.74695539,-15.05826542,2.586666667,,,,,
11,9/16/2004,2004,SEPTEMBER,9,0.84 ,0.03973509,,,,,,,,
12,9/16/2004,2004,SEPTEMBER,9,1.14 ,0.332959951,,,,,,,,
13,9/16/2004,2004,SEPTEMBER,9,0.77 ,-0.028684044,0.114670332,-14.94359509,0.916666667,,,,,
11,10/14/2004,2004,OCTOBER,10,1.12 ,0.313411627,,,,,,,,
12,10/14/2004,2004,OCTOBER,10,0.93 ,0.127702549,,,,,,,,
13,10/14/2004,2004,OCTOBER,10,0.57 ,-0.224167284,0.07231563,-14.87127946,0.873333333,,,,,
11,11/18/2004,2004,NOVEMBER,11,0.46 ,-0.331683067,,,,,,,,
12,11/18/2004,2004,NOVEMBER,11,0.46 ,-0.331683067,,,,,,,,
13,11/18/2004,2004,NOVEMBER,11,0.58 ,-0.214393122,-0.292586418,-15.16386588,0.5,,,,,
11,12/16/2004,2004,DECEMBER,12,1.00 ,0.196121683,,,,,,,,
12,12/16/2004,2004,DECEMBER,12,1.30 ,0.489346543,,,,,,,,
13,12/16/2004,2004,DECEMBER,12,1.21 ,0.401379085,0.362282437,-14.80158344,1.17,,,,,
11,1/12/2005,2005,JANUARY,1,2.60 ,1.759987606,,,,,,,,
12,1/12/2005,2005,JANUARY,1,1.33 ,0.518669029,,,,,,,,
13,1/12/2005,2005,JANUARY,1,0.84 ,0.03973509,0.772797242,-14.0287862,1.59,,,,,
11,2/15/2005,2005,FEBRUARY,2,0.48 ,-0.312134742,,,,,,,,
12,2/15/2005,2005,FEBRUARY,2,0.43 ,-0.361005553,,,,,,,,
13,2/15/2005,2005,FEBRUARY,2,0.37 ,-0.419650525,-0.364263607,-14.3930498,0.426666667,,,,,
11,3/16/2005,2005,MARCH,3,0.63 ,-0.165522312,,,,,,,,
12,3/16/2005,2005,MARCH,3,1.08 ,0.274314979,,,,,,,,
13,3/16/2005,2005,MARCH,3,1.13 ,0.323185789,0.143992819,-14.24905699,0.946666667,,,,,
11,4/28/2005,2005,APRIL,4,0.25 ,-0.536940469,,,,,,,,
12,4/28/2005,2005,APRIL,4,1.11 ,0.303637465,,,,,,,,
13,4/28/2005,2005,APRIL,4,0.28 ,-0.507617983,-0.246973662,-14.49603065,0.546666667,,,,,
11,5/16/2005,2005,MAY,5,0.69 ,-0.10687734,,,,,,,,
12,5/16/2005,2005,MAY,5,0.38 ,-0.409876363,,,,,,,,
13,5/16/2005,2005,MAY,5,0.67 ,-0.126425664,-0.214393122,-14.71042377,0.58,,,,,
11,6/22/2005,2005,JUNE,6,0.35 ,-0.439198849,,,,,,,,
12,6/22/2005,2005,JUNE,6,0.77 ,-0.028684044,,,,,,,,
13,6/22/2005,2005,JUNE,6,0.27 ,-0.517392145,-0.328425012,-15.03884878,0.463333333,,,,,
11,7/13/2005,2005,JULY,7,0.55 ,-0.243715608,,,,,,,,
12,7/13/2005,2005,JULY,7,0.10 ,-0.683552899,,,,,,,,
13,7/13/2005,2005,JULY,7,0.18 ,-0.605359603,-0.510876037,-15.54972482,0.276666667,0.878222222,,,,
11,8/23/2005,2005,AUGUST,8,0.58 ,-0.214393122,,,,,,,,
12,8/23/2005,2005,AUGUST,8,0.74 ,-0.05800653,,,,,,,,
13,8/23/2005,2005,AUGUST,8,0.85 ,0.049509252,-0.0742968,-15.62402162,0.723333333,,,,,
11,9/14/2005,2005,SEPTEMBER,9,0.63 ,-0.165522312,,,,,,,,
12,9/14/2005,2005,SEPTEMBER,9,1.45 ,0.635958974,,,,,,,,
13,9/14/2005,2005,SEPTEMBER,9,0.35 ,-0.439198849,0.010412604,-15.61360902,0.81,,,,,
11,10/18/2005,2005,OCTOBER,10,3.58 ,2.717855484,,,,,,,,
12,10/18/2005,2005,OCTOBER,10,2.97 ,2.121631601,,,,,,,,
13,10/18/2005,2005,OCTOBER,10,3.10 ,2.248695707,2.362727598,-13.25088142,3.216666667,,,,,
11,11/14/2005,2005,NOVEMBER,11,0.97 ,0.166799197,,,,,,,,
12,11/14/2005,2005,NOVEMBER,11,0.91 ,0.108154224,,,,,,,,
13,11/14/2005,2005,NOVEMBER,11,1.08 ,0.274314979,0.183089467,-13.06779195,0.986666667,,,,,
11,12/20/2005,2005,DECEMBER,12,0.20 ,-0.585811279,,,,,,,,
12,12/20/2005,2005,DECEMBER,12,0.32 ,-0.468521335,,,,,,,,
13,12/20/2005,2005,DECEMBER,12,0.92 ,0.117928386,-0.312134742,-13.37992669,0.48,,,,,
11,1/20/2006,2006,JANUARY,1,0.33 ,-0.458747173,,,,,,,,
12,1/23/2006,2006,JANUARY,1,0.18 ,-0.605359603,,,,,,,,
13,1/23/2006,2006,JANUARY,1,0.99 ,0.186347521,-0.292586418,-13.67251311,0.5,,,,,
11,2/15/2006,2006,February,2,0.30 ,-0.488069659,,,,,,,,
12,2/15/2006,2006,February,2,0.03 ,-0.751972033,,,,,,,,
13,2/15/2006,2006,February,2,0.16 ,-0.624907927,-0.621649873,-14.29416299,0.163333333,,,,,
11,3/16/2006,2006,March,3,0.96 ,0.157025035,,,,,,,,
12,3/16/2006,2006,March,3,0.31 ,-0.478295497,,,,,,,,
13,3/16/2006,2006,March,3,0.28 ,-0.507617983,-0.276296148,-14.57045913,0.516666667,,,,,
11,4/19/2006,2006,April,4,0.28 ,-0.507617983,,,,,,,,
12,4/19/2006,2006,April,4,0.17 ,-0.615133765,,,,,,,,
13,4/19/2006,2006,April,4,0.57 ,-0.224167284,-0.448973011,-15.01943214,0.34,,,,,
11,5/16/2006,2006,May,5,0.98 ,0.176573359,,,,,,,,
12,5/16/2006,2006,May,5,0.11 ,-0.673778737,,,,,,,,
13,5/16/2006,2006,May,5,0.37 ,-0.419650525,-0.305618634,-15.32505078,0.486666667,,,,,
11,6/16/2006,2006,June,6,0.13 ,-0.654230413,,,,,,,,
12,6/16/2006,2006,June,6,0.10 ,-0.683552899,,,,,,,,
13,6/16/2006,2006,June,6,0.13 ,-0.654230413,-0.664004575,-15.98905535,0.12,,,,,
11,7/17/2006,2006,July,7,3.57 ,2.708081322,,,,,,,,
12,7/17/2006,2006,July,7,1.51 ,0.694603946,,,,,,,,
13,7/17/2006,2006,July,7,1.03 ,0.225444169,1.209376479,-14.77967888,2.036666667,,,,,
11,8/23/2006,2006,August,8,0.73 ,-0.067780692,,,,,,,,
12,8/23/2006,2006,August,8,1.11 ,0.303637465,,,,,,,,
13,8/23/2006,2006,August,8,0.70 ,-0.097103178,0.046251198,-14.73342768,0.846666667,0.647666667,,,,
11,9/15/2006,2006,Septemeber,9,1.25 ,0.440475733,,,,,,,,
12,9/15/2006,2006,Septemeber,9,2.42 ,1.58405269,,,,,,,,
13,9/15/2006,2006,Septemeber,9,1.93 ,1.105118751,1.043215725,-13.69021195,1.866666667,,,,,
11,10/16/2006,2006,October,10,1.47,0.655507298,,,,,,,,
12,10/16/2006,2006,October,10,1.81,0.987828806,,,,,,,,
13,10/16/2006,2006,October,10,1.66,0.841216376,0.82818416,-12.86202779,1.646666667,,,,,
11,11/20/2006,2006,November,11,2.21,1.378795287,,,,,,,,
12,11/20/2006,2006,November,11,1.69,0.870538862,,,,,,,,
13,11/20/2006,2006,November,11,1.50,0.684829784,0.978054644,-11.88397315,1.8,,,,,
11,12/11/2006,2006,December,12,0.62,-0.175296474,,,,,,,,
12,12/11/2006,2006,December,12,0.98,0.176573359,,,,,,,,
13,12/11/2006,2006,December,12,0.52,-0.273038094,-0.09058707,-11.97456022,0.706666667,,,,,
11,1/18/2007,2007,January,1,0.34,-0.448973011,,,,,,,,
12,1/18/2007,2007,January,1,0.39,-0.400102201,,,,,,,,
13,1/18/2007,2007,January,1,0.36,-0.429424687,-0.426166633,-12.40072685,0.363333333,,,,,
11,2/22/2007,2007,February,2,0.30,-0.488069659,,,,,,,,
12,2/22/2007,2007,February,2,0.16,-0.624907927,,,,,,,,
13,2/22/2007,2007,February,2,0.13,-0.654230413,-0.589069333,-12.98979618,0.196666667,,,,,
11,3/12/2007,2007,March,3,0.11,-0.673778737,,,,,,,,
12,3/12/2007,2007,March,3,0.31,-0.478295497,,,,,,,,
13,3/12/2007,2007,March,3,0.11,-0.673778737,-0.608617657,-13.59841384,0.176666667,,,,,
11,4/19/2007,2007,April,4,0.57,-0.224167284,,,,,,,,
12,4/19/2007,2007,April,4,1.44,0.626184812,,,,,,,,
13,4/19/2007,2007,April,4,0.49,-0.30236058,0.033218982,-13.56519486,0.833333333,0.94875,,,,
11,5/14/2007,2007,May,5,0.37,-0.419650525,,,,,,,,
12,5/14/2007,2007,May,5,0.41,-0.380553877,,,,,,,,
13,5/14/2007,2007,May,5,0.50,-0.292586418,-0.364263607,-13.92945847,0.426666667,,,,,
11,6/15/2007,2007,June,6,0.93,0.127702549,,,,,,,,
12,6/15/2007,2007,June,6,0.56,-0.233941446,,,,,,,,
13,6/15/2007,2007,June,6,0.61,-0.185070636,-0.097103178,-14.02656164,0.7,,,,,
11,7/16/2007,2007,July,7,0.6,-0.194844798,,,,,,,,
12,7/16/2007,2007,July,7,1.12,0.313411627,,,,,,,,
13,7/16/2007,2007,July,7,0.96,0.157025035,0.091863954,-13.93469769,0.893333333,,,,,
12,8/14/2007,2007,August,8,0.55,-0.243715608,,,,,,,,
13,8/14/2007,2007,August,8,0.31,-0.478295497,,,,,,,,
11,8/16/2007,2007,August,8,0.28,-0.507617983,-0.409876363,-14.34457405,0.38,,,,,
11,9/10/2007,2007,September,9,0.34,-0.448973011,,,,,,,,
12,9/10/2007,2007,September,9,0.43,-0.361005553,,,,,,,,
13,9/10/2007,2007,September,9,0.2,-0.585811279,-0.465263281,-14.80983733,0.323333333,,,,,
11,10/15/2007,2007,October,10,0.34,-0.448973011,,,,,,,,
12,10/15/2007,2007,October,10,0.76,-0.038458206,,,,,,,,
13,10/15/2007,2007,October,10,0.46,-0.331683067,-0.273038094,-15.08287543,0.52,,,,,
11,11/14/2007,2007,November,11,2.82,1.975019171,,,,,,,,
12,11/14/2007,2007,November,11,1.44,0.626184812,,,,,,,,
13,11/14/2007,2007,November,11,2.26,1.427666097,1.342956693,-13.73991873,2.173333333,,,,,
11,12/18/2007,2007,December,12,0.34,-0.448973011,,,,,,,,
12,12/18/2007,2007,December,12,0.2,-0.585811279,,,,,,,,
13,12/18/2007,2007,December,12,0.23,-0.556488793,-0.530424361,-14.27034309,0.256666667,,,,,
11,1/16/2008,2008,January,1,0.09,-0.693327061,,,,,,,,
12,1/16/2008,2008,January,1,0.11,-0.673778737,,,,,,,,
13,1/16/2008,2008,January,1,0.24,-0.546714631,-0.637940143,-14.90828324,0.146666667,,,,,
11,2/15/2008,2008,February,2,0.25,-0.536940469,,,,,,,,
12,2/15/2008,2008,February,2,0.14,-0.644456251,,,,,,,,
13,2/15/2008,2008,February,2,0.14,-0.644456251,-0.608617657,-15.51690089,0.176666667,,,,,
11,3/10/2008,2008,March,3,0.16,-0.624907927,,,,,,,,
12,3/10/2008,2008,March,3,0.14,-0.644456251,,,,,,,,
13,3/10/2008,2008,March,3,0.15,-0.634682089,-0.634682089,-16.15158298,0.15,,,,,
11,4/14/2008,2008,April,4,1.53,0.71415227,,,,,,,,
12,4/14/2008,2008,April,4,0.99,0.186347521,,,,,,,,
13,4/14/2008,2008,April,4,1.6,0.782571404,0.561023731,-15.59055925,1.373333333,,,,,
11,5/15/2008,2008,May,5,0.39,-0.400102201,,,,,,,,
12,5/15/2008,2008,May,5,0.44,-0.351231391,,,,,,,,
13,5/15/2008,2008,May,5,0.52,-0.273038094,-0.341457229,-15.93201648,0.45,,,,,
11,6/18/2008,2008,June,6,0.37,-0.419650525,,,,,,,,
12,6/18/2008,2008,June,6,0.49,-0.30236058,,,,,,,,
13,6/18/2008,2008,June,6,0.14,-0.644456251,-0.455489119,-16.3875056,0.333333333,,,,,
11,7/16/2008,2008,July,7,0.42,-0.370779715,,,,,,,,
12,7/16/2008,2008,July,7,0.52,-0.273038094,,,,,,,,
13,7/16/2008,2008,July,7,0.2,-0.585811279,-0.409876363,-16.79738196,0.38,,,,,
11,8/12/2008,2008,August,8,2.31,1.476536908,,,,,,,,
12,8/12/2008,2008,August,8,0.65,-0.145973988,,,,,,,,
13,8/12/2008,2008,August,8,0.31,-0.478295497,0.284089141,-16.51329282,1.09,,,,,
11,9/18/2008,2008,September,9,0.63,-0.165522312,,,,,,,,
12,9/18/2008,2008,September,9,0.31,-0.478295497,,,,,,,,
13,9/18/2008,2008,September,9,0.4,-0.390328039,-0.344715283,-16.8580081,0.446666667,,,,,
11,10/14/2008,2008,October,10,0.19,-0.595585441,,,,,,,,
12,10/14/2008,2008,October,10,0.19,-0.595585441,,,,,,,,
13,10/14/2008,2008,October,10,0.15,-0.634682089,-0.608617657,-17.46662576,0.176666667,0.577592593,,,,
11,11/17/2008,2008,November,11,1.75,0.929183834,,,,,,,,
12,11/17/2008,2008,November,11,1.77,0.948732158,,,,,,,,
13,11/17/2008,2008,November,11,1.29,0.479572381,0.785829458,-16.6807963,1.603333333,,,,,
11,12/15/2008,2008,December,12,0.85,0.049509252,,,,,,,,
12,12/15/2008,2008,December,12,0.74,-0.05800653,,,,,,,,
13,12/15/2008,2008,December,12,0.76,-0.038458206,-0.015651828,-16.69644813,0.783333333,,,,,
11,1/12/2009,2009,January,1,0.24,-0.546714631,,,,,,,,
12,1/13/2009,2009,January,1,0.2,-0.585811279,,,,,,,,
13,1/13/2009,2009,January,1,0.2,-0.585811279,-0.572779063,-17.26922719,0.213333333,,,,,
11,2/10/2009,2009,February,2,0.14,-0.644456251,,,,,,,,
12,2/11/2009,2009,February,2,0.17,-0.615133765,,,,,,,,
13,2/11/2009,2009,February,2,0.19,-0.595585441,-0.618391819,-17.88761901,0.166666667,,,,,
11,3/18/2009,2009,March,3,0.14,-0.644456251,,,,,,,,
12,3/16/2009,2009,March,3,0.18,-0.605359603,,,,,,,,
13,3/16/2009,2009,March,3,0.16,-0.624907927,-0.624907927,-18.51252694,0.16,,,,,
11,4/17/2009,2009,April,4,0.22,-0.566262955,,,,,,,,
12,4/13/2009,2009,April,4,0.19,-0.595585441,,,,,,,,
13,4/13/2009,2009,April,4,0.09,-0.693327061,-0.618391819,-19.13091876,0.166666667,,,,,
11,5/12/2009,2009,May,5,0.61,-0.185070636,,,,,,,,
12,5/13/2009,2009,May,5,0.93,0.127702549,,,,,,,,
13,5/13/2009,2009,May,5,0.62,-0.175296474,-0.077554854,-19.20847361,0.72,,,,,
11,6/16/2009,2009,June,6,0.71,-0.087329016,,,,,,,,
12,6/19/2009,2009,June,6,0.48,-0.312134742,,,,,,,,
13,6/19/2009,2009,June,6,0.36,-0.429424687,-0.276296148,-19.48476976,0.516666667,,,,,
11,7/13/2009,2009,July,7,0.43,-0.361005553,,,,,,,,
12,7/13/2009,2009,July,7,0.55,-0.243715608,,,,,,,,
13,7/13/2009,2009,July,7,0.26,-0.527166307,-0.377295823,-19.86206558,0.413333333,,,,,
11,8/18/2009,2009,August,8,1.57,0.753248918,,,,,,,,
12,8/17/2009,2009,August,8,1.41,0.596862326,,,,,,,,
13,8/17/2009,2009,August,8,0.25,-0.536940469,0.271056925,-19.59100866,1.076666667,,,,,
11,9/14/2009,2009,September,9,5.25,4.350140542,,,,,,,,
12,9/15/2009,2009,September,9,3.09,2.238921545,,,,,,,,
13,9/15/2009,2009,September,9,0.22,-0.566262955,2.007599711,-17.58340895,2.853333333,,,,,
11,10/13/2009,2009,October,10,0.57,-0.224167284,,,,,,,,
12,10/14/2009,2009,October,10,0.84,0.03973509,,,,,,,,
13,10/14/2009,2009,October,10,0.43,-0.361005553,-0.181812582,-17.76522153,0.613333333,,,,,
11,11/16/2009,2009,November,11,2.78,1.935922523,,,,,,,,
12,11/16/2009,2009,November,11,1.47,0.655507298,,,,,,,,
13,11/16/2009,2009,November,11,1.45,0.635958974,1.075796265,-16.68942527,1.9,,,,,
11,12/14/2009,2009,December,12,3.01,2.160728249,,,,,,,,
12,12/14/2009,2009,December,12,3.89,3.020854507,,,,,,,,
13,12/14/2009,2009,December,12,2.03,1.202860371,2.128147709,-14.56127756,2.976666667,,,,,
11,1/19/2010,2010,January,1,0.20,-0.585811279,,,,,,,,
12,1/19/2010,2010,January,1,0.20,-0.585811279,,,,,,,,
13,1/19/2010,2010,January,1,0.28,-0.507617983,-0.559746847,-15.1210244,0.226666667,,,,,
11,2/17/2010,2010,February,2,,,,,,,,,,
12,2/17/2010,2010,February,2,,,,,,,,,,
13,2/17/2010,2010,February,2,,,,,,,,,,
11,3/17/2010,2010,March,3,0.17,-0.615133765,,,,,,,,
12,3/18/2010,2010,March,3,0.52,-0.273038094,,,,,,,,
13,3/18/2010,2010,March,3,0.22,-0.566262955,-0.484811605,-15.60583601,0.303333333,,,,,
11,4/12/2010,2010,April,4,0.30,-0.488069659,,,,,,,,
12,4/13/2010,2010,April,4,0.12,-0.664004575,,,,,,,,
13,4/13/2010,2010,April,4,0.05,-0.732423709,-0.628165981,-16.23400199,0.156666667,,,,,
11,5/17/2010,2010,May,5,0.65,-0.145973988,,,,,,,,
12,5/19/2010,2010,May,5,0.60,-0.194844798,,,,,,,,
13,5/19/2010,2010,May,5,0.61,-0.185070636,-0.175296474,-16.40929846,0.62,,,,,
11,6/15/2010,2010,June,6,0.50,-0.292586418,,,,,,,,
12,6/16/2010,2010,June,6,0.41,-0.380553877,,,,,,,,
13,6/16/2010,2010,June,6,0.45,-0.341457229,-0.338199175,-16.74749764,0.453333333,,,,,
11,7/15/2010,2010,July,7,0.64,-0.15574815,,,,,,,,
12,7/15/2010,2010,July,7,0.43,-0.361005553,,,,,,,,
13,7/15/2010,2010,July,7,0.50,-0.292586418,-0.26978004,-17.01727768,0.523333333,,,,,
11,8/17/2010,2010,August,8,0.65,-0.145973988,,,,,,,,
12,8/19/2010,2010,August,8,1.65,0.831442214,,,,,,,,
13,8/19/2010,2010,August,8,0.10,-0.683552899,0.000638442,-17.01663924,0.8,,,,,
11,9/15/2010,2010,September,9,1.27,0.460024057,,,,,,,,
12,9/13/2010,2010,September,9,0.84,0.03973509,,,,,,,,
13,9/13/2010,2010,September,9,0.93,0.127702549,0.209153899,-16.80748534,1.013333333,,,,,
11,10/13/2010,2010,October,10,3.17,2.316528392,,,,,,,,
12,10/12/2010,2010,October,10,3.29,2.439194125,,,,,,,,
13,10/12/2010,2010,October,10,4.09,3.21711968,2.657614066,-14.14987127,3.518366667,,,,,
11,11/16/2010,2010,November,11,0.41,-0.383095159,,,,,,,,
12,11/18/2010,2010,November,11,0.55,-0.24801624,,,,,,,,
13,11/18/2010,2010,November,11,0.33,-0.461190713,-0.364100704,-14.51397198,0.426833333,,,,,
11,12/8/2010,2010,December,12,0.78,-0.015000217,,,,,,,,
12,12/9/2010,2010,December,12,1.09,0.281156892,,,,,,,,
13,12/9/2010,2010,December,12,0.52,-0.277925175,-0.003922833,-14.51789481,0.795333333,,,,,
11,1/19/2011,2011,January,1,0.22,-0.569781653,,,,,,,,
12,1/20/2011,2011,January,1,0.20,-0.588352561,,,,,,,,
13,1/20/2011,2011,January,1,0.27,-0.513091514,-0.557075243,-15.07497005,0.2294,,,,,
11,2/17/2011,2011,February,2,0.27,-0.521497293,,,,,,,,
12,2/24/2011,2011,February,2,0.25,-0.534887895,,,,,,,,
13,2/24/2011,2011,February,2,0.27,-0.518174078,-0.524853089,-15.59982314,0.262366667,,,,,
11,3/17/2011,2011,March,3,0.16,-0.625201152,,,,,,,,
12,3/15/2011,2011,March,3,0.57,-0.225535667,,,,,,,,
13,3/15/2011,2011,March,3,0.34,-0.450439135,-0.433725318,-16.03354846,0.3556,,,,,
11,4/13/2011,2011,April,4,0.48,-0.30773637,,,,,,,,
12,4/14/2011,2011,April,4,0.66,-0.13160597,,,,,,,,
13,4/14/2011,2011,April,4,0.62,-0.175296474,-0.204879605,-16.23842806,0.589733333,,,,,
11,5/18/2011,2011,May,5,0.07,-0.712875385,,,,,,,,
12,5/19/2011,2011,May,5,0.15,-0.634682089,,,,,,,,
13,5/19/2011,2011,May,5,0.51,-0.282812256,-0.543456577,-16.78188464,0.243333333,,,,,
11,6/15/2011,2011,June,6,0.14,-0.644456251,,,,,,,,
12,6/15/2011,2011,June,6,0.19,-0.595585441,,,,,,,,
13,6/15/2011,2011,June,6,0.06,-0.722649547,-0.654230413,-17.43611505,0.13,,,,,
11,7/11/2011,2011,July,7,0.47,-0.321908904,,,,,,,,
12,7/12/2011,2011,July,7,0.36,-0.429424687,,,,,,,,
13,7/12/2011,2011,July,7,0.23,-0.556488793,-0.435940795,-17.87205585,0.353333333,,,,,
11,8/16/2011,2011,August,8,0.22,-0.566262955,,,,,,,,
12,8/17/2011,2011,August,8,0.48,-0.312134742,,,,,,,,
13,8/17/2011,2011,August,8,0.15,-0.634682089,-0.504359929,-18.37641578,0.283333333,,,,,
11,9/13/2011,2011,September,9,0.64,-0.15574815,,,,,,,,
12,9/12/2011,2011,September,9,0.46,-0.331683067,,,,,,,,
13,9/12/2011,2011,September,9,0.53,-0.263263932,-0.250231716,-18.62664749,0.543333333,,,,,
11,10/11/2011,2011,October,10,0.63,-0.165522312,,,,,,,,
12,10/13/2011,2011,October,10,0.44,-0.351231391,,,,,,,,
13,10/13/2011,2011,October,10,0.61,-0.185070636,-0.233941446,-18.86058894,0.56,,,,,
11,11/15/2011,2011,November,11,4.90,4.008044871,,,,,,,,
12,11/18/2011,2011,November,11,6.03,5.11252518,,,,,,,,
13,11/18/2011,2011,November,11,5.90,4.985461073,4.702010375,-14.15857857,5.61,,,,,
11,12/14/2011,2011,December,12,6.34,5.415524202,,,,,,,,
12,12/14/2011,2011,December,12,2.01,1.183312047,,,,,,,,
13,12/14/2011,2011,December,12,0.34,-0.448973011,2.049954413,-12.10862415,2.896666667,,,,,
11,1/11/2012,2012,January,1,0.17,-0.615133765,,,,,,,,
12,1/11/2012,2012,January,1,0.16,-0.624907927,,,,,,,,
13,1/11/2012,2012,January,1,0.13,-0.654230413,-0.631424035,-12.74004819,0.153333333,,,,,
11,2/23/2012,2012,February,2,0.22,-0.566262955,,,,,,,,
12,2/21/2012,2012,February,2,0.23,-0.556488793,,,,,,,,
13,2/21/2012,2012,February,2,0.27,-0.517392145,-0.546714631,-13.28676282,0.24,,,,,
11,3/12/2012,2012,March,3,0.26,-0.527166307,,,,,,,,
12,3/14/2012,2012,March,3,0.18,-0.605359603,,,,,,,,
13,3/14/2012,2012,March,3,0.14,-0.644456251,-0.592327387,-13.87909021,0.193333333,,,,,
11,4/16/2012,2012,April,4,0.09,-0.693327061,,,,,,,,
12,4/17/2012,2012,April,4,0.12,-0.664004575,,,,,,,,
13,4/17/2012,2012,April,4,0.41,-0.380553877,-0.579295171,-14.45838538,0.206666667,,,,,
11,5/16/2012,2012,May,5,0.22,-0.566262955,,,,,,,,
12,5/22/2012,2012,May,5,0.42,-0.370779715,,,,,,,,
13,5/22/2012,2012,May,5,0.29,-0.497843821,-0.478295497,-14.93668087,0.31,,,,,
11,6/13/2012,2012,June,6,0.46,-0.331683067,,,,,,,,
12,6/20/2012,2012,June,6,0.10,-0.683552899,,,,,,,,
13,6/20/2012,2012,June,6,0.25,-0.536940469,-0.517392145,-15.45407302,0.27,,,,,
11,7/17/2012,2012,July,7,0.41,-0.380553877,,,,,,,,
12,7/16/2012,2012,July,7,0.58,-0.214393122,,,,,,,,
13,7/16/2012,2012,July,7,0.29,-0.497843821,-0.364263607,-15.81833663,0.426666667,,,,,
11,8/14/2012,2012,August,8,0.39,-0.400102201,,,,,,,,
12,8/16/2012,2012,August,8,0.26,-0.527166307,,,,,,,,
13,8/16/2012,2012,August,8,0.06,-0.722649547,-0.549972685,-16.36830931,0.236666667,,,,,
11,9/12/2012,2012,September,9,0.12,-0.664004575,,,,,,,,
12,9/11/2012,2012,September,9,3.48,2.620113864,,,,,,,,
13,9/11/2012,2012,September,9,2.06,1.232182857,1.062764049,-15.30554526,1.886666667,,,,,
11,10/17/2012,2012,October,10,1.83,1.00737713,,,,,,,,
12,10/17/2012,2012,October,10,1.32,0.508894867,,,,,,,,
13,10/17/2012,2012,October,10,1.03,0.225444169,0.580572056,-14.72497321,1.393333333,,,,,
11,11/12/2012,2012,November,11,2.88,2.033664143,,,,,,,,
12,11/12/2012,2012,November,11,1.90,1.075796265,,,,,,,,
13,11/12/2012,2012,November,11,1.90,1.075796265,1.395085557,-13.32988765,2.226666667,,,,,
11,12/11/2012,2012,December,12,5.55,4.643365403,,,,,,,,
12,12/12/2012,2012,December,12,1.81,0.987828806,,,,,,,,
13,12/12/2012,2012,December,12,3.29,2.434404786,2.688532998,-10.64135465,3.55,,,,,
11,1/14/2013,2013,January,1,0.24,-0.546714631,,,,,,,,
12,1/23/2013,2013,January,1,0.09,-0.693327061,,,,,,,,
13,1/23/2013,2013,January,1,0.10,-0.683552899,-0.641198197,-11.28255285,0.143333333,,,,,
11,2/13/2013,2013,February,2,0.11,-0.673778737,,,,,,,,
12,2/14/2013,2013,February,2,0.13,-0.654230413,,,,,,,,
13,2/14/2013,2013,February,2,0.06,-0.722649547,-0.683552899,-11.96610575,0.1,,,,,
11,3/11/2013,2013,March,3,0.29,-0.497843821,,,,,,,,
12,3/13/2013,2013,March,3,0.42,-0.370779715,,,,,,,,
13,3/13/2013,2013,March,3,0.18,-0.605359603,-0.491327713,-12.45743346,0.296666667,,,,,
11,4/15/2013,2013,April,4,0.34,-0.448973011,,,,,,,,
12,4/16/2013,2013,April,4,0.21,-0.576037117,,,,,,,,
13,4/16/2013,2013,April,4,0.13,-0.654230413,-0.559746847,-13.01718031,0.226666667,,,,,
11,5/14/2013,2013,May,5,1.35,0.538217353,,,,,,,,
12,5/13/2013,2013,May,5,0.59,-0.20461896,,,,,,,,
13,5/13/2013,2013,May,5,0.38,-0.409876363,-0.02542599,-13.0426063,0.773333333,,,,,
11,6/11/2013,2013,June,6,0.61,-0.185070636,,,,,,,,
12,6/12/2013,2013,June,6,0.21,-0.576037117,,,,,,,,
13,6/12/2013,2013,June,6,0.29,-0.497843821,-0.419650525,-13.46225682,0.37,,,,,
11,7/15/2013,2013,July,7,1.11,0.303637465,,,,,,,,
12,7/15/2013,2013,July,7,0.47,-0.321908904,,,,,,,,
13,7/15/2013,2013,July,7,0.09,-0.693327061,-0.2371995,-13.69945632,0.556666667,,,,,
11,8/12/2013,2013,August,8,1.02,0.215670007,,,,,,,,
12,8/12/2013,2013,August,8,0.66,-0.136199826,,,,,,,,
13,8/12/2013,2013,August,8,0.19,-0.595585441,-0.17203842,-13.87149474,0.623333333,,,,,
11,9/18/2013,2013,September,9,0.34,-0.448973011,,,,,,,,
12,9/18/2013,2013,September,9,0.28,-0.507617983,,,,,,,,
13,9/18/2013,2013,September,9,0.16,-0.624907927,-0.527166307,-14.39866105,0.26,,,,,
11,10/22/2013,2013,October,10,3.13,2.278018193,,,,,,,,
12,10/21/3013,2013,October,10,3.08,2.229147383,,,,,,,,
13,10/21/3013,2013,October,10,3.33,2.473501434,2.326889003,-12.07177205,3.18,,,,,
11,11/21/2013,2013,November,11,1.83,1.00737713,,,,,,,,
12,11/21/2013,2013,November,11,0.20,-0.585811279,,,,,,,,
13,11/21/2013,2013,November,11,0.16,-0.624907927,-0.067780692,-12.13955274,0.73,,,,,
11,12/16/2013,2013,December,12,0.81,0.010412604,,,,,,,,
12,12/19/2013,2013,December,12,0.49,-0.30236058,,,,,,,,
13,12/19/2013,2013,December,12,0.52,-0.273038094,-0.18832869,-12.32788143,0.606666667,,,,,
11,1/15/2014,2014,January,1,0.08,-0.703101223,,,,,,,,
12,1/16/2014,2014,January,1,0.11,-0.673778737,,,,,,,,
13,1/16/2014,2014,January,1,0.14,-0.644456251,-0.673778737,-13.00166017,0.11,,,,,
11,2/18/2014,2014,February,2,0.15,-0.634682089,,,,,,,,
12,2/20/2014,2014,February,2,0.17,-0.615133765,,,,,,,,
13,2/20/2014,2014,February,2,0.13,-0.654230413,-0.634682089,-13.63634225,0.15,,,,,
11,3/21/2014,2014,March,3,0.14,-0.644456251,,,,,,,,
12,3/20/2014,2014,March,3,0.09,-0.693327061,,,,,,,,
13,3/20/2014,2014,March,3,0.12,-0.664004575,-0.667262629,-14.30360488,0.116666667,,,,,
11,4/18/2014,2014,April,4,0.25 ,-0.536940469,,,,,,,,
12,4/21/2014,2014,April,4,0.24 ,-0.546714631,,,,,,,,
13,4/21/2014,2014,April,4,0.13 ,-0.654230413,-0.579295171,-14.88290005,0.206666667,,,,,
11,5/13/2014,2014,May,5,0.41 ,-0.380553877,,,,,,,,
12,5/12/2013,2014,May,5,0.35 ,-0.439198849,,,,,,,,
13,5/12/2013,2014,May,5,0.11 ,-0.673778737,-0.497843821,-15.38074388,0.29,,,,,
11,6/18/2014,2014,June,6,0.29 ,-0.497843821,,,,,,,,
12,6/17/2014,2014,June,6,0.05 ,-0.732423709,,,,,,,,
13,6/17/2014,2014,June,6,0.12 ,-0.664004575,-0.631424035,-16.01216791,0.153333333,,,,,
11,7/14/2014,2014,July,7,1.58 ,0.76302308,,,,,,,,
12,7/17/2014,2014,July,7,0.63 ,-0.165522312,,,,,,,,
13,7/17/2014,2014,July,7,0.43 ,-0.361005553,0.078831738,-15.93333617,0.88,,,,,
11,8/11/2014,2014,August,8,0.12 ,-0.664004575,,,,,,,,
12,8/11/2014,2014,August,8,0.39 ,-0.400102201,,,,,,,,
13,8/11/2014,2014,August,8,0.33 ,-0.458747173,-0.507617983,-16.44095416,0.28,,,,,
11,9/16/2014,2014,September,9,2.66 ,1.818632578,,,,,,,,
12,9/15/2014,2014,September,9,2.79 ,1.945696685,,,,,,,,
13,9/15/2014,2014,September,9,2.27 ,1.437440259,1.733923174,-14.70703098,2.573333333,,,,,
11,10/17/2014,2014,October,10,0.86,0.059283414,,,,,,,,
12,10/16/2014,2014,October,10,0.54,-0.25348977,,,,,,,,
13,10/16/2014,2014,October,10,0.79,-0.00913572,-0.067780692,-14.77481167,0.73,,,,,
11,11/10/2014,2014,November,11,1.44,0.626184812,,,,,,,,
12,11/12/2014,2014,November,11,1.18,0.372056599,,,,,,,,
13,11/12/2014,2014,November,11,1.52,0.704378108,0.567539839,-14.20727183,1.38,,,,,
11,12/15/2014,2014,December,12,,,,,,,,,,
12,12/19/2014,2014,December,12,,,,,,,,,,
13,12/19/2014,2014,December,12,,,,,,,,,,
11,1/15/2015,2015,January,1,0.09 ,-0.693327061,,,,,,,,
12,1/20/2015,2015,January,1,0.07 ,-0.712875385,,,,,,,,
13,1/20/2015,2015,January,1,0.06 ,-0.722649547,-0.709617331,-14.91688916,0.073333333,,,,,
11,2/15/2015,2015,February,2,,,,,,,,,,
12,2/15/2015,2015,February,2,,,,,,,,,,
13,2/15/2015,2015,February,2,,,,,,,,,,
11,3/16/2015,2015,March,3,0.12 ,-0.664004575,,,,,,,,
12,3/17/2015,2015,March,3,0.39 ,-0.400102201,,,,,,,,
13,3/17/2015,2015,March,3,0.33 ,-0.458747173,-0.507617983,-15.42450715,0.28,,,,,
11,4/24/2015,2015,April,4,0.13 ,-0.654230413,,,,,,,,
12,4/27/2015,2015,April,4,0.14 ,-0.644456251,,,,,,,,
13,4/27/2015,2015,April,4,0.10 ,-0.683552899,-0.660746521,-16.08525367,0.123333333,,,,,
11,5/12/2015,2015,May,5,0.25 ,-0.536940469,,,,,,,,
12,5/14/2015,2015,May,5,0.24 ,-0.546714631,,,,,,,,
13,5/14/2015,2015,May,5,0.15 ,-0.634682089,-0.572779063,-16.65803273,0.213333333,,,,,
11,6/15/2015,2015,June,6,0.23 ,-0.556488793,,,,,,,,
12,6/16/2015,2015,June,6,0.21 ,-0.576037117,,,,,,,,
13,6/16/2015,2015,June,6,0.08 ,-0.703101223,-0.611875711,-17.26990844,0.173333333,,,,,
11,7/15/2015,2015,July,7,0.28 ,-0.507617983,,,,,,,,
12,7/15/2015,2015,July,7,0.21 ,-0.576037117,,,,,,,,
13,7/15/2015,2015,July,7,0.23 ,-0.556488793,-0.546714631,-17.81662307,0.24,,,,,
11,8/12/2015,2015,August,8,1.58 ,0.76302308,,,,,,,,
12,8/12/2015,2015,August,8,2.00 ,1.173537885,,,,,,,,
13,8/12/2015,2015,August,8,1.37 ,0.557765677,0.831442214,-16.98518086,1.65,,,,,
11,9/14/2015,2015,September,9,3.52 ,2.659210512,,,,,,,,
12,9/15/2015,2015,September,9,2.90 ,2.053212467,,,,,,,,
13,9/15/2015,2015,September,9,2.34 ,1.505859394,2.072760791,-14.91242007,2.92,,,,,
11,10/14/2015,2015,October,10,5.16 ,4.262173084,,,,,,,,
12,10/15/2015,2015,October,10,4.90 ,4.008044871,,,,,,,,
13,10/15/2015,2015,October,10,5.15 ,4.252398922,4.174205626,-10.73821444,5.07,,,,,
11,11/16/2015,2015,November,11,1.16 ,0.352508275,,,,,,,,
12,11/16/2015,2015,November,11,0.85 ,0.049509252,,,,,,,,
13,11/16/2015,2015,November,11,1.03 ,0.225444169,0.209153899,-10.52906054,1.013333333,,,,,
11,12/14/2015,2015,December,12,2.00 ,1.173537885,,,,,,,,
12,12/15/2015,2015,December,12,1.73 ,0.90963551,,,,,,,,
13,12/15/2015,2015,December,12,1.85 ,1.026925455,1.036699617,-9.492360928,1.86,,,,,
11,1/14/2016,2016,January,1,0.25 ,-0.536940469,,,,,,,,
12,1/15/2016,2016,January,1,0.26 ,-0.527166307,,,,,,,,
13,1/15/2016,2016,January,1,0.26 ,-0.527166307,-0.530424361,-10.02278529,0.256666667,,,,,
11,2/17/2016,2016,February,2,0.11 ,-0.673778737,,,,,,,,
12,2/17/2016,2016,February,2,0.23 ,-0.556488793,,,,,,,,
13,2/17/2016,2016,February,2,0.19 ,-0.595585441,-0.608617657,-10.63140295,0.176666667,,,,,
11,3/15/2016,2016,March,3,0.13 ,-0.654230413,,,,,,,,
12,3/16/2016,2016,March,3,0.16 ,-0.624907927,,,,,,,,
13,3/16/2016,2016,March,3,0.18 ,-0.605359603,-0.628165981,-11.25956893,0.156666667,,,,,
11,4/14/2016,2016,April,4,0.02 ,-0.761746195,,,,,,,,
12,4/15/2016,2016,April,4,0.03 ,-0.751972033,,,,,,,,
13,4/15/2016,2016,April,4,0.05 ,-0.732423709,-0.748713979,-12.00828291,0.033333333,,,,,
11,5/17/2016,2016,May,5,0.07 ,-0.712875385,,,,,,,,
12,5/19/2016,2016,May,5,0.08 ,-0.703101223,,,,,,,,
13,5/19/2016,2016,May,5,0.07 ,-0.712875385,-0.709617331,-12.71790024,0.073333333,,,,,
11,6/21/2016,2016,June,6,0.39 ,-0.400102201,,,,,,,,
12,6/22/2016,2016,June,6,0.27 ,-0.517392145,,,,,,,,
13,6/22/2016,2016,June,6,0.26 ,-0.527166307,-0.481553551,-13.19945379,0.306666667,,,,,
11,7/19/2016,2016,July,7,0.67 ,-0.126425664,,,,,,,,
12,7/19/2016,2016,July,7,0.73 ,-0.067780692,,,,,,,,
13,7/19/2016,2016,July,7,0.13 ,-0.654230413,-0.282812256,-13.48226605,0.51,,,,,
11,8/15/2016,2016,August,8,0.64 ,-0.15574815,,,,,,,,
12,8/15/2016,2016,August,8,0.55 ,-0.243715608,,,,,,,,
13,8/15/2016,2016,August,8,0.11 ,-0.673778737,-0.357747499,-13.84001354,0.433333333,,,,,
11,9/13/2016,2016,September,9,2.71 ,1.867503388,,,,,,,,
12,9/13/2016,2016,September,9,2.64 ,1.799084254,,,,,,,,
13,9/13/2016,2016,September,9,2.34 ,1.505859394,1.724149012,-12.11586453,2.563333333,,,,,
11,10/12/2016,2016,October,10,3.84 ,2.971983697,,,,,,,,
12,10/12/2016,2016,October,10,2.77 ,1.926148361,,,,,,,,
13,10/12/2016,2016,October,10,3.89 ,3.020854507,2.639662188,-9.476202344,3.5,,,,,
11,11/14/2016,2016,November,11,2.81 ,1.965245009,,,,,,,,
12,11/15/2016,2016,November,11,2.25 ,1.417891935,,,,,,,,
13,11/15/2016,2016,November,11,1.24 ,0.430701571,1.271279505,-8.204922839,2.1,,,,,
11,12/13/16,2016,December,12,2.11 ,1.281053667,,,,,,,,
12,12/13/16,2016,December,12,1.26 ,0.450249895,,,,,,,,
13,12/13/16,2016,December,12,1.17 ,0.362282437,0.697862,-7.507060839,1.513333333,,,,,
11,1/15/2017,2017,January,1,0.17,-0.615133765,,,,,,,,
12,1/16/2017,2017,January,1,0.18,-0.605359603,,,,,,,,
13,1/16/2017,2017,January,1,0.18,-0.605359603,-0.608617657,-8.115678496,0.176666667,,,,,
11,2/18/2017,2017,February,2,0.03,-0.751972033,,,,,,,,
12,2/20/2017,2017,February,2,0.15,-0.634682089,,,,,,,,
13,2/20/2017,2017,February,2,0.11,-0.673778737,-0.686810953,-8.802489449,0.096666667,,,,,
11,3/23/2017,2017,March,3,0.19,-0.595585441,,,,,,,,
12,3/29/2017,2017,March,3,0.14,-0.644456251,,,,,,,,
13,3/29/2017,2017,March,3,0.09,-0.693327061,-0.644456251,-9.446945701,0.14,,,,,
11,,2017,April,4,1.95,1.124667075,,,,,,,,
12,4/28/2017,2017,April,4,1.3,0.489346543,,,,,,,,
13,4/28/2017,2017,April,4,1.36,0.547991515,0.720668378,-8.726277323,1.536666667,,,,,
11,5/31/2017,2017,May,5,0.42,-0.370779715,,,,,,,,
12,6/1/2017,2017,May,5,0.35,-0.439198849,,,,,,,,
13,6/1/2017,2017,May,5,0.46,-0.331683067,-0.380553877,-9.106831199,0.41,,,,,
11,6/27/2017,2017,June,6,0.46,-0.331683067,,,,,,,,
12,6/27/2017,2017,June,6,0.36,-0.429424687,,,,,,,,
13,6/27/2017,2017,June,6,0.32,-0.468521335,-0.409876363,-9.516707562,0.38,,,,,
11,7/18/2017,2017,July,7,0.6,-0.194844798,,,,,,,,
12,7/20/2017,2017,July,7,0.38,-0.409876363,,,,,,,,
13,7/20/2017,2017,July,7,0.21,-0.576037117,-0.393586093,-9.910293655,0.396666667,,,,,
11,,2017,August,8,,,,,,,,,,
12,,2017,August,8,,,,,,,,,,
13,,2017,August,8,,,,,,,,,,
11,10/2/2017,2017,September,9,2.83,1.984793333,,,,,,,,
12,10/3/2017,2017,September,9,1.7,0.880313024,,,,,,,,
13,10/3/2017,2017,September,9,1.62,0.802119728,1.222408695,-8.68788496,2.05,,,,,
11,,2017,October,10,,,,,,,,,,
12,,2017,October,10,,,,,,,,,,
13,,2017,October,10,,,,,,,,,,
11,11/14/2017,2017,November,11,3.43,2.571243054,,,,,,,,
12,11/15/2017,2017,November,11,2.18,1.349472801,,,,,,,,
13,11/15/2017,2017,November,11,1.85,1.026925455,1.64921377,-7.03867119,2.486666667,,,,,
11,12/20/2017,2017,December,12,1.13,0.323185789,,,,,,,,
12,12/21/2017,2017,December,12,1.07,0.264540817,,,,,,,,
13,12/20/2017,2017,December,12,1.35,0.538217353,0.375314653,-6.663356537,1.183333333,,,,,
11,1/26/2018,2018,January,1,0.3,-0.488069659,,,,,,,,
12,2/1/2018,2018,January,1,0.24,-0.546714631,,,,,,,,
13,2/1/2018,2018,January,1,0.44,-0.351231391,-0.462005227,-7.125361764,0.326666667,,,,,
11,2/21/2018,2018,February,2,0.25,-0.536940469,,,,,,,,
12,3/1/2018,2018,February,2,0.29,-0.497843821,,,,,,,,
13,3/1/2018,2018,February,2,0.29,-0.497843821,-0.510876037,-7.636237801,0.276666667,,,,,
11,3/27/2018,2018,March,3,0.24,-0.546714631,,,,,,,,
12,3/29/2018,2018,March,3,0.55,-0.243715608,,,,,,,,
13,3/29/2018,2018,March,3,0.25,-0.536940469,-0.442456903,-8.078694703,0.346666667,,,,,
11,4/26/2018,2018,April,4,0.35,-0.439198849,,,,,,,,
12,4/30/2018,2018,April,4,0.3,-0.488069659,,,,,,,,
13,4/26/2018,2018,April,4,0.33,-0.458747173,-0.462005227,-8.54069993,0.326666667,,,,,
11,5/23/2016,2018,May,5,0.2,-0.585811279,,,,,,,,
12,5/24/2018,2018,May,5,0.33,-0.458747173,,,,,,,,
13,5/23/2018,2018,May,5,0.19,-0.595585441,-0.546714631,-9.087414561,0.24,,,,,
11,6/21/2018,2018,June,6,0.44,-0.351231391,,,,,,,,
12,6/20/2018,2018,June,6,0.51,-0.282812256,,,,,,,,
13,6/20/2018,2018,June,6,0.48,-0.312134742,-0.315392796,-9.402807358,0.476666667,,,,,
11,8/1/2018,2018,July,7,0.57,-0.224167284,,,,,,,,
12,8/7/2018,2018,July,7,0.31,-0.478295497,,,,,,,,
13,8/7/2018,2018,July,7,0.37,-0.419650525,-0.374037769,-9.776845126,0.416666667,,,,,
11,8/28/2018,2018,August,8,0.9,0.098380062,,,,,,,,
12,8/31/2018,2018,August,8,0.53,-0.263263932,,,,,,,,
13,8/31/2018,2018,August,8,0.47,-0.321908904,-0.162264258,-9.939109384,0.633333333,,,,,
11,9/21/2018,2018,September,9,3.3,2.444178948,,,,,,,,
12,9/21/2018,2018,September,9,3.47,2.610339702,,,,,,,,
13,9/21/2018,2018,September,9,2.01,1.183312047,2.079276899,-7.859832485,2.926666667,,,,,
11,10/25/2018,2018,October,10,0.69,-0.10687734,,,,,,,,
12,11/1/2018,2018,October,10,1.58,0.76302308,,,,,,,,
13,10/25/2018,2018,October,10,1.27,0.460024057,0.372056599,-7.487775886,1.18,,,,,
11,11/14/2018,2018,November,11,2.78,1.935922523,,,,,,,,
12,11/15/2018,2018,November,11,2.22,1.388569449,,,,,,,,
13,11/15/2018,2018,November,11,1.21,0.401379085,1.241957019,-6.245818867,2.07,,,,,
11,12/6/2018,2018,December,12,,,,,,,,,,
12,,2018,December,12,,,,,,,,,,
13,,2018,December,12,,,,,,,,,,
11,,2019,January,1,,,,,,,,,,
12,,2019,January,1,,,,,,,,,,
13,,2019,January,1,,,,,,,,,,
11,,2019,February,2,,,,,,,,,,
12,,2019,February,2,,,,,,,,,,
13,,2019,February,2,,,,,,,,,,
11,4/4/2019,2019,March,3,0.31,-0.478295497,,,,,,,,
12,4/9/2019,2019,March,3,0.3,-0.488069659,,,,,,,,
13,4/9/2019,2019,March,3,0.27,-0.517392145,-0.494585767,-6.740404634,0.293333333,,,,,
11,4/30/2019,2019,April,4,0.80 ,0.000638442,,,,,,,,
12,5/1/2019,2019,April,4,0.73 ,-0.067780692,,,,,,,,
13,5/1/2019,2019,April,4,0.72 ,-0.077554854,-0.048232368,-6.788637002,0.75,,,,,
11,5/17/2019,2019,May,5,0.65 ,-0.145973988,,,,,,,,
12,5/16/2019,2019,May,5,0.38 ,-0.409876363,,,,,,,,
13,5/16/2019,2019,May,5,0.38 ,-0.409876363,-0.321908904,-7.110545907,0.47,,,,,
11,6/26/2019,2019,June,6,0.27 ,-0.517392145,,,,,,,,
12,6/26/2019,2019,June,6,0.47 ,-0.321908904,,,,,,,,
13,6/26/2019,2019,June,6,0.07 ,-0.712875385,-0.517392145,-7.627938051,0.27,,,,,
11,,2019,July,7,1.07 ,0.264540817,,,,,,,,
12,7/26/2019,2019,July,7,0.97 ,0.166799197,,,,,,,,
13,7/26/2019,2019,July,7,0.73 ,-0.067780692,0.121186441,-7.506751611,0.923333333,,,,,
11,9/3/2019,2019,August,8,,,,,,,,,,
12,,2019,August,8,,,,,,,,,,
13,,2019,August,8,,,,,,,,,,
11,9/25/2019,2019,September,9,,,,,,,,,,
12,9/25/2019,2019,September,9,,,,,,,,,,
13,9/25/2019,2019,September,9,,,,,,,,,,
11,10/29/2019,2019,October,10,2.09 ,1.261505343,,,,,,,,
12,10/30/2019,2019,October,10,2.64 ,1.799084254,,,,,,,,
13,10/29/2019,2019,October,10,3.02 ,2.170502411,1.743697336,-5.763054275,2.583333333,,,,,
11,,2019,November,11,,,,,,,,,,
12,,2019,November,11,,,,,,,,,,
13,,2019,November,11,,,,,,,,,,
11,12/29/2019,2019,December,12,0.28 ,-0.507617983,,,,,,,,
12,12/29/2019,2019,December,12,0.21 ,-0.576037117,,,,,,,,
13,12/29/2019,2019,December,12,2.83 ,1.984793333,0.300379411,-5.462674864,1.106666667,,,,,
11,,2020,January,1,,,,,,,,,,
12,,2020,January,1,,,,,,,,,,
13,,2020,January,1,,,,,,,,,,
11,,2020,February,2,,,,,,,,,,
12,,2020,February,2,,,,,,,,,,
13,,2020,February,2,,,,,,,,,,
11,,2020,March,3,,,,,,,,,,
12,,2020,March,3,,,,,,,,,,
13,,2020,March,3,,,,,,,,,,
11,,2020,April,4,,,,,,,,,,
12,,2020,April,4,,,,,,,,,,
13,,2020,April,4,,,,,,,,,,
11,,2020,May,5,,,,,,,,,,
12,,2020,May,5,,,,,,,,,,
13,,2020,May,5,,,,,,,,,,
11,6/23/20,2020,June,6,0.43 ,-0.361005553,,,,,,,,
12,6/23/20,2020,June,6,0.13 ,-0.654230413,,,,,,,,
13,6/23/20,2020,June,6,0.10 ,-0.683552899,-0.566262955,-6.028937819,0.22,,,,,
11,7/28/20,2020,July,7,2.33 ,1.496085232,,,,,,,,
12,7/28/20,2020,July,7,1.01 ,0.205895845,,,,,,,,
13,7/28/20,2020,July,7,0.85 ,0.049509252,0.58383011,-5.445107709,1.396666667,,,,,
11,8/26/20,2020,August,8,2.85 ,2.004341657,,,,,,,,
12,8/26/20,2020,August,8,1.86 ,1.036699617,,,,,,,,
13,8/26/20,2020,August,8,1.46 ,0.645733136,1.228924803,-4.216182906,2.056666667,,,,,
11,9/23/20,2020,September,9,1.02 ,0.215670007,,,,,,,,
12,9/22/20,2020,September,9,0.94 ,0.137476711,,,,,,,,
13,9/22/20,2020,September,9,1.08 ,0.274314979,0.209153899,-4.007029008,1.013333333,,,,,
11,10/20/20,2020,October,10,1.33 ,0.518669029,,,,,,,,
12,10/20/20,2020,October,10,1.84 ,1.017151293,,,,,,,,
13,10/20/20,2020,October,10,1.73 ,0.90963551,0.815151944,-3.191877064,1.633333333,,,,,
11,11/19/20,2020,November,11,1.88 ,1.056247941,,,,,,,,
12,11/19/20,2020,November,11,1.09 ,0.284089141,,,,,,,,
13,11/19/20,2020,November,11,1.45 ,0.635958974,0.658765352,-2.533111712,1.473333333,,,,,
11,,2020,December,12,,,,,,,,,,
12,,2020,Decemebr,12,,,,,,,,,,
13,,2020,December,12,,,,,,,,,,
11,,2021,January,1,,,,,,,,,,
12,,2021,January,1,,,,,,,,,,
13,,2021,January,1,,,,,,,,,,
11,2/4/2021,2021,February,2,1.81,0.987828806,,,,,,,,
12,2/4/2021,2021,February,2,0.30,-0.488069659,,,,,,,,
13,2/4/2021,2021,February,2,0.15,-0.634682089,-0.044974314,-2.578086026,0.753333333,,,,,
11,3/26/2021,2021,March,3,0.36,-0.429424687,,,,,,,,
12,3/26/2021,2021,March,3,0.23,-0.556488793,,,,,,,,
13,3/26/2021,2021,March,3,0.39,-0.400102201,-0.462005227,-3.040091253,0.326666667,,,,,
11,4/28/2021,2021,April,4,0.34,-0.448973011,,,,,,,,
12,4/28/2021,2021,April,4,0.46,-0.331683067,,,,,,,,
13,4/28/2021,2021,April,4,0.57,-0.224167284,-0.334941121,-3.375032373,0.456666667,,,,,
11,5/19/2021,2021,May,5,0.37,-0.419650525,,,,,,,,
12,5/19/2021,2021,May,5,0.67,-0.126425664,,,,,,,,
13,5/19/2021,2021,May,5,0.22,-0.566262955,-0.370779715,-3.745812088,0.42,,,,,
11,6/30/2021,2021,June,6,0.23,-0.556488793,,,,,,,,
12,6/30/2021,2021,June,6,0.32,-0.468521335,,,,,,,,
13,6/30/2021,2021,June,6,0.13,-0.654230413,-0.559746847,-4.305558935,0.226666667,,,,,
11,7/28/2021,2021,July,7,0.59,-0.20461896,,,,,,,,
12,7/28/2021,2021,July,7,1.56,0.743474756,,,,,,,,
13,7/28/2021,2021,July,7,0.98,0.176573359,0.238476385,-4.06708255,1.043333333,,,,,
11,8/25/2021,2021,August,8,2.95,2.102083277,,,,,,,,
12,8/25/2021,2021,August,8,1.63,0.81189389,,,,,,,,
13,8/25/2021,2021,August,8,2.51,1.672020148,1.528665772,-2.538416778,2.363333333,,,,,
11,9/29/2021,2021,September,9,0.60,-0.194844798,,,,,,,,
12,9/29/2021,2021,September,9,1.55,0.733700594,,,,,,,,
13,9/29/2021,2021,September,9,0.52,-0.273038094,0.0886059,-2.449810878,0.89,,,,,
11,10/27/21,2021,October,10,2.24,1.408117773,,,,,,,,
12,10/27/21,2021,October,10,2.11,1.281053667,,,,,,,,
13,10/27/21,2021,October,10,1.73,0.90963551,1.199602317,-1.250208561,2.026666667,,,,,
11,11/16/21,2021,November,11,2.09,1.261505343,,,,,,,,
12,11/16/21,2021,November,11,2.14,1.310376153,,,,,,,,
13,11/16/21,2021,November,11,0.85,0.049509252,0.873796916,-0.376411645,1.693333333,,,,,
11,12/15/21,2021,December,12,0.81,0.010412604,,,,,,,,
12,12/15/21,2021,December,12,0.49,-0.30236058,,,,0.80,,,,
13,12/15/21,2021,December,12,0.52,-0.273038094,-0.18832869,-0.564740335,0.606666667,1.02,,,,
