9,1/25/1995,1995,JANUARY,1,1.27,-0.098633369,,,,,,,,,,,,,,,
10,1/25/1995,1995,JANUARY,1,3.32,0.615233408,0.258300019,,2.295,,,,,,,,,,,,
9,2/15/1995,1995,FEBRUARY,2,0.45,-0.384180079,,,,,,,,,,,,,,,
10,2/15/1995,1995,FEBRUARY,2,2.36,0.28093482,-0.05162263,0.20667739,1.405,,,,,,,,,,,,
9,3/23/1995,1995,MARCH,3,0.31,-0.432931957,,,,,,,,,,,,,,,
10,3/23/1995,1995,MARCH,3,1.43,-0.042916937,-0.237924447,-0.031247057,0.87,,,,,,,,,,,,
9,4/25/1995,1995,APRIL,4,1.43,-0.042916937,,,,,,,,,,,,,,,
10,4/25/1995,1995,APRIL,4,0.83,-0.251853555,-0.147385246,-0.178632303,1.13,,,,,,,,,,,,
9,5/20/1995,1995,MAY,5,0.83,-0.251853555,,,,,,,,,,,,,,,
10,5/20/1995,1995,MAY,5,0.53,-0.356321864,-0.304087709,-0.482720012,0.68,,,,,,,,,,,,
9,6/14/1995,1995,JUNE,6,0.09,-0.50954205,,,,,,,,,,,,,,,
10,6/14/1995,1995,JUNE,6,0.67,-0.307569986,-0.408556018,-0.89127603,0.38,,,,,,,,,,,,
9,7/6/1995,1995,JULY,7,0.27,-0.446861064,,,,,,,,,,,,,,,
10,7/6/1995,1995,JULY,7,0.02,-0.535310899,-0.491085982,-1.382362012,0.143,,,,,,,,,,,,
9,8/22/1995,1995,AUGUST,8,2.21,0.228700665,,,,,,,,,,,,,,,
10,8/22/1995,1995,AUGUST,8,1.25,-0.105597923,0.061551371,-1.320810641,1.73,,,,,,,,,,,,
9,9/21/1995,1995,SEPTEMBER,9,0.69,-0.300605432,,,,,,,,,,,,,,,
10,9/21/1995,1995,SEPTEMBER,9,0.12,-0.499095219,-0.399850325,-1.720660966,0.405,,,,,,,,,,,,
9,10/12/1995,1995,OCTOBER,10,0.48,-0.373733248,,,,,,,,,,,,,,,
10,10/12/1995,1995,OCTOBER,10,0.06,-0.51998888,-0.446861064,-2.167522031,0.27,,,,,,,,,,,,
9,12/8/1995,1995,DECEMBER,12,0.64,-0.318016817,,,,,,,,,,,,,,,
10,12/8/1995,1995,DECEMBER,12,0.41,-0.398109187,-0.358063002,-2.525585033,0.525,0.893909091,,,,,,,,,,,
9,1/23/1996,1996,JANUARY,1,0.05,-0.523471157,0.05,-2.48,0.05,,,,,,,,,,,,
9,2/12/1996,1996,FEBRUARY,2,0.17,-0.481683834,,,,,,,,,,,,,,,
10,2/12/1996,1996,FEBRUARY,2,19.30,6.179911985,2.849114076,0.37,9.735,,,,,,,,,,,,
9,3/19/1996,1996,MARCH,3,0.20,-0.471237003,,,,,,,,,,,,,,,
10,3/19/1996,1996,MARCH,3,6.62,1.764384803,0.6465739,1.02,3.41,,,,,,,,,,,,
9,4/18/1996,1996,APRIL,4,0.02,-0.535310899,,,,,,,,,,,,,,,
10,4/18/1996,1996,APRIL,4,0.22,-0.464272449,-0.499791674,0.52,0.118,,,,,,,,,,,,
9,5/7/1996,1996,MAY,5,0.30,-0.436414234,,,,,,,,,,,,,,,
10,5/7/1996,1996,MAY,5,0.15,-0.488648388,-0.462531311,0.06,0.225,,,,,,,,,,,,
9,6/17/1996,1996,JUNE,6,0.01,-0.537400265,,,,,,,,,,,,,,,
10,6/17/1996,1996,JUNE,6,0.39,-0.405073741,-0.471237003,-0.41,0.2,,,,,,,,,,,,
9,7/23/1996,1996,JULY,7,0.40,-0.401591464,,,,,,,,,,,,,,,
10,7/23/1996,1996,JULY,7,0.36,-0.415520572,-0.408556018,-0.82,0.38,,,,,,,,,,,,
9,8/22/1996,1996,AUGUST,8,0.04,-0.526953434,,,,,,,,,,,,,,,
10,8/22/1996,1996,AUGUST,8,0.02,-0.535310899,-0.531132167,-1.35,0.028,,,,,,,,,,,,
9,9/16/1996,1996,SEPTEMBER,9,6.83,1.83751262,,,,,,,,,,,,,,,
10,9/16/1996,1996,SEPTEMBER,9,6.83,1.83751262,1.83751262,0.48,6.83,,,,,,,,,,,,
9,10/22/1996,1996,OCTOBER,10,1.04,-0.178725739,,,,,,,,,,,,,,,
10,10/22/1996,1996,OCTOBER,10,4.53,1.036588919,0.42893159,0.91,2.785,,,,,,,,,,,,
9,11/14/1996,1996,NOVEMBER,11,0.80,-0.262300386,,,,,,,,,,,,,,,
10,11/14/1996,1996,NOVEMBER,11,2.33,0.270487989,0.004093802,0.92,1.565,,,,,,,,,,,,
9,12/18/1996,1996,DECEMBER,12,8.01,2.2484213,,,,,,,,,,,,,,,
10,12/18/1996,1996,DECEMBER,12,3.41,0.6465739,1.4474976,2.36,5.71,,,,,,,,,,,,
9,1/14/1997,1997,JANUARY,1,0.01,-0.539141404,,,,,,,,,,,,,,,
10,1/14/1997,1997,JANUARY,1,7.57,2.095201114,0.778029855,3.14,3.7875,,,,,,,,,,,,
9,2/10/1997,1997,FEBRUARY,2,0.01,-0.539141404,,,,,,,,,,,,,,,
10,2/10/1997,1997,FEBRUARY,2,13.20,4.055723041,1.758290819,4.90,6.6025,,,,,,,,,,,,
9,3/28/1997,1997,MARCH,3,0.76,-0.276229493,,,,,,,,,,,,,,,
10,3/28/1997,1997,MARCH,3,0.14,-0.492130665,-0.384180079,4.52,0.45,,,,,,,,,,,,
9,4/22/1997,1997,APRIL,4,0.17,-0.481683834,,,,,,,,,,,,,,,
10,4/22/1997,1997,APRIL,4,0.02,-0.533917988,-0.507800911,4.01,0.095,2.499764706,,,,,,,,,,,
9,5/20/1997,1997,MAY,5,0.01,-0.539141404,,,,,,,,,,,,,,,
10,5/20/1997,1997,MAY,5,0.01,-0.539141404,-0.539141404,3.47,0.005,,,,,,,,,,,,
9,6/10/1997,1997,JUNE,6,0.01,-0.539141404,,,,,,,,,,,,,,,
10,6/10/1997,1997,JUNE,6,0.01,-0.539141404,-0.539141404,2.93,0.005,,,,,,,,,,,,
9,7/15/1997,1997,JULY,7,0.01,-0.539141404,,,,,,,,,,,,,,,
10,7/15/1997,1997,JULY,7,0.01,-0.539141404,-0.539141404,2.39,0.005,,,,,,,,,,,,
9,9/2/1997,1997,AUGUST,8,0.77,-0.272747217,,,,,,,,,,,,,,,
10,9/2/1997,1997,AUGUST,8,0.92,-0.220513062,-0.246630139,2.15,0.845,,,,,,,,,,,,
9,9/26/1997,1997,SEPTEMBER,9,0.49,-0.370250971,,,,,,,,,,,,,,,
10,9/26/1997,1997,SEPTEMBER,9,0.05,-0.523471157,-0.446861064,1.70,0.27,,,,,,,,,,,,
9,10/8/1997,1997,OCTOBER,10,0.03 ,-0.530435711,,,,,,,,,,,,,,,
10,10/8/1997,1997,OCTOBER,10,0.13 ,-0.495612942,-0.513024327,1.19,0.08,0.186428571,,,,,,,,,,,
9,11/20/1997,1997,NOVEMBER,11,0.17 ,-0.481683834,,,,,,,,,,,,,,,
10,11/20/1997,1997,NOVEMBER,11,2.22 ,0.232182942,-0.124750446,1.06,1.195,,,,,,,,,,,,
9,12/15/1997,1997,DECEMBER,12,0.02 ,-0.533917988,,,,,,,,,,,,,,,
10,12/15/1997,1997,DECEMBER,12,2.58 ,0.357544913,-0.088186538,0.97,1.3,,,,,,,,,,,,
9,1/21/1998,1998,JANUARY,1,0.01 ,-0.538793176,,,,,,,,,,,,,,,
10,1/21/1998,1998,JANUARY,1,10.4 ,3.080685493,1.270946159,2.24,5.203,,,,,,,,,,,,
9,2/10/1998,1998,FEBRUARY,2,1.21,-0.11952703,,,,,,,,,,,,,,,
10,2/10/1998,1998,FEBRUARY,2,3.86,0.803276363,0.341874666,2.59,2.535,,,,,,,,,,,,
9,3/16/1998,1998,MARCH,3,0.01 ,-0.538793176,,,,,,,,,,,,,,,
10,3/16/1998,1998,MARCH,3,1.7,0.05110454,-0.243844318,2.34,0.853,,,,,,,,,,,,
9,4/14/1998,1998,APRIL,4,0.14,-0.492130665,,,,,,,,,,,,,,,
10,4/14/1998,1998,APRIL,4,0.06,-0.51998888,-0.506059773,1.84,0.1,,,,,,,,,,,,
9,5/20/1998,1998,MAY,5,0.51,-0.363286417,,,,,,,,,,,,,,,
10,5/20/1998,1998,MAY,5,0.01 ,-0.538793176,-0.451039797,1.38,0.258,,,,,,,,,,,,
9,6/17/1998,1998,JUNE,6,0.27,-0.446861064,,,,,,,,,,,,,,,
10,6/17/1998,1998,JUNE,6,0.02,-0.533917988,-0.490389526,0.89,0.145,,,,,,,,,,,,
9,7/7/1998,1998,JULY,7,0.01 ,-0.538793176,,,,,,,,,,,,,,,
10,7/7/1998,1998,JULY,7,0.01 ,-0.538793176,-0.538793176,0.36,0.006,,,,,,,,,,,,
9,8/12/1998,1998,AUGUST,8,1.54,-0.004611891,,,,,,,,,,,,,,,
10,8/12/1998,1998,AUGUST,8,0.01 ,-0.538793176,-0.271702533,0.08,0.773,,,,,,,,,,,,
9,9/16/1998,1998,SEPTEMBER,9,0.61,-0.328463648,,,,,,,,,,,,,,,
10,9/16/1998,1998,SEPTEMBER,9,0.01 ,-0.538793176,-0.433628412,-0.35,0.308,,,,,,,,,,,,
9,10/13/1998,1998,OCTOBER,10,1.9,0.12075008,,,,,,,,,,,,,,,
10,10/13/1998,1998,OCTOBER,10,0.7,-0.297123155,-0.088186538,-0.44,1.3,,,,,,,,,,,,
9,11/19/1998,1998,NOVEMBER,11,0.05,-0.523471157,,,,,,,,,,,,,,,
10,11/19/1998,1998,NOVEMBER,11,0.05,-0.523471157,-0.523471157,-0.96,0.05,,,,,,,,,,,,
9,12/15/1998,1998,DECEMBER,12,0.27,-0.446861064,-0.446861064,-1.41,0.27,,,,,,,,,,,,
9,1/19/1999,1999,JANUARY,1,1.76,0.071998202,,,,,,,,,,,,,,,
10,1/19/1999,1999,JANUARY,1,0.41,-0.398109187,-0.163055492,-1.57,1.085,,,,,,,,,,,,
9,2/17/1999,1999,FEBRUARY,2,0.016,-0.535310899,,,,,,,,,,,,,,,
10,2/17/1999,1999,FEBRUARY,2,0.016,-0.535310899,-0.535310899,-2.11,0.016,,,,,,,,,,,,
9,3/18/1999,1999,MARCH,3,0.25,-0.453825618,,,,,,,,,,,,,,,
10,3/18/1999,1999,MARCH,3,0.42,-0.39462691,-0.424226264,-2.53,0.335,,,,,,,,,,,,
9,4/14/1999,1999,APRIL,4,0.18,-0.478201557,,,,,,,,,,,,,,,
10,4/14/1999,1999,APRIL,4,0.19,-0.47471928,-0.476460419,-3.01,0.185,,,,,,,,,,,,
9,5/18/1999,1999,MAY,5,0.36,-0.415520572,,,,,,,,,,,,,,,
10,5/18/1999,1999,MAY,5,0.39,-0.405073741,-0.410297156,-3.42,0.375,,,,,,,,,,,,
9,6/19/1999,1999,JUNE,6,2.04,0.169501957,,,,,,,,,,,,,,,
10,6/19/1999,1999,JUNE,6,4.03,0.862475072,0.515988514,-2.90,3.035,,,,,,,,,,,,
9,7/15/1999,1999,JULY,7,3.2,0.573446084,,,,,,,,,,,,,,,
10,7/15/1999,1999,JULY,7,0.98,-0.1996194,0.186913342,-2.72,2.09,,,,,,,,,,,,
9,8/19/1999,1999,AUGUST,8,3.9,0.817205471,,,,,,,,,,,,,,,
10,8/19/1999,1999,AUGUST,8,3.62,0.719701716,0.768453594,-1.95,3.76,,,,,,,,,,,,
9,9/14/1999,1999,SEPTEMBER,9,8.84,2.537450288,,,,,,,,,,,,,,,
10,9/14/1999,1999,SEPTEMBER,9,6.39,1.684292433,2.110871361,0.16,7.615,1.205888889,,,,,,,,,,,
9,10/13/1999,1999,OCTOBER,10,0.31,-0.432931957,,,,,,,,,,,,,,,
10,10/13/1999,1999,OCTOBER,10,0.32,-0.42944968,-0.431190818,-0.27,0.315,,,,,,,,,,,,
9,11/9/1999,1999,NOVEMBER,11,0.73 ,-0.286676324,,,,,,,,,,,,,,,
10,11/9/1999,1999,NOVEMBER,11,0.49 ,-0.370250971,-0.328463648,-0.60,0.61,,,,,,,,,,,,
9,12/8/1999,1999,DECEMBER,12,0.13 ,-0.495612942,,,,,,,,,,,,,,,
10,12/8/1999,1999,DECEMBER,12,0.46 ,-0.380697802,-0.438155372,-1.03,0.295,,,,,,,,,,,,
9,1/6/2000,2000,JANUARY,1,0.22 ,-0.464272449,,,,,,,,,,,,,,,
10,1/6/2000,2000,JANUARY,1,0.62 ,-0.324981371,-0.39462691,-1.43,0.42,,,,,,,,,,,,
9,2/22/2000,2000,FEBRUARY,2,0.0 ,-0.535310899,,,,,,,,,,,,,,,
10,2/22/2000,2000,FEBRUARY,2,16.9 ,5.344165515,2.404427308,0.98,8.458,,,,,,,,,,,,
9,3/14/2000,2000,MARCH,3,0.28,-0.443378787,,,,,,,,,,,,,,,
10,3/14/2000,2000,MARCH,3,0.02,-0.533917988,-0.488648388,0.49,0.15,,,,,,,,,,,,
9,4/10/2000,2000,APRIL,4,0.37 ,-0.412038295,,,,,,,,,,,,,,,
10,4/10/2000,2000,APRIL,4,3.92 ,0.824170025,0.206065865,0.69,2.145,,,,,,,,,,,,
9,5/17/2000,2000,MAY,5,0.41 ,-0.398109187,,,,,,,,,,,,,,,
10,5/17/2000,2000,MAY,5,0.24 ,-0.457307895,-0.427708541,0.27,0.325,,,,,,,,,,,,
9,6/15/2000,2000,JUNE,6,1.84 ,0.099856418,,,,,,,,,,,,,,,
10,6/15/2000,2000,JUNE,6,0.17 ,-0.481683834,-0.190913708,0.07,1.005,,,,,,,,,,,,
9,7/12/2000,2000,JULY,7,0.02 ,-0.535310899,,,,,,,,,,,,,,,
10,7/12/2000,2000,JULY,7,0.02 ,-0.535310899,-0.535310899,-0.46,0.016,,,,,,,,,,,,
9,8/17/2000,2000,AUGUST,8,0.01 ,-0.537400265,,,,,,,,,,,,,,,
10,8/17/2000,2000,AUGUST,8,0.02 ,-0.535310899,-0.536355582,-1.00,0.013,,,,,,,,,,,,
9,9/14/2000,2000,SEPTEMBER,9,0.68 ,-0.304087709,,,,,,,,,,,,,,,
10,9/14/2000,2000,SEPTEMBER,9,0.47 ,-0.377215525,-0.340651617,-1.34,0.575,,,,,,,,,,,,
9,10/16/2000,2000,OCTOBER,10,0.48 ,-0.373733248,,,,,,,,,,,,,,,
10,10/16/2000,2000,OCTOBER,10,0.67 ,-0.307569986,-0.340651617,-1.68,0.575,,,,,,,,,,,,
9,11/16/2000,2000,NOVEMBER,11,0.67 ,-0.307569986,,,,,,,,,,,,,,,
10,11/16/2000,2000,NOVEMBER,11,0.52 ,-0.35980414,-0.333687063,-2.01,0.595,,,,,,,,,,,,
9,12/13/2000,2000,DECEMBER,12,0.02 ,-0.535310899,,,,,,,,,,,,,,,
10,12/13/2000,2000,DECEMBER,12,0.42 ,-0.39462691,-0.464968905,-2.48,0.218,0.41525,,,,,,,,,,,
9,1/11/2001,2001,JANUARY,1,,,,,,,,,,,,,,,,,
10,1/11/2001,2001,JANUARY,1,,,,,,,,,,,,,,,,,
9,2/7/2001,2001,FEBRUARY,2,,,,,,,,,,,,,,,,,
10,2/7/2001,2001,FEBRUARY,2,,,,,,,,,,,,,,,,,
9,3/12/2001,2001,MARCH,3,0.41 ,-0.398109187,,,,,,,,,,,,,,,
10,3/12/2001,2001,MARCH,3,0.40 ,-0.401591464,-0.399850325,-2.88,0.405,,,,,,,,,,,,
9,4/17/2001,2001,APRIL,4,1.12 ,-0.150867523,,,,,,,,,,,,,,,
10,4/17/2001,2001,APRIL,4,2.12 ,0.197360173,0.023246325,-2.85,1.62,,,,,,,,,,,,
9,5/14/2001,2001,MAY,5,0.26 ,-0.450343341,,,,,,,,,,,,,,,
10,5/14/2001,2001,MAY,5,0.27 ,-0.446861064,-0.448602203,-3.30,0.265,,,,,,,,,,,,
9,6/12/2001,2001,JUNE,6,0.25 ,-0.453825618,,,,,,,,,,,,,,,
10,6/12/2001,2001,JUNE,6,0.35 ,-0.419002849,-0.436414234,-3.74,0.3,,,,,,,,,,,,
9,7/18/2001,2001,JULY,7,0.30 ,-0.436414234,,,,,,,,,,,,,,,
10,7/18/2001,2001,JULY,7,0.23 ,-0.460790172,-0.448602203,-4.19,0.265,,,,,,,,,,,,
9,8/14/2001,2001,AUGUST,8,6.27 ,1.64250511,,,,,,,,,,,,,,,
10,8/14/2001,2001,AUGUST,8,3.42 ,0.648315039,1.145410074,-3.04,4.8425,,,,,,,,,,,,
9,9/11/2001,2001,SEPTEMBER,9,2.77 ,0.423708175,,,,,,,,,,,,,,,
10,9/11/2001,2001,SEPTEMBER,9,0.90 ,-0.227477616,0.098115279,-2.94,1.835,,,,,,,,,,,,
9,10/18/2001,2001,OCTOBER,10,0.12 ,-0.499095219,,,,,,,,,,,,,,,
10,10/18/2001,2001,OCTOBER,10,0.10 ,-0.506059773,-0.502577496,-3.45,0.11,,,,,,,,,,,,
9,11/7/2001,2001,NOVEMBER,11,0.55 ,-0.34935731,,,,,,,,,,,,,,,
10,11/7/2001,2001,NOVEMBER,11,0.25 ,-0.453825618,-0.401591464,-3.85,0.4,,,,,,,,,,,,
9,12/5/2001,2001,DECEMBER,12,0.18 ,-0.478201557,,,,,,,,,,,,,,,
10,12/5/2001,2001,DECEMBER,12,0.15 ,-0.488648388,-0.483424972,-4.33,0.165,,,,,,,,,,,,
9,1/16/2002,2002,JANUARY,1,0.20 ,-0.471237003,,,,,,,,,,,,,,,
10,1/16/2002,2002,JANUARY,1,0.08 ,-0.513024327,-0.492130665,-4.82,0.14,,,,,,,,,,,,
9,2/14/2002,2002,FEBRUARY,2,0.10 ,-0.506059773,,,,,,,,,,,,,,,
10,2/14/2002,2002,FEBRUARY,2,0.44 ,-0.387662356,-0.446861064,-5.27,0.27,,,,,,,,,,,,
9,3/21/2002,2002,MARCH,3,0.10 ,-0.506059773,,,,,,,,,,,,,,,
10,3/21/2002,2002,MARCH,3,0.44 ,-0.387662356,-0.446861064,-5.72,0.27,,,,,,,,,,,,
9,4/17/2002,2002,APRIL,4,0.22 ,-0.464272449,,,,,,,,,,,,,,,
10,4/17/2002,2002,APRIL,4,0.13 ,-0.495612942,-0.479942695,-6.20,0.175,,,,,,,,,,,,
9,5/15/2002,2002,MAY,5,1.18 ,-0.129973861,,,,,,,,,,,,,,,
10,5/15/2002,2002,MAY,5,0.02 ,-0.535310899,-0.33264238,-6.53,0.598,,,,,,,,,,,,
9,6/13/2002,2002,JUNE,6,0.34 ,-0.422485126,,,,,,,,,,,,,,,
10,6/13/2002,2002,JUNE,6,0.04 ,-0.526953434,-0.47471928,-7.00,0.19,,,,,,,,,,,,
9,7/16/2002,2002,JULY,7,0.02 ,-0.535310899,,,,,,,,,,,,,,,
10,7/16/2002,2002,JULY,7,0.02 ,-0.535310899,-0.535310899,-7.54,0.016,,,,,,,,,,,,
9,8/13/2002,2002,AUGUST,8,0.20 ,-0.471237003,,,,,,,,,,,,,,,
10,8/13/2002,2002,AUGUST,8,0.45 ,-0.384180079,-0.427708541,2.88,0.325,0.693323529,,,,,,,,,,,
9,9/19/2002,2002,SEPTEMBER,9,1.05 ,-0.175243462,,,,,,,,,,,,,,,
10,9/19/2002,2002,SEPTEMBER,9,1.14 ,-0.143902969,-0.159573215,2.72,1.095,,,,,,,,,,,,
9,10/17/2002,2002,OCTOBER,10,1.54 ,-0.004611891,,,,,,,,,,,,,,,
10,10/17/2002,2002,OCTOBER,10,1.82 ,0.092891864,0.044139987,2.76,1.68,,,,,,,,,,,,
9,11/14/2002,2002,NOVEMBER,11,0.44 ,-0.387662356,,,,,,,,,,,,,,,
10,11/14/2002,2002,NOVEMBER,11,1.76 ,0.071998202,-0.157832077,2.60,1.1,,,,,,,,,,,,
9,12/18/2002,2002,DECEMBER,12,0.28 ,-0.443378787,,,,,,,,,,,,,,,
10,12/18/2002,2002,DECEMBER,12,0.43 ,-0.391144633,-0.41726171,2.19,0.355,,,,,,,,,,,,
9,1/15/2003,2003,JANUARY,1,0.08 ,-0.513024327,,,,,,,,,,,,,,,
10,1/15/2003,2003,JANUARY,1,0.40 ,-0.401591464,-0.457307895,1.73,0.24,,,,,,,,,,,,
9,2/11/2003,2003,FEBRUARY,2,0.09 ,-0.50954205,,,,,,,,,,,,,,,
10,2/11/2003,2003,FEBRUARY,2,0.22 ,-0.464272449,-0.486907249,1.24,0.155,,,,,,,,,,,,
9,3/11/2003,2003,MARCH,3,0.15 ,-0.488648388,,,,,,,,,,,,,,,
10,3/11/2003,2003,MARCH,3,0.20 ,-0.471237003,-0.479942695,0.76,0.175,,,,,,,,,,,,
9,4/16/2003,2003,APRIL,4,0.20 ,-0.471237003,,,,,,,,,,,,,,,
10,4/16/2003,2003,APRIL,4,23.1 ,7.503177229,3.515970113,4.28,11.65,,,,,,,,,,,,
9,5/15/2003,2003,MAY,5,0.02 ,-0.533917988,,,,,,,,,,,,,,,
10,5/15/2003,2003,MAY,5,0.12 ,-0.499095219,-0.516506604,3.76,0.07,,,,,,,,,,,,
9,6/18/2003,2003,JUNE,6,0.02 ,-0.535310899,,,,,,,,,,,,,,,
10,6/18/2003,2003,JUNE,6,0.02 ,-0.535310899,-0.535310899,3.23,0.016,,,,,,,,,,,,
9,7/16/2003,2003,JULY,7,1.14 ,-0.143902969,,,,,,,,,,,,,,,
10,7/16/2003,2003,JULY,7,0.28 ,-0.443378787,-0.293640878,2.93,0.71,,,,,,,,,,,,
9,8/13/2003,2003,AUGUST,8,0.17 ,-0.481683834,,,,,,,,,,,,,,,
10,8/13/2003,2003,AUGUST,8,0.14 ,-0.492130665,-0.486907249,2.45,0.155,,,,,,,,,,,,
9,9/22/2003,2003,SEPTEMBER,9,3.49 ,0.674432116,,,,,,,,,,,,,,,
10,9/22/2003,2003,SEPTEMBER,9,4.81 ,1.134092674,0.904262395,3.35,4.15,,,,,,,,,,,,
9,10/16/2003,2003,OCTOBER,10,0.95 ,-0.210066231,,,,,,,,,,,,,,,
10,10/16/2003,2003,OCTOBER,10,0.38 ,-0.408556018,-0.309311125,3.04,0.665,,,,,,,,,,,,
9,11/17/2003,2003,NOVEMBER,11,1.09 ,-0.161314354,,,,,,,,,,,,,,,
10,11/17/2003,2003,NOVEMBER,11,0.97 ,-0.203101677,-0.182208016,2.86,1.03,,,,,,,,,,,,
9,12/16/2003,2003,DECEMBER,12,0.87 ,-0.237924447,,,,,,,,,,,,,,,
10,12/16/2003,2003,DECEMBER,12,3.07 ,0.528176484,0.145126018,3.00,1.97,,,,,,,,,,,,
9,1/12/2004,2004,JANUARY,1,2.32 ,0.267005712,,,,,,,,,,,,,,,
10,1/12/2004,2004,JANUARY,1,1.53 ,-0.008094168,0.129455772,3.13,1.925,,,,,,,,,,,,
9,2/9/2004,2004,FEBRUARY,2,0.72 ,-0.290158601,,,,,,,,,,,,,,,
10,2/9/2004,2004,FEBRUARY,2,2.12 ,0.197360173,-0.046399214,3.09,1.42,,,,,,,,,,,,
9,3/15/2004,2004,MARCH,3,0.31 ,-0.432931957,,,,,,,,,,,,,,,
10,3/15/2004,2004,MARCH,3,0.36 ,-0.415520572,-0.424226264,2.66,0.335,,,,,,,,,,,,
9,4/16/2004,2004,APRIL,4,3.99 ,0.848545964,,,,,,,,,,,,,,,
10,4/16/2004,2004,APRIL,4,3.22 ,0.580410638,0.714478301,3.38,3.605,1.563142857,,,,,,,,,,,
9,5/10/2004,2004,MAY,5,0.52 ,-0.35980414,,,,,,,,,,,,,,,
10,5/10/2004,2004,MAY,5,0.54 ,-0.352839587,-0.356321864,3.02,0.53,,,,,,,,,,,,
9,6/22/2004,2004,JUNE,6,0.30 ,-0.436414234,,,,,,,,,,,,,,,
10,6/22/2004,2004,JUNE,6,1.25 ,-0.105597923,-0.271006078,2.75,0.775,,,,,,,,,,,,
9,7/14/2004,2004,JULY,7,1.40 ,-0.053363768,,,,,,,,,,,,,,,
10,7/15/2004,2004,JULY,7,0.24 ,-0.457307895,-0.255335832,2.49,0.82,,,,,,,,,,,,
9,8/19/2004,2004,AUGUST,8,7.42 ,2.04296696,,,,,,,,,,,,,,,
10,8/19/2004,2004,AUGUST,8,5.49 ,1.370887507,1.706927234,4.20,6.455,,,,,,,,,,,,
9,9/16/2004,2004,SEPTEMBER,9,2.26 ,0.24611205,,,,,,,,,,,,,,,
10,9/16/2004,2004,SEPTEMBER,9,4.65 ,1.078376243,0.662244146,4.86,3.455,,,,,,,,,,,,
9,10/14/2004,2004,OCTOBER,10,0.44 ,-0.387662356,,,,,,,,,,,,,,,
10,10/14/2004,2004,OCTOBER,10,0.75 ,-0.27971177,-0.333687063,4.53,0.595,,,,,,,,,,,,
9,11/18/2004,2004,NOVEMBER,11,0.43 ,-0.391144633,,,,,,,,,,,,,,,
10,11/18/2004,2004,NOVEMBER,11,0.46 ,-0.380697802,-0.385921218,4.14,0.445,,,,,,,,,,,,
9,12/16/2004,2004,DECEMBER,12,0.91 ,-0.223995339,,,,,,,,,,,,,,,
10,12/16/2004,2004,DECEMBER,12,1.38 ,-0.060328322,-0.142161831,4.00,1.145,,,,,,,,,,,,
9,1/12/2005,2005,JANUARY,1,1.09 ,-0.161314354,,,,,,,,,,,,,,,
10,1/12/2005,2005,JANUARY,1,2.74 ,0.413261344,0.125973495,4.13,1.915,,,,,,,,,,,,
9,2/15/2005,2005,FEBRUARY,2,0.32 ,-0.42944968,,,,,,,,,,,,,,,
10,2/15/2005,2005,FEBRUARY,2,4.24 ,0.935602888,0.253076604,4.38,2.28,,,,,,,,,,,,
9,3/16/2005,2005,MARCH,3,1.03 ,-0.182208016,,,,,,,,,,,,,,,
10,3/16/2005,2005,MARCH,3,4.17 ,0.911226949,0.364509467,4.75,2.6,,,,,,,,,,,,
9,4/28/2005,2005,APRIL,4,0.30 ,-0.436414234,,,,,,,,,,,,,,,
10,4/28/2005,2005,APRIL,4,0.40 ,-0.401591464,-0.419002849,4.33,0.35,,,,,,,,,,,,
9,5/16/2005,2005,MAY,5,0.76 ,-0.276229493,,,,,,,,,,,,,,,
10,5/16/2005,2005,MAY,5,0.23 ,-0.460790172,-0.368509833,3.96,0.495,,,,,,,,,,,,
9,6/22/2005,2005,JUNE,6,0.40 ,-0.401591464,,,,,,,,,,,,,,,
10,6/22/2005,2005,JUNE,6,0.70 ,-0.297123155,-0.34935731,3.61,0.55,,,,,,,,,,,,
9,7/13/2005,2005,JULY,7,0.72 ,-0.290158601,,,,,,,,,,,,,,,
10,7/13/2005,2005,JULY,7,0.23 ,-0.460790172,-0.375474387,3.23,0.475,1.655625,,,,,,,,,,,
9,8/30/2005,2005,AUGUST,8,0.15 ,-0.488648388,,,,,,,,,,,,,,,
10,8/30/2005,2005,AUGUST,8,1.66 ,0.037175433,-0.225736478,3.01,0.905,,,,,,,,,,,,
9,9/14/2005,2005,SEPTEMBER,9,0.88 ,-0.23444217,,,,,,,,,,,,,,,
10,9/14/2005,2005,SEPTEMBER,9,1.37 ,-0.063810599,-0.149126385,2.86,1.125,,,,,,,,,,,,
9,10/18/2005,2005,OCTOBER,10,7.32 ,2.00814419,,,,,,,,,,,,,,,
10,10/18/2005,2005,OCTOBER,10,8.34 ,2.36333644,2.185740315,5.04,7.83,,,,,,,,,,,,
9,11/14/2005,2005,NOVEMBER,11,0.23 ,-0.460790172,,,,,,,,,,,,,,,
10,11/14/2005,2005,NOVEMBER,11,0.32 ,-0.42944968,-0.445119926,4.60,0.275,,,,,,,,,,,,
9,12/20/2005,2005,DECEMBER,12,0.14 ,-0.492130665,,,,,,,,,,,,,,,
10,12/20/2005,2005,DECEMBER,12,0.31 ,-0.432931957,-0.462531311,4.14,0.225,,,,,,,,,,,,
9,1/20/2006,2006,JANUARY,1,0.61 ,-0.328463648,,,,,,,,,,,,,,,
10,1/20/2006,2006,JANUARY,1,1.65 ,0.033693156,-0.147385246,3.99,1.13,,,,,,,,,,,,
9,2/15/2006,2006,February,2,0.51 ,-0.363286417,,,,,,,,,,,,,,,
10,2/15/2006,2006,February,2,0.08 ,-0.513024327,-0.438155372,3.55,0.295,,,,,,,,,,,,
9,3/16/2006,2006,March,3,0.15 ,-0.488648388,,,,,,,,,,,,,,,
10,3/16/2006,2006,March,3,1.05 ,-0.175243462,-0.331945925,3.22,0.6,,,,,,,,,,,,
9,4/19/2006,2006,April,4,0.51 ,-0.363286417,,,,,,,,,,,,,,,
10,4/19/2006,2006,April,4,0.51 ,-0.363286417,-0.363286417,2.86,0.51,,,,,,,,,,,,
9,5/16/2006,2006,May,5,0.24 ,-0.457307895,,,,,,,,,,,,,,,
10,5/16/2006,2006,May,5,0.42 ,-0.39462691,-0.425967403,2.43,0.33,,,,,,,,,,,,
9,6/16/2006,2006,June,6,0.47 ,-0.377215525,,,,,,,,,,,,,,,
10,6/16/2006,2006,June,6,0.27 ,-0.446861064,-0.412038295,2.02,0.37,,,,,,,,,,,,
9,7/17/2006,2006,July,7,1.10 ,-0.157832077,,,,,,,,,,,,,,,
10,7/17/2006,2006,July,7,0.75 ,-0.27971177,-0.218771924,1.80,0.925,,,,,,,,,,,,
9,8/23/2006,2006,August,8,0.85 ,-0.244889001,,,,,,,,,,,,,,,
10,8/23/2006,2006,August,8,2.48 ,0.322722143,0.038916571,1.84,1.665,0.6325,,,,,,,,,,,
9,9/15/2006,2006,Septemeber,9,4.82 ,1.137574951,,,,,,,,,,,,,,,
10,9/15/2006,2006,Septemeber,9,6.08 ,1.576341848,1.356958399,3.19,5.45,,,,,,,,,,,,
9,10/16/2006,2006,October,10,1.78,0.078962756,,,,,,,,,,,,,,,
10,10/16/2006,2006,October,10,2.01,0.159055126,0.119008941,3.31,1.895,,,,,,,,,,,,
9,11/20/2006,2006,November,11,1.08,-0.164796631,,,,,,,,,,,,,,,
10,11/20/2006,2006,November,11,2.19,0.221736111,0.02846974,3.34,1.635,,,,,,,,,,,,
9,12/11/2006,2006,December,12,0.21,-0.467754726,,,,,,,,,,,,,,,
10,12/11/2006,2006,December,12,10.00,2.941394415,1.236819844,4.58,5.105,,,,,,,,,,,,
9,1/18/2007,2007,January,1,0.28,-0.443378787,,,,,,,,,,,,,,,
10,1/18/2007,2007,January,1,0.76,-0.276229493,-0.35980414,4.22,0.52,,,,,,,,,,,,
9,2/22/2007,2007,February,2,1.08,-0.164796631,,,,,,,,,,,,,,,
10,2/22/2007,2007,February,2,0.10,-0.506059773,-0.335428202,3.88,0.59,,,,,,,,,,,,
9,3/12/2007,2007,March,3,0.23,-0.460790172,,,,,,,,,,,,,,,
10,3/12/2007,2007,March,3,0.23,-0.460790172,-0.460790172,3.42,0.23,,,,,,,,,,,,
9,4/19/2007,2007,April,4,1.32,-0.081221984,,,,,,,,,,,,,,,
10,4/19/2007,2007,April,4,2.72,0.40629679,0.162537403,3.59,2.02,,,,,,,,,,,,
9,5/14/2007,2007,May,5,0.38,-0.408556018,,,,,,,,,,,,,,,
10,5/14/2007,2007,May,5,0.41,-0.398109187,-0.403332602,3.18,0.395,,,,,,,,,,,,
9,6/15/2007,2007,June,6,0.88,-0.23444217,,,,,,,,,,,,,,,
10,6/15/2007,2007,June,6,0.58,-0.338910479,-0.286676324,2.90,0.73,,,,,,,,,,,,
9,7/16/2007,2007,July,7,0.99,-0.196137123,,,,,,,,,,,,,,,
10,7/16/2007,2007,July,7,0.91,-0.223995339,-0.210066231,2.68,0.95,,,,,,,,,,,,
9,8/14/2007,2007,August,8,0.84,-0.248371278,,,,,,,,,,,,,,,
10,8/14/2007,2007,August,8,0.8,-0.262300386,-0.255335832,2.43,0.82,1.692692308,,,,,,,,,,,
9,9/10/2007,2007,September,9,0.7,-0.297123155,,,,,,,,,,,,,,,
10,9/10/2007,2007,September,9,1.58,0.009317217,-0.143902969,2.29,1.14,,,,,,,,,,,,
9,10/15/2007,2007,October,10,0.27,-0.446861064,,,,,,,,,,,,,,,
10,10/15/2007,2007,October,10,0.55,-0.34935731,-0.398109187,1.89,0.41,,,,,,,,,,,,
9,11/14/2007,2007,November,11,0.38,-0.408556018,,,,,,,,,,,,,,,
10,11/14/2007,2007,November,11,0.43,-0.391144633,-0.399850325,1.49,0.405,,,,,,,,,,,,
9,12/18/2007,2007,December,12,0.21,-0.467754726,,,,,,,,,,,,,,,
10,12/18/2007,2007,December,12,3.89,0.813723194,0.172984234,1.66,2.05,,,,,,,,,,,,
9,1/16/2008,2008,January,1,0.11,-0.502577496,,,,,,,,,,,,,,,
10,1/16/2008,2008,January,1,0.29,-0.43989651,-0.471237003,1.19,0.2,,,,,,,,,,,,
9,2/15/2008,2008,February,2,0.22,-0.464272449,,,,,,,,,,,,,,,
10,2/15/2008,2008,February,2,9.43,2.742904628,1.13931609,2.33,4.825,,,,,,,,,,,,
9,3/10/2008,2008,March,3,0.37,-0.412038295,,,,,,,,,,,,,,,
10,3/10/2008,2008,March,3,1.85,0.103338695,-0.1543498,2.17,1.11,,,,,,,,,,,,
9,4/14/2008,2008,April,4,0.27,-0.446861064,,,,,,,,,,,,,,,
10,4/14/2008,2008,April,4,0.81,-0.258818109,-0.352839587,1.82,0.54,,,,,,,,,,,,
9,5/15/2008,2008,May,5,0.18,-0.478201557,,,,,,,,,,,,,,,
10,5/15/2008,2008,May,5,9.73,2.847372937,1.18458569,3.01,4.955,,,,,,,,,,,,
9,6/18/2008,2008,June,6,0.15,-0.488648388,,,,,,,,,,,,,,,
10,6/18/2008,2008,June,6,0.15,-0.488648388,-0.488648388,2.52,0.15,,,,,,,,,,,,
9,7/16/2008,2008,July,7,1.02,-0.185690293,,,,,,,,,,,,,,,
10,7/16/2008,2008,July,7,0.26,-0.450343341,-0.318016817,2.20,0.64,,,,,,,,,,,,
9,8/12/2008,2008,August,8,1.2,-0.123009307,,,,,,,,,,,,,,,
10,8/12/2008,2008,August,8,1.46,-0.032470106,-0.077739707,2.12,1.33,,,,,,,,,,,,
9,9/18/2008,2008,September,9,8.54,2.432981979,,,,,,,,,,,,,,,
10,9/18/2008,2008,September,9,1.48,-0.025505553,1.203738213,3.33,5.01,,,,,,,,,,,,
9,10/14/2008,2008,October,10,0.64,-0.318016817,,,,,,,,,,,,,,,
10,10/14/2008,2008,October,10,1.29,-0.091668815,-0.204842816,3.12,0.965,1.636666667,I didn't continue these averages in column M 'cause I don't know the pattern,,,,,,,,,,
9,11/17/2008,2008,November,11,0.42,-0.39462691,,,,,,,,,,,,,,,
10,11/17/2008,2008,November,11,0.53,-0.356321864,-0.375474387,2.75,0.475,,,,,,,,,,,,
9,12/15/2008,2008,December,12,0.37,-0.412038295,,,,,,,,,,,,,,,
10,12/15/2008,2008,December,12,0.79,-0.265782663,-0.338910479,2.41,0.58,,,,,,,,,,,,
9,1/13/2009,2009,January,1,0.29,-0.43989651,,,,,,,,,,,,,,,
10,1/13/2009,2009,January,1,0.31,-0.432931957,-0.436414234,1.97,0.3,,,,,,,,,,,,
9,2/17/2009,2009,February,2,0.2,-0.471237003,,,,,,,,,,,,,,,
10,2/17/2009,2009,February,2,0.22,-0.464272449,-0.467754726,1.50,0.21,,,,,,,,,,,,
9,3/16/2009,2009,March,3,0.16,-0.485166111,,,,,,,,,,,,,,,
10,3/16/2009,2009,March,3,0.52,-0.35980414,-0.422485126,1.08,0.34,,,,,,,,,,,,
9,4/13/2009,2009,April,4,0.08,-0.513024327,,,,,,,,,,,,,,,
10,4/13/2009,2009,April,4,0.99,-0.196137123,-0.354580725,0.73,0.535,,,,,,,,,,,,
9,5/13/2009,2009,May,5,0.27,-0.446861064,,,,,,,,,,,,,,,
10,5/13/2009,2009,May,5,1.12,-0.150867523,-0.298864294,0.43,0.695,,,,,,,,,,,,
9,6/19/2009,2009,June,6,1.25,-0.105597923,,,,,,,,,,,,,,,
10,6/19/2009,2009,June,6,1.37,-0.063810599,-0.084704261,0.34,1.31,,,,,,,,,,,,
9,7/13/2009,2009,July,7,0.62,-0.324981371,,,,,,,,,,,,,,,
10,7/13/2009,2009,July,7,0.51,-0.363286417,-0.344133894,0.00,0.565,,,,,,,,,,,,
9,8/17/2009,2009,August,8,2.01,0.159055126,,,,,,,,,,,,,,,
10,8/17/2009,2009,August,8,0.76,-0.276229493,-0.058587184,-0.06,1.385,,,,,,,,,,,,
9,9/15/2009,2009,September,9,6.84,1.840994896,,,,,,,,,,,,,,,
10,9/15/2009,2009,September,9,11,3.289622111,2.565308504,2.50,8.92,,,,,,,,,,,,
9,10/14/2009,2009,October,10,0.38,-0.408556018,,,,,,,,,,,,,,,
10,10/14/2009,2009,October,10,0.5,-0.366768694,-0.387662356,2.12,0.44,,,,,,,,,,,,
9,11/16/2009,2009,November,11,2.14,0.204324727,,,,,,,,,,,,,,,
10,11/16/2009,2009,November,11,3.65,0.730148547,0.467236637,2.58,2.895,,,,,,,,,,,,
9,12/14/2009,2009,December,12,9.01,2.596648996,,,,,,,,,,,,,,,
10,12/14/2009,2009,December,12,12.5,3.811963654,3.204306325,5.79,10.755,,,,,,,,,,,,
9,1/19/2010,2010,January,1,0.23,-0.460790172,,,,,,,,,,,,,,,
10,1/19/2010,2010,January,1,0.25,-0.453825618,-0.457307895,5.33,0.24,,,,,,,,,,,,
9,2/17/2010,2010,February,2,,,,,,,,,,,,,,,,,
10,2/17/2010,2010,February,2,,,,,,,,,,,,,,,,,
9,3/18/2010,2010,March,3,0.18,-0.478201557,,,,,,,,,,,,,,,
10,3/18/2010,2010,March,3,2.36,0.28093482,-0.098633369,5.23,1.27,,,,,,,,,,,,
9,4/13/2010,2010,April,4,0.09,-0.50954205,,,,,,,,,,,,,,,
10,4/13/2010,2010,April,4,0.15,-0.488648388,-0.499095219,4.73,0.12,,,,,,,,,,,,
9,5/19/2010,2010,May,5,1.04,-0.178725739,,,,,,,,,,,,,,,
10,5/19/2010,2010,May,5,1.40,-0.053363768,-0.116044753,4.62,1.22,,,,,,,,,,,,
9,6/16/2010,2010,June,6,0.58,-0.338910479,,,,,,,,,,,,,,,
10,6/16/2010,2010,June,6,0.29,-0.43989651,-0.389403495,4.23,0.435,,,,,,,,,,,,
9,7/14/2010,2010,July,7,5.24,1.283830583,,,,,,,,,,,,,,,
10,7/14/2010,2010,July,7,5.04,1.214185044,1.249007814,5.48,5.14,,,,,,,,,,,,
9,8/19/2010,2010,August,8,4.70,1.095787628,,,,,,,,,,,,,,,
10,8/19/2010,2010,August,8,3.52,0.684878947,0.890333287,6.37,4.11,,,,,,,,,,,,
9,9/13/2010,2010,September,9,2.89,0.465495498,,,,,,,,,,,,,,,
10,9/13/2010,2010,September,9,6.23,1.628576002,1.04703575,7.41,4.56,,,,,,,,,,,,
9,10/12/2010,2010,October,10,5.57,1.400452039,,,,,,,,,,,,,,,
10,10/12/2010,2010,October,10,5.97,1.538698434,1.469575236,8.88,5.7734,,,,,,,,,,,,
9,11/18/2010,2010,November,11,0.63,-0.321742853,,,,,,,,,,,,,,,
10,11/18/2010,2010,November,11,0.86,-0.241546015,-0.281644434,8.60,0.74445,,,,,,,,,,,,
9,12/9/2010,2010,December,12,0.66,-0.312340706,,,,,,,,,,,,,,,
10,12/9/2010,2010,December,12,0.80,-0.263588828,-0.287964767,8.31,0.7263,,,,,,,,,,,,
9,1/20/2011,2011,January,1,0.33,-0.425514707,,,,,,,,,,,,,,,
10,1/20/2011,2011,January,1,0.55,-0.348208158,-0.386861432,7.93,0.4423,,,,,,,,,,,,
9,2/24/2011,2011,February,2,0.36,-0.415555395,,,,,,,,,,,,,,,
10,2/24/2011,2011,February,2,0.81,-0.25732073,-0.336438062,7.59,0.5871,,,,,,,,,,,,
9,3/15/2011,2011,March,3,0.40,-0.401661109,,,,,,,,,,,,,,,
10,3/15/2011,2011,March,3,0.61,-0.326826978,-0.364244044,7.23,0.50725,,,,,,,,,,,,
9,4/14/2011,2011,April,4,0.46,-0.380697802,,,,,,,,,,,,,,,
10,4/14/2011,2011,April,4,0.27,-0.447836102,-0.414266952,6.81,0.3636,,,,,,,,,,,,
9,5/19/2011,2011,May,5,0.61,-0.328463648,,,,,,,,,,,,,,,
10,5/19/2011,2011,May,5,0.52,-0.35980414,-0.344133894,6.47,0.565,,,,,,,,,,,,
9,6/15/2011,2011,June,6,2.37,0.284417097,,,,,,,,,,,,,,,
10,6/15/2011,2011,June,6,1.48,-0.025505553,0.129455772,6.60,1.925,,,,,,,,,,,,
9,7/12/2011,2011,July,7,1.04,-0.178725739,,,,,,,,,,,,,,,
10,7/12/2011,2011,July,7,0.53,-0.356321864,-0.267523801,6.33,0.785,,,,,,,,,,,,
9,8/17/2011,2011,August,8,2.8,0.434155006,,,,,,,,,,,,,,,
10,8/17/2011,2011,August,8,2.4,0.294863927,0.364509467,6.69,2.6,,,,,,,,,,,,
9,9/12/2011,2011,September,9,0.77,-0.272747217,,,,,,,,,,,,,,,
10,9/12/2011,2011,September,9,1.58,0.009317217,-0.131715,6.56,1.175,,,,,,,,,,,,
9,10/13/2011,2011,October,10,1.36,-0.067292876,,,,,,,,,,,,,,,
10,10/13/2011,2011,October,10,0.67,-0.307569986,-0.187431431,6.38,1.015,,,,,,,,,,,,
9,11/30/2011,2011,November,11,0.80,-0.262300386,,,,,,,,,,,,,,,
10,11/30/2011,2011,November,11,1.29,-0.091668815,-0.1769846,6.20,1.045,,,,,,,,,,,,
9,12/14/2011,2011,December,12,0.71,-0.293640878,,,,,,,,,,,,,,,
10,12/14/2011,2011,December,12,0.57,-0.342392756,-0.318016817,5.88,0.64,,,,,,,,,,,,
9,1/11/2012,2012,January,1,0.07,-0.516506604,,,,,,,,,,,,,,,
10,1/11/2012,2012,January,1,0.32,-0.42944968,-0.472978142,5.41,0.195,,,,,,,,,,,,
9,2/21/2012,2012,February,2,0.21,-0.467754726,,,,,,,,,,,,,,,
10,2/21/2012,2012,February,2,0.38,-0.408556018,-0.438155372,4.97,0.295,,,,,,,,,,,,
9,3/14/2012,2012,March,3,0.32,-0.42944968,,,,,,,,,,,,,,,
10,3/14/2012,2012,March,3,0.76,-0.276229493,-0.352839587,4.62,0.54,,,,,,,,,,,,
9,4/17/2012,2012,April,4,0.22,-0.464272449,,,,,,,,,,,,,,,
10,4/17/2012,2012,April,4,0.34,-0.422485126,-0.443378787,4.17,0.28,,,,,,,,,,,,
9,5/22/2012,2012,May,5,2.37,0.284417097,,,,,,,,,,,,,,,
10,5/22/2012,2012,May,5,1.36,-0.067292876,0.10856211,4.28,1.865,,,,,,,,,,,,
9,6/20/2012,2012,June,6,0.92,-0.220513062,,,,,,,,,,,,,,,
10,6/20/2012,2012,June,6,0.27,-0.446861064,-0.333687063,3.95,0.595,,,,,,,,,,,,
9,7/16/2012,2012,July,7,0.68,-0.304087709,,,,,,,,,,,,,,,
10,7/16/2012,2012,July,7,1.25,-0.105597923,-0.204842816,3.74,0.965,,,,,,,,,,,,
9,8/16/2012,2012,August,8,2.79,0.430672729,,,,,,,,,,,,,,,
10,8/16/2012,2012,August,8,4.27,0.946049718,0.688361224,4.43,3.53,,,,,,,,,,,,
9,9/11/2012,2012,September,9,0.23,-0.460790172,,,,,,,,,,,,,,,
10,9/11/2012,2012,September,9,3.45,0.660503008,0.099856418,4.53,1.84,,,,,,,,,,,,
9,10/17/2012,2012,October,10,0.58,-0.338910479,,,,,,,,,,,,,,,
10,10/17/2012,2012,October,10,0.49,-0.370250971,-0.354580725,4.18,0.535,,,,,,,,,,,,
9,11/12/2012,2012,November,11,1.64,0.030210879,,,,,,,,,,,,,,,
10,11/12/2012,2012,November,11,4.79,1.12712812,0.5786695,4.76,3.215,,,,,,,,,,,,
9,12/12/2012,2012,December,12,0.19,-0.47471928,,,,,,,,,,,,,,,
10,12/12/2012,2012,December,12,1.22,-0.116044753,-0.295382017,4.46,0.705,,,,,,,,,,,,
9,1/23/2013,2013,January,1,0.13,-0.495612942,,,,,,,,,,,,,,,
10,1/23/2013,2013,January,1,11.3,3.394090419,1.449238739,5.91,5.715,,,,,,,,,,,,
9,2/14/2013,2013,February,2,0.45,-0.384180079,,,,,,,,,,,,,,,
10,2/14/2013,2013,February,2,0.27,-0.446861064,-0.415520572,5.49,0.36,,,,,,,,,,,,
9,3/13/2013,2013,March,3,0.09,-0.50954205,,,,,,,,,,,,,,,
10,3/13/2013,2013,March,3,0.28,-0.443378787,-0.476460419,5.02,0.185,,,,,,,,,,,,
9,4/16/2013,2013,April,4,0.22,-0.464272449,,,,,,,,,,,,,,,
10,4/16/2013,2013,April,4,0.92,-0.220513062,-0.342392756,4.67,0.57,,,,,,,,,,,,
9,5/13/2013,2013,May,5,0.12,-0.499095219,,,,,,,,,,,,,,,
10,5/13/2013,2013,May,5,1.42,-0.046399214,-0.272747217,4.40,0.77,,,,,,,,,,,,
9,6/12/2013,2013,June,6,0.19,-0.47471928,,,,,,,,,,,,,,,
10,6/12/2013,2013,June,6,4.11,0.890333287,0.207807004,4.61,2.15,,,,,,,,,,,,
9,7/15/2013,2013,July,7,0.11,-0.502577496,,,,,,,,,,,,,,,
10,7/15/2013,2013,July,7,0.08,-0.513024327,-0.507800911,4.10,0.095,,,,,,,,,,,,
9,8/12/2013,2013,August,8,1.31,-0.084704261,,,,,,,,,,,,,,,
10,8/12/2013,2013,August,8,1.20,-0.123009307,-0.103856784,4.00,1.255,,,,,,,,,,,,
9,9/18/2013,2013,September,9,1.22,-0.116044753,,,,,,,,,,,,,,,
10,9/18/2013,2013,September,9,1.26,-0.102115646,-0.1090802,3.89,1.24,,,,,,,,,,,,
9,10/21/3013,2013,October,10,5.65,1.426603939,,,,,,,,,,,,,,,
10,10/21/3013,2013,October,10,5.82,1.485802647,1.456203293,5.35,5.735,,,,,,,,,,,,
9,11/21/2013,2013,November,11,0.25,-0.453825618,,,,,,,,,,,,,,,
10,11/21/2013,2013,November,11,0.3,-0.436414234,-0.445119926,4.90,0.275,,,,,,,,,,,,
9,12/19/2013,2013,December,12,0.20,-0.471237003,,,,,,,,,,,,,,,
10,12/19/2013,2013,December,12,0.87,-0.237924447,-0.354580725,4.55,0.535,,,,,,,,,,,,
9,1/16/2014,2014,January,1,0.13,-0.495612942,,,,,,,,,,,,,,,
10,1/16/2014,2014,January,1,6.90,1.861888558,0.683137808,5.23,3.515,,,,,,,,,,,,
9,2/20/2014,2014,February,2,0.1,-0.506059773,,,,,,,,,,,,,,,
10,2/20/2014,2014,February,2,0.38,-0.408556018,-0.457307895,4.77,0.24,,,,,,,,,,,,
9,3/20/2014,2014,March,3,0.13,-0.495612942,,,,,,,,,,,,,,,
10,3/20/2014,2014,March,3,0.35,-0.419002849,-0.457307895,4.31,0.24,,,,,,,,,,,,
9,4/21/2014,2014,April,4,0.15 ,-0.488648388,,,,,,,,,,,,,,,
10,4/21/2014,2014,April,4,0.42 ,-0.39462691,-0.441637649,3.87,0.285,,,,,,,,,,,,
9,5/12/2014,2014,May,5,0.24 ,-0.457307895,,,,,,,,,,,,,,,
10,5/12/2014,2014,May,5,0.14 ,-0.492130665,-0.47471928,3.40,0.19,,,,,,,,,,,,
9,6/17/2014,2014,June,6,0.46 ,-0.380697802,,,,,,,,,,,,,,,
10,6/17/2014,2014,June,6,0.08 ,-0.513024327,-0.446861064,2.95,0.27,,,,,,,,,,,,
9,7/17/2014,2014,July,7,9.84 ,2.885677984,,,,,,,,,,,,,,,
10,7/17/2014,2014,July,7,3.64 ,0.72666627,1.806172127,4.76,6.74,,,,,,,,,,,,
9,8/11/2014,2014,August,8,6.06 ,1.569377294,,,,,,,,,,,,,,,
10,8/11/2014,2014,August,8,3.18 ,0.56648153,1.067929412,5.82,4.62,,,,,,,,,,,,
9,9/15/2014,2014,September,9,3.84 ,0.796311809,,,,,,,,,,,,,,,
10,9/15/2014,2014,September,9,4.54 ,1.040071196,0.918191503,6.74,4.19,,,,,,,,,,,,
9,10/16/2014,2014,October,10,0.44,-0.387662356,,,,,,,,,,,,,,,
10,10/16/2014,2014,October,10,0.58,-0.338910479,-0.363286417,6.38,0.51,,,,,,,,,,,,
9,11/12/2014,2014,November,11,0.31,-0.432931957,,,,,,,,,,,,,,,
10,11/12/2014,2014,November,11,0.40,-0.401591464,-0.41726171,5.96,0.355,,,,,,,,,,,,
9,12/19/2014,2014,December,12,0.15,-0.488648388,,,,,,,,,,,,,,,
10,12/19/2014,2014,December,12,0.37,-0.412038295,-0.450343341,5.51,0.26,,,,,,,,,,,,
9,1/20/2015,2015,January,1,0.07 ,-0.516506604,,,,,,,,,,,,,,,
10,1/20/2015,2015,January,1,0.24 ,-0.457307895,-0.486907249,5.03,0.155,,,,,,,,,,,,
9,2/15/2015,2015,February,2,,,,,,,,,,,,,,,,,
10,2/15/2015,2015,February,2,,,,,,,,,,,,,,,,,
9,3/17/2015,2015,March,3,6.06 ,1.569377294,,,,,,,,,,,,,,,
10,3/17/2015,2015,March,3,3.18 ,0.56648153,1.067929412,6.09,4.62,,,,,,,,,,,,
9,4/27/2015,2015,April,4,0.15 ,-0.488648388,,,,,,,,,,,,,,,
10,4/27/2015,2015,April,4,0.15 ,-0.488648388,-0.488648388,5.60,0.15,,,,,,,,,,,,
9,5/14/2015,2015,May,5,0.16 ,-0.485166111,,,,,,,,,,,,,,,
10,5/14/2015,2015,May,5,0.24 ,-0.457307895,-0.471237003,5.13,0.2,,,,,,,,,,,,
9,6/16/2015,2015,June,6,0.06 ,-0.51998888,,,,,,,,,,,,,,,
10,6/16/2015,2015,June,6,0.07 ,-0.516506604,-0.518247742,4.62,0.065,,,,,,,,,,,,
9,7/15/2015,2015,July,7,0.42 ,-0.39462691,,,,,,,,,,,,,,,
10,7/15/2015,2015,July,7,0.12 ,-0.499095219,-0.446861064,4.17,0.27,,,,,,,,,,,,
9,8/12/2015,2015,August,8,4.07 ,0.876404179,,,,,,,,,,,,,,,
10,8/12/2015,2015,August,8,4.69 ,1.092305351,0.984354765,5.15,4.38,,,,,,,,,,,,
9,9/15/2015,2015,September,9,1.72 ,0.058069094,,,,,,,,,,,,,,,
10,9/15/2015,2015,September,9,3.05 ,0.52121193,0.289640512,5.44,2.385,,,,,,,,,,,,
9,10/15/2015,2015,October,10,9.88 ,2.899607091,,,,,,,,,,,,,,,
10,10/15/2015,2015,October,10,8.29 ,2.345925055,2.622766073,8.06,9.085,,,,,,,,,,,,
9,11/16/2015,2015,November,11,0.32 ,-0.42944968,,,,,,,,,,,,,,,
10,11/16/2015,2015,November,11,0.91 ,-0.223995339,-0.326722509,7.74,0.615,,,,,,,,,,,,
9,12/15/2015,2015,December,12,0.10 ,-0.506059773,,,,,,,,,,,,,,,
10,12/15/2015,2015,December,12,0.88 ,-0.23444217,-0.370250971,7.37,0.49,,,,,,,,,,,,
9,1/15/2016,2016,January,1,0.24 ,-0.457307895,,,,,,,,,,,,,,,
10,1/15/2016,2016,January,1,2.34 ,0.273970266,-0.091668815,7.28,1.29,,,,,,,,,,,,
9,2/17/2016,2016,February,2,0.16 ,-0.485166111,,,,,,,,,,,,,,,
10,2/17/2016,2016,February,2,26.5 ,8.687151394,4.100992642,11.38,13.33,,,,,,,,,,,,
9,3/16/2016,2016,March,3,0.12 ,-0.499095219,,,,,,,,,,,,,,,
10,3/16/2016,2016,March,3,0.32 ,-0.42944968,-0.464272449,10.91,0.22,,,,,,,,,,,,
9,4/15/2016,2016,April,4,0.15 ,-0.488648388,,,,,,,,,,,,,,,
10,4/15/2016,2016,April,4,0.21 ,-0.467754726,-0.478201557,10.43,0.18,,,,,,,,,,,,
9,5/19/2016,2016,May,5,0.58 ,-0.338910479,,,,,,,,,,,,,,,
10,5/19/2016,2016,May,5,0.79 ,-0.265782663,-0.302346571,10.13,0.685,,,,,,,,,,,,
9,6/22/2016,2016,June,6,0.76 ,-0.276229493,,,,,,,,,,,,,,,
10,6/22/2016,2016,June,6,0.79 ,-0.265782663,-0.271006078,9.86,0.775,,,,,,,,,,,,
9,7/19/2016,2016,July,7,2.03 ,0.16601968,,,,,,,,,,,,,,,
10,7/19/2016,2016,July,7,0.20 ,-0.471237003,-0.152608662,9.71,1.115,,,,,,,,,,,,
9,8/15/2016,2016,August,8,2.31 ,0.263523435,,,,,,,,,,,,,,,
10,8/15/2016,2016,August,8,2.39 ,0.291381651,0.277452543,9.99,2.35,,,,,,,,,,,,
9,9/13/2016,2016,September,9,4.27 ,0.946049718,,,,,,,,,,,,,,,
10,9/13/2016,2016,September,9,4.38 ,0.984354765,0.965202242,10.95,4.325,,,,,,,,,,,,
9,10/12/2016,2016,October,10,7.74 ,2.154399823,,,,,,,,,,,,,,,
10,10/12/2016,2016,October,10,7.94 ,2.224045362,2.189222592,13.14,7.84,,,,,,,,,,,,
9,11/15/2016,2016,November,11,0.77 ,-0.272747217,,,,,,,,,,,,,,,
10,11/15/2016,2016,November,11,0.75 ,-0.27971177,-0.276229493,12.86,0.76,,,,,,,,,,,,
9,12/13/16,2016,December,12,1.91 ,0.124232357,,,,,,,,,,,,,,,
10,12/13/16,2016,December,12,1.54 ,-0.004611891,0.059810233,12.92,1.725,,,,,,,,,,,,
9,1/16/2017,2017,January,1,0.16,-0.485166111,,,,,,,,,,,,,,,
10,1/16/2017,2017,January,1,2.26,0.24611205,-0.11952703,12.80,1.21,,,,,,,,,,,,
9,2/20/2017,2017,February,2,0.08,-0.513024327,,,,,,,,,,,,,,,
10,2/20/2017,2017,February,2,26.42,8.659293179,4.073134426,16.88,13.25,,,,,,,,,,,,
9,3/29/2017,2017,March,3,0.13,-0.495612942,,,,,,,,,,,,,,,
10,3/29/2017,2017,March,3,0.25,-0.453825618,-0.47471928,16.40,0.19,,,,,,,,,,,,
9,4/28/2017,2017,April,4,2.56,0.350580359,,,,,,,,,,,,,,,
10,4/28/2017,2017,April,4,3.36,0.629162515,0.489871437,16.89,2.96,,,,,,,,,,,,
9,6/1/2017,2017,May,5,0.43,-0.391144633,,,,,,,,,,,,,,,
10,6/1/2017,2017,May,5,0.58,-0.338910479,-0.365027556,16.53,0.505,,,,,,,,,,,,
9,6/27/2017,2017,June,6,0.29,-0.43989651,,,,,,,,,,,,,,,
10,6/27/2017,2017,June,6,0.65,-0.31453454,-0.377215525,16.15,0.47,,,,,,,,,,,,
9,7/20/2017,2017,July,7,0.53,-0.356321864,,,,,,,,,,,,,,,
10,7/20/2017,2017,July,7,0.54,-0.352839587,-0.354580725,15.80,0.535,,,,,,,,,,,,
9,,2017,August,8,,,,,,,,,,,,,,,,,
10,,2017,August,8,,,,,,,,,,,,,,,,,
9,10/3/2017,2017,September,9,0.31,-0.432931957,,,,,,,,,,,,,,,
10,10/3/2017,2017,September,9,0.53,-0.356321864,-0.39462691,15.40,0.42,,,,,,,,,,,,
9,,2017,October,10,,,,,,,,,,,,,,,,,
10,,2017,October,10,,,,,,,,,,,,,,,,,
9,11/15/2017,2017,November,11,1.36,-0.067292876,,,,,,,,,,,,,,,
10,11/15/2017,2017,November,11,2.1,0.190395619,0.061551371,15.46,1.73,,,,,,,,,,,,
9,12/21/2017,2017,December,12,0.2,-0.471237003,,,,,,,,,,,,,,,
10,12/21/2017,2017,December,12,0.75,-0.27971177,-0.375474387,15.09,0.475,,,,,,,,,,,,
9,2/1/2018,2018,January,1,0.36,-0.415520572,,,,,,,,,,,,,,,
10,2/1/2018,2018,January,1,0.29,-0.43989651,-0.427708541,14.66,0.325,,,,,,,,,,,,
9,3/1/2018,2018,February,2,0.29,-0.43989651,,,,,,,,,,,,,,,
10,3/1/2018,2018,February,2,0.82,-0.255335832,-0.347616171,14.31,0.555,,,,,,,,,,,,
9,3/29/2018,2018,March,3,0.3,-0.436414234,,,,,,,,,,,,,,,
10,3/29/2018,2018,March,3,0.26,-0.450343341,-0.443378787,13.87,0.28,,,,,,,,,,,,
9,4/30/2018,2018,April,4,0.18,-0.478201557,,,,,,,,,,,,,,,
10,4/30/2018,2018,April,4,0.15,-0.488648388,-0.483424972,13.39,0.165,,,,,,,,,,,,
9,5/24/2018,2018,May,5,0.37,-0.412038295,,,,,,,,,,,,,,,
10,5/24/2018,2018,May,5,1.67,0.04065771,-0.185690293,13.20,1.02,,,,,,,,,,,,
9,6/20/2018,2018,June,6,0.27,-0.446861064,,,,,,,,,,,,,,,
10,6/20/2018,2018,June,6,0.19,-0.47471928,-0.460790172,12.74,0.23,,,,,,,,,,,,
9,8/7/2018,2018,July,7,0.78,-0.26926494,,,,,,,,,,,,,,,
10,8/7/2018,2018,July,7,0.86,-0.241406724,-0.255335832,12.48,0.82,,,,,,,,,,,,
9,8/31/2018,2018,August,8,0.49,-0.370250971,,,,,,,,,,,,,,,
10,8/31/2018,2018,August,8,1.03,-0.182208016,-0.276229493,12.21,0.76,,,,,,,,,,,,
9,9/21/2018,2018,September,9,9.56,2.788174229,,,,,,,,,,,,,,,
10,9/21/2018,2018,September,9,10.7,3.185153802,2.986664015,15.19,10.13,,,,,,,,,,,,
9,11/1/2018,2018,October,10,0.49,-0.370250971,,,,,,,,,,,,,,,
10,11/1/2018,2018,October,10,0.56,-0.345875033,-0.358063002,14.84,0.525,,,,,,,,,,,,
9,11/15/2018,2018,November,11,0.74,-0.283194047,,,,,,,,,,,,,,,
10,11/15/2018,2018,November,11,0.72,-0.290158601,-0.286676324,14.55,0.73,,,,,,,,,,,,
9,,2018,December,12,,,,,,,,,,,,,,,,,
10,,2018,December,12,,,,,,,,,,,,,,,,,
9,,2019,January,1,,,,,,,,,,,,,,,,,
10,,2019,January,1,,,,,,,,,,,,,,,,,
9,,2019,February,2,,,,,,,,,,,,,,,,,
10,,2019,February,2,,,,,,,,,,,,,,,,,
9,4/9/2019,2019,March,3,0.22,-0.464272449,,,,,,,,,,,,,,,
10,4/9/2019,2019,March,3,0.39,-0.405073741,-0.20253687,14.35,0.305,,,,,,,,,,,,
9,5/1/2019,2019,April,4,0.28 ,-0.443378787,,,,,,,,,,,,,,,
10,5/1/2019,2019,April,4,1.57 ,0.00583494,0.00291747,14.35,0.925,,,,,,,,,,,,
9,5/16/2019,2019,May,5,0.37 ,-0.412038295,,,,,,,,,,,,,,,
10,5/16/2019,2019,May,5,0.06 ,-0.51998888,-0.25999444,14.09,0.215,,,,,,,,,,,,
9,6/26/2019,2019,June,6,0.29 ,-0.43989651,,,,,,,,,,,,,,,
10,6/26/2019,2019,June,6,0.38 ,-0.408556018,-0.204278009,13.89,0.335,,,,,,,,,,,,
9,7/26/2019,2019,July,7,0.20 ,-0.471237003,,,,,,,,,,,,,,,
10,7/26/2019,2019,July,7,4.33 ,0.96694338,0.48347169,14.37,2.265,,,,,,,,,,,,
9,,2019,August,8,,,,,,,,,,,,,,,,,
10,,2019,August,8,,,,,,,,,,,,,,,,,
9,,2019,September,9,,,,,,,,,,,,,,,,,
10,,2019,September,9,,,,,,,,,,,,,,,,,
9,10/30/2019,2019,October,10,0.49 ,-0.370250971,,,,,,,,,,,,,,,
10,10/30/2019,2019,October,10,1.18 ,-0.129973861,-0.250112416,14.12,0.835,,,,,,,,,,,,
9,,2019,November,11,,,,,,,,,,,,,,,,,
10,,2019,November,11,,,,,,,,,,,,,,,,,
9,12/29/2019,2019,December,12,1.47 ,-0.02898783,,,,,,,,,,,,,,,
10,12/29/2019,2019,December,12,1.68 ,0.044139987,0.007576079,14.13,1.575,,,,,,,,,,,,
9,,2020,January,1,,,,,,,,,,,,,,,,,
10,,2020,January,1,,,,,,,,,,,,,,,,,
9,,2020,February,2,,,,,,,,,,,,,,,,,
10,,2020,February,2,,,,,,,,,,,,,,,,,
9,,2020,March,3,,,,,,,,,,,,,,,,,
10,,2020,March,3,,,,,,,,,,,,,,,,,
9,,2020,April,4,,,,,,,,,,,,,,,,,
10,,2020,April,4,,,,,,,,,,,,,,,,,
9,,2020,May,5,,,,,,,,,,,,,,,,,
10,,2020,May,5,,,,,,,,,,,,,,,,,
9,6/23/20,2020,June,6,1.16 ,-0.136938415,,,,,,,,,,,,,,,
10,6/23/20,2020,June,6,2.22 ,0.232182942,0.047622264,14.17,1.69,,,,,,,,,,,,
9,7/28/20,2020,July,7,0.73 ,-0.286676324,,,,,,,,,,,,,,,
10,7/28/20,2020,July,7,0.91 ,-0.223995339,-0.255335832,13.92,0.82,,,,,,,,,,,,
9,8/26/20,2020,August,8,3.00 ,0.503800545,,,,,,,,,,,,,,,
10,8/26/20,2020,August,8,4.27 ,0.946049718,0.724925132,14.64,3.635,,,,,,,,,,,,
9,9/22/20,2020,September,9,0.28 ,-0.443378787,,,,,,,,,,,,,,,
10,9/23/20,2020,September,9,0.07 ,-0.516506604,-0.479942695,14.16,0.175,,,,,,,,,,,,
9,10/20/20,2020,October,10,0.67 ,-0.307569986,,,,,,,,,,,,,,,
10,10/20/20,2020,October,10,1.70 ,0.05110454,-0.128232723,14.04,1.185,,,,,,,,,,,,
9,11/19/20,2020,November,11,1.82 ,0.092891864,,,,,,,,,,,,,,,
10,11/19/20,2020,November,11,1.85 ,0.103338695,0.098115279,14.13,1.835,,,,,,,,,,,,
9,,2020,December,12,,,,,,,,,,,,,,,,,
10,,2020,December,12,,,,,,,,,,,,,,,,,
9,,2021,January,1,,,,,,,,,,,,,,,,,
10,,2021,January,1,,,,,,,,,,,,,,,,,
9,2/4/2021,2021,February,2,0.64,-0.318016817,,,,,,,,,,,,,,,
10,2/4/2021,2021,February,2,0.53,-0.356321864,-0.33716934,13.80,0.585,,,,,,,,,,,,
9,3/26/2021,2021,March,3,1.65,0.033693156,,,,,,,,,,,,,,,
10,3/26/2021,2021,March,3,1.68,0.044139987,0.038916571,13.84,1.665,,,,,,,,,,,,
9,4/28/2021,2021,April,4,0.40,-0.401591464,,,,,,,,,,,,,,,
10,4/28/2021,2021,April,4,0.43,-0.391144633,-0.396368049,13.44,0.415,,,,,,,,,,,,
9,5/19/2021,2021,May,5,0.22,-0.464272449,,,,,,,,,,,,,,,
10,5/19/2021,2021,May,5,0.50,-0.366768694,-0.415520572,13.02,0.36,,,,,,,,,,,,
9,6/30/2021,2021,June,6,0.24,-0.457307895,,,,,,,,,,,,,,,
10,6/30/2021,2021,June,6,0.13,-0.495612942,-0.476460419,12.55,0.185,,,,,,,,,,,,
9,7/28/2021,2021,July,7,0.75,-0.27971177,,,,,,,,,,,,,,,
10,7/28/2021,2021,July,7,1.88,0.113785526,-0.082963122,12.46,1.315,,,,,,,,,,,,
9,8/25/2021,2021,August,8,2.15,0.207807004,,,,,,,,,,,,,,,
10,8/25/2021,2021,August,8,4.43,1.00176615,0.604786577,13.07,3.29,,,,,,,,,,,,
9,9/29/2021,2021,September,9,1.09,-0.161314354,,,,,,,,,,,,,,,
10,9/29/2021,2021,September,9,1.31,-0.084704261,-0.123009307,12.95,1.2,,,,,,,,,,,,
9,10/27/21,2021,October,10,1.06,-0.171761185,,,,,,,,,,,,,,,
10,10/27/21,2021,October,10,1.05,-0.175243462,-0.173502323,12.77,1.055,,,,,,,,,,,,
9,11/16/21,2021,November,11,0.42,-0.39462691,,,,,,,,,,,,,,,
10,11/16/21,2021,November,11,0.56,-0.345875033,-0.370250971,12.40,0.49,,,,,,,,,,,,
9,12/15/21,2021,December,12,0.20,-0.471237003,,,,,,,,,,,,,,,
10,12/15/21,2021,December,12,0.87,-0.237924447,-0.354580725,12.05,0.535,,,,,,,,,,,,
,,,,,,,,,,,,,,,,,,,,,
,,,,,1.55,,,,,,,,,,,,,,,,
,,,,,2.87,,,,,,,,,,,,,,,,
