STA,DATE,YEAR,MONTH,MONTH#,CHL_A,Zscore CHL,meanZ,CUSUM,mean CHL,3 month running ave,12 month ave,,,
2,1/24/1995,1995,JANUARY,1,3.00,-0.58668789,,,,,,,,
16,1/24/1995,1995,JANUARY,1,4.96,-0.191157419,-0.388922655,,3.98,,,,,
2,2/16/1995,1995,FEBRUARY,2,2.75,-0.637138206,,,,,,,,
16,2/16/1995,1995,FEBRUARY,2,2.30,-0.727948773,-0.682543489,-1.071466144,2.53,,,,,
2,3/22/1995,1995,MARCH,3,0.73,-1.044776753,,,,,,,,
16,3/22/1995,1995,MARCH,3,1.05,-0.98020035,-1.012488551,-2.083954695,0.89,2.47,,,,
2,4/19/1995,1995,APRIL,4,2.80,-0.627048143,,,,,,,,
16,4/25/1995,1995,APRIL,4,3.09,-0.568525777,-0.59778696,-2.681741655,2.95,2.12,,,,
2,5/16/1995,1995,MAY,5,1.79,-0.830867416,,,,,,,,
16,5/16/1995,1995,MAY,5,4.98,-0.187121393,-0.508994405,-3.19073606,3.39,2.41,,,,
2,6/15/1995,1995,JUNE,6,9.33,0.690714093,,,,,,,,
16,6/15/1995,1995,JUNE,6,18.61,2.563429796,1.627071944,-1.563664116,13.97,6.77,,,,
2,7/5/1995,1995,JULY,7,15.87,2.01049434,,,,,,,,
16,7/5/1995,1995,JULY,7,14.41,1.715864499,1.86317942,0.299515304,15.14,10.83,,,,
2,8/23/1995,1995,AUGUST,8,8.77,0.577705386,,,,,,,,
16,8/23/1995,1995,AUGUST,8,7.08,0.236661255,0.407183321,0.706698625,7.93,12.35,,,,
2,9/20/1995,1995,SEPTEMBER,9,7.25,0.270967469,,,,,,,,
16,9/20/1995,1995,SEPTEMBER,9,5.75,-0.031734422,0.119616524,0.826315148,6.50,9.86,,,,
2,10/13/1995,1995,OCTOBER,10,3.08,-0.57054379,,,,,,,,
16,10/13/1995,1995,OCTOBER,10,2.82,-0.623012117,-0.596777953,0.229537195,2.95,5.79,,,,
16,12/6/1995,1995,DECEMBER,12,5.38,-0.105593684,,,,,,,,
2,12/7/1995,1995,DECEMBER,12,5.38,-0.105795485,-0.105694584,0.12384261,5.38,4.94,5.96,,,
2,1/22/1996,1996,JANUARY,1,11.45,1.118936369,,,,,,,,
16,1/22/1996,1996,JANUARY,1,10.44,0.915520697,1.017228533,1.141071143,10.95,6.43,,,,
2,2/14/1996,1996,FEBRUARY,2,6.35,0.089951738,,,,,,,,
16,2/14/1996,1996,FEBRUARY,2,5.57,-0.067655047,0.011148346,1.152219489,5.96,7.43,,,,
2,3/18/1996,1996,MARCH,3,6.21,0.060085152,,,,,,,,
16,3/18/1996,1996,MARCH,3,2.81,-0.625635534,-0.282775191,0.869444298,4.51,7.14,,,,
2,4/22/1996,1996,APRIL,4,3.46,-0.494262913,,,,,,,,
16,4/22/1996,1996,APRIL,4,3.36,-0.513635834,-0.503949373,0.365494925,3.41,4.63,,,,
2,5/8/1996,1996,MAY,5,1.27,-0.93540047,,,,,,,,
16,5/8/1996,1996,MAY,5,4.14,-0.357441658,-0.646421064,-0.280926139,2.70,3.54,,,,
2,6/20/1996,1996,JUNE,6,16.96,2.230054113,,,,,,,,
16,6/20/1996,1996,JUNE,6,15.31,1.897485634,2.063769873,1.782843734,16.13,7.42,,,,
2,7/22/1996,1996,JULY,7,17.76,2.391898724,,,,,,,,
16,7/22/1996,1996,JULY,7,21.49,3.144415627,2.768157175,4.55100091,19.62,12.82,,,,
2,8/21/1996,1996,AUGUST,8,10.29,0.884645105,,,,,,,,
16,8/21/1996,1996,AUGUST,8,16.37,2.111798574,1.498221839,6.049222749,13.33,16.36,,,,
2,9/17/1996,1996,SEPTEMBER,9,12.57,1.34475198,,,,,,,,
16,9/19/1996,1996,SEPTEMBER,9,8.46,0.514743393,0.929747686,6.978970435,10.51,14.49,,,,
2,10/21/1996,1996,OCTOBER,10,2.375,-0.712813679,,,,,,,,
16,10/23/1996,1996,OCTOBER,10,2.157,-0.756806354,-0.734810016,6.244160419,2.27,8.70,,,,
2,11/12/1996,1996,NOVEMBER,11,2.703,-0.646538035,,,,,,,,
16,11/12/1996,1996,NOVEMBER,11,2.756,-0.635874773,-0.641206404,5.602954015,2.73,5.17,,,,
2,12/16/1996,1996,DECEMBER,12,2.639,-0.659538146,,,,,,,,
16,12/16/1996,1996,DECEMBER,12,2.652,-0.656914729,-0.658226437,4.944727577,2.65,2.55,7.90,,,
2,1/15/1997,1997,JANUARY,1,2.900,-0.606955695,,,,,,,,
16,1/15/1997,1997,JANUARY,1,1.469,-0.895734376,-0.751345035,4.193382542,2.18,2.52,,,,
2,2/12/1997,1997,FEBRUARY,2,3.194,-0.547566633,,,,,,,,
16,2/12/1997,1997,FEBRUARY,2,2.541,-0.679285336,-0.613425985,3.579956558,2.87,2.57,,,,
16,3/17/1997,1997,MARCH,3,3.128,-0.560855874,,,,,,,,
2,3/18/1997,1997,MARCH,3,3.185,-0.549447247,-0.555151561,3.024804997,3.16,2.74,,,,
2,4/21/1997,1997,APRIL,4,5.344,-0.11373127,,,,,,,,
16,4/21/1997,1997,APRIL,4,9.273,0.679281922,0.282775326,3.307580323,7.31,4.44,,,,
2,5/21/1997,1997,MAY,5,7.241,0.269168992,,,,,,,,
16,5/21/1997,1997,MAY,5,8.197,0.462155305,0.365662148,3.673242471,7.72,6.06,,,,
2,6/11/1997,1997,JUNE,6,5.001,-0.182965209,,,,,,,,
16,6/11/1997,1997,JUNE,6,6.644,0.148656458,-0.017154375,3.656088096,5.82,6.95,,,,
2,7/17/1997,1997,JULY,7,8.302,0.483312533,,,,,,,,
16,7/17/1997,1997,JULY,7,2.427,-0.702228469,-0.109457968,3.546630128,5.36,6.30,,,,
2,8/20/1997,1997,AUGUST,8,11.082,1.044356709,,,,,,,,
16,8/26/1997,1997,AUGUST,8,13.850,1.60292052,1.323638615,4.870268742,12.47,7.88,,,,
2,9/25/1997,1997,SEPTEMBER,9,9.188,0.66204156,,,,,,,,
16,9/25/1997,1997,SEPTEMBER,9,6.325,0.084255195,0.373148378,5.24341712,7.76,8.53,,,,
2,10/7/1997,1997,OCTOBER,10,6.006,0.019938728,,,,,,,,
16,10/7/1997,1997,OCTOBER,10,5.525,-0.077236482,-0.028648877,5.214768243,5.77,8.66,,,,
2,11/21/1997,1997,NOVEMBER,11,1.966,-0.795351851,,,,,,,,
16,11/21/1997,1997,NOVEMBER,11,2.337,-0.720546434,-0.757949142,4.4568191,2.15,5.22,,,,
2,12/16/1997,1997,DECEMBER,12,2.739,-0.639442839,,,,,,,,
16,12/16/1997,1997,DECEMBER,12,3.553,-0.47516926,-0.55730605,3.899513051,3.15,3.69,5.48,,,
2,1/20/1998,1998,JANUARY,1,7.665,0.354743314,,,,,,,,
16,1/20/1998,1998,JANUARY,1,3.814,-0.422398649,-0.033827667,3.865685383,5.74,3.68,,,,
2,2/9/1998,1998,FEBRUARY,2,4.620,-0.259833983,,,,,,,,
16,2/9/1998,1998,FEBRUARY,2,3.274,-0.531353616,-0.3955938,3.470091584,3.95,4.28,,,,
2,3/10/1998,1998,MARCH,3,9.228,0.670162971,,,,,,,,
16,3/13/1998,1998,MARCH,3,9.861,0.797811705,0.733987338,4.204078922,9.54,6.41,,,,
2,4/13/1998,1998,APRIL,4,3.026,-0.581377309,,,,,,,,
16,4/13/1998,1998,APRIL,4,4.329,-0.318575812,-0.44997656,3.754102362,3.68,5.72,,,,
2,5/22/1998,1998,MAY,5,11.524,1.133518105,,,,,,,,
16,5/22/1998,1998,MAY,5,10.511,0.928977217,1.031247661,4.785350022,11.02,8.08,,,,
2,6/18/1998,1998,JUNE,6,19.290,2.700706901,,,,,,,,
16,6/18/1998,1998,JUNE,6,15.691,1.974356109,2.337531505,7.122881527,17.49,10.73,,,,
2,7/9/1998,1998,JULY,7,4.204,-0.343730385,,,,,,,,
16,7/9/1998,1998,JULY,7,10.504,0.92765548,0.291962548,7.414844075,7.35,11.95,,,,
2,8/13/1998,1998,AUGUST,8,4.004,-0.384032299,,,,,,,,
16,8/13/1998,1998,AUGUST,8,5.445,-0.093352026,-0.238692162,7.176151912,4.72,9.86,,,,
2,9/18/1998,1998,SEPTEMBER,9,10.118,0.849716198,,,,,,,,
16,9/18/1998,1998,SEPTEMBER,9,4.960,-0.191129485,0.329293357,7.505445269,7.54,6.54,,,,
2,10/14/1998,1998,OCTOBER,10,3.326,-0.520911559,,,,,,,,
16,10/14/1998,1998,OCTOBER,10,2.580,-0.671489565,-0.596200562,6.909244707,2.95,5.07,,,,
2,11/16/1998,1998,NOVEMBER,11,0.988,-0.992725928,,,,,,,,
16,11/16/1998,1998,NOVEMBER,11,1.604,-0.868498173,-0.93061205,5.978632656,1.30,3.93,,,,
2,12/16/1998,1998,DECEMBER,12,1.719,-0.845204637,,,,,,,,
16,12/16/1998,1998,DECEMBER,12,1.210,-0.947838028,-0.896521332,5.082111324,1.46,1.90,6.40,,,
2,1/20/1999,1999,JANUARY,1,2.890,-0.608817126,,,,,,,,
16,1/20/1999,1999,JANUARY,1,1.734,-0.842255321,-0.725536224,4.3565751,2.31,1.69,,,,
2,2/16/1999,1999,FEBRUARY,2,3.896,-0.405967369,,,,,,,,
16,2/16/1999,1999,FEBRUARY,2,1.245,-0.940876552,-0.67342196,3.68315314,2.57,2.12,,,,
2,3/16/1999,1999,MARCH,3,9.271,0.678821886,,,,,,,,
16,3/16/1999,1999,MARCH,3,8.804,0.584487126,0.631654506,4.314807646,9.04,4.64,,,,
2,4/12/1999,1999,APRIL,4,0.620,-1.06696143,,,,,,,,
16,4/12/1999,1999,APRIL,4,1.204,-0.949047627,-1.008004528,3.306803118,0.91,4.17,,,,
16,5/17/1999,1999,MAY,5,0.906,-1.009335066,,,,,,,,
2,5/20/1999,1999,MAY,5,0.662,-1.058479231,-1.033907148,2.272895969,0.78,3.58,,,,
2,6/15/1999,1999,JUNE,6,7.403,0.3018345,,,,,,,,
16,6/15/1999,1999,JUNE,6,7.323,0.28567938,0.29375694,2.566652909,7.36,3.02,,,,
2,7/16/1999,1999,JULY,7,5.752,-0.031429458,,,,,,,,
16,7/16/1999,1999,JULY,7,11.450,1.11859937,0.543584956,3.110237865,8.60,5.58,,,,
16,8/17/1999,1999,AUGUST,8,7.578,0.337248071,,,,,,,,
2,8/18/1999,1999,AUGUST,8,6.323,0.083947687,0.210597879,3.320835744,6.95,7.64,,,,
2,9/20/1999,1999,SEPTEMBER,9,2.285,-0.731065405,,,,,,,,
16,9/20/1999,1999,SEPTEMBER,9,5.149,-0.153032671,-0.442049038,2.878786705,3.72,6.42,,,,
16,10/11/1999,1999,OCTOBER,10,1.661,-0.856978628,,,,,,,,
2,10/12/1999,1999,OCTOBER,10,1.333,-0.923088516,-0.890033572,1.988753133,1.50,4.05,,,,
2,11/8/1999,1999,NOVEMBER,11,4.286,-0.327172752,,,,,,,,
16,11/8/1999,1999,NOVEMBER,11,0.416,-1.108158586,-0.717665669,1.271087464,2.35,2.52,,,,
2,12/7/1999,1999,DECEMBER,12,1.401,-0.909274902,,,,,,,,
16,12/7/1999,1999,DECEMBER,12,1.279,-0.934065254,-0.921670078,0.349417386,1.34,1.73,3.95,,,
2,1/5/2000,2000,JANUARY,1,3.078,-0.570894153,,,,,,,,
16,1/5/2000,2000,JANUARY,1,3.659,-0.453784828,-0.51233949,-0.162922104,3.37,2.35,,,,
2,2/23/2000,2000,FEBRUARY,2,2.539,-0.679780257,,,,,,,,
16,2/23/2000,2000,FEBRUARY,2,2.395,-0.708861928,-0.694321093,-0.857243197,2.47,2.39,,,,
2,3/15/2000,2000,MARCH,3,1.905,-0.807649446,,,,,,,,
16,3/15/2000,2000,MARCH,3,1.568,-0.875681934,-0.84166569,-1.698908887,1.74,2.52,,,,
2,4/12/2000,2000,APRIL,4,4.797,-0.223981471,,,,,,,,
16,4/12/2000,2000,APRIL,4,2.766,-0.633828082,-0.428904777,-2.127813664,3.78,2.66,,,,
2,5/15/2000,2000,MAY,5,4.689,-0.245911595,,,,,,,,
16,5/15/2000,2000,MAY,5,6.093,0.037437566,-0.104237015,-2.232050678,5.39,3.64,,,,
2,6/14/2000,2000,JUNE,6,1.699,-0.849145762,,,,,,,,
16,6/14/2000,2000,JUNE,6,4.463,-0.291503909,-0.570324836,-2.802375514,3.08,4.08,,,,
2,7/13/2000,2000,JULY,7,10.385,0.903559379,,,,,,,,
16,7/13/2000,2000,JULY,7,9.805,0.786469376,0.845014377,-1.957361137,10.09,6.19,,,,
2,8/16/2000,2000,AUGUST,8,12.821,1.395259504,,,,,,,,
16,8/16/2000,2000,AUGUST,8,14.668,1.76798289,1.581621197,-0.37573994,13.74,8.97,,,,
2,9/13/2000,2000,SEPTEMBER,9,1.085,-0.973212099,,,,,,,,
16,9/13/2000,2000,SEPTEMBER,9,3.903,-0.404451086,-0.688831593,-1.064571533,2.49,8.78,,,,
2,10/19/2000,2000,OCTOBER,10,0.784,-1.033940652,,,,,,,,
16,10/19/2000,2000,OCTOBER,10,1.344,-0.920971212,-0.977455932,-2.042027464,1.06,5.77,,,,
2,11/15/2000,2000,NOVEMBER,11,0.701,-1.050579272,,,,,,,,
16,11/18/2000,2000,NOVEMBER,11,0.336,-1.124382602,-1.087480937,-3.129508401,0.52,1.36,,,,
16,12/11/2000,2000,DECEMBER,12,1.662,-0.856764771,,,,,,,,
2,12/15/2000,2000,DECEMBER,12,2.911,-0.604747828,-0.730756299,-3.860264701,2.29,1.29,4.17,,,
2,1/10/2001,2001,JANUARY,1,3.339,-0.518203222,,,,,,,,
16,1/10/2001,2001,JANUARY,1,5.889,-0.003596972,-0.260900097,-4.121164798,4.61,2.47,,,,
2,2/6/2001,2001,FEBRUARY,2,3.940,-0.397035166,,,,,,,,
16,2/6/2001,2001,FEBRUARY,2,2.962,-0.59441332,-0.495724243,-4.616889041,3.45,3.45,,,,
2,3/13/2001,2001,MARCH,3,1.723,-0.844375045,,,,,,,,
16,3/13/2001,2001,MARCH,3,2.196,-0.748883831,-0.796629438,-5.41351848,1.96,3.34,,,,
2,4/19/2001,2001,APRIL,4,0.486,-1.093966861,,,,,,,,
16,4/19/2001,2001,APRIL,4,0.942,-1.001928007,-1.047947434,-6.461465913,0.71,2.04,,,,
16,5/16/2001,2001,MAY,5,1.966,-0.795424797,,,,,,,,
2,5/17/2001,2001,MAY,5,0.713,-1.048125409,-0.921775103,-7.383241016,1.34,1.34,,,,
16,6/14/2001,2001,JUNE,6,17.842,2.408391104,,,,,,,,
2,6/16/2001,2001,JUNE,6,12.296,1.289160805,1.848775954,-5.534465062,15.07,5.71,,,,
2,7/17/2001,2001,JULY,7,7.511,0.323538021,,,,,,,,
16,7/17/2001,2001,JULY,7,6.879,0.196171486,0.259854753,-5.274610308,7.19,7.87,,,,
2,8/16/2001,2001,AUGUST,8,2.848,-0.617279909,,,,,,,,
16,8/16/2001,2001,AUGUST,8,2.349,-0.718034862,-0.667657386,-5.942267694,2.60,8.29,,,,
2,9/18/2001,2001,SEPTEMBER,9,1.143,-0.961495164,,,,,,,,
16,9/18/2001,2001,SEPTEMBER,9,3.559,-0.473788842,-0.717642003,-6.659909697,2.35,4.05,,,,
2,10/17/2001,2001,OCTOBER,10,0.889,-1.012723401,,,,,,,,
16,10/17/2001,2001,OCTOBER,10,1.355,-0.918583779,-0.96565359,-7.625563287,1.12,2.02,,,,
2,11/8/2001,2001,NOVEMBER,11,0.913,-1.007757006,,,,,,,,
16,11/8/2001,2001,NOVEMBER,11,1.229,-0.944136554,-0.97594678,-8.601510067,1.07,1.51,,,,
2,12/3/2001,2001,DECEMBER,12,2.646,-0.658028163,,,,,,,,
16,12/3/2001,2001,DECEMBER,12,0.655,-1.059817549,-0.858922856,-9.460432923,1.65,1.28,3.59,,,
2,1/14/2002,2002,JANUARY,1,2.586,-0.670182975,,,,,,,,
16,1/14/2002,2002,JANUARY,1,2.433,-0.701125185,-0.68565408,-10.146087,2.51,1.74,,,,
2,2/13/2002,2002,FEBRUARY,2,3.802,-0.424930048,,,,,,,,
16,2/13/2002,2002,FEBRUARY,2,1.849,-0.818997003,-0.621963526,-10.76805053,2.83,2.33,,,,
2,3/19/2002,2002,MARCH,3,2.510,-0.685511046,,,,,,,,
16,3/19/2002,2002,MARCH,3,2.286,-0.730808182,-0.708159614,-11.47621014,2.40,2.58,,,,
2,4/15/2002,2002,APRIL,4,2.158,-0.756595705,,,,,,,,
16,4/15/2002,2002,APRIL,4,1.775,-0.833988366,-0.795292036,-12.27150218,1.97,2.40,,,,
2,5/13/2002,2002,MAY,5,3.445,-0.496944146,,,,,,,,
16,5/13/2002,2002,MAY,5,8.882,0.600244064,0.051649959,-12.21985222,6.16,3.51,,,,
2,6/11/2002,2002,JUNE,6,10.010,0.827852561,,,,,,,,
16,6/11/2002,2002,JUNE,6,13.420,1.51601989,1.171936225,-11.04791599,11.71,6.61,,,,
2,7/18/2002,2002,JULY,7,5.321,-0.118271022,,,,,,,,
16,7/18/2002,2002,JULY,7,4.749,-0.233745952,-0.176008487,-11.22392448,5.04,7.64,,,,
2,8/15/2002,2002,AUGUST,8,8.928,0.609517106,,,,,,,,
16,8/15/2002,2002,AUGUST,8,6.912,0.20285358,0.406185343,-10.81773914,7.92,8.22,,,,
2,9/17/2002,2002,SEPTEMBER,9,3.174,-0.551620256,,,,,,,,
16,9/17/2002,2002,SEPTEMBER,9,3.818,-0.421641433,-0.486630845,-11.30436998,3.50,5.48,,,,
2,10/15/2002,2002,OCTOBER,10,0.592,-1.072725793,,,,,,,,
16,10/15/2002,2002,OCTOBER,10,0.857,-1.019112401,-1.045919097,-12.35028908,0.72,4.05,,,,
2,11/15/2002,2002,NOVEMBER,11,1.655,-0.858144726,,,,,,,,
16,11/15/2002,2002,NOVEMBER,11,1.519,-0.885603775,-0.87187425,-13.22216333,1.59,1.94,,,,
2,12/19/2002,2002,DECEMBER,12,2.898,-0.607357529,,,,,,,,
16,12/19/2002,2002,DECEMBER,12,2.231,-0.741801107,-0.674579318,-13.89674265,2.56,1.63,4.08,,,
2,1/14/2003,2003,JANUARY,1,7.381,0.29734628,,,,,,,,
16,1/14/2003,2003,JANUARY,1,8.327,0.4882716,0.39280894,-13.50393371,7.85,4.00,,,,
2,2/13/2003,2003,FEBRUARY,2,7.031,0.226714489,,,,,,,,
16,2/13/2003,2003,FEBRUARY,2,5.750,-0.03171092,0.097501784,-13.40643192,6.39,5.60,,,,
2,3/10/2003,2003,MARCH,3,5.439,-0.094400349,,,,,,,,
16,3/12/2003,2003,MARCH,3,6.719,0.163837402,0.034718527,-13.3717134,6.08,6.77,,,,
2,4/14/2003,2003,APRIL,4,11.055,1.038901309,,,,,,,,
16,4/14/2003,2003,APRIL,4,6.830,0.18624209,0.6125717,-12.7591417,8.94,7.14,,,,
2,5/12/2003,2003,MAY,5,5.716,-0.038569271,,,,,,,,
16,5/12/2003,2003,MAY,5,4.823,-0.218737436,-0.128653354,-12.88779505,5.27,6.76,,,,
2,6/20/2003,2003,JUNE,6,9.905,0.806831304,,,,,,,,
16,6/20/2003,2003,JUNE,6,19.595,2.762174562,1.784502933,-11.10329212,14.75,9.65,,,,
2,7/15/2003,2003,JULY,7,14.488,1.731528136,,,,,,,,
16,7/15/2003,2003,JULY,7,12.647,1.360074718,1.545801427,-9.55749069,13.57,11.20,,,,
2,8/12/2003,2003,AUGUST,8,19.538,2.750631099,,,,,,,,
16,8/12/2003,2003,AUGUST,8,20.503,2.945371003,2.848001051,-6.709489639,20.02,16.11,,,,
2,9/24/2003,2003,SEPTEMBER,9,3.608,-0.463993493,,,,,,,,
16,9/24/2003,2003,SEPTEMBER,9,4.389,-0.306356965,-0.385175229,-7.094664867,4.00,12.53,,,,
2,10/14/2003,2003,OCTOBER,10,2.268,-0.734366053,,,,,,,,
16,10/14/2003,2003,OCTOBER,10,4.544,-0.275187464,-0.504776759,-7.599441626,3.41,9.14,,,,
2,11/18/2003,2003,NOVEMBER,11,1.754,-0.838051541,,,,,,,,
16,11/18/2003,2003,NOVEMBER,11,2.152,-0.75789608,-0.797973811,-8.397415437,1.95,3.12,,,,
2,12/18/2003,2003,DECEMBER,12,6.904,0.201184593,,,,,,,,
16,12/18/2003,2003,DECEMBER,12,8.335,0.489901658,0.345543125,-8.051872311,7.62,4.33,8.32,,,
16,1/13/2004,2004,JANUARY,1,4.759,-0.231820373,,,,,,,,
2,1/14/2004,2004,JANUARY,1,7.924,0.40706224,0.087620934,-7.964251378,6.34,5.30,,,,
2,2/10/2004,2004,FEBRUARY,2,8.451,0.513391324,,,,,,,,
16,2/10/2004,2004,FEBRUARY,2,6.827,0.185645896,0.34951861,-7.614732767,7.64,7.20,,,,
2,3/17/2004,2004,MARCH,3,5.984,0.015507253,,,,,,,,
16,3/17/2004,2004,MARCH,3,5.535,-0.075061153,-0.02977695,-7.644509717,5.76,6.58,,,,
2,4/17/2004,2004,APRIL,4,5.335,-0.115421405,,,,,,,,
16,4/17/2004,2004,APRIL,4,6.429,0.105288634,-0.005066386,-7.649576103,5.88,6.43,,,,
2,5/11/2004,2004,MAY,5,3.108,-0.564873174,,,,,,,,
16,5/11/2004,2004,MAY,5,4.118,-0.36103372,-0.462953447,-8.11252955,3.61,5.09,,,,
2,6/15/2004,2004,JUNE,6,21.325,3.11136058,,,,,,,,
16,6/15/2004,2004,JUNE,6,21.732,3.193453333,3.152406957,-4.960122593,21.53,10.34,,,,
2,7/13/2004,2004,JULY,7,19.875,2.818607491,,,,,,,,
16,7/13/2004,2004,JULY,7,16.135,2.063911134,2.441259312,-2.518863281,18.00,14.38,,,,
2,8/18/2004,2004,AUGUST,8,16.398,2.117005046,,,,,,,,
16,8/18/2004,2004,AUGUST,8,14.691,1.772550473,1.94477776,-0.574085521,15.54,18.36,,,,
2,9/14/2004,2004,SEPTEMBER,9,9.674,0.760032826,,,,,,,,
16,9/14/2004,2004,SEPTEMBER,9,8.899,0.603677209,0.681855017,0.107769496,9.29,14.28,,,,
2,10/12/2004,2004,OCTOBER,10,5.641,-0.053650039,,,,,,,,
16,10/12/2004,2004,OCTOBER,10,3.574,-0.470928633,-0.262289336,-0.15451984,4.61,9.81,,,,
2,11/15/2004,2004,NOVEMBER,11,3.912,-0.402653212,,,,,,,,
16,11/15/2004,2004,NOVEMBER,11,2.721,-0.643028785,-0.522840998,-0.677360839,3.32,5.74,,,,
2,12/14/2004,2004,DECEMBER,12,2.801,-0.626789837,,,,,,,,
16,12/14/2004,2004,DECEMBER,12,2.680,-0.651219898,-0.639004867,-1.316365706,2.74,3.55,8.69,,,
2,1/10/2005,2005,JANUARY,1,10.834,0.99427364,,,,,,,,
16,1/10/2005,2005,JANUARY,1,5.922,0.00293907,0.498606355,-0.817759351,8.38,4.81,,,,
2,2/16/2005,2005,FEBRUARY,2,2.616,-0.664246169,,,,,,,,
16,2/16/2005,2005,FEBRUARY,2,2.100,-0.768256557,-0.716251363,-1.534010714,2.36,4.49,,,,
2,3/17/2005,2005,MARCH,3,1.120,-0.966041973,,,,,,,,
16,3/17/2005,2005,MARCH,3,1.087,-0.972636838,-0.969339406,-2.50335012,1.10,3.95,,,,
2,4/26/2005,2005,APRIL,4,3.418,-0.502363215,,,,,,,,
16,4/26/2005,2005,APRIL,4,3.399,-0.506106629,-0.504234922,-3.007585042,3.41,2.29,,,,
2,5/17/2005,2005,MAY,5,8.441,0.511228015,,,,,,,,
16,5/17/2005,2005,MAY,5,8.556,0.534564313,0.522896164,-2.484688878,8.50,4.34,,,,
2,6/14/2005,2005,JUNE,6,27.824,4.422858904,,,,,,,,
16,6/15/2005,2005,JUNE,6,11.796,1.188279318,2.805569111,0.320880233,19.81,10.57,,,,
2,7/14/2005,2005,JULY,7,15.016,1.838105613,,,,,,,,
16,7/14/2005,2005,JULY,7,14.908,1.816303005,1.827204309,2.148084542,14.96,14.42,,,,
2,8/23/2005,2005,AUGUST,8,15.001,1.835137117,,,,,,,,
16,8/24/2005,2005,AUGUST,8,12.041,1.237700447,1.536418782,3.684503324,13.52,16.10,,,,
2,9/13/2005,2005,SEPTEMBER,9,11.777,1.184537923,,,,,,,,
16,9/13/2005,2005,SEPTEMBER,9,13.103,1.452025494,1.318281709,5.002785032,12.44,13.64,,,,
16,10/11/2005,2005,OCTOBER,10,3.7355,-0.438263063,,,,,,,,
2,10/12/2005,2005,OCTOBER,10,3.4838,-0.48905644,-0.463659752,4.539125281,3.61,9.86,,,,
2,11/15/2005,2005,NOVEMBER,11,3.9667,-0.391606611,,,,,,,,
16,11/15/2005,2005,NOVEMBER,11,4.5238,-0.279183129,-0.33539487,4.203730411,4.25,6.76,,,,
2,12/21/2005,2005,DECEMBER,12,2.8999,-0.606888197,,,,,,,,
16,12/21/2005,2005,DECEMBER,12,2.8738,-0.61215521,-0.609521703,3.594208708,2.89,3.58,7.94,,,
2,1/17/2006,2006,JANUARY,1,8.8553,0.594919034,,,,,,,,
16,1/17/2006,2006,JANUARY,1,6.5289,0.12544858,0.360183807,3.954392515,7.69,4.94,,,,
2,2/14/2006,2006,February,2,7.7049,0.362766863,,,,,,,,
16,2/14/2006,2006,February,2,7.5314,0.327754344,0.345260604,4.299653118,7.62,6.07,,,,
2,3/13/2006,2006,March,3,7.3952,0.300269013,,,,,,,,
16,3/13/2006,2006,March,3,7.0607,0.232766491,0.266517752,4.56617087,7.23,7.51,,,,
2,4/18/2006,2006,April,4,2.0039,-0.787702127,,,,,,,,
16,4/18/2006,2006,April,4,2.5667,-0.674128377,-0.730915252,3.835255618,2.29,5.71,,,,
2,5/15/2006,2006,May,5,0.9303,-1.004355961,,,,,,,,
16,5/15/2006,2006,May,5,1.3180,-0.926117612,-0.965236786,2.870018832,1.12,3.55,,,,
2,6/15/2006,2006,June,6,13.7333,1.579305586,,,,,,,,
16,6/15/2006,2006,June,6,20.0881,2.86171224,2.220508913,5.090527745,16.91,6.77,,,,
2,7/18/2006,2006,July,7,16.3744,2.112282897,,,,,,,,
16,7/18/2006,2006,July,7,13.1527,1.462139774,1.787211335,6.87773908,14.76,10.93,,,,
2,8/24/2006,2006,August,8,13.5991,1.552223857,,,,,,,,
16,8/24/2006,2006,August,8,15.6476,1.96561374,1.758918798,8.636657878,14.62,15.43,,,,
2,9/12/2006,2006,Septemeber,9,3.3815,-0.509700709,,,,,,,,
16,9/12/2006,2006,Septemeber,9,5.4568,-0.090902552,-0.300301631,8.336356248,4.42,11.27,,,,
16,10/18/2006,2006,October,10,23.140,3.477589509,,,,,,,,
2,10/19/2006,2006,October,10,7.545,0.330498841,1.904044175,10.24040042,15.34,11.46,,,,
2,11/14/2006,2006,November,11,2.882,-0.610500439,,,,,,,,
16,11/14/2006,2006,November,11,7.062,0.233028832,-0.188735803,10.05166462,4.97,8.24,,,,
2,12/12/2006,2006,December,12,5.938,0.006204215,,,,,,,,
16,12/12/2006,2006,December,12,12.098,1.249299983,0.627752099,10.67941672,9.02,9.78,8.83,,,
2,1/16/2007,2007,January,1,15.638,1.963676448,,,,,,,,
16,1/16/2007,2007,January,1,17.384,2.31602145,2.139848949,12.81926567,16.51,10.17,,,,
2,2/20/2007,2007,February,2,5.827,-0.016195725,,,,,,,,
16,2/21/2007,2007,February,2,3.945,-0.395985699,-0.206090712,12.61317496,4.89,10.14,,,,
2,3/13/2007,2007,March,3,2.741,-0.638954417,,,,,,,,
16,3/13/2007,2007,March,3,2.471,-0.693440758,-0.666197587,11.94697737,2.61,8.00,,,,
2,4/18/2007,2007,April,4,5.018,-0.179452945,,,,,,,,
16,4/18/2007,2007,April,4,8.913,0.606562967,0.213555011,12.16053238,6.97,4.82,,,,
2,5/15/2007,2007,May,5,3.753,-0.434731541,,,,,,,,
16,5/15/2007,2007,May,5,7.565,0.334534867,-0.050098337,12.11043404,5.66,5.08,,,,
2,6/12/2007,2007,June,6,17.007,2.239942374,,,,,,,,
16,6/12/2007,2007,June,6,24.377,3.727217669,2.983580022,15.09401406,20.69,11.11,,,,
2,7/17/2007,2007,July,7,16.196,2.076281552,,,,,,,,
16,7/17/2007,2007,July,7,17.375,2.314205238,2.195243395,17.28925746,16.79,14.38,,,,
2,8/14/2007,2007,August,8,10.210,0.868299202,,,,,,,,
16,8/14/2007,2007,August,8,14.263,1.686199714,1.277249458,18.56650692,12.24,16.57,,,,
16,9/11/2007,2007,September,9,12.466,1.323562848,,,,,,,,
2,9/12/2007,2007,September,9,13.248,1.481371434,1.402467141,19.96897406,12.86,13.96,,,,
2,10/18/2007,2007,October,10,2.733,-0.640568827,,,,,,,,
16,10/18/2007,2007,October,10,4.891,-0.205081706,-0.422825266,19.54614879,3.81,9.64,,,,
2,11/13/2007,2007,November,11,0.963,-0.997757059,,,,,,,,
16,11/13/2007,2007,November,11,3.145,-0.557426708,-0.777591883,18.76855691,2.05,6.24,,,,
2,12/10/2007,2007,December,12,1.229,-0.944077924,,,,,,,,
16,12/11/2007,2007,December,12,2.293,-0.729361382,-0.836719653,17.93183725,1.76,2.54,8.90,,,
2,1/15/2008,2008,January,1,3.529,-0.479935023,,,,,,,,
16,1/15/2008,2008,January,1,2.818,-0.62341572,-0.551675372,17.38016188,3.17,2.33,,,,
2,2/12/2008,2008,February,2,6.068,0.032438379,,,,,,,,
16,2/12/2008,2008,February,2,5.631,-0.055748772,-0.011655197,17.36850669,5.85,3.59,,,,
2,3/13/2008,2008,March,3,1.886,-0.811494495,,,,,,,,
16,3/13/2008,2008,March,3,1.997,-0.789094555,-0.800294525,16.56821216,1.94,3.65,,,,
2,4/15/2008,2008,April,4,0.931,-1.0042147,,,,,,,,
16,4/15/2008,2008,April,4,1.046,-0.981007555,-0.992611127,15.57560103,0.99,2.93,,,,
2,5/14/2008,2008,May,5,3.943,-0.396389301,,,,,,,,
16,5/15/2008,2008,May,5,4.122,-0.360266875,-0.378328088,15.19727294,4.03,2.32,,,,
2,6/17/2008,2008,June,6,10.725,0.972226852,,,,,,,,
16,6/17/2008,2008,June,6,11.07,1.041848287,1.007037569,16.20431051,10.90,5.31,,,,
2,7/15/2008,2008,July,7,12.685,1.367757324,,,,,,,,
16,7/15/2008,2008,July,7,14.726,1.779633698,1.573695511,17.77800603,13.71,9.55,,,,
2,8/13/2008,2008,August,8,7.441,0.30951151,,,,,,,,
16,8/13/2008,2008,August,8,7.384,0.298008838,0.303760174,18.0817662,7.41,10.67,,,,
2,9/16/2008,2008,September,9,22.388,3.325834961,,,,,,,,
16,9/16/2008,2008,September,9,16.900,2.218349639,2.7720923,20.8538585,19.64,13.59,,,,
2,10/16/2008,2008,October,10,1.742,-0.840553877,,,,,,,,
16,10/16/2008,2008,October,10,5.174,-0.147971949,-0.494262913,20.35959559,3.46,10.17,,,,
2,11/11/2008,2008,November,11,2.135,-0.761245981,,,,,,,,
16,11/11/2008,2008,November,11,3.668,-0.451884648,-0.606565315,19.75303027,2.90,8.67,,,,
2,12/17/2008,2008,December,12,6.027,0.024164527,,,,,,,,
16,12/18/2008,2008,December,12,4.640,-0.255733822,-0.115784648,19.63724562,5.33,3.90,6.39,,,
2,1/12/2009,2009,January,1,7.711,0.363997851,,,,,,,,
16,1/12/2009,2009,January,1,6.878,0.1958974,0.279947626,19.91719325,7.29,5.18,,,,
2,2/11/2009,2009,February,2,5.302,-0.122141387,,,,,,,,
16,2/10/2009,2009,February,2,4.505,-0.282976992,-0.20255919,19.71463406,4.90,5.84,,,,
2,3/18/2009,2009,March,3,4.057,-0.373383957,,,,,,,,
16,3/18/2009,2009,March,3,3.796,-0.426054087,-0.399719022,19.31491504,3.93,5.37,,,,
2,4/17/2009,2009,April,4,2.726,-0.641981436,,,,,,,,
16,4/17/2009,2009,April,4,2.316,-0.724719953,-0.683350695,18.63156434,2.52,3.78,,,,
2,5/12/2009,2009,May,5,3.735,-0.438363963,,,,,,,,
16,5/12/2009,2009,May,5,8.765,0.57669638,0.069166208,18.70073055,6.25,4.23,,,,
2,6/16/2009,2009,June,6,7.808,0.383572573,,,,,,,,
16,6/16/2009,2009,June,6,14.867,1.808087676,1.095830124,19.79656068,11.34,6.70,,,,
2,7/15/2009,2009,July,7,12.242,1.278359365,,,,,,,,
16,7/15/2009,2009,July,7,8.310,0.484876806,0.881618086,20.67817876,10.28,9.29,,,,
2,8/18/2009,2009,August,8,15.623,1.960649429,,,,,,,,
16,8/17/2009,2009,August,8,17.271,2.293217907,2.126933668,22.80511243,16.45,12.69,,,,
2,9/14/2009,2009,September,9,4.935,-0.19620245,,,,,,,,
16,9/14/2009,2009,September,9,22.917,3.432587828,1.618192689,24.42330512,13.93,13.55,,,,
2,10/13/2009,2009,October,10,2.278,-0.732388401,,,,,,,,
16,10/13/2009,2009,October,10,5.163,-0.150191763,-0.441290082,23.98201504,3.72,11.36,,,,
2,11/17/2009,2009,November,11,2.271,-0.73380101,,,,,,,,
16,11/16/2009,2009,November,11,3.330,-0.520093474,-0.626947242,23.35506779,2.80,6.82,,,,
2,12/14/2009,2009,December,12,4.721,-0.23938792,,,,,,,,
16,12/14/2009,2009,December,12,5.689,-0.044044299,-0.14171611,23.21335169,5.21,3.91,7.39,,,
2,1/20/2010,2010,January,1,8.549,0.533107308,,,,,,,,
16,1/20/2010,2010,January,1,3.596,-0.466414339,0.033346484,23.24669817,6.07,4.69,,,,
2,2/16/2010,2010,February,2,8.031,0.428574254,,,,,,,,
16,2/16/2010,2010,February,2,5.207,-0.141312507,0.143630874,23.39032904,6.62,5.97,,,,
2,3/17/2010,2010,March,3,1.774,-0.834096237,,,,,,,,
16,3/17/2010,2010,March,3,1.786,-0.831674621,-0.832885429,22.55744361,1.78,4.82,,,,
2,4/14/2010,2010,April,4,1.872,-0.814319713,,,,,,,,
16,4/14/2010,2010,April,4,2.035,-0.781426107,-0.79787291,21.7595707,1.95,3.45,,,,
2,5/17/2010,2010,May,5,1.451,-0.899278044,,,,,,,,
16,5/17/2010,2010,May,5,3.182,-0.549960061,-0.724619052,21.03495165,2.32,2.02,,,,
2,6/15/2010,2010,June,6,6.090,0.036878006,,,,,,,,
16,6/15/2010,2010,June,6,8.399,0.502837118,0.269857562,21.30480921,7.24,3.84,,,,
2,7/12/2010,2010,July,7,9.214,0.667305146,,,,,,,,
16,7/12/2010,2010,July,7,13.456,1.523346096,1.095325621,22.40013484,11.34,6.97,,,,
2,8/17/2010,2010,August,8,10.113,0.84872448,,,,,,,,
16,8/17/2010,2010,August,8,10.690,0.965163808,0.906944144,23.30707898,10.40,9.66,,,,
2,9/15/2010,2010,September,9,15.021,1.83916507,,,,,,,,
16,9/15/2010,2010,September,9,12.463,1.322957444,1.581061257,24.88814024,13.74,11.83,,,,
2,10/13/2010,2010,October,10,3.527,-0.480338626,,,,,,,,
16,10/13/2010,2010,October,10,2.257,-0.736626227,-0.608482427,24.27965781,2.89,9.01,,,,
2,11/16/2010,2010,November,11,0.999,-0.990492214,,,,,,,,
16,11/16/2010,2010,November,11,1.748,-0.839343069,-0.914917642,23.36474017,1.37,6.00,,,,
2,12/8/2010,2010,December,12,3.780,-0.429282907,,,,,,,,
16,12/8/2010,2010,December,12,2.755,-0.636129199,-0.532706053,22.83203411,3.27,2.51,5.90,,,
2,1/19/2011,2011,January,1,6.573,0.134348016,,,,,,,,
16,1/19/2011,2011,January,1,4.145,-0.355625446,-0.110638715,22.7213954,5.36,3.33,,,,
2,2/17/2011,2011,February,2,3.402,-0.505563783,,,,,,,,
16,2/17/2011,2011,February,2,3.034,-0.579826648,-0.542695215,22.17870018,3.22,3.95,,,,
2,3/17/2011,2011,March,3,8.703,0.564184702,,,,,,,,
16,3/17/2011,2011,March,3,2.177,-0.752770328,-0.094292813,22.08440737,5.44,4.67,,,,
2,4/13/2011,2011,April,4,2.101,-0.768107224,,,,,,,,
16,4/13/2011,2011,April,4,1.507,-0.887977173,-0.828042199,21.25636517,1.80,3.49,,,,
2,5/18/2011,2011,May,5,4.007,-0.38347402,,,,,,,,
16,5/18/2011,2011,May,5,4.783,-0.226876242,-0.305175131,20.95119004,4.40,3.88,,,,
2,6/14/2011,2011,June,6,10.315,0.889488335,,,,,,,,
16,6/14/2011,2011,June,6,9.567,0.738540991,0.814014663,21.7652047,9.94,5.38,,,,
2,7/11/2011,2011,July,7,3.805,-0.424237875,,,,,,,,
16,7/11/2011,2011,July,7,6.752,0.170470441,-0.126883717,21.63832099,5.28,6.54,,,,
2,8/16/2011,2011,August,8,15.934,2.023409621,,,,,,,,
16,8/16/2011,2011,August,8,12.702,1.371187945,1.697298783,23.33561977,14.32,9.85,,,,
2,9/13/2011,2011,September,9,11.799,1.188961406,,,,,,,,
16,9/13/2011,2011,September,9,9.027,0.62956831,0.909264858,24.24488463,10.41,10.00,,,,
2,10/11/2011,2011,October,10,8.035,0.429381459,,,,,,,,
16,10/11/2011,2011,October,10,3.695,-0.446436014,-0.008527277,24.23635735,5.87,10.20,,,,
2,11/15/2011,2011,November,11,3.564,-0.472871979,,,,,,,,
16,11/15/2011,2011,November,11,2.222,-0.743689272,-0.608280625,23.62807673,2.89,6.39,,,,
2,12/14/2011,2011,December,12,1.893,-0.810081886,,,,,,,,
16,12/13/2011,2011,December,12,0.538,-1.083522595,-0.946802241,22.68127448,1.22,3.32,5.92,,,
2,1/9/2012,2012,January,1,2.397,-0.708374051,,,,,,,,
16,1/9/2012,2012,January,1,1.576,-0.874052886,-0.791213469,21.89006102,1.99,2.03,,,,
2,2/23/2012,2012,February,2,2.337,-0.720482127,,,,,,,,
16,2/23/2012,2012,February,2,2.457,-0.696265975,-0.708374051,21.18168697,2.40,1.87,,,,
2,3/12/2012,2012,March,3,2.583,-0.670839016,,,,,,,,
16,3/12/2012,2012,March,3,2.710,-0.645210256,-0.658024636,20.52366233,2.65,2.34,,,,
2,4/16/2012,2012,April,4,2.358,-0.7162443,,,,,,,,
16,4/16/2012,2012,April,4,1.370,-0.915623946,-0.815934123,19.70772821,1.86,2.30,,,,
2,5/16/2012,2012,May,5,4.614,-0.260980655,,,,,,,,
16,5/16/2012,2012,May,5,3.737,-0.437960361,-0.349470508,19.3582577,4.18,2.90,,,,
2,6/13/2012,2012,June,6,9.995,0.824911931,,,,,,,,
16,6/13/2012,2012,June,6,12.075,1.244658554,1.034785243,20.39304294,11.04,5.69,,,,
2,7/17/2012,2012,July,7,9.775,0.780515654,,,,,,,,
16,7/17/2012,2012,July,7,6.573,0.134348016,0.457431835,20.85047478,8.17,7.79,,,,
2,8/14/2012,2012,August,8,14.991,1.833111032,,,,,,,,
16,8/14/2012,2012,August,8,10.858,0.99906642,1.416088726,22.2665635,12.92,10.71,,,,
2,9/12/2012,2012,September,9,16.704,2.178796592,,,,,,,,
16,9/12/2012,2012,September,9,8.177,0.458037238,1.318416915,23.58498042,12.44,11.18,,,,
2,10/18/2012,2012,October,10,2.794,-0.62825895,,,,,,,,
16,10/18/2012,2012,October,10,2.133,-0.761649584,-0.694954267,22.89002615,2.46,9.28,,,,
2,11/13/2012,2012,November,11,2.495,-0.688597527,,,,,,,,
16,11/13/2012,2012,November,11,2.496,-0.688395726,-0.688496627,22.20152952,2.50,5.80,,,,
2,12/11/2012,2012,December,12,1.611,-0.866989842,,,,,,,,
16,12/11/2012,2012,December,12,0.924,-1.005627309,-0.936308575,21.26522095,1.27,2.08,5.33,,,
2,1/14/2013,2013,January,1,2.032,-0.782031511,,,,,,,,
16,1/14/2013,2013,January,1,2.745,-0.638147212,-0.710089362,20.55513159,2.39,2.05,,,,
2,2/13/2013,2013,February,2,7.997,0.421713011,,,,,,,,
16,2/13/2013,2013,February,2,8.891,0.602123339,0.511918175,21.06704976,8.44,4.03,,,,
2,3/11/2013,2013,March,3,5.782,-0.025276782,,,,,,,,
16,3/11/2013,2013,March,3,6.273,0.073807637,0.024265428,21.09131519,6.03,5.62,,,,
2,4/17/2013,2013,April,4,0.469,-1.097446882,,,,,,,,
16,4/15/2013,2013,April,4,0.188,-1.154153037,-1.12579996,19.96551523,0.33,4.93,,,,
2,5/14/2013,2013,May,5,1.156,-0.958809416,,,,,,,,
16,5/14/2013,2013,May,5,0.725,-1.04578576,-1.002297588,18.96321764,0.94,2.43,,,,
2,6/11/2013,2013,June,6,4.103,-0.364101099,,,,,,,,
16,6/12/2013,2013,June,6,3.208,-0.544713228,-0.454407164,18.50881048,3.66,1.64,,,,
2,7/16/2013,2013,July,7,7.593,0.340185302,,,,,,,,
16,7/16/2013,2013,July,7,10.650,0.957091757,0.64863853,19.15744901,9.12,4.57,,,,
2,8/13/2013,2013,August,8,6.907,0.201749637,,,,,,,,
16,8/13/2013,2013,August,8,5.871,-0.00731647,0.097216584,19.25466559,6.39,6.39,,,,
2,9/16/2013,2013,September,9,4.572,-0.269456308,,,,,,,,
16,9/16/2013,2013,September,9,3.329,-0.520295276,-0.394875792,18.8597898,3.95,6.49,,,,
2,10/22/2013,2013,October,10,1.844,-0.819970148,,,,,,,,
16,10/22/2013,2013,October,10,1.950,-0.798579215,-0.809274681,18.05051512,1.90,4.08,,,,
2,11/19/2013,2013,November,11,0.546,-1.081908185,,,,,,,,
16,11/19/2013,2013,November,11,0.907,-1.00905793,-1.045483058,17.00503206,0.73,2.19,,,,
2,12/16/2013,2013,December,12,2.308,-0.726334363,,,,,,,,
16,12/16/2013,2013,December,12,2.047,-0.779004492,-0.752669428,16.25236263,2.18,1.60,3.84,,,
2,1/15/2014,2014,January,1,2.342,-0.71947312,,,,,,,,
16,1/15/2014,2014,January,1,2.721,-0.642990442,-0.681231781,15.57113085,2.53,1.81,,,,
2,2/18/2014,2014,February,2,4.169,-0.350782216,,,,,,,,
16,2/20/2014,2014,February,2,4.273,-0.329794885,-0.340288551,15.2308423,4.22,2.98,,,,
2,3/21/2014,2014,March,3,1.408,-0.907955498,,,,,,,,
16,3/21/2014,2014,March,3,1.734,-0.842168287,-0.875061893,14.35578041,1.57,2.77,,,,
2,4/18/2014,2014,April,4,5.267,-0.129204431,,,,,,,,
16,4/18/2014,2014,April,4,2.042,-0.780013499,-0.454608965,13.90117144,3.65,3.15,,,,
2,5/13/2014,2014,May,5,2.570,-0.673462433,,,,,,,,
16,5/13/2014,2014,May,5,1.565,-0.8762727,-0.774867566,13.12630388,2.07,2.43,,,,
2,6/18/2014,2014,June,6,6.963,0.213050507,,,,,,,,
16,6/18/2014,2014,June,6,7.840,0.390030213,0.30154036,13.42784424,7.40,4.37,,,,
2,7/14/2014,2014,July,7,5.837,-0.014177713,,,,,,,,
16,7/14/2014,2014,July,7,7.799,0.381756362,0.183789325,13.61163356,6.82,5.43,,,,
2,8/13/2014,2014,August,8,4.802,-0.223042018,,,,,,,,
16,8/11/2014,2014,August,8,11.370,1.102388665,0.439673324,14.05130689,8.09,7.44,,,,
2,9/16/2014,2014,September,9,5.647,-0.052519952,,,,,,,,
16,9/16/2014,2014,September,9,3.808,-0.423632471,-0.238076212,13.81323067,4.73,6.54,,,,
2,10/17/2014,2014,October,10,1.911,-0.806449464,,,,,,,,
16,10/17/2014,2014,October,10,1.192,-0.951544571,-0.878997017,12.93423366,1.55,4.79,,,,
2,11/10/2014,2014,November,11,0.739,-1.042960542,,,,,,,,
16,11/10/2014,2014,November,11,0.966,-0.997151656,-1.020056099,11.91417756,0.85,2.38,,,,
2,12/15/2014,2014,December,12,1.924,-0.803826047,,,,,,,,
16,12/15/2014,2014,December,12,2.330,-0.721894735,-0.762860391,11.15131717,2.13,1.51,3.80,,,
2,1/15/2015,2015,January,1,7.033,0.227176596,,,,,,,,
16,1/15/2015,2015,January,1,6.181,0.055241921,0.141209259,11.29252643,6.61,3.20,,,,
2,2/15/2015,2015,February,2,,,,,,,,,,
16,2/15/2015,2015,February,2,,,,,,4.37,,,,
2,3/16/2015,2015,March,3,10.528,0.932472003,,,,,,,,
16,3/16/2015,2015,March,3,10.226,0.871528023,0.902000013,12.19452644,10.38,8.49,,,,
2,4/24/2015,2015,April,4,0.988,-0.992712028,,,,,,,,
16,4/27/2015,2015,April,4,1.233,-0.943270719,-0.967991373,11.22653506,1.11,5.74,,,,
2,5/12/2015,2015,May,5,6.371,0.093584161,,,,,,,,
16,5/12/2015,2015,May,5,8.893,0.602526941,0.348055551,11.57459062,7.63,6.37,,,,
2,6/15/2015,2015,June,6,13.633,1.559064919,,,,,,,,
16,6/15/2015,2015,June,6,9.257,0.675982601,1.11752376,12.69211438,11.45,6.73,,,,
2,7/16/2015,2015,July,7,8.442,0.511514573,,,,,,,,
16,7/16/2015,2015,July,7,8.016,0.425547235,0.468530904,13.16064528,8.23,9.10,,,,
2,8/12/2015,2015,August,8,7.817,0.385388784,,,,,,,,
16,8/12/2015,2015,August,8,11.515,1.131649848,0.758519316,13.9191646,9.67,9.78,,,,
2,9/14/2015,2015,September,9,5.439,-0.094494615,,,,,,,,
16,9/14/2015,2015,September,9,4.944,-0.194386239,-0.144440427,13.77472417,5.19,7.70,,,,
2,10/14/2015,2015,October,10,2.509,-0.68577231,,,,,,,,
16,10/14/2015,2015,October,10,2.727,-0.641779635,-0.663775972,13.1109482,2.62,5.83,,,,
2,11/18/2015,2015,November,11,1.465,-0.896452826,,,,,,,,
16,11/18/2015,2015,November,11,0.857,-1.019147993,-0.95780041,12.15314779,1.16,2.99,,,,
2,12/14/2015,2015,December,12,1.098,-0.970513889,,,,,,,,
16,12/14/2015,2015,December,12,1.488,-0.891811397,-0.931162643,11.22198514,1.29,1.69,6.00,,,
2,1/14/2016,2016,January,1,3.518,-0.482154837,,,,,,,,
16,1/14/2016,2016,January,1,4.869,-0.209521333,-0.345838085,10.87614706,4.19,2.22,,,,
2,2/18/2016,2016,February,2,3.666,-0.45228825,,,,,,,,
16,2/18/2016,2016,February,2,3.816,-0.422018061,-0.437153156,10.4389939,3.74,3.08,,,,
2,3/15/2016,2016,March,3,5.229,-0.136872879,,,,,,,,
16,3/15/2016,2016,March,3,1.456,-0.898269038,-0.517570958,9.921422945,3.34,3.76,,,,
2,4/14/2016,2016,April,4,2.370,-0.713822685,,,,,,,,
16,4/14/2016,2016,April,4,2.391,-0.709584858,-0.711703772,9.209719173,2.38,3.15,,,,
2,5/17/2016,2016,May,5,7.392,0.299623249,,,,,,,,
16,5/17/2016,2016,May,5,8.535,0.53028209,0.414952669,9.624671843,7.96,4.56,,,,
2,6/21/2016,2016,June,6,15.529,1.94168011,,,,,,,,
16,6/21/2016,2016,June,6,14.457,1.725349158,1.833514634,11.45818648,14.99,8.45,,,,
2,7/19/2016,2016,July,7,13.767,1.586106288,,,,,,,,
16,7/20/2016,2016,July,7,10.378,0.902201814,1.244154051,12.70234053,12.07,11.68,,,,
2,8/16/2016,2016,August,8,9.406,0.706050988,,,,,,,,
16,8/15/2016,2016,August,8,11.232,1.074540091,0.89029554,13.59263607,10.32,12.46,,,,
2,9/12/2016,2016,September,9,8.626,0.548646005,,,,,,,,
16,9/12/2016,2016,September,9,11.245,1.077163508,0.812904756,14.40554082,9.94,10.78,,,,
2,10/13/2016,2016,October,10,1.513,-0.886766366,,,,,,,,
16,10/13/2016,2016,October,10,2.811,-0.624828329,-0.755797347,13.64974348,2.16,7.47,,,,
2,11/14/2016,2016,November,11,0.708,-1.049216381,,,,,,,,
16,11/14/2016,2016,November,11,0.953,-0.999775072,-1.024495726,12.62524775,0.83,4.31,,,,
2,12/14/16,2016,December,12,2.563,-0.674875042,,,,,,,,
16,12/14/16,2016,December,12,2.011,-0.786269338,-0.73057219,11.89467556,2.29,1.76,6.14,,,
2,1/15/2017,2017,January,1,2.88,-0.611307644,,,,,,,,
16,1/15/2017,2017,January,1,4.23,-0.33867414,-0.474990892,11.41968467,3.55,2.22,,,,
2,2/18/2017,2017,February,2,3.03,-0.581441058,,,,,,,,
16,2/18/2017,2017,February,2,3.18,-0.551170868,-0.566305963,10.85337871,3.10,2.98,,,,
2,3/23/2017,2017,March,3,4.529,-0.278133762,,,,,,,,
16,3/23/2017,2017,March,3,1.522,-0.884950154,-0.581541958,10.27183675,3.03,3.23,,,,
2,,2017,April,4,,,,,,,,,,
16,,2017,April,4,,,,,,3.06,,,,
2,5/31/2017,2017,May,5,6.685,0.156949757,,,,,,,,
16,5/31/2017,2017,May,5,13.681,1.56875138,0.862850568,11.13468732,10.18,6.60,,,,
2,6/29/2017,2017,June,6,8.025,0.427363447,,,,,,,,
16,6/29/2017,2017,June,6,7.33,0.28711157,0.357237509,11.49192482,7.68,8.93,,,,
2,7/18/2017,2017,July,7,13.879,1.60870803,,,,,,,,
16,7/18/2017,2017,July,7,9.434,0.711701424,1.160204727,12.65212955,11.66,9.84,,,,
2,,2017,August,8,,,,,,,,,,
16,,2017,August,8,,,,,,9.67,,,,
2,10/2/2017,2017,September,9,1.897,-0.809274681,,,,,,,,
16,10/2/2017,2017,September,9,2.061,-0.776179275,-0.792726978,11.85940257,1.98,6.82,,,,
2,,2017,October,10,,,,,,,,,,
16,,2017,October,10,,,,,,1.98,,,,
2,11/14/2017,2017,November,11,1.027,-0.984841779,,,,,,,,
16,11/14/2017,2017,November,11,0.299,-1.131753097,-1.058297438,10.80110514,0.66,1.32,,,,
2,12/20/2017,2017,December,12,2.306,-0.726737966,,,,,,,,
16,12/20/2017,2017,December,12,2.394,-0.708979455,-0.71785871,10.08324643,2.35,1.51,4.85,,,
2,1/26/2018,2018,January,1,2.262,-0.735617221,,,,,,,,
16,1/26/2018,2018,January,1,2.872,-0.612518452,-0.674067836,9.409178589,2.57,1.86,,,,
2,2/21/2018,2018,February,2,2.526,-0.682341688,,,,,,,,
16,2/21/2018,2018,February,2,1.977,-0.793130581,-0.737736134,8.671442454,2.25,2.39,,,,
2,3/27/2018,2018,March,3,6.843,0.188834356,,,,,,,,
16,3/27/2018,2018,March,3,4.484,-0.287214819,-0.049190231,8.622252223,5.66,3.49,,,,
2,4/26/2018,2018,April,4,4.340,-0.3162742,,,,,,,,
16,4/26/2018,2018,April,4,4.751,-0.233333882,-0.274804041,8.347448181,4.55,4.15,,,,
2,5/22/2018,2018,May,5,14.690,1.772368852,,,,,,,,
16,5/22/2018,2018,May,5,19.470,2.736978881,2.254673866,10.60212205,17.08,9.10,,,,
2,6/21/2018,2018,June,6,8.505,0.524228052,,,,,,,,
16,6/21/2018,2018,June,6,7.370,0.295183621,0.409705836,11.01182788,7.94,9.85,,,,
2,8/1/2018,2018,July,7,25.248,3.902986567,,,,,,,,
16,8/1/2018,2018,July,7,21.136,3.073179782,3.488083174,14.49991106,23.19,16.07,,,,
2,8/28/2018,2018,August,8,7.783,0.378527542,,,,,,,,
16,8/28/2018,2018,August,8,6.617,0.143227271,0.260877406,14.76078847,7.20,12.78,,,,
2,9/19/2018,2018,September,9,10.451,0.916933306,,,,,,,,
16,9/19/2018,2018,September,9,12.564,1.343339371,1.130136339,15.8909248,11.51,13.97,,,,
2,10/23/2018,2018,October,10,1.891,-0.810485489,,,,,,,,
16,10/23/2018,2018,October,10,2.45,-0.697678584,-0.754082037,15.13684277,2.17,6.96,,,,
2,11/14/2018,2018,November,11,0.80,-1.031054267,,,,,,,,
16,11/14/2018,2018,November,11,1.04,-0.981612958,-1.006333613,14.13050915,0.92,4.87,,,,
2,12/4/2018,2018,December,12,3.078,-0.570947392,,,,,,,,
16,12/4/2018,2018,December,12,2.302,-0.727545171,-0.649246281,13.48126287,2.69,1.93,7.28,,,
2,,2019,January,1,,,,,,,,,,
16,,2019,January,1,,,,,,1.81,,,,
2,,2019,February,2,,,,,,,,,,
16,,2019,February,2,,,,,,2.69,,,,
2,4/4/2019,2019,March,3,1.867,-0.815328719,,,,,,,,
16,4/4/2019,2019,March,3,0.658,-1.059306444,-0.937317582,12.54394529,1.26,1.26,,,,
2,4/30/2019,2019,April,4,3.732,-0.438969367,,,,,,,,
16,4/30/2019,2019,April,4,3.133,-0.559848323,-0.499408845,12.04453645,3.43,2.35,,,,
2,5/17/2019,2019,May,5,5.591,-0.063820823,,,,,,,,
16,5/17/2019,2019,May,5,4.952,-0.192771829,-0.128296326,11.91624012,5.27,3.32,,,,
2,6/25/2019,2019,June,6,5.787,-0.024267776,,,,,,,,
16,6/25/2019,2019,June,6,4.359,-0.312439977,-0.168353876,11.74788624,5.07,4.59,,,,
2,7/25/2019,2019,July,7,4.468,-0.290443639,,,,,,,,
16,7/25/2019,2019,July,7,3.464,-0.493052105,-0.391747872,11.35613837,3.97,4.77,,,,
2,,2019,August,8,,,,,,,,,,
16,,2019,August,8,,,,,,4.52,,,,
2,9/25/2019,2019,September,9,4.115,-0.361679484,,,,,,,,
16,9/25/2019,2019,September,9,3.610,-0.463589121,-0.412634303,10.94350407,3.86,3.91,,,,
2,10/29/2019,2019,October,10,1.844,-0.819970148,,,,,,,,
16,10/29/2019,2019,October,10,1.291,-0.931566246,-0.875768197,10.06773587,1.57,2.72,,,,
2,,2019,November,11,,,,,,,,,,
16,,2019,November,11,,,,,,2.72,,,,
2,12/29/2019,2019,December,12,1.142,-0.961634634,,,,,,,,
16,12/29/2019,2019,December,12,1.020,-0.986254387,-0.973944511,9.093791362,1.08,1.32,3.00,,,
2,,2020,January,1,,,,,,,,,,
16,,2020,January,1,,,,,,1.08,,,,
2,,2020,February,2,,,,,,,,,,
16,,2020,February,2,,,,,,1.08,,,,
2,,2020,March,3,,,,,,,,,,
16,,2020,March,3,,,,,,,,,,
2,,2020,April,4,,,,,,,,,,
16,,2020,April,4,,,,,,,,,,
2,,2020,May,5,,,,,,,,,,
16,,2020,May,5,,,,,,,,,,
2,6/24/20,2020,June,6,3.196,-0.547134843,,,,,,,,
16,6/23/20,2020,June,6,6.853,0.190852369,-0.178141237,8.915650125,5.02,5.02,,,,
2,7/29/22,2020,July,7,9.280,0.68062403,,,,,,,,
16,7/29/22,2020,July,7,6.768,0.173699262,0.427161646,9.34281177,8.02,6.52,,,,
2,8/27/20,2020,August,8,6.151,0.049187883,,,,,,,,
16,8/27/20,2020,August,8,8.263,0.475392147,0.262290015,9.605101786,7.21,6.75,,,,
2,9/23/20,2020,September,9,3.258,-0.534623165,,,,,,,,
16,9/23/20,2020,September,9,2.280,-0.731984798,-0.633303982,8.971797804,2.77,6.00,,,,
2,10/21/20,2020,October,10,1.345,-0.920668978,,,,,,,,
16,10/21/20,2020,October,10,1.117,-0.966679665,-0.943674321,8.028123483,1.23,3.74,,,,
2,11/20/20,2020,November,11,1.896,-0.809476483,,,,,,,,
16,11/20/20,2020,November,11,1.268,-0.936207675,-0.872842079,7.155281404,1.58,1.86,,,,
2,,2020,December,12,,,,,,,,,,
16,,2020,December,12,,,,,,1.41,3.72,,,
2,,2021,January,1,1.896,-0.809476483,,,,,,,,
16,,2021,January,1,1.268,-0.936207675,-0.872842079,6.282439325,1.58,1.58,,,,
2,2/4/2021,2021,February,2,7.361,0.293367409,,,,,,,,
16,2/4/2021,2021,February,2,3.969,-0.391142468,-0.048887529,6.233551796,5.67,3.62,,,,
2,3/26/2021,2021,March,3,2.648,-0.657721934,,,,,,,,
16,3/26/2021,2021,March,3,1.138,-0.962441839,-0.810081886,5.423469909,1.89,3.05,,,,
2,4/28/2021,2021,April,4,1.434,-0.902708665,,,,,,,,
16,4/28/2021,2021,April,4,1.192,-0.951544571,-0.927126618,4.496343291,1.31,2.96,,,,
2,5/19/2021,2021,May,5,5.229,-0.136872879,,,,,,,,
16,5/19/2021,2021,May,5,2.319,-0.724114549,-0.430493714,4.065849577,3.77,2.33,,,,
2,6/30/2021,2021,June,6,4.784,-0.226674441,,,,,,,,
16,6/30/2021,2021,June,6,5.398,-0.102768466,-0.164721453,3.901128124,5.09,3.39,,,,
2,7/28/2021,2021,July,7,5.743,-0.033147031,,,,,,,,
16,7/28/2021,2021,July,7,6.284,0.076027451,0.02144021,3.922568334,6.01,4.96,,,,
2,8/25/2021,2021,August,8,5.032,-0.176627728,,,,,,,,
16,8/25/2021,2021,August,8,4.444,-0.295286869,-0.235957299,3.686611035,4.74,5.28,,,,
2,9/29/2021,2021,September,9,2.361,-0.715638896,,,,,,,,
16,9/29/2021,2021,September,9,2.036,-0.781224306,-0.748431601,2.938179434,2.20,4.32,,,,
2,10/27/21,2021,October,10,0.966,-0.997151656,,,,,,,,
16,10/27/21,2021,October,10,1.019,-0.986456189,-0.991803922,1.946375512,0.99,2.64,,,,
2,11/16/21,2021,November,11,1.018,-0.98665799,,,,,,,,
16,11/16/21,2021,November,11,0.985,-0.993317432,-0.989987711,0.956387801,1.00,1.40,,,,
2,12/15/21,2021,December,12,1.192,-0.951544571,,,,,,,,
16,12/15/21,2021,December,12,1.144,-0.961231031,-0.956387801,1.12799E-13,1.17,1.05,3.05,,,
