9,Oct-99,1999,OCTOBER,10,0.815,0.000,,,,,,,,graphs not updated for 2020-2024 data
10,Oct-99,1999,OCTOBER,10,1.056,0.000,0.935,0.000,0,-0.84323712792979,-0.84323712792979,,,
9,Nov-99,1999,NOVEMBER,11,0.501,0.000,,,,,,,,
10,Nov-99,1999,NOVEMBER,11,0.606,0.000,0.554,0.000,0,-0.84323712792979,-1.68647425585958,,,
9,Dec-99,1999,DECEMBER,12,0.343,0.000,,,,,,,,
10,Dec-99,1999,DECEMBER,12,0.571,0.000,0.457,0.000,0,-0.84323712792979,-2.52971138378937,,,
9,Jan-00,2000,JANUARY,1,0.689,0.038,,,,,,,,
10,Jan-00,2000,JANUARY,1,1.349,0.089,1.019,0.064,0.0623624557041046,1.06272494077307,-1.4669864430163,,,
9,Feb-00,2000,FEBRUARY,2,4.912,0.044,,,,,,,,
10,Feb-00,2000,FEBRUARY,2,4.529,0.230,4.721,0.137,0.0289794331372758,0.0424512194667522,-1.42453522354955,,,
9,Mar-00,2000,MARCH,3,0.854,0.030,,,,,,,,
10,Mar-00,2000,MARCH,3,1.856,0.090,1.355,0.060,0.044503413135293,0.51690522704964,-0.907629996499907,,,
9,Apr-00,2000,APRIL,4,0.989,0.017,,,,,,,,
10,Apr-00,2000,APRIL,4,1.456,0.026,1.223,0.021,0.0174250726208982,-0.310680686961433,-1.21831068346134,,,
9,May-00,2000,MAY,5,2.061,0.000,,,,,,,,
10,May-00,2000,MAY,5,2.268,0.000,2.165,0.000,0,-0.84323712792979,-2.06154781139113,,,
9,Jun-00,2000,JUNE,6,3.116,0.046,,,,,,,,
10,Jun-00,2000,JUNE,6,5.029,0.059,4.073,0.053,0.0129368232721008,-0.447853492571863,-2.50940130396299,,,
9,Jul-00,2000,JULY,7,5.816,0.177,,,,,,,,
10,Jul-00,2000,JULY,7,6.692,0.322,6.254,0.249,0.0398314290044234,0.37411699912498,-2.13528430483801,,,
9,Aug-00,2000,AUGUST,8,0.846,0.000,,,,,,,,
10,Aug-00,2000,AUGUST,8,3.577,0.033,2.211,0.017,0.00748539245744049,-0.614463678710133,-2.74974798354815,,,
9,Sep-00,2000,SEPTEMBER,9,1.206,0.000,,,,,,,,
10,Sep-00,2000,SEPTEMBER,9,1.800,0.000,1.503,0.000,0,-0.84323712792979,-3.59298511147794,,,
9,Oct-00,2000,OCTOBER,10,0.440,0.000,,,,,,,,
10,Oct-00,2000,OCTOBER,10,1.562,0.000,1.001,0.000,0,-0.84323712792979,-4.43622223940773,,,
9,Nov-00,2000,NOVEMBER,11,0.395,0.049,,,,,,,,
10,Nov-00,2000,NOVEMBER,11,0.540,0.077,0.468,0.063,0.134148494145963,3.25669669489728,-1.17952554451045,,,
9,Dec-00,2000,DECEMBER,12,3.302,0.240,,,,,,,,
10,Dec-00,2000,DECEMBER,12,3.391,0.479,3.347,0.359,0.107375853920922,2.43845379262813,1.25892824811768,,,
9,Jan-01,2001,JANUARY,1,3.918,0.144,,,,,,,,
10,Jan-01,2001,JANUARY,1,3.824,0.197,3.871,0.170,0.0439737754599633,0.500718094776912,1.7596463428946,,,
9,Feb-01,2001,FEBRUARY,2,3.886,0.179,,,,,,,,
10,Feb-01,2001,FEBRUARY,2,2.356,0.053,3.121,0.116,0.0370557389350786,0.289284547822098,2.04893089071669,,,
9,Mar-01,2001,MARCH,3,5.607,0.000,,,,,,,,
10,Mar-01,2001,MARCH,3,8.920,0.000,7.264,0.000,0,-0.84323712792979,1.2056937627869,,,
9,Apr-01,2001,APRIL,4,0.823,0.000,,,,,,,,
10,Apr-01,2001,APRIL,4,1.609,0.051,1.216,0.025,0.0208086413452052,-0.207269851506568,0.998423911280336,,,
9,May-01,2001,MAY,5,0.283,0.000,,,,,,,,
10,May-01,2001,MAY,5,0.653,0.000,0.468,0.000,0,-0.84323712792979,0.155186783350545,,,
9,Jun-01,2001,JUNE,6,1.663,0.018,,,,,,,,
10,Jun-01,2001,JUNE,6,3.569,0.143,2.616,0.081,0.0308590172487753,0.0998962956910144,0.25508307904156,,,
9,Jul-01,2001,JULY,7,4.999,0.138,,,,,,,,
10,Jul-01,2001,JULY,7,3.929,0.279,4.464,0.209,0.0467641565600218,0.585999542947768,0.841082621989328,,,
9,Aug-01,2001,AUGUST,8,3.304,0.062,,,,,,,,
10,Aug-01,2001,AUGUST,8,1.665,0.000,2.485,0.031,0.0123968111448897,-0.464357695613313,0.376724926376015,,,
9,Sep-01,2001,SEPTEMBER,9,2.935,0.000,,,,,,,,
10,Sep-01,2001,SEPTEMBER,9,2.794,0.034,2.865,0.017,0.00597987759876549,-0.660476206313569,-0.283751279937554,,,
9,Oct-01,2001,OCTOBER,10,0.472,0.000,,,,,,,,
10,Oct-01,2001,OCTOBER,10,1.211,0.000,0.842,0.000,0,-0.84323712792979,-1.12698840786734,,,
9,Nov-01,2001,NOVEMBER,11,0.479,0.000,,,,,,,,
10,Nov-01,2001,NOVEMBER,11,0.310,0.000,0.394,0.000,0,-0.84323712792979,-1.97022553579713,,,
9,Dec-01,2001,DECEMBER,12,0.419,0.000,,,,,,,,
10,Dec-01,2001,DECEMBER,12,0.757,0.000,0.588,0.000,0,-0.84323712792979,-2.81346266372692,,,
9,Jan-02,2002,JANUARY,1,1.148,0.029,,,,,,,,
10,Jan-02,2002,JANUARY,1,1.682,0.044,1.415,0.036,0.0257218538140682,-0.0571090456915664,-2.87057170941849,,,
9,Feb-02,2002,FEBRUARY,2,0.713,0.020,,,,,,,,
10,Feb-02,2002,FEBRUARY,2,0.954,0.067,0.833,0.044,0.0522460282885766,0.753540084162092,-2.1170316252564,,,
9,Mar-02,2002,MARCH,3,1.348,0.066,,,,,,,,
10,Mar-02,2002,MARCH,3,1.289,0.072,1.318,0.069,0.0523415953795133,0.756460867961979,-1.36057075729442,,,
9,Apr-02,2002,APRIL,4,0.858,0.000,,,,,,,,
10,Apr-02,2002,APRIL,4,1.103,0.028,0.980,0.014,0.0141461390802068,-0.410893593650163,-1.77146435094458,,,
9,May-02,2002,MAY,5,1.940,,,,,,,,,
10,May-02,2002,MAY,5,2.434,,2.187,#DIV/0!,,,,,,
9,Jun-02,2002,JUNE,6,5.315,,,,,,,,,
10,Jun-02,2002,JUNE,6,4.261,,4.788,#DIV/0!,,,,,,
9,Jul-02,2002,JULY,7,10.683,,,,,,,,,
10,Jul-02,2002,JULY,7,8.476,,9.580,#DIV/0!,,,,,,
9,Aug-02,2002,AUGUST,8,7.968,,,,,,,,,
10,Aug-02,2002,AUGUST,8,4.655,,6.311,#DIV/0!,,,,,,
9,Sep-02,2002,SEPTEMBER,9,1.909,,,,,,,,,
10,Sep-02,2002,SEPTEMBER,9,1.782,,1.845,#DIV/0!,,,,,,
9,Oct-02,2002,OCTOBER,10,1.293,0.019,,,,,,,,
10,Oct-02,2002,OCTOBER,10,2.499,0.057,1.896,0.038,0.0200957170217955,-0.229058709930006,-2.00052306087459,,,
9,Nov-02,2002,NOVEMBER,11,1.087,0.014,,,,,,,,
10,Nov-02,2002,NOVEMBER,11,1.077,0.023,1.082,0.018,0.0169608307686913,-0.324869149410844,-2.32539221028543,,,
9,Dec-02,2002,DECEMBER,12,2.589,0.163,,,,,,,,
10,Dec-02,2002,DECEMBER,12,2.842,0.168,2.716,0.166,0.0610779204219675,1.02346613519812,-1.30192607508731,,,
9,Jan-03,2003,JANUARY,1,3.126,0.225,,,,,,,,
10,Jan-03,2003,JANUARY,1,3.298,0.387,3.212,0.306,0.0952663921450717,2.06835651925123,0.766430444163921,,,
9,Feb-03,2003,FEBRUARY,2,3.171,0.000,,,,,,,,
10,Feb-03,2003,FEBRUARY,2,4.037,0.516,3.604,0.258,0.0715412374615734,1.34325285887887,2.10968330304279,,,
9,Mar-03,2003,MARCH,3,5.039,0.159,,,,,,,,
10,Mar-03,2003,MARCH,3,7.641,0.286,6.340,0.222,0.0350796371903386,0.22888963670374,2.33857293974653,,,
9,Apr-03,2003,APRIL,4,12.053,0.069,,,,,,,,
10,Apr-03,2003,APRIL,4,13.397,0.060,12.725,0.064,0.00506649835928276,-0.688391498698056,1.65018144104847,,,
9,May-03,2003,MAY,5,1.848,0.000,,,,,,,,
10,May-03,2003,MAY,5,4.152,0.041,3.000,0.021,0.00685593345770691,-0.633701615442264,1.01647982560621,,,
9,Jun-03,2003,JUNE,6,25.687,0.000,,,,,,,,
10,Jun-03,2003,JUNE,6,23.762,0.048,24.724,0.024,0.000972580463316766,-0.813512489108019,0.202967336498186,,,
9,Jul-03,2003,JULY,7,17.656,0.412,,,,,,,,
10,Jul-03,2003,JULY,7,16.888,0.372,17.272,0.392,0.0227188992295178,-0.148887303420017,0.0540800330781697,,,
9,Aug-03,2003,AUGUST,8,24.114,0.209,,,,,,,,
10,Aug-03,2003,AUGUST,8,18.958,0.421,21.536,0.315,0.0146213245401806,-0.396370665518428,-0.342290632440258,,,
9,Sep-03,2003,SEPTEMBER,9,13.356,0.175,,,,,,,,
10,Sep-03,2003,SEPTEMBER,9,11.568,0.187,12.462,0.181,0.0145101836843926,-0.399767424883071,-0.742058057323329,,,
9,Oct-03,2003,OCTOBER,10,1.773,0.056,,,,,,,,
10,Oct-03,2003,OCTOBER,10,2.172,0.060,1.973,0.058,0.0293424347290302,0.0535455110072485,-0.68851254631608,,,
9,Nov-03,2003,NOVEMBER,11,0.869,0.000,,,,,,,,
10,Nov-03,2003,NOVEMBER,11,1.308,0.031,1.089,0.015,0.0140779350193482,-0.412978090667804,-1.10149063698388,,,
9,Dec-03,2003,DECEMBER,12,3.505,0.232,,,,,,,,
10,Dec-03,2003,DECEMBER,12,4.654,0.074,4.080,0.153,0.0375699132879873,0.304999079943697,-0.796491557040187,,,
9,Jan-04,2004,JANUARY,1,5.776,0.054,,,,,,,,
10,Jan-04,2004,JANUARY,1,5.898,0.056,5.837,0.055,0.00942577112702877,-0.555160559527289,-1.35165211656748,,,
9,Feb-04,2004,FEBRUARY,2,13.942,0.088,,,,,,,,
10,Feb-04,2004,FEBRUARY,2,27.691,0.728,20.817,0.408,0.0195986947239114,-0.244249029752583,-1.59590114632006,,,
9,Mar-04,2004,MARCH,3,10.276,0.111,,,,,,,,
10,Mar-04,2004,MARCH,3,9.898,0.126,10.087,0.119,0.0117930005385595,-0.482811749408216,-2.07871289572828,,,
9,Apr-04,2004,APRIL,4,1.617,0.070,,,,,,,,
10,Apr-04,2004,APRIL,4,1.271,0.106,1.444,0.088,0.0610815237875277,1.02357626360791,-1.05513663212036,,,
9,May-04,2004,MAY,5,2.191,0.015,,,,,,,,
10,May-04,2004,MAY,5,2.065,0.023,2.128,0.019,0.00888602273038806,-0.571656702262936,-1.6267933343833,,,
9,Jun-04,2004,JUNE,6,26.335,0.084,,,,,,,,
10,Jun-04,2004,JUNE,6,21.082,0.000,23.708,0.042,0.00178194969067808,-0.788776018590479,-2.41556935297378,,,
9,Jul-04,2004,JULY,7,14.373,0.542,,,,,,,,
10,Jul-04,2004,JULY,7,11.047,0.538,12.710,0.540,0.0424879164135293,0.455306300934487,-1.96026305203929,,,
9,Aug-04,2004,AUGUST,8,20.988,0.093,,,,,,,,
10,Aug-04,2004,AUGUST,8,21.952,0.565,21.470,0.329,0.0153107889582985,-0.375298804030354,-2.33556185606964,,,
9,Sep-04,2004,SEPTEMBER,9,3.903,0.009,,,,,,,,
10,Sep-04,2004,SEPTEMBER,9,3.912,0.039,3.907,0.024,0.00618509236482788,-0.654204298710884,-2.98976615478053,,,
9,Oct-04,2004,OCTOBER,10,1.806,0.019,,,,,,,,
10,Oct-04,2004,OCTOBER,10,1.280,0.013,1.543,0.016,0.0103922971275285,-0.52562096114925,-3.51538711592978,,,
9,Nov-04,2004,NOVEMBER,11,1.703,0.038,,,,,,,,
10,Nov-04,2004,NOVEMBER,11,1.307,0.036,1.505,0.037,0.0244668314150799,-0.0954658592717398,-3.61085297520152,,,
9,Dec-04,2004,DECEMBER,12,3.148,0.092,,,,,,,,
10,Dec-04,2004,DECEMBER,12,2.372,0.093,2.760,0.092,0.0334361823263537,0.178661296638962,-3.43219167856255,,,
9,Jan-05,2005,JANUARY,1,4.342,0.064,,,,,,,,
10,Jan-05,2005,JANUARY,1,2.039,0.018,3.190,0.041,0.0127747189276253,-0.452807831336332,-3.88499950989889,,,
9,Feb-05,2005,FEBRUARY,2,4.792,0.061,,,,,,,,
10,Feb-05,2005,FEBRUARY,2,5.613,0.582,5.202,0.321,0.0617528812695966,1.04409472909995,-2.84090478079894,,,
9,Mar-05,2005,MARCH,3,3.039,0.088,,,,,,,,
10,Mar-05,2005,MARCH,3,2.036,0.065,2.537,0.076,0.0300658435924174,0.0756548047836438,-2.76524997601529,,,
9,Apr-05,2005,APRIL,4,3.697,0.038,,,,,,,,
10,Apr-05,2005,APRIL,4,3.004,0.022,3.350,0.030,0.00901294237175014,-0.567777701356409,-3.3330276773717,,,
9,May-05,2005,MAY,5,6.005,0.033,,,,,,,,
10,May-05,2005,MAY,5,4.002,0.088,5.004,0.061,0.0121160756842054,-0.472937715969515,-3.80596539334122,,,
9,Jun-05,2005,JUNE,6,15.885,0.060,,,,,,,,
10,Jun-05,2005,JUNE,6,6.559,0.098,11.222,0.079,0.00703501281621918,-0.628228475220982,-4.4341938685622,,,
9,Jul-05,2005,JULY,7,15.474,0.499,,,,,,,,
10,Jul-05,2005,JULY,7,17.421,3.360,16.448,1.930,0.117314603870256,2.74220835456575,-1.69198551399645,,,
9,Aug-05,2005,AUGUST,8,23.905,0.479,,,,,,,,
10,Aug-05,2005,AUGUST,8,39.265,1.407,31.585,0.943,0.0298562500223738,0.0692490693160952,-1.62273644468036,,,
9,Sep-05,2005,SEPTEMBER,9,20.783,0.106,,,,,,,,
10,Sep-05,2005,SEPTEMBER,9,17.379,0.116,19.081,0.111,0.00581844909738159,-0.665409889520418,-2.28814633420078,,,
9,Oct-05,2005,OCTOBER,10,3.851,0.010,,,,,,,,
10,Oct-05,2005,OCTOBER,10,3.902,0.022,3.876,0.016,0.0041664516794799,-0.715899312692836,-3.00404564689361,,,
9,Nov-05,2005,NOVEMBER,11,0.923,0.000,,,,,,,,
10,Nov-05,2005,NOVEMBER,11,1.599,0.000,1.261,0.000,7.92927090354042E-05,-0.840813732410165,-3.84485937930378,,,
9,Dec-05,2005,DECEMBER,12,1.649,0.013,,,,,,,,
10,Dec-05,2005,DECEMBER,12,2.767,0.027,2.208,0.020,0.00901206892647692,-0.567804396160856,-4.41266377546463,,,
9,Jan-06,2006,JANUARY,1,4.621,0.055,,,,,,,,
10,Jan-06,2006,JANUARY,1,3.340,0.201,3.980,0.128,0.0322325365222525,0.141874688079877,-4.27078908738475,,,
9,Feb-06,2006,February,2,2.934,0.077,,,,,,,,
10,Feb-06,2006,February,2,6.067,0.505,4.501,0.291,0.0646483724030663,1.13258861870628,-3.13820046867848,,,
9,Mar-06,2006,March,3,0.813,0.010,,,,,,,,
10,Mar-06,2006,March,3,1.302,0.061,1.057,0.035,0.033290774105074,0.174217235687425,-2.96398323299105,,,
9,Apr-06,2006,April,4,1.154,0.058,,,,,,,,
10,Apr-06,2006,April,4,0.942,0.026,1.048,0.042,0.0400686891814539,0.381368299490371,-2.58261493350068,,,
9,May-06,2006,May,5,1.729,0.011,,,,,,,,
10,May-06,2006,May,5,4.934,0.026,3.331,0.018,0.00553812904290924,-0.67397721396088,-3.25659214746156,,,
9,Jun-06,2006,June,6,14.876,0.031,,,,,,,,
10,Jun-06,2006,June,6,18.332,0.034,16.604,0.032,0.00195440131779047,-0.783505439421469,-4.04009758688303,,,
9,Jul-06,2006,July,7,15.461,0.036,,,,,,,,
10,Jul-06,2006,July,7,15.345,0.150,15.403,0.093,0.00601519868334345,-0.659396700276307,-4.69949428715934,,,
9,Aug-06,2006,August,8,15.323,0.028,,,,,,,,
10,Aug-06,2006,August,8,10.604,0.078,12.963,0.053,0.00408852820698753,-0.718280860711675,-5.41777514787101,,,
9,Sep-06,2006,Septemeber,9,9.823,0.013,,,,,,,,
10,Sep-06,2006,Septemeber,9,5.909,0.015,7.866,0.014,0.00174801838279696,-0.789813049365369,-6.20758819723638,,,
9,Oct-06,2006,October,10,1.724,0.033,,,,,,,,
10,Oct-06,2006,October,10,1.370,0.001,1.547,0.017,0.0109889786683904,-0.507384790505584,-6.71497298774197,,,
9,Nov-06,2006,November,11,1.140,0.022,,,,,,,,
10,Nov-06,2006,November,11,0.896,0.020,1.018,0.021,0.0206286836935167,-0.212769834697073,-6.92774282243904,,,
9,Dec-06,2006,December,12,2.003,0.059,,,,,,,,
10,Dec-06,2006,December,12,0.763,0.007,1.383,0.033,0.0238611713665944,-0.113976436924732,-7.04171925936377,,,
9,Jan-07,2007,January,1,0.985,0.041,,,,,,,,
10,Jan-07,2007,January,1,2.019,0.241,1.502,0.141,0.0938748335552597,2.02582679750416,-5.01589246185961,,,
9,Feb-07,2007,February,2,6.253,0.112,,,,,,,,
10,Feb-07,2007,February,2,5.253,0.039,5.753,0.076,0.0131235876933774,-0.44214547644714,-5.45803793830675,,,
9,Mar-07,2007,March,3,1.662,0.034,,,,,,,,
10,Mar-07,2007,March,3,3.250,0.141,2.456,0.088,0.0356270358306189,0.245619591178018,-5.21241834712873,,,
9,Apr-07,2007,April,4,1.630,0.023,,,,,,,,
10,Apr-07,2007,April,4,1.372,0.001,1.501,0.012,0.00799463690872752,-0.598899817459131,-5.81131816458786,,,
9,May-07,2007,May,5,10.595,0.049,,,,,,,,
10,May-07,2007,May,5,10.764,0.103,10.680,0.076,0.00711643803548855,-0.625739904531919,-6.43705806911978,,,
9,Jun-07,2007,June,6,25.084,0.072,,,,,,,,
10,Jun-07,2007,June,6,17.117,0.130,21.101,0.101,0.00478661643089026,-0.696945432843347,-7.13400350196313,,,
9,Jul-07,2007,July,7,18.766,0.822,,,,,,,,
10,Jul-07,2007,July,7,18.003,1.037,18.385,0.930,0.0505588947210966,0.701976807056559,-6.43202669490657,,,
9,Aug-07,2007,August,8,10.600,0.001,,,,,,,,
10,Aug-07,2007,August,8,11.553,0.001,11.077,0.001,9.02721978964474E-05,-0.840478170106426,-7.27250486501299,,,
9,Sep-07,2007,September,9,13.128,0.001,,,,,,,,
10,Sep-07,2007,September,9,8.681,0.064,10.905,0.032,0.00298041634187721,-0.752147698682279,-8.02465256369527,,,
9,Oct-07,2007,October,10,1.598,0.013,,,,,,,,
10,Oct-07,2007,October,10,1.010,0.001,1.304,0.007,0.00536805981595092,-0.679174980661637,-8.70382754435691,,,
9,Nov-07,2007,November,11,1.105,0.001,,,,,,,,
10,Nov-07,2007,November,11,1.290,0.001,1.198,0.001,0.000834989561586639,-0.817717632037934,-9.52154517639484,,,
9,Dec-07,2007,December,12,2.456,0.067,,,,,,,,
10,Dec-07,2007,December,12,2.827,0.112,2.642,0.090,0.0338822638652281,0.192294731740962,-9.32925044465388,,,
9,Jan-08,2008,January,1,1.515,0.078,,,,,,,,
10,Jan-08,2008,January,1,1.718,0.057,1.617,0.068,0.0417568821527993,0.432963954788198,-8.89628648986568,,,
9,Feb-08,2008,February,2,1.886,0.058,,,,,,,,
10,Feb-08,2008,February,2,1.662,0.024,1.774,0.041,0.0231116121758737,-0.136884954070684,-9.03317144393637,,,
9,Mar-08,2008,March,3,1.875,0.051,,,,,,,,
10,Mar-08,2008,March,3,1.525,0.062,1.700,0.057,0.0332352941176471,0.172521620105678,-8.86064982383069,,,
9,Apr-08,2008,April,4,1.222,0.035,,,,,,,,
10,Apr-08,2008,April,4,1.135,0.040,1.179,0.038,0.0318201103097157,0.129269849024732,-8.73137997480596,,,
9,May-08,2008,May,5,3.517,0.001,,,,,,,,
10,May-08,2008,May,5,3.001,0.001,3.259,0.001,0.000306811905492482,-0.833860142249981,-9.56524011705594,,,
9,Jun-08,2008,June,6,10.605,0.034,,,,,,,,
10,Jun-08,2008,June,6,4.043,0.096,7.324,0.065,0.00887493173129438,-0.571995672615176,-10.1372357896711,,,
9,Jul-08,2008,July,7,10.544,0.364,,,,,,,,
10,Jul-08,2008,July,7,4.607,1.207,7.576,0.786,0.103689525443865,2.32578981603001,-7.8114459736411,,,
9,Aug-08,2008,August,8,10.703,0.459,,,,,,,,
10,Aug-08,2008,August,8,8.690,0.114,9.697,0.287,0.0295467436703965,0.0597897342044343,-7.75165623943667,,,
9,Sep-08,2008,September,9,1.730,0.019,,,,,,,,
10,Sep-08,2008,September,9,1.797,0.027,1.764,0.023,0.0130422455344485,-0.444631508591871,-8.19628774802854,,,
9,Oct-08,2008,October,10,3.992,0.011,,,,,,,,
10,Oct-08,2008,October,10,1.312,0.046,2.652,0.029,0.0107466063348416,-0.514792331934659,-8.7110800799632,,,
9,Nov-08,2008,November,11,0.627,0.019,,,,,,,,
10,Nov-08,2008,November,11,0.772,0.042,0.700,0.031,0.043602573266619,0.489373171098947,-8.22170690886425,,,
9,Dec-08,2008,December,12,1.215,0.044,,,,,,,,
10,Dec-08,2008,December,12,4.312,0.357,2.764,0.201,0.0725529220191786,1.37417262254945,-6.8475342863148,,,
9,Jan-09,2009,January,1,2.718,0.034,,,,,,,,
10,Jan-09,2009,January,1,2.084,0.022,2.401,0.028,0.0116618075801749,-0.486821354218333,-7.33435564053314,,,
9,Feb-09,2009,February,2,2.077,0.001,,,,,,,,
10,Feb-09,2009,February,2,1.731,0.001,1.904,0.001,0.00052515756302521,-0.827186919773016,-8.16154256030615,,,
9,Mar-09,2009,March,3,3.859,0.052,,,,,,,,
10,Mar-09,2009,March,3,3.526,0.053,3.693,0.053,0.014218009478673,-0.408697043629921,-8.57023960393607,,,
9,Apr-09,2009,April,4,0.665,0.012,,,,,,,,
10,Apr-09,2009,April,4,0.528,0.008,0.597,0.010,0.0167644593461861,-0.330870780976606,-8.90111038491268,,,
9,May-09,2009,May,5,0.596,0.007,,,,,,,,
10,May-09,2009,May,5,0.852,0.021,0.724,0.014,0.0193370165745856,-0.252246608122326,-9.153356993035,,,
9,Jun-09,2009,June,6,3.119,0.013,,,,,,,,
10,Jun-09,2009,June,6,2.516,0.001,2.818,0.007,0.00248445430346051,-0.767305614163092,-9.9206626071981,,,
9,Jul-09,2009,July,7,4.570,0.086,,,,,,,,
10,Jul-09,2009,July,7,3.239,0.118,3.905,0.102,0.0261237034191318,-0.0448274558162651,-9.96549006301436,,,
9,Aug-09,2009,August,8,5.719,0.097,,,,,,,,
10,Aug-09,2009,August,8,13.336,0.773,9.528,0.435,0.0456573077932301,0.552171308612271,-9.41331875440209,,,
9,Sep-09,2009,September,9,3.095,0.022,,,,,,,,
10,Sep-09,2009,September,9,3.554,0.048,3.325,0.035,0.0105278989321703,-0.521476610302625,-9.93479536470471,,,
9,Oct-09,2009,October,10,0.786,0.010,,,,,,,,
10,Oct-09,2009,October,10,1.147,0.013,0.967,0.012,0.0118986032074496,-0.479584251725744,-10.4143796164305,,,
9,Nov-09,2009,November,11,1.613,0.042,,,,,,,,
10,Nov-09,2009,November,11,1.095,0.029,1.354,0.036,0.026218611521418,-0.0419268124575677,-10.456306428888,,,
9,Dec-09,2009,December,12,1.868,0.045,,,,,,,,
10,Dec-09,2009,December,12,1.395,0.001,1.632,0.023,0.0140974256818878,-0.412382404319743,-10.8686888332078,,,
9,Jan-10,2010,January,1,9.447,0.483,,,,,,,,
10,Jan-10,2010,January,1,7.715,0.127,8.581,0.305,0.03553347511945,0.242760127665949,-10.6259287055418,,,
9,Feb-10,2010,February,2,5.395,0.032,,,,,,,,
10,Feb-10,2010,February,2,3.267,0.000,4.331,0.016,0.00374157238513046,-0.728884750961169,-11.354813456503,,,
9,Mar-10,2010,March,3,9.594,0.082,,,,,,,,
10,Mar-10,2010,March,3,8.558,0.067,9.076,0.075,0.00821367480167475,-0.592205438431678,-11.9470188949347,,,
9,Apr-10,2010,April,4,2.259,0.000,,,,,,,,
10,Apr-10,2010,April,4,2.421,0.028,2.340,0.014,0.00603082264957265,-0.658919190424276,-12.6059380853589,,,
9,May-10,2010,May,5,2.922,0.000,,,,,,,,
10,May-10,2010,May,5,3.617,0.051,3.270,0.025,0.0077544731610338,-0.606239858645989,-13.2121779440049,,,
9,Jun-10,2010,June,6,7.138,0.234,,,,,,,,
10,Jun-10,2010,June,6,9.115,0.768,8.127,0.501,0.0616573324924629,1.04117450501846,-12.1710034389865,,,
9,Jul-10,2010,July,7,6.094,0.211,,,,,,,,
10,Jul-10,2010,July,7,12.361,0.336,9.228,0.274,0.0296418450284476,0.0626962839719327,-12.1083071550145,,,
9,Aug-10,2010,August,8,4.220,0.210,,,,,,,,
10,Aug-10,2010,August,8,8.138,0.147,6.179,0.178,0.0288532226088364,0.0385938909321301,-12.0697132640824,,,
9,Sep-10,2010,September,9,2.308,0.000,,,,,,,,
10,Sep-10,2010,September,9,1.877,0.032,2.093,0.016,0.00770797491039427,-0.607660968526596,-12.677374232609,,,
9,Oct-10,2010,October,10,1.004,0.000,,,,,,,,
10,Oct-10,2010,October,10,0.586,0.000,0.795,0.000,0,-0.84323712792979,-13.5206113605388,,,
9,Nov-10,2010,November,11,0.454,0.016,,,,,,,,
10,Nov-10,2010,November,11,1.268,0.069,0.861,0.043,0.0496708042973287,0.674834407961322,-12.8457769525775,,,
9,Dec-10,2010,December,12,4.319,0.011,,,,,,,,
10,Dec-10,2010,December,12,0.813,0.034,2.566,0.022,0.00869809528448948,-0.577400263505142,-13.4231772160826,,,
9,Jan-11,2011,January,1,4.494,0.082,,,,,,,,
10,Jan-11,2011,January,1,5.173,0.074,4.834,0.078,0.0161562015102927,-0.349460753903661,-13.7726379699863,,,
9,Feb-11,2011,February,2,5.968,0.075,,,,,,,,
10,Feb-11,2011,February,2,7.669,0.037,6.819,0.056,0.00824375779130307,-0.591286022470626,-14.3639239924569,,,
9,Mar-11,2011,March,3,3.025,0.049,,,,,,,,
10,Mar-11,2011,March,3,6.466,0.207,4.746,0.128,0.0269506242756295,-0.0195545609549373,-14.3834785534118,,,
9,Apr-11,2011,April,4,0.822,0.000,,,,,,,,
10,Apr-11,2011,April,4,1.183,0.017,1.003,0.009,0.00853977556109726,-0.582238934210235,-14.9657174876221,,,
9,May-11,2011,May,5,4.089,0.048,,,,,,,,
10,May-11,2011,May,5,2.357,0.035,3.223,0.041,0.0128624534595098,-0.450126431317695,-15.4158439189398,,,
9,Jun-11,2011,June,6,2.949,0.019,,,,,,,,
10,Jun-11,2011,June,6,3.826,0.056,3.388,0.037,0.0109882472324723,-0.507407145127445,-15.9232510640672,,,
9,Jul-11,2011,July,7,12.976,0.683,,,,,,,,
10,Jul-11,2011,July,7,10.025,1.783,11.501,1.233,0.107199920655624,2.4330768053608,-13.4901742587064,,,
9,Aug-11,2011,August,8,4.316,0.044,,,,,,,,
10,Aug-11,2011,August,8,6.459,0.095,5.388,0.069,0.0128695591647332,-0.449909262117504,-13.9400835208239,,,
9,Sep-11,2011,September,9,1.679,0.013,,,,,,,,
10,Sep-11,2011,September,9,2.711,0.000,2.195,0.007,0.00302952733485194,-0.75064673646536,-14.6907302572893,,,
9,Oct-11,2011,October,10,1.693,0.081,,,,,,,,
10,Oct-11,2011,October,10,1.528,0.047,1.611,0.064,0.039806504191245,0.373355230718792,-14.3173750265705,,,
9,Nov-11,2011,November,11,0.927,0.055,,,,,,,,
10,Nov-11,2011,November,11,0.666,0.000,0.797,0.027,0.0342167294413057,0.202516886947862,-14.1148581396226,,,
9,Dec-11,2011,December,12,0.368,0.042,,,,,,,,
10,Dec-11,2011,December,12,0.413,0.000,0.391,0.021,0.0540409731113956,0.808398359210464,-13.3064597804122,,,
9,Jan-12,2012,January,1,1.243,0.075,,,,,,,,
10,Jan-12,2012,January,1,1.210,0.092,1.227,0.083,0.0680248165511618,1.2357817082135,-12.0706780721987,,,
9,Feb-12,2012,February,2,1.022,0.083,,,,,,,,
10,Feb-12,2012,February,2,2.654,0.317,1.838,0.200,0.108862418389554,2.48388714604414,-9.58679092615452,,,
9,Mar-12,2012,March,3,0.807,0.053,,,,,,,,
10,Mar-12,2012,March,3,1.095,0.123,0.951,0.088,0.0927453995793901,1.99130829926982,-7.5954826268847,,,
9,Apr-12,2012,April,4,1.558,0.061,,,,,,,,
10,Apr-12,2012,April,4,0.849,0.033,1.204,0.047,0.0389917428334026,0.348453962390607,-7.24702866449409,,,
9,May-12,2012,May,5,3.210,0.000,,,,,,,,
10,May-12,2012,May,5,3.669,0.027,3.440,0.013,0.00390652711149877,-0.723843296965146,-7.97087196145924,,,
9,Jun-12,2012,June,6,5.196,0.152,,,,,,,,
10,Jun-12,2012,June,6,3.335,0.195,4.266,0.173,0.0406159154847029,0.398092986887828,-7.57277897457141,,,
9,Jul-12,2012,July,7,8.501,0.535,,,,,,,,
10,Jul-12,2012,July,7,4.301,0.188,6.401,0.361,0.0564595668645524,0.882316999858464,-6.69046197471295,,,
9,Aug-12,2012,August,8,4.918,0.094,,,,,,,,
10,Aug-12,2012,August,8,2.959,0.029,3.939,0.062,0.0156164466167323,-0.365957095202411,-7.05641906991536,,,
9,Sep-12,2012,September,9,5.354,0.954,,,,,,,,
10,Sep-12,2012,September,9,2.870,0.081,4.112,0.518,0.125862886065175,3.00346653357956,-4.0529525363358,,,
9,Oct-12,2012,October,10,0.819,0.000,,,,,,,,
10,Oct-12,2012,October,10,0.449,0.000,0.634,0.000,0,-0.84323712792979,-4.89618966426559,,,
9,Nov-12,2012,November,11,0.961,0.000,,,,,,,,
10,Nov-12,2012,November,11,1.843,0.000,1.402,0.000,0,-0.84323712792979,-5.73942679219538,,,
9,Dec-12,2012,December,12,0.899,0.105,,,,,,,,
10,Dec-12,2012,December,12,1.251,0.206,1.075,0.155,0.144540988372093,3.5743188855339,-2.16510790666148,,,
9,Jan-13,2013,January,1,1.665,0.104,,,,,,,,
10,Jan-13,2013,January,1,1.169,0.095,1.417,0.100,0.0703682074805928,1.30740195108575,-0.857705955575728,,,
9,Feb-13,2013,February,2,2.944,0.139,,,,,,,,
10,Feb-13,2013,February,2,2.371,0.061,2.658,0.100,0.0374746237064911,0.302086777568432,-0.555619178007295,,,
9,Mar-13,2013,March,3,8.384,0.000,,,,,,,,
10,Mar-13,2013,March,3,8.671,0.000,8.528,0.000,0,-0.84323712792979,-1.39885630593709,,,
9,Apr-13,2013,April,4,0.495,0.000,,,,,,,,
10,Apr-13,2013,April,4,0.755,0.000,,,,,,,,
10,Apr-13,2013,April,4,0.755,0.000,0.668,0.000,0,-0.84323712792979,-2.24209343386688,,,
9,May-13,2013,May,5,0.659,0.020,,,,,,,,
10,May-13,2013,May,5,2.657,0.066,1.658,0.043,0.0258471049457177,-0.0532810388677352,-2.29537447273461,,,
9,Jun-13,2013,June,6,4.781,0.062,,,,,,,,
10,Jun-13,2013,June,6,3.680,0.056,4.231,0.059,0.0139599929086396,-0.416582714423799,-2.71195718715841,,,
9,Jul-13,2013,July,7,7.825,0.612,,,,,,,,
10,Jul-13,2013,July,7,10.163,2.993,8.994,1.802,0.200396166889037,5.28140130222128,2.56944411506287,,,
9,Aug-13,2013,August,8,3.544,0.088,,,,,,,,
10,Aug-13,2013,August,8,3.451,0.135,3.498,0.112,0.0320088277340958,0.135037554104825,2.7044816691677,,,
9,Sep-13,2013,September,9,1.628,0.000,,,,,,,,
10,Sep-13,2013,September,9,1.265,0.000,1.447,0.000,0,-0.84323712792979,1.86124454123791,,,
9,Oct-13,2013,October,10,0.601,0.000,,,,,,,,
10,Oct-13,2013,October,10,0.930,0.000,0.766,0.000,0,-0.84323712792979,1.01800741330812,,,
9,Nov-13,2013,November,11,0.249,0.000,,,,,,,,
10,Nov-13,2013,November,11,0.366,0.000,0.308,0.000,0,-0.84323712792979,0.174770285378325,,,
9,Dec-13,2013,December,12,0.960,0.107,,,,,,,,
10,Dec-13,2013,December,12,1.035,0.101,0.998,0.104,0.103798308270677,2.32911450777424,2.50388479315256,,,
9,Jan-14,2014,January,1,1.985,0.068,,,,,,,,
10,Jan-14,2014,January,1,1.813,0.066,1.899,0.067,0.0353585110584518,0.23741276185292,2.74129755500548,,,
9,Feb-14,2014,February,2,3.096,0.035,,,,,,,,
10,Feb-14,2014,February,2,4.509,0.187,3.803,0.111,0.0292025147928994,0.0492691866080619,2.79056674161355,,,
9,Mar-14,2014,March,3,6.693,0.183,,,,,,,,
10,Mar-14,2014,March,3,4.542,0.086,5.618,0.135,0.0239727859368046,-0.110565199590771,2.68000154202278,,,
9,Apr-14,2014,April,4,2.200,0.078,,,,,,,,
10,Apr-14,2014,April,4,1.270,0.036,1.735,0.057,0.0328849423631124,0.16181394114552,2.8418154831683,,,
9,May-13,2014,May,5,0.907,0.000,,,,,,,,
10,May-13,2014,May,5,3.200,0.123,2.054,0.061,0.029867969320672,0.0696072421586503,2.91142272532695,,,
9,Jun-14,2014,June,6,3.644,0.083,,,,,,,,
10,Jun-14,2014,June,6,5.594,0.031,4.619,0.057,0.0123495480623512,-0.465802180785542,2.4456205445414,,,
9,Jul-14,2014,July,7,5.219,0.137,,,,,,,,
10,Jul-14,2014,July,7,6.884,0.059,6.052,0.098,0.0161907068495414,-0.348406179207505,2.0972143653339,,,
9,Aug-14,2014,August,8,9.948,0.423,,,,,,,,
10,Aug-14,2014,August,8,6.989,0.154,8.469,0.288,0.0340575736553109,0.197652663951897,2.2948670292858,,,
9,Sep-14,2014,September,9,1.971,0.050,,,,,,,,
10,Sep-14,2014,September,9,2.074,0.000,2.023,0.025,0.0123851977750309,-0.464712631001773,1.83015439828402,,,
9,Oct-14,2014,October,10,1.563,0.000,,,,,,,,
10,Oct-14,2014,October,10,1.704,0.000,1.634,0.000,0,-0.84323712792979,0.986917270354233,,,
9,Nov-14,2014,November,11,0.517,0.000,,,,,,,,
10,Nov-14,2014,November,11,0.579,0.000,0.548,0.000,0,-0.84323712792979,0.143680142424442,,,
9,Dec-14,2014,December,12,0.725,0.089,,,,,,,,
10,Dec-14,2014,December,12,1.506,0.296,1.116,0.192,0.172446324518153,4.42717997973378,4.57086012215822,,,
9,Jan-15,,,1,3.976,0.051,,,,,,,,
10,Jan-15,,,1,6.220,0.092,5.098,0.072,0.0140251078854453,-0.414592628008908,4.15626749414931,,,
9,Feb-15,,,2,,,,,,,,,,
10,Feb-15,,,2,,,,,,,,,,
9,Mar-15,,,3,9.702,0.074,,,,,,,,
10,Mar-15,,,3,9.532,0.050,9.617,0.062,0.00644691691795778,-0.646202245852535,3.51006524829678,,,
9,Apr-15,,,4,1.241,0.008,,,,,,,,
10,Apr-15,,,4,1.594,0.009,1.418,0.009,0.00599647266313933,-0.659969017126306,2.85009623117047,,,
9,May-15,,,5,2.585,0.019,,,,,,,,
10,May-15,,,5,1.622,0.001,2.104,0.010,0.00475395768956501,-0.697943570608685,2.15215266056178,,,
9,Jun-15,,,6,5.152,0.219,,,,,,,,
10,Jun-15,,,6,4.380,0.076,4.766,0.148,0.0309483843894251,0.102627592564172,2.25478025312596,,,
9,Jul-15,,,7,11.953,0.978,,,,,,,,
10,Jul-15,,,7,4.716,0.491,8.335,0.735,0.0881276621273022,1.85017799374324,4.10495824686919,,,
9,Aug-15,,,8,7.184,0.033,,,,,,,,
10,Aug-15,,,8,3.668,0.019,5.426,0.026,0.0047917434574272,-0.696788737312449,3.40816950955674,,,
9,Sep-15,,,9,3.682,0.012,,,,,,,,
10,Sep-15,,,9,1.704,0.008,2.693,0.010,0.00371333085777943,-0.729747886950372,2.67842162260637,,,
9,Oct-15,,,10,1.911,0.001,,,,,,,,
10,Oct-15,,,10,1.555,0.012,1.733,0.006,0.00375069244085401,-0.728606017866436,1.94981560473994,,,
9,Nov-15,,,11,0.356,0.001,,,,,,,,
10,Nov-15,,,11,0.478,0.017,0.417,0.009,0.0215826139088729,-0.183615196924545,1.76620040781539,,,
9,Dec-15,,,12,1.258,0.091,,,,,,,,
10,Dec-15,,,12,2.394,0.369,1.826,0.230,0.125958378970427,3.00638505006813,4.77258545788353,,,
9,Jan-16,,,1,1.826,0.013,,,,,,,,
10,Jan-16,,,1,3.114,0.038,2.470,0.026,0.0103238866396761,-0.527711767123388,4.24487369076014,,,
9,Feb-16,,,2,6.765,0.355,,,,,,,,
10,Feb-16,,,2,4.335,0.33,5.550,0.343,0.0617117117117117,1.04283647820479,5.28771016896493,,,
9,Mar-16,,,3,2.052,0.029,,,,,,,,
10,Mar-16,,,3,1.521,0.01,1.787,0.020,0.0109151973131822,-0.509639744432858,4.77807042453207,,,
9,Apr-16,,,4,1.613,0.016,,,,,,,,
10,Apr-16,,,4,1.442,0.01,1.528,0.013,0.00851063829787234,-0.583129446263769,4.1949409782683,,,
9,May-16,,,5,1.478,0.012,,,,,,,,
10,May-16,,,5,1.682,0.01,1.580,0.011,0.0069620253164557,-0.630459166820087,3.56448181144822,,,
9,Jun-16,,,6,1.738,0.042,,,,,,,,
10,Jun-16,,,6,1.972,0.061,1.855,0.052,0.0277628032345014,0.00526778241064562,3.56974959385886,,,
9,Jul-16,,,7,7.685,0.026,,,,,,,,
10,Jul-16,,,7,8.951,0.072,8.318,0.049,0.00589083914402501,-0.663197457673465,2.9065521361854,,,
9,Aug-16,,,8,4.257,0.014,,,,,,,,
10,Aug-16,,,8,3.775,0.058,4.016,0.036,0.00896414342629482,-0.569269126573399,2.337283009612,,,
9,Sep-16,,,9,1.189,0.016,,,,,,,,
10,Sep-16,,,9,3.073,0.111,2.131,0.064,0.0297982167996246,0.0674754200901992,2.4047584297022,,,
9,Oct-16,,,10,0.741,0.01,,,,,,,,
10,Oct-16,,,10,0.859,0.017,0.800,0.014,0.016875,-0.327492365376383,2.07726606432581,,,
9,Nov-16,,,11,0.249,0.032,,,,,,,,
10,Nov-16,,,11,0.196,0.0009999,0.223,0.016,0.0741570786516854,1.42319990441793,3.50046596874375,,,
9,Dec-16,,,12,0.745,0.02,,,,,,,,
10,Dec-16,,,12,1.111,0.008,0.928,0.014,0.0150862068965517,-0.38216262756276,3.11830334118099,,,
9,Jan-17,,,1,,,,,,,,,,
10,Jan-17,,,1,,,,,,,,,,
9,Feb-17,,,2,,,,,,,,,,
10,Feb-17,,,2,,,,,,,,,,
9,Mar-17,,,3,0.531,0.0009999,,,,,,,,
10,Mar-17,,,3,0.54,0.0009999,0.536,0.001,0.0018672268907563,-0.786169721150149,2.33213362003084,,,
9,Apr-17,,,4,0.716,0.0009999,,,,,,,,
10,Apr-17,,,4,0.83,0.017,0.773,0.009,0.0116428848641656,-0.487399682613895,1.84473393741694,,,
9,May-17,,,5,0.941,0.129,,,,,,,,
10,May-17,,,5,2.545,0.364,1.743,0.247,0.141422834193919,3.47901982264635,5.32375376006329,,,
9,Jun-17,,,6,2.71,0.036,,,,,,,,
10,Jun-17,,,6,2.599,0.111,2.655,0.074,0.0276888302881899,0.00300697295104305,5.32676073301433,,,
9,Jul-17,,,7,1.377,0.098,,,,,,,,
10,Jul-17,,,7,1.393,0.039,1.385,0.069,0.0494584837545126,0.668345328972293,5.99510606198663,,,
9,Aug-17,,,8,,,,,,,,,,
10,Aug-17,,,8,,,,,,,,,,
9,Sep-17,,,9,0.416,0.0009999,,,,,,,,
10,Sep-17,,,9,0.785,0.021,0.601,0.011,0.0183179850124896,-0.283390915738779,5.71171514624785,,,
9,Oct-17,,,10,,,,,,,,,,
10,Oct-17,,,10,,,,,,,,,,
9,Nov-17,,,11,0.198,0.0009999,,,,,,,,
10,Nov-17,,,11,0.178,0.0009999,0.188,0.001,0.0053186170212766,-0.680686083618631,5.03102906262922,,,
9,Dec-17,,,12,0.893,0.109,,,,,,,,
10,Dec-17,,,12,1.59,0.232,1.242,0.171,0.137333870318164,3.35405024023505,8.38507930286426,,,
9,Jan-18,,,1,7.323,0.04,,,,,,,,
10,Jan-18,,,1,8.65,0.052,7.9865,0.046,0.00575971952670131,-0.667204820986218,7.71787448187805,,,
9,Feb-18,,,2,1.143,0.008,,,,,,,,
10,Feb-18,,,2,1.004,0.0009999,1.0735,0.00449995,0.00419184909175594,-0.715123100404612,7.00275138147343,,,
9,Mar-18,,,3,3.394,0.013,,,,,,,,
10,Mar-18,,,3,3.253,0.036,3.3235,0.0245,0.00737174665262524,-0.617936995961667,6.38481438551177,,,
9,Apr-18,,,4,0.541,0.0009999,,,,,,,,
10,Apr-18,,,4,1.148,0.016,0.8445,0.00849995,0.0100650680876258,-0.535621948615038,5.84919243689673,,,
9,May-18,,,5,1.667,0.084,,,,,,,,
10,May-18,,,5,2.024,0.039,1.8455,0.0615,0.0333243023570848,0.175241948005773,6.0244343849025,,,
9,Jun-18,,,6,3.161,0.068,,,,,,,,
10,Jun-18,,,6,2.011,0.033,2.586,0.0505,0.0195282289249807,-0.246402651485184,5.77803173341732,,,
9,Jul-18,,,7,6.191,0.073,,,,,,,,
10,Jul-18,,,7,8.585,0.149,7.388,0.111,0.0150243638332431,-0.384052715622119,5.3939790177952,,,
9,Aug-18,,,8,1.928,0.023,,,,,,,,
10,Aug-18,,,8,3.03,0.032,2.479,0.0275,0.0110931827349738,-0.504200037819532,4.88977897997567,,,
9,Sep-18,,,9,2.299,0.024,,,,,,,,
10,Sep-18,,,9,2.401,0.018,2.35,0.021,0.00893617021276596,-0.570124062180468,4.3196549177952,,,
9,Oct-18,,,10,0.408,0.0009999,,,,,,,,
10,Oct-18,,,10,0.917,0.018,0.6625,0.00949995,0.0143395471698113,-0.40498252939837,3.91467238839683,,,
9,Nov-18,,,11,,,,,,,,,,
10,Nov-18,,,11,,,,,,,,,,
9,Dec-18,,,12,,,,,,,,,,
10,Dec-18,,,12,,,,,,,,,,
9,Jan-19,,,1,,,,,,,,,,
10,Jan-19,,,1,,,,,,,,,,
9,Feb-19,,,2,,,,,,,,,,
10,Feb-19,,,2,,,,,,,,,,
9,Mar-19,,,3,0.444,0.001,,,,,,,,
10,Mar-19,,,3,0.702,0.001,0.573,0.001,0.00174502617801047,-0.789904499080754,3.12476788931607,,,
9,Apr-19,,,4,1.586,0.001,,,,,,,,
10,Apr-19,,,4,1.992,0.030,1.789,0.015,0.00866403018446059,-0.578441383322965,2.54632650599311,,,
9,May-19,,,5,0.507,0.001,,,,,,,,
10,May-19,,,5,0.747,0.001,0.627,0.001,0.00159473684210526,-0.794497739842872,1.75182876615024,,,
9,Jun-19,,,6,1.654,0.076,,,,,,,,
10,Jun-19,,,6,2.087,0.186,1.871,0.131,0.0700347500668271,1.29721060799335,3.04903937414358,,,
9,Jul-19,,,7,6.538,0.351,,,,,,,,
10,Jul-19,,,7,4.418,0.113,5.478,0.232,0.0423512230741146,0.451128589889802,3.50016796403338,,,
9,Aug-19,,,8,,,,,,,,,,
10,Aug-19,,,8,,,,,,,,,,
9,Sep-19,,,9,,,,,,,,,,
10,Sep-19,,,9,,,,,,,,,,
9,Oct-19,,,10,3.479,0.0009999,,,,,,,,
10,Oct-19,,,10,1.141,0.0009999,2.310,0.001,0.000432857142857143,-0.830007865449055,2.67016009858433,,,
9,Nov-19,,,11,,,,,,,,,,
10,Nov-19,,,11,,,,,,,,,,
9,Dec-19,,,12,2.309,0.02,,,,,,,,
10,Dec-19,,,12,2.286,0.024,2.298,0.022,0.00957562568008705,-0.550580606882276,2.11957949170205,,,
9,Jan-20,2020,January,1,,,,,,,,,,
10,Jan-20,2020,January,1,,,,,,,,,,
9,Feb-20,2020,February,2,0.321,0.001,,,,,,,,
10,Feb-20,2020,February,2,0.101,0.001,0.211,0.001,0.00473886255924171,-0.698404917832644,1.42117457386941,,,
9,Mar-20,2020,March,3,,,,,,,,,,
10,Mar-20,2020,March,3,,,,,,,,,,
9,Apr-20,2020,April,4,,,,,,,,,,
10,Apr-20,2020,April,4,,,,,,,,,,
9,May-20,2020,May,5,,,,,,,,,,
10,May-20,2020,May,5,,,,,,,,,,
9,Jun-20,2020,June,6,2.269,0.032,,,,,,,,
10,Jun-20,2020,June,6,2.159,0.078,2.214,0.055,0.0248419150858175,-0.0840023073486433,1.33717226652077,,,
9,Jul-20,2020,July,7,7.376,0.112,,,,,,,,
10,Jul-20,2020,July,7,4.771,0.095,6.074,0.104,0.0170412447517906,-0.32241148478154,1.01476078173923,,,
9,Aug-20,2020,August,8,2.957,0.090,,,,,,,,
10,Aug-20,2020,August,8,1.817,0.091,2.387,0.091,0.0379136992040218,0.315506089462773,1.330266871202,,,
9,Sep-20,2020,September,9,0.899,0.026,,,,,,,,
10,Sep-20,2020,September,9,2.043,0.001,1.471,0.013,0.00917739632902787,-0.562751552192132,0.767515319009866,,,
9,Oct-20,2020,October,10,0.850,0.001,,,,,,,,
10,Oct-20,2020,October,10,1.034,0.001,0.942,0.001,0.00106146496815287,-0.810795942865567,-0.0432806238557011,,,
9,Nov-20,2020,November,11,0.477,0.001,,,,,,,,
10,Nov-20,2020,November,11,0.367,0.001,0.422,0.001,0.00236943127962085,-0.770821022881217,-0.814101646736918,,,
9,Dec-20,2020,December,12,,,,,,,,,,
10,Dec-20,2020,December,12,,,,,,,,,,
9,Jan-21,2021,January,1,,,,,,,,,,
10,Jan-21,2021,January,1,,,,,,,,,,
9,Feb-21,2021,February,2,1.814,0.091,,,,,,,,
10,Feb-21,2021,February,2,3.079,0.066,2.447,0.079,0.032086654404251,0.137416143587463,-0.676685503149456,,,
9,Mar-21,2021,March,3,1.944,0.019,,,,,,,,
10,Mar-21,2021,March,3,2.294,0.042,2.119,0.031,0.0143935818782445,-0.403331085376415,-1.08001658852587,,,
9,Apr-21,2021,April,4,0.491,0.001,,,,,,,,
10,Apr-21,2021,April,4,0.929,0.021,0.710,0.011,0.0154928873239437,-0.369733394942886,-1.44974998346876,,,
9,May-21,2021,May,5,1.102,0.001,,,,,,,,
10,May-21,2021,May,5,1.237,0.001,1.170,0.001,0.000854980761008978,-0.817106647955017,-2.26685663142377,,,
9,Jun-21,2021,June,6,4.428,0.079,,,,,,,,
10,Jun-21,2021,June,6,7.256,0.144,5.842,0.112,0.0190859294762068,-0.259920495881356,-2.52677712730513,,,
9,Jul-21,2021,July,7,,,,,,,,,,
10,Jul-21,2021,July,7,,,,,,,,,,
9,Aug-21,2021,August,8,1.791,0.064,,,,,,,,
10,Aug-21,2021,August,8,2.581,0.046,2.186,0.055,0.02516010978957,-0.0742774331600467,-2.60105456046518,,,
9,Sep-21,2021,September,9,1.242,0.022,,,,,,,,
10,Sep-21,2021,September,9,1.141,0.029,1.192,0.026,0.0214015946286194,-0.189147626300067,-2.79020218676524,,,
9,Oct-21,2021,October,10,1.868,0.089,,,,,,,,
10,Oct-21,2021,October,10,1.801,0.085,1.835,0.087,0.0474243663123467,0.606177304248404,-2.18402488251684,,,
9,Nov-21,2021,November,11,1.008,0.046,,,,,,,,
10,Nov-21,2021,November,11,1.512,0.061,1.260,0.054,0.0424603174603175,0.454462803715466,-1.72956207880137,,,
9,Dec-21,2021,December,12,12.759,0.663,,,,,,,,
10,Dec-21,2021,December,12,12.851,0.670,12.805,0.667,0.0520499804763764,0.74754834298566,-0.982013735815713,,,
9,Jan-22,2022,January,1,,,,,,,,,,
10,Jan-22,2022,January,1,,,,,,,,,,
9,Feb-22,2022,February,2,,,,,,,,,,
10,Feb-22,2022,February,2,,,,,,,,,,
9,Mar-22,2022,March,3,,,,,,,,,,
10,Mar-22,2022,March,3,,,,,,,,,,
9,Apr-22,2022,April,4,,,,,,,,,,
10,Apr-22,2022,April,4,,,,,,,,,,
9,May-22,2022,May,5,,,,,,,,,,
10,May-22,2022,May,5,,,,,,,,,,
9,Jun-22,2022,June,6,,,,,,,,,,
10,Jun-22,2022,June,6,,,,,,,,,,
9,Jul-22,2022,July,7,,,,,,,,,,
10,Jul-22,2022,July,7,,,,,,,,,,
9,Aug-22,2022,August,8,,,,,,,,,,
10,Aug-22,2022,August,8,,,,,,,,,,
9,Sep-22,2022,September,9,,,,,,,,,,
10,Sep-22,2022,September,9,,,,,,,,,,
9,Oct-22,2022,October,10,,,,,,,,,,
10,Oct-22,2022,October,10,,,,,,,,,,
9,Nov-22,2022,November,11,,,,,,,,,,
10,Nov-22,2022,November,11,,,,,,,,,,
9,Dec-22,2022,December,12,,,,,,,,,,
10,Dec-22,2022,December,12,,,,,,,,,,
9,Jan-23,2023,January,1,1.141,0.059,,,,,,,,
10,Jan-23,2023,January,1,3.279,0.102,2.210,0.081,0.0364253393665158,0.270017864811601,-0.711995871004112,,,
9,Feb-23,2023,February,2,8.746,0.001,,,,,,,,
10,Feb-23,2023,February,2,1.136,0.001,4.941,0.001,0.000202367941712204,-0.837052226830722,-1.54904809783483,,,
9,Mar-23,2023,March,3,3.051,0.094,,,,,,,,
10,Mar-23,2023,March,3,2.555,0.126,2.803,0.110,0.0392436674991081,0.356153448428868,-1.19289464940597,,,
9,Apr-23,2023,April,4,2.9,0.081,,,,,,,,
10,Apr-23,2023,April,4,2.529,0.121,2.715,0.101,0.0372075888745625,0.293925484769234,-0.898969164636732,,,
9,May-23,2023,May,5,5.089,0.037,,,,,,,,
10,May-23,2023,May,5,5.17,0.076,5.130,0.057,0.0110147187835072,-0.506598104309497,-1.40556726894623,,,
9,Jun-23,2023,June,6,4.707,0.444,,,,,,,,
10,Jun-23,2023,June,6,4.938,0.633,4.823,0.539,0.111664074650078,2.56951319302726,1.16394592408103,,,
9,Jul-23,2023,July,7,6.767,0.132,,,,,,,,
10,Jul-23,2023,July,7,7.281,0.225,7.024,0.179,0.0254128701594533,-0.0665524057853279,1.09739351829571,,,
9,Aug-23,2023,August,8,4.741,0.065,,,,,,,,
10,Aug-23,2023,August,8,4.601,0.089,4.671,0.077,0.0164846927852708,-0.339421189185769,0.757972329109936,,,
9,Sep-23,2023,September,9,1.428,0.075,,,,,,,,
10,Sep-23,2023,September,9,1.58,0.001,1.504,0.038,0.0252659242021277,-0.0710434640294226,0.686928865080513,,,
9,Oct-23,2023,October,10,0.932,0.001,,,,,,,,
10,Oct-23,2023,October,10,0.715,0.001,0.824,0.001,0.00121420765027322,-0.806127721335379,-0.119198856254865,,,
9,Nov-23,2023,November,11,0.54,0.001,,,,,,,,
10,Nov-23,2023,November,11,0.312,0.001,0.426,0.001,0.00234718309859155,-0.771500986308903,-0.890699842563769,,,
9,Dec-23,2023,December,12,0.716,0.046,,,,,,,,
10,Dec-23,2023,December,12,0.616,0.031,0.666,0.039,0.0578078078078078,0.923522819422555,0.0328229768587861,,,
9,Jan-24,2024,January,1,1.423,0.059,,,,,,,,
10,Jan-24,2024,January,1,1.786,0.071,1.605,0.065,0.0405110626363353,0.394888405709495,0.427711382568281,,,
9,Feb-24,2024,February,2,,,,,,,,,,
10,Feb-24,2024,February,2,,,,,,,,,,
9,Mar-24,2024,March,3,0.32,0.009,,,,,,,,
10,Mar-24,2024,March,3,0.513,0.012,0.417,0.011,0.0252100840336134,-0.0727500877006111,0.35496129486767,,,
9,Apr-24,2024,April,4,0.919,0.025,,,,,,,,
10,Apr-24,2024,April,4,1.327,0.020,1.123,0.023,0.0200356188780053,-0.230895468620313,0.124065826247357,,,
9,May-24,2024,May,5,3.297,0.041,,,,,,,,
10,May-24,2024,May,5,3.885,0.128,3.591,0.085,0.0235310498468393,-0.124065826247389,-3.18495230189342E-14,,,
9,Jun-24,2024,June,6,,,,,,,,,,
10,Jun-24,2024,June,6,,,,,,,,,,
9,Jul-24,2024,July,7,,,,,,,,,,
10,Jul-24,2024,July,7,,,,,,,,,,
9,Aug-24,2024,August,8,,,,,,,,,,
10,Aug-24,2024,August,8,,,,,,,,,,
9,Sep-24,2024,September,9,,,,,,,,,,
10,Sep-24,2024,September,9,,,,,,,,,,
9,Oct-24,2024,October,10,,,,,,,,,,
10,Oct-24,2024,October,10,,,,,,,,,,
9,Nov-24,2024,November,11,,,,,,,,,,
10,Nov-24,2024,November,11,,,,,,,,,,
9,Dec-24,2024,December,12,,,,,,,,,,
10,Dec-24,2024,December,12,,,,,,,,,,
