STA,DATE,YEAR,MONTH,MONTH#,[TChl a],Perid,But fuco,Fuco,Zea,Gyr diester,Average,[TChl a].1,Perid.1,But fuco.1,Fuco.1,Zea.1,Gyr diester.1,Unnamed: 18,Unnamed: 19,Unnamed: 20,Unnamed: 21
11.0,1999-10-13,1999.0,OCTOBER,10.0,4.106693605813688,0.11788707516666667,0.0,1.2921542806666668,0.0210353325,no data,1999,3.9287711602470887,0.07178209735185186,0.004367845888888889,1.3122566430925926,0.01172131832037037,,,,,
12.0,1999-10-13,1999.0,OCTOBER,10.0,3.7245782451451728,0.10253528183333334,0.0,1.144954023333333,0.020341964833333333,no data,,,,,,,,,,,
13.0,1999-10-13,1999.0,OCTOBER,10.0,5.199582894934325,0.23786033366666665,0.0,1.3668172096666666,0.03895134916666667,no data,,,,,,,,,,,
11.0,1999-11-09,1999.0,NOVEMBER,11.0,4.783622335691151,0.04010556416666667,0.01842582116666667,1.9281980323333334,0.011880551999999999,no data,,,,,,,,,,,
12.0,1999-11-09,1999.0,NOVEMBER,11.0,3.370258053614915,0.030830854333333338,0.0,1.1784671433333331,0.007176156166666666,no data,,,,,,,,,,,
13.0,1999-11-09,1999.0,NOVEMBER,11.0,3.7752817717032925,0.034932039166666665,0.0,1.3183590496666668,0.0,no data,,,,,,,,,,,
11.0,1999-12-08,1999.0,DECEMBER,12.0,5.113192456632147,0.04964151866666667,0.020884791833333333,1.9067034250000001,0.006106510216666666,no data,,,,,,,,,,,
12.0,1999-12-08,1999.0,DECEMBER,12.0,2.454749919437222,0.019097802833333333,0.0,0.7865529683333334,0.0,no data,,,,,,,,,,,
13.0,1999-12-08,1999.0,DECEMBER,12.0,2.8309811592518894,0.013148406333333333,0.0,0.8881036555,0.0,no data,Average,[TChl a],Perid,But fuco,Fuco,Zea,Gyr diester,,,,
11.0,2000-01-06,2000.0,JANUARY,1.0,4.7393735604971265,0.07594514549999999,0.0,1.7825228903333334,0.009798457166666665,no data,2000,3.987137985480551,0.07140210009722221,0.019063180305555556,1.3892418635925925,0.02544305206944444,,,,,
12.0,2000-01-06,2000.0,JANUARY,1.0,2.340421151892789,0.0411249635,0.0,0.8030255348333334,0.0,no data,,,,,,,,,,,
13.0,2000-01-06,2000.0,JANUARY,1.0,3.0815296131146908,0.059161433666666666,0.0,1.0579135275,0.006882518000000001,no data,,,,,,,,,,,
11.0,2000-02-22,2000.0,FEBRUARY,2.0,5.568273607943954,0.0654320395,0.0,2.1888015383333332,0.012084138333333333,no data,,,,,,,,,,,
12.0,2000-02-22,2000.0,FEBRUARY,2.0,5.011411286971004,0.06718978,0.0122897165,1.9253816848333332,0.012229018000000001,no data,,,,,,,,,,,
13.0,2000-02-22,2000.0,FEBRUARY,2.0,4.330095237403594,0.043239661500000005,0.0,1.7433120786666665,0.011932339666666666,no data,,,,,,,,,,,
11.0,2000-03-14,2000.0,MARCH,3.0,2.7330777372704516,0.06834839799999999,0.017073785666666664,0.9676434311666665,0.009698970333333333,no data,,,,,,,,,,,
12.0,2000-03-14,2000.0,MARCH,3.0,1.886406529651847,0.050338660333333334,0.0,0.519533243,0.0147075925,no data,,,,,,,,,,,
13.0,2000-03-14,2000.0,MARCH,3.0,2.802103381796879,0.07059340383333332,0.0,0.8797471808333333,0.010958542833333333,no data,,,,,,,,,,,
11.0,2000-04-10,2000.0,APRIL,4.0,4.406464651144777,0.07197374433333334,0.0,1.6410688625,0.0064108728333333335,no data,,,,,,,,,,,
12.0,2000-04-10,2000.0,APRIL,4.0,1.5442306758268094,0.023379825166666666,0.0,0.5495892741666668,0.0,no data,,,,,,,,,,,
13.0,2000-04-10,2000.0,APRIL,4.0,3.8972157484737124,0.036587462333333334,0.0,1.387279732833333,0.0,no data,,,,,,,,,,,
11.0,2000-05-17,2000.0,MAY,5.0,1.3313097890552754,0.2075917005,0.0,0.323530553,0.013288883000000003,no data,,,,,,,,,,,
12.0,2000-05-17,2000.0,MAY,5.0,1.43264098345655,0.16471748799999997,0.0,0.36833579549999995,0.010015567000000001,no data,,,,,,,,,,,
13.0,2000-05-17,2000.0,MAY,5.0,2.1475948154173143,0.11549991533333333,0.0,0.6636139748333334,0.010418756,no data,,,,,,,,,,,
11.0,2000-06-15,2000.0,JUNE,6.0,2.7638883740746656,0.053150709666666664,0.0,0.8713644978333334,0.0495749495,no data,,,,,,,,,,,
12.0,2000-06-15,2000.0,JUNE,6.0,2.212467690162529,0.0701602325,0.020004716,0.5422342723333334,0.026379945499999998,no data,,,,,,,,,,,
13.0,2000-06-15,2000.0,JUNE,6.0,6.233613008177316,0.074122618,0.19263754,2.6135140796666665,0.09416119516666666,no data,,,,,,,,,,,
11.0,2000-07-12,2000.0,JULY,7.0,8.344598365117868,0.2156364008333333,0.028658078666666666,3.026375107833333,0.02621441366666667,no data,,,,,,,,,,,
12.0,2000-07-12,2000.0,JULY,7.0,8.183647306424204,0.11616078466666668,0.061780065499999995,3.0311425084999994,0.033271269500000006,no data,,,,,,,,,,,
13.0,2000-07-12,2000.0,JULY,7.0,10.88529023980014,0.27073449450000003,0.2249227471666667,4.1097812715,0.05327001,no data,,,,,,,,,,,
11.0,2000-08-17,2000.0,AUGUST,8.0,2.3004537499939484,0.0,0.0,0.5761441864999999,0.049131714166666667,no data,,,,,,,,,,,
12.0,2000-08-17,2000.0,AUGUST,8.0,5.106229168663791,0.028334458166666666,0.0,1.760925756,0.04351097016666666,no data,,,,,,,,,,,
13.0,2000-08-17,2000.0,AUGUST,8.0,3.1531346366686517,0.0,0.0,0.8618736216666667,0.048509213833333335,no data,,,,,,,,,,,
11.0,2000-09-14,2000.0,SEPTEMBER,9.0,6.492177452105331,0.05173602366666667,0.037777829666666665,2.5259510186666665,0.10645119900000001,no data,,,,,,,,,,,
12.0,2000-09-14,2000.0,SEPTEMBER,9.0,5.079659737493162,0.031726026166666664,0.012722887833333332,1.8800452518333333,0.07849500666666667,no data,,,,,,,,,,,
13.0,2000-09-14,2000.0,SEPTEMBER,9.0,7.330004405776894,0.08028409233333333,0.0,2.3694259121666668,0.12728297233333336,no data,,,,,,,,,,,
11.0,2000-10-16,2000.0,OCTOBER,10.0,5.608402927335503,0.0,0.0,1.916688904833333,0.0,no data,,,,,,,,,,,
12.0,2000-10-16,2000.0,OCTOBER,10.0,2.3146530410208395,0.020375616333333336,0.0,0.6277442015,0.0,no data,,,,,,,,,,,
13.0,2000-10-16,2000.0,OCTOBER,10.0,4.072224668232008,0.04094894833333333,0.0,1.0858327408333333,0.013631373499999998,no data,,,,,,,,,,,
11.0,2000-11-16,2000.0,NOVEMBER,11.0,0.962724455722162,0.0411067225,0.0,0.2577485798333333,0.0,no data,,,,,,,,,,,
12.0,2000-11-16,2000.0,NOVEMBER,11.0,1.196434973225741,0.058946106,0.014805611666666668,0.3426709181666667,0.0,no data,,,,,,,,,,,
13.0,2000-11-16,2000.0,NOVEMBER,11.0,1.2792640717183579,0.05401967316666667,0.0,0.3700387081666666,0.0,no data,,,,,,,,,,,
11.0,2000-12-13,2000.0,DECEMBER,12.0,5.036679486112558,0.068993932,0.06360151233333333,1.8358230706666665,0.019002820666666666,no data,,,,,,,,,,,
12.0,2000-12-13,2000.0,DECEMBER,12.0,3.671016996577056,0.06365710633333334,0.0,1.2523043001666665,0.009885154333333333,no data,,,,,,,,,,,
13.0,2000-12-13,2000.0,DECEMBER,12.0,4.05825395298034,0.06925803683333334,0.0,1.3537788783333335,0.008752010833333334,no data,Average,[TChl a],Perid,But fuco,Fuco,Zea,Gyr diester,,,,
11.0,2001-01-11,2001.0,JANUARY,1.0,3.125475490778856,0.07383663266666667,0.022087963999999998,0.9715448036666667,0.0,no data,2001,3.3319496364052026,0.04928534918109801,0.015473024945314131,1.0108783897340365,0.03322501316322686,,,,,
12.0,2001-01-11,2001.0,JANUARY,1.0,3.2308198186483583,0.08374705183333334,0.0,0.9421364328333334,0.0,no data,,,,,,,,,,,
13.0,2001-01-11,2001.0,JANUARY,1.0,3.020907313756669,0.0900341165,0.0,0.9182539318333331,0.0,no data,,,,,,,,,,,
11.0,2001-02-07,2001.0,FEBRUARY,2.0,3.880696749689162,0.05727789316666668,0.0,1.5608120268333334,0.01592512683333333,no data,,,,,,,,,,,
12.0,2001-02-07,2001.0,FEBRUARY,2.0,3.7602562722602824,0.050864085,0.0,1.4864522758333334,0.013872699833333335,no data,,,,,,,,,,,
13.0,2001-02-07,2001.0,FEBRUARY,2.0,1.8625191553600533,0.0,0.0,0.7633242080000001,0.007854952,no data,,,,,,,,,,,
11.0,2001-03-12,2001.0,MARCH,3.0,3.2236465770558715,0.04026837033333334,0.0,1.1456036754999999,0.019648177833333332,no data,,,,,,,,,,,
12.0,2001-03-12,2001.0,MARCH,3.0,3.117138801870483,0.0,0.0,1.1268791841666668,0.019920010666666665,no data,,,,,,,,,,,
13.0,2001-03-12,2001.0,MARCH,3.0,3.3878468817028526,0.0337788725,0.0,1.21835413,0.025159475833333333,no data,,,,,,,,,,,
11.0,2001-04-17,2001.0,APRIL,4.0,0.7725410136571013,0.0,0.0,0.20908421266666669,0.0,no data,,,,,,,,,,,
12.0,2001-04-17,2001.0,APRIL,4.0,0.8076055210454097,0.0,0.0,0.18882286466666667,0.0,no data,,,,,,,,,,,
13.0,2001-04-17,2001.0,APRIL,4.0,1.5445543631392016,0.04102044466666666,0.0,0.37802931449999994,0.0,no data,,,,,,,,,,,
11.0,2001-05-14,2001.0,MAY,5.0,0.563534464688195,0.0,0.0,0.10816000949999999,0.0,no data,,,,,,,,,,,
12.0,2001-05-14,2001.0,MAY,5.0,1.084055434604925,0.0,0.0,0.22260456766666667,0.0,no data,,,,,,,,,,,
13.0,2001-05-14,2001.0,MAY,5.0,1.508409912420185,0.0,0.0,0.3732998635,0.0,no data,,,,,,,,,,,
11.0,2001-06-12,2001.0,JUNE,6.0,1.7758276859708828,0.029967342166666668,0.0,0.3322797333333333,0.021784576333333333,no data,,,,,,,,,,,
12.0,2001-06-12,2001.0,JUNE,6.0,1.914392267167972,0.04599583466666667,0.0,0.3924986208333333,0.02047405483333333,no data,,,,,,,,,,,
13.0,2001-06-12,2001.0,JUNE,6.0,2.5548083213208304,0.08805025050000001,0.0,0.44492461766666663,0.027031799166666665,no data,,,,,,,,,,,
11.0,2001-07-18,2001.0,JULY,7.0,6.588467702218723,0.2135186626666667,0.06069231483333334,2.057825707,0.08727951583333335,no data,,,,,,,,,,,
12.0,2001-07-18,2001.0,JULY,7.0,5.784878629385802,0.15766367233333334,0.038277166,1.6313453611666668,0.07176659366666667,no data,,,,,,,,,,,
13.0,2001-07-18,2001.0,JULY,7.0,7.344308074631081,0.2622708801666667,0.053596356166666664,2.093952217166667,0.09802556150000001,no data,,,,,,,,,,,
11.0,2001-08-14,2001.0,AUGUST,8.0,2.7299850378703443,0.0,0.015954165666666666,0.7805345914999999,0.06654788549999999,no data,,,,,,,,,,,
12.0,2001-08-14,2001.0,AUGUST,8.0,4.795988604964508,0.05274762549999999,0.027598213666666663,1.3567874901666668,0.10584476533333335,no data,,,,,,,,,,,
13.0,2001-08-14,2001.0,AUGUST,8.0,8.055875444214927,0.14380198,0.0,1.5364394300000002,0.16346976166666669,no data,,,,,,,,,,,
11.0,2001-09-11,2001.0,SEPTEMBER,9.0,3.7815516579730826,0.0,0.019176323,1.1698955506666666,0.05123173550000001,no data,,,,,,,,,,,
12.0,2001-09-11,2001.0,SEPTEMBER,9.0,6.745595406270279,0.047763744,0.020248139000000002,2.1877742765000003,0.10258748883333334,no data,,,,,,,,,,,
13.0,2001-09-11,2001.0,SEPTEMBER,9.0,7.185663900818831,0.0,0.0,2.1598375560000003,0.15274017483333333,no data,,,,,,,,,,,
11.0,2001-10-18,2001.0,OCTOBER,10.0,4.1587500147854275,0.03344302944102293,0.0,1.332584201707392,0.020210610840586684, no data,,,,,,,,,,,
12.0,2001-10-18,2001.0,OCTOBER,10.0,1.556420089371847,0.010104152725620883,0.0,0.39431631216342117,0.009393440391921559, no data,,,,,,,,,,,
13.0,2001-10-18,2001.0,OCTOBER,10.0,1.9834794637689166,0.0161961440741391,0.0,0.5097206300717777,0.01226073370316529, no data,,,,,,,,,,,
11.0,2001-11-07,2001.0,NOVEMBER,11.0,3.418251149142784,0.025199563487208358,0.015633345651921628,1.1567086406303624,0.020982329927399283, no data,,,,,,,,,,,
12.0,2001-11-07,2001.0,NOVEMBER,11.0,1.1800202851212065,0.0,0.0,0.30963517509876115,0.007789226210374985, no data,,,,,,,,,,,
13.0,2001-11-07,2001.0,NOVEMBER,11.0,2.441251604679369,0.0,0.0,0.7747751070350898,0.011283591621568818, no data,,,,,,,,,,,
11.0,2001-12-05,2001.0,DECEMBER,12.0,4.807868579367687,0.075779909931389,0.12744717450832838,1.88972318502412,0.019231491404322256, no data,,,,,,,,,,,
12.0,2001-12-05,2001.0,DECEMBER,12.0,1.5722200842333052,0.02364596428992888,0.028387595358926612,0.5204328406837393,0.005548161677260929, no data,,,,,,,,,,,
13.0,2001-12-05,2001.0,DECEMBER,12.0,4.684575136631889,0.07729634790355268,0.12793014017879878,1.7462692848439871,0.018236532099566997, no data,Average,[TChl a],Perid,But fuco,Fuco,Zea,Gyr diester,,,,
11.0,2002-01-16,2002.0,JANUARY,1.0,4.959119142910605,0.04431032334401604,0.040012212780907976,1.9585632053718476,0.015420953373766123, no data,2002,4.152729634741375,0.054265831559686464,0.012774794165843326,0.898342485878264,0.014705678640623472,,,,,
12.0,2002-01-16,2002.0,JANUARY,1.0,3.80138844661879,0.0334795394257571,0.01920073739531605,1.279276872481447,0.005167349851899558, no data,,,,,,,,,,,
13.0,2002-01-16,2002.0,JANUARY,1.0,3.7012716024785215,0.03841257535642358,0.01844808022903689,1.3638228325273567,0.00832014792363018, no data,,,,,,,,,,,
11.0,2002-02-14,2002.0,FEBRUARY,2.0,4.263339107890958,0.17087124187603972,0.029611332725921664,1.508220551640007,0.018908416499635577, no data,,,,,,,,,,,
12.0,2002-02-14,2002.0,FEBRUARY,2.0,1.9945291234132325,0.06827308480467557,0.0101412986230793,0.5876374390243645,0.011300629295788232, no data,,,,,,,,,,,
13.0,2002-02-14,2002.0,FEBRUARY,2.0,2.216340719260127,0.07589584253371687,0.010468099733325567,0.7043282818636841,0.006752415424031862, no data,,,,,,,,,,,
11.0,2002-03-21,2002.0,MARCH,3.0,2.3653736059281316,0.06357008433445623,0.044272253462644955,0.9118661787539566,0.013728401146138793, no data,,,,,,,,,,,
12.0,2002-03-21,2002.0,MARCH,3.0,3.04964324848922,0.08554706792388884,0.02246254440320788,1.0819195974645863,0.015273507075767148, no data,,,,,,,,,,,
13.0,2002-03-21,2002.0,MARCH,3.0,2.2489579192201825,0.029727932977307473,0.008596729531381943,0.8546818162974368,0.017291749888675708, no data,,,,,,,,,,,
11.0,2002-04-17,2002.0,APRIL,4.0,1.8468308678027694,0.030889788608073277,0.0,0.5459876702830785,0.01687471700978664, no data,,,,,,,,,,,
12.0,2002-04-17,2002.0,APRIL,4.0,2.5389168074917996,0.034684631730133336,0.0,0.8180840552452524,0.012713299044310051, no data,,,,,,,,,,,
13.0,2002-04-17,2002.0,APRIL,4.0,2.1392321583524088,0.0,0.0,0.6431082925816644,0.018316802245219713, no data,,,,,,,,,,,
11.0,2002-05-16,2002.0,MAY,5.0,3.1846477905693367,,0.0,,, no data,,,,,,,,,,,
12.0,2002-05-16,2002.0,MAY,5.0,3.1559811950131778,,0.0,,, no data,,,,,,,,,,,
13.0,2002-05-16,2002.0,MAY,5.0,4.007809908242117,,0.0,,, no data,,,,,,,,,,,
11.0,2002-06-13,2002.0,JUNE,6.0,5.6136567215606314,,0.06639653730423856,,, no data,,,,,,,,,,,
12.0,2002-06-13,2002.0,JUNE,6.0,5.731885757266429,,0.061979478963799364,,, no data,,,,,,,,,,,
13.0,2002-06-13,2002.0,JUNE,6.0,7.993376588626346,,0.06841515521758856,,, no data,,,,,,,,,,,
11.0,2002-07-16,2002.0,JULY,7.0,7.835262807560465,,0.026123136294288644,,, no data,,,,,,,,,,,
12.0,2002-07-16,2002.0,JULY,7.0,6.7690574409260895,,0.0,,, no data,,,,,,,,,,,
13.0,2002-07-16,2002.0,JULY,7.0,7.136531931146477,,0.0,,, no data,,,,,,,,,,,
11.0,2002-08-13,2002.0,AUGUST,8.0,9.04937724564271,,0.024440125564759305,,, no data,,,,,,,,,,,
12.0,2002-08-13,2002.0,AUGUST,8.0,6.399882433106657,,0.0,,, no data,,,,,,,,,,,
13.0,2002-08-13,2002.0,AUGUST,8.0,8.023231525156675,,0.0,,, no data,,,,,,,,,,,
11.0,2002-09-19,2002.0,SEPTEMBER,9.0,5.330339225858008,,0.0,,, no data,,,,,,,,,,,
12.0,2002-09-19,2002.0,SEPTEMBER,9.0,5.590603467699711,,0.009324867740863045,,, no data,,,,,,,,,,,
13.0,2002-09-19,2002.0,SEPTEMBER,9.0,5.238031589540202,,0.0,,, no data,,,,,,,,,,,
11.0,2002-10-17,2002.0,OCTOBER,10.0,2.6166408250405646,0.015379279243088486,0.0,0.8194165442927158,0.02406568409023929,0,,,,,,,,,,,
12.0,2002-10-17,2002.0,OCTOBER,10.0,1.7856278872824622,0.0,0.0,0.5734903617103124,0.01873815648262679,0,,,,,,,,,,,
13.0,2002-10-17,2002.0,OCTOBER,10.0,6.164292928593628,0.11464457654148681,0.0,1.7437779962787312,0.03589027710796188,0,,,,,,,,,,,
11.0,2002-11-14,2002.0,NOVEMBER,11.0,1.2757848084848946,0.0,0.0,0.39018306191170027,0.0070203385539314034,0,,,,,,,,,,,
12.0,2002-11-14,2002.0,NOVEMBER,11.0,0.8751535788144692,0.0,0.0,0.23672737169167038,0.009778128253999499,0,,,,,,,,,,,
13.0,2002-11-14,2002.0,NOVEMBER,11.0,2.7665530049533538,0.030343499546855546,0.0,0.5887051235462366,0.007109098474707114,0,,,,,,,,,,,
11.0,2002-12-18,2002.0,DECEMBER,12.0,3.6969123378621527,0.06096878321961092,0.0,1.2738907255563263,0.019809355685359936,0,,,,,,,,,,,
12.0,2002-12-18,2002.0,DECEMBER,12.0,2.2912272988173004,0.09964261451749064,0.0,0.6088325267521953,0.011251156926795881,0,,,,,,,,,,,
13.0,2002-12-18,2002.0,DECEMBER,12.0,1.8414558030688872,0.14294159677039506,0.0,0.3726716981689709,0.01508866709882156,0,Average,[TChl a],Perid,But fuco,Fuco,Zea,Gyr diester,,,,
11.0,2003-01-15,2003.0,JANUARY,1.0,5.3202170742900545,0.0982069373932227,0.0,1.6657109833679171,0.019661543632823034,0,2003,5.236635510795498,0.14409674810562445,0.005032939679165732,1.6520382221323746,0.04911313104594116,0,,,,
12.0,2003-01-15,2003.0,JANUARY,1.0,4.635585285570668,0.10285365088630945,0.0,1.4458444057395419,0.02024114019018974,0,,,,,,,,,,,
13.0,2003-01-15,2003.0,JANUARY,1.0,3.377511430028835,0.08344913937788455,0.0,0.9668559948494956,0.02141196948990703,0,,,,,,,,,,,
11.0,2003-02-11,2003.0,FEBRUARY,2.0,3.3368064315505848,0.2565215173563528,0.0,1.0271200350006593,0.024915708282294474,0,,,,,,,,,,,
12.0,2003-02-11,2003.0,FEBRUARY,2.0,4.007649806593501,0.28875078145329386,0.0,1.3627323480610576,0.030754029368429383,0,,,,,,,,,,,
13.0,2003-02-11,2003.0,FEBRUARY,2.0,4.1914962166262475,0.3761945174595796,0.0,1.3655291128877431,0.030161946502775615,0,,,,,,,,,,,
11.0,2003-03-11,2003.0,MARCH,3.0,5.020435135113792,0.1956049098120021,0.022807955042198055,1.6609138533444763,0.03929749358156586,0,,,,,,,,,,,
12.0,2003-03-11,2003.0,MARCH,3.0,4.904549157218439,0.347082297142004,0.0,1.4844363923564432,0.03738494832744923,0,,,,,,,,,,,
13.0,2003-03-11,2003.0,MARCH,3.0,6.9685076649625985,0.5617181911553439,0.0,2.0654738625235027,0.05137979607341025,0,,,,,,,,,,,
11.0,2003-04-16,2003.0,APRIL,4.0,11.254232607769834,0.10128559581150011,0.0,5.059151140998934,0.0365422562274102,0,,,,,,,,,,,
12.0,2003-04-16,2003.0,APRIL,4.0,10.079919344752577,0.0895370094508918,0.0,4.605407349592197,0.031120217994200824,0,,,,,,,,,,,
13.0,2003-04-16,2003.0,APRIL,4.0,8.438081157946268,0.0,0.0,3.951884219972225,0.0507740699040439,0,,,,,,,,,,,
11.0,2003-05-15,2003.0,MAY,5.0,5.484311063249673,0.15267109649441435,0.0,1.8030158003863914,0.014615482509872945,0,,,,,,,,,,,
12.0,2003-05-15,2003.0,MAY,5.0,2.9480197528948007,0.04819681440420144,0.0,0.9972345029165488,0.010558607053162868,0,,,,,,,,,,,
13.0,2003-05-15,2003.0,MAY,5.0,3.266105666548318,0.041319719643609955,0.0,0.9502926502134192,0.011741001767732781,0,,,,,,,,,,,
11.0,2003-06-18,2003.0,JUNE,6.0,3.2426267869058725,0.035852234675977465,0.06102987184164506,1.3607660496659861,0.02456700064353246,0,,,,,,,,,,,
12.0,2003-06-18,2003.0,JUNE,6.0,3.528673326565459,0.027921891431596704,0.0,1.250645935605358,0.024312217254127928,0,,,,,,,,,,,
13.0,2003-06-18,2003.0,JUNE,6.0,2.832236535152947,0.059789702601109045,0.0,1.0065106129702024,0.03153601444763214,0,,,,,,,,,,,
11.0,2003-07-16,2003.0,JULY,7.0,6.505140699259518,0.1817615544438164,0.048255559293576916,1.5236835904141635,0.14489569947508035,0,,,,,,,,,,,
12.0,2003-07-16,2003.0,JULY,7.0,6.0535765478145125,0.12641502347927966,0.0,1.426215837811217,0.15003230225962186,0,,,,,,,,,,,
13.0,2003-07-16,2003.0,JULY,7.0,6.58335560767273,0.16889182974400288,0.04909244227254631,1.5345801116252418,0.17411166722348972,0,,,,,,,,,,,
11.0,2003-08-13,2003.0,AUGUST,8.0,4.540783856044796,0.13128955567799624,0.0,1.3295078169763914,0.04922815482673269,0,,,,,,,,,,,
12.0,2003-08-13,2003.0,AUGUST,8.0,3.7189576159817936,0.04757728569942171,0.0,1.0467911152771305,0.04343994737946624,0,,,,,,,,,,,
13.0,2003-08-13,2003.0,AUGUST,8.0,10.711076709545047,0.19422818224362742,0.0,3.5803623952044212,0.15122868772861633,0,,,,,,,,,,,
11.0,2003-09-22,2003.0,SEPTEMBER,9.0,4.253635408721225,0.06735780026358865,0.0,1.0031016120243779,0.07856121712864922,0,,,,,,,,,,,
12.0,2003-09-22,2003.0,SEPTEMBER,9.0,3.102381646548731,0.03289951630081158,0.0,0.7914767370921605,0.07228737654897131,0,,,,,,,,,,,
13.0,2003-09-22,2003.0,SEPTEMBER,9.0,13.142605853309073,0.5528068303608726,0.0,3.983190903161585,0.11979716761760784,0,,,,,,,,,,,
11.0,2003-10-16,2003.0,OCTOBER,10.0,3.8068,0.05195738394168765,0.0,0.9313482775692448,0.036916700543619195,0,,,,,,,,,,,
12.0,2003-10-16,2003.0,OCTOBER,10.0,3.687,0.025649842033089995,0.0,0.8097987914050396,0.023725839338018338,0,,,,,,,,,,,
13.0,2003-10-16,2003.0,OCTOBER,10.0,3.1742,0.07048378741796539,0.0,0.6137767683199465,0.04017307436404341,0,,,,,,,,,,,
11.0,2003-11-17,2003.0,NOVEMBER,11.0,4.8413,0.11228905157681913,0.0,1.3173269554706923,0.04344761513540846,0,,,,,,,,,,,
12.0,2003-11-17,2003.0,NOVEMBER,11.0,3.2201,0.06745671511978216,0.0,0.7919988692958008,0.034302199117123275,0,,,,,,,,,,,
13.0,2003-11-17,2003.0,NOVEMBER,11.0,5.569,0.06381166716869019,0.0,1.334186781333782,0.0386016750264043,0,,,,,,,,,,,
11.0,2003-12-16,2003.0,DECEMBER,12.0,3.92,0.1694587067773953,0.0,0.9264153177265194,0.020643451948078498,0,,,,,,,,,,,
12.0,2003-12-16,2003.0,DECEMBER,12.0,4.3408,0.13682492368917237,0.0,1.1899397734898358,0.019868902264510095,0,,,,,,,,,,,
13.0,2003-12-16,2003.0,DECEMBER,12.0,4.5112,0.11936726931516636,0.0,1.310149092115832,0.015835596477880087,0,Average,[TChl a],Perid,But fuco,Fuco,Zea,Gyr diester,,,,
11.0,2004-01-12,2004.0,JANUARY,1.0,11.2464,0.04925743071676234,0.0,3.6971911775045836,0.015760368466281663,0,2004,7.0652124999999995,0.12099746549816598,0.0006918851681317113,2.085754499575879,0.05767190319837517,0,,,,
12.0,2004-01-12,2004.0,JANUARY,1.0,8.6222,0.03936534533783096,0.0,2.754084176099496,0.016129202502105075,0,,,,,,,,,,,
13.0,2004-01-12,2004.0,JANUARY,1.0,8.8928,0.03857527521256975,0.0,2.754553373019723,0.014365564827511087,0,,,,,,,,,,,
11.0,2004-02-09,2004.0,FEBRUARY,2.0,10.5132,0.33397054537147164,0.0,3.392898131364355,0.02678906065631825,0,,,,,,,,,,,
12.0,2004-02-09,2004.0,FEBRUARY,2.0,7.7442,0.15392051521273245,0.0,2.4485607490234975,0.0243598527734183,0,,,,,,,,,,,
13.0,2004-02-09,2004.0,FEBRUARY,2.0,7.9497,0.23408982207284412,0.0,2.548863520638079,0.022943820413453317,0,,,,,,,,,,,
11.0,2004-03-15,2004.0,MARCH,3.0,7.3631,0.18406605091588557,0.0,3.0024074779196406,0.0568193513745609,0,,,,,,,,,,,
12.0,2004-03-15,2004.0,MARCH,3.0,7.0603,0.2546450617490337,0.0,2.791336596537855,0.03387549973145836,0,,,,,,,,,,,
13.0,2004-03-15,2004.0,MARCH,3.0,5.525,0.3410617290572299,0.0,2.0877719480598564,0.05036786678696257,0,,,,,,,,,,,
11.0,2004-04-16,2004.0,APRIL,4.0,2.261,0.06526373147975387,0.0,0.6395785612546926,0.024833100487574544,0,,,,,,,,,,,
12.0,2004-04-16,2004.0,APRIL,4.0,1.8019,0.052192355365586224,0.0,0.4072977558515376,0.018351640154420257,0,,,,,,,,,,,
13.0,2004-04-16,2004.0,APRIL,4.0,3.4596,0.04061829814363573,0.02283221054834647,1.103872573541877,0.03209707623340605,0,,,,,,,,,,,
11.0,2004-05-10,2004.0,MAY,5.0,4.9372,0.20867167585237326,0.0,1.6100857064739558,0.016191275147653016,0,,,,,,,,,,,
12.0,2004-05-10,2004.0,MAY,5.0,2.9653,0.1265535213812695,0.0,0.8469080243213101,0.012692177126340727,0,,,,,,,,,,,
13.0,2004-05-10,2004.0,MAY,5.0,2.9287,0.1810841132355917,0.0,0.8512655178653206,0.010542508534415494,0,,,,,,,,,,,
11.0,2004-06-22,2004.0,JUNE,6.0,7.877,0.2302411430804349,0.0,2.158152406097252,0.07893359396472648,0,,,,,,,,,,,
12.0,2004-06-22,2004.0,JUNE,6.0,7.3766,0.20919179113905606,0.0,1.7373711827316012,0.08954574806895563,0,,,,,,,,,,,
13.0,2004-06-22,2004.0,JUNE,6.0,10.226,0.25846215017468394,0.0,2.6309626752157644,0.112320005607152,0,,,,,,,,,,,
11.0,2004-07-15,2004.0,JULY,7.0,14.6899,0.18122687970976248,0.0,4.749554972316238,0.1470136281342038,0,,,,,,,,,,,
12.0,2004-07-15,2004.0,JULY,7.0,8.7266,0.07513573623237271,0.0,2.806266469440826,0.06415548140724646,0,,,,,,,,,,,
13.0,2004-07-15,2004.0,JULY,7.0,10.5932,0.3133429785884394,0.0,2.7075589762777907,0.07818848868054913,0,,,,,,,,,,,
11.0,2004-08-19,2004.0,AUGUST,8.0,11.2111,,,,,,,,,,,,,,,,
12.0,2004-08-19,2004.0,AUGUST,8.0,9.3885,,,,,,,,,,,,,,,,
13.0,2004-08-19,2004.0,AUGUST,8.0,13.0357,,,,,,,,,,,,,,,,
11.0,2004-09-16,2004.0,SEPTEMBER,9.0,4.3521,0.017273895707203366,0.0,1.6145385057381063,0.12219155621286505,0,,,,,,,,,,,
12.0,2004-09-16,2004.0,SEPTEMBER,9.0,5.0631,0.01602453117087615,0.0,1.7783215857050327,0.15231197598264903,0,,,,,,,,,,,
13.0,2004-09-16,2004.0,SEPTEMBER,9.0,2.5248,0.0,0.0,0.7521038255003951,0.18195703333662638,0,,,,,,,,,,,
11.0,2004-10-14,2004.0,OCTOBER,10.0,7.82943,0.02647261391745221,0.0,2.1054986414099757,0.12443921283058797,0,,,,,,,,,,,
12.0,2004-10-14,2004.0,OCTOBER,10.0,4.15266,0.015406273755327824,0.0,1.0797877642108888,0.08117892642770455,0,,,,,,,,,,,
13.0,2004-10-14,2004.0,OCTOBER,10.0,5.64518,0.07349628545392231,0.0,1.2105146050751232,0.15122104067342917,0,,,,,,,,,,,
11.0,2004-11-18,2004.0,NOVEMBER,11.0,5.31612,0.04371427854418943,0.0,1.7220291323551182,0.03265078115863412,0,,,,,,,,,,,
12.0,2004-11-18,2004.0,NOVEMBER,11.0,3.90544,0.03817318372344607,0.0,1.1734586126559425,0.02318055388458561,0,,,,,,,,,,,
13.0,2004-11-18,2004.0,NOVEMBER,11.0,4.2647,0.026062967438509905,0.0,1.3395430218210533,0.02818392870692044,0,,,,,,,,,,,
11.0,2004-12-16,2004.0,DECEMBER,12.0,10.83085,0.07145003703706634,0.0,3.7820720425288656,0.026837301270379713,0,,,,,,,,,,,
12.0,2004-12-16,2004.0,DECEMBER,12.0,6.61148,0.045992473272129256,0.0,2.140665462854226,0.01564341594757087,0,,,,,,,,,,,
13.0,2004-12-16,2004.0,DECEMBER,12.0,7.45659,0.04791367139003363,0.0,2.4048233145940414,0.017101768035714237,0,Average,[TChl a],Perid,But fuco,Fuco,Zea,Gyr diester,,,,
11.0,2005-01-12,2005.0,JANUARY,1.0,8.18268,0.07547856656586703,0.0,3.1746369142817854,0.010398757685069536,0,2005,6.603800555555555,0.162287537378484,0.01798788210027115,1.9786761463041331,0.1080654425749128,2.5000000000000005e-05,,,,
12.0,2005-01-12,2005.0,JANUARY,1.0,6.3225,0.07270878346758075,0.0,2.3375118016277927,0.01313234959177098,0,,,,,,,,,,,
13.0,2005-01-12,2005.0,JANUARY,1.0,4.99441,0.060740527535524697,0.0,1.7581885025816095,0.012074158907698099,0,,,,,,,,,,,
11.0,2005-02-15,2005.0,FEBRUARY,2.0,8.4402,0.35404087982700283,0.0,2.735599309891154,0.02122654036946177,0,,,,,,,,,,,
12.0,2005-02-15,2005.0,FEBRUARY,2.0,8.54068,0.3532607211684624,0.0,2.743828094904945,0.021351364075241727,0,,,,,,,,,,,
13.0,2005-02-15,2005.0,FEBRUARY,2.0,3.43594,0.07902524304680983,0.0,1.232268201983129,0.027756648456539388,0,,,,,,,,,,,
11.0,2005-03-16,2005.0,MARCH,3.0,2.91795,0.7609381672736015,0.0,0.4423653351319396,0.007204911993198428,0,,,,,,,,,,,
12.0,2005-03-16,2005.0,MARCH,3.0,2.10453,0.49424851163647865,0.0,0.2574164701400068,0.0059410020510767955,0,,,,,,,,,,,
13.0,2005-03-16,2005.0,MARCH,3.0,0.86713,0.17070164297739318,0.0,0.1547800860287313,0.0054907166253169055,0,,,,,,,,,,,
11.0,2005-04-28,2005.0,APRIL,4.0,5.62017,0.06357463288296879,0.0,1.8904466951684977,0.017128703758354746,0,,,,,,,,,,,
12.0,2005-04-28,2005.0,APRIL,4.0,3.67508,0.04689202332311131,0.0,1.1962520814292867,0.010267594122518098,0,,,,,,,,,,,
13.0,2005-04-28,2005.0,APRIL,4.0,4.29233,0.047706651195047224,0.05427872567048974,1.514283755131417,0.024644356904985645,0,,,,,,,,,,,
11.0,2005-05-16,2005.0,MAY,5.0,3.28926,0.03477255675499882,0.0,0.8901217790893302,0.014431488922119555,0,,,,,,,,,,,
12.0,2005-05-16,2005.0,MAY,5.0,1.82879,0.031857814694829234,0.0,0.43728732265410813,0.007422550666077765,0,,,,,,,,,,,
13.0,2005-05-16,2005.0,MAY,5.0,1.70484,0.03225308453268023,0.0,0.3489438781207203,0.014850519178791653,0,,,,,,,,,,,
11.0,2005-06-22,2005.0,JUNE,6.0,6.02496,0.08737974360293062,0.14954562632813362,2.309363709797377,0.05210932508162624,0,,,,,,,,,,,
12.0,2005-06-22,2005.0,JUNE,6.0,6.75521,0.07804328253185913,0.1293784562070802,2.4433574197972687,0.044114828722937496,0,,,,,,,,,,,
13.0,2005-06-22,2005.0,JUNE,6.0,6.41309,0.06223662346082086,0.1712906947359174,2.4085294098155603,0.0595589985099296,0,,,,,,,,,,,
11.0,2005-07-13,2005.0,JULY,7.0,11.09575,0.4837288187553521,0.0,2.8001459068051604,0.32685472564041307,0,,,,,,,,,,,
12.0,2005-07-13,2005.0,JULY,7.0,16.86512,0.8073478131596218,0.07541847258796876,3.957162003649392,0.5529158959832908,0,,,,,,,,,,,
13.0,2005-07-13,2005.0,JULY,7.0,17.25589,0.5862258115030704,0.06675178008017171,3.6180434396005614,0.912971669153674,0,,,,,,,,,,,
11.0,2005-08-23,2005.0,AUGUST,8.0,10.53126,0.14075532547653286,0.0,3.8454101806555356,0.09871864755660079,0,,,,,,,,,,,
12.0,2005-08-23,2005.0,AUGUST,8.0,9.80031,0.09971473117687711,0.0,3.26076103487829,0.09742674922659134,0,,,,,,,,,,,
13.0,2005-08-23,2005.0,AUGUST,8.0,11.50888,0.24314447957205104,0.0,3.7986573666588286,0.10057198766267536,0,,,,,,,,,,,
11.0,2005-09-14,2005.0,SEPTEMBER,9.0,9.41696,0.11106202592328614,0.0,3.0650845232158894,0.3254667363547219,0,,,,,,,,,,,
12.0,2005-09-14,2005.0,SEPTEMBER,9.0,7.86745,0.08872255946404739,0.0,2.44051024992804,0.2539356164154093,0,,,,,,,,,,,
13.0,2005-09-14,2005.0,SEPTEMBER,9.0,13.38785,0.21709032411661716,0.0,3.4181857939824307,0.5524890890807707,0,,,,,,,,,,,
11.0,2005-10-18,2005.0,OCTOBER,10.0,5.6131,0.0126,0.0001,1.8831,0.0681,0.0001,,,,,,,,,,,
12.0,2005-10-18,2005.0,OCTOBER,10.0,5.6215,0.0103,0.0001,1.7775,0.0627,0.0001,,,,,,,,,,,
13.0,2005-10-18,2005.0,OCTOBER,10.0,6.0598,0.0119,0.0001,1.8792,0.0714,0.0001,,,,,,,,,,,
11.0,2005-11-14,2005.0,NOVEMBER,11.0,4.7025,0.0143,0.0001,1.1791,0.0265,0.0001,,,,,,,,,,,
12.0,2005-11-14,2005.0,NOVEMBER,11.0,4.1001,0.0135,0.0001,0.9593,0.0227,0.0001,,,,,,,,,,,
13.0,2005-11-14,2005.0,NOVEMBER,11.0,3.3422,0.0128,0.0001,0.7693,0.0282,0.0001,,,,,,,,,,,
11.0,2005-12-20,2005.0,DECEMBER,12.0,4.9904,0.0278,0.0001,1.4658,0.0077,0.0001,,,,,,,,,,,
12.0,2005-12-20,2005.0,DECEMBER,12.0,4.7717,0.0225,0.0001,1.3328,0.0061,0.0001,,,,,,,,,,,
13.0,2005-12-20,2005.0,DECEMBER,12.0,5.3963,0.033,0.0001,1.5071,0.0065,0.0001,Average,[TChl a],Perid,But fuco,Fuco,Zea,Gyr diester,,,,
11.0,2006-01-20,2006.0,JANUARY,1.0,3.8893,0.2103,0.0289,1.0504,0.0184,0.0001,2006,5.429511111111111,0.0769861111111111,0.1288638694444445,2.008755555555555,0.07491111111111108,0.0003249749999999999,,,,
12.0,2006-01-23,2006.0,JANUARY,1.0,4.3521,0.2499,0.0001,1.2267,0.0144,0.0001,,,,,,,,,,,
13.0,2006-01-23,2006.0,JANUARY,1.0,4.3927,0.1974,0.0001,1.3949,0.0184,0.0001,,,,,,,,,,,
11.0,2006-02-15,2006.0,February,2.0,3.9405,0.0916,0.0001,1.4208,0.0214,0.0001,,,,,,,,,,,
12.0,2006-02-15,2006.0,February,2.0,3.2297,0.0686,0.0001,1.1432,0.0198,0.0001,,,,,,,,,,,
13.0,2006-02-15,2006.0,February,2.0,3.5844,0.0898,0.0001,1.2597,0.0187,0.0001,,,,,,,,,,,
11.0,2006-03-16,2006.0,March,3.0,4.5332,0.0385,0.0001,1.8281,0.0207,0.0001,,,,,,,,,,,
12.0,2006-03-16,2006.0,March,3.0,4.0243,0.0363,0.0001,1.5284,0.0185,0.0001,,,,,,,,,,,
13.0,2006-03-16,2006.0,March,3.0,4.0722,0.0305,0.0001,1.5131,0.0181,0.0001,,,,,,,,,,,
11.0,2006-04-19,2006.0,April,4.0,4.033,0.0346,0.0001,1.4144,0.0377,0.0001,,,,,,,,,,,
12.0,2006-04-19,2006.0,April,4.0,3.0864,0.025,0.0178,1.0446,0.0307,0.0001,,,,,,,,,,,
13.0,2006-04-19,2006.0,April,4.0,2.5145,0.0109,0.0001,0.821,0.0363,0.0001,,,,,,,,,,,
11.0,2006-05-16,2006.0,May,5.0,5.1134,0.0318,0.0001,1.8345,0.0358,0.0001,,,,,,,,,,,
12.0,2006-05-16,2006.0,May,5.0,4.517,0.0154,0.0001,1.5242,0.0285,0.0001,,,,,,,,,,,
13.0,2006-05-16,2006.0,May,5.0,5.2694,0.0375,0.024,1.7713,0.0416,0.0001,,,,,,,,,,,
11.0,2006-06-16,2006.0,June,6.0,10.5736,0.231,0.5386,4.6184,0.0933,0.0001,,,,,,,,,,,
12.0,2006-06-16,2006.0,June,6.0,9.765,0.1919,0.4928,4.137,0.1199,0.0001,,,,,,,,,,,
13.0,2006-06-16,2006.0,June,6.0,8.5839,0.2173,0.7466,3.5574,0.1463,0.0001,,,,,,,,,,,
11.0,2006-07-17,2006.0,July,7.0,12.3408,0.1336,0.8109,5.5903,0.2105,0.0001,,,,,,,,,,,
12.0,2006-07-17,2006.0,July,7.0,9.6376,0.1304,0.7133,3.8073,0.2397,0.0001,,,,,,,,,,,
13.0,2006-07-17,2006.0,July,7.0,6.1684,0.0485,0.5584,2.5912,0.201,0.0001,,,,,,,,,,,
11.0,2006-08-23,2006.0,August,8.0,9.0381,0.0823,0.0001,3.5531,0.1663,0.0001,,,,,,,,,,,
12.0,2006-08-23,2006.0,August,8.0,10.0083,0.0396,0.0001,3.4281,0.1572,0.0001,,,,,,,,,,,
13.0,2006-08-23,2006.0,August,8.0,10.6065,0.0656,0.0001,3.5816,0.3764,0.0001,,,,,,,,,,,
11.0,2006-09-15,2006.0,Septemeber,9.0,3.3115,0.0631,0.0001,1.0286,0.0351,0.0001,,,,,,,,,,,
12.0,2006-09-15,2006.0,Septemeber,9.0,2.6203,0.0218,0.0001,0.8604,0.0355,0.0001,,,,,,,,,,,
13.0,2006-09-15,2006.0,Septemeber,9.0,5.3053,0.0493,0.0001,1.7525,0.0746,0.0001,,,,,,,,,,,
11.0,2006-10-16,2006.0,October,10.0,6.237,0.027,0.518,3.085,0.197,0.0009999,,,,,,,,,,,
12.0,2006-10-16,2006.0,October,10.0,2.208,0.029,0.0009999,0.502,0.05,0.0009999,,,,,,,,,,,
13.0,2006-10-16,2006.0,October,10.0,5.674,0.033,0.181,2.139,0.085,0.0009999,,,,,,,,,,,
11.0,2006-11-20,2006.0,November,11.0,4.78,0.021,0.0009999,1.735,0.037,0.0009999,,,,,,,,,,,
12.0,2006-11-20,2006.0,November,11.0,3.375,0.018,0.0009999,1.113,0.026,0.0009999,,,,,,,,,,,
13.0,2006-11-20,2006.0,November,11.0,3.223,0.015,0.0009999,0.949,0.034,0.0009999,,,,,,,,,,,
11.0,2006-12-11,2006.0,December,12.0,2.618,0.074,0.0009999,0.713,0.013,0.0009999,,,,,,,,,,,
12.0,2006-12-11,2006.0,December,12.0,3.334,0.096,0.0009999,0.933,0.01,0.0009999,,,,,,,,,,,
13.0,2006-12-11,2006.0,December,12.0,5.502,0.016,0.0009999,1.865,0.01,0.0009999,Average,[TChl a],Perid,But fuco,Fuco,Zea,Gyr diester,,,,
11.0,2007-01-18,2007.0,January,1.0,2.627,0.087,0.0009999,0.76,0.008,0.0009999,2007,6.118527777777778,0.06616664166666669,0.05299993055555558,2.113666666666666,0.08352777777777776,0.0009999000000000004,,,,
12.0,2007-01-18,2007.0,January,1.0,3.493,0.135,0.0009999,1.113,0.01,0.0009999,,,,,,,,,,,
13.0,2007-01-18,2007.0,January,1.0,4.421,0.134,0.0009999,1.5,0.01,0.0009999,,,,,,,,,,,
11.0,2007-02-22,2007.0,February,2.0,4.931,0.058,0.0009999,1.824,0.015,0.0009999,,,,,,,,,,,
12.0,2007-02-22,2007.0,February,2.0,3.262,0.039,0.0009999,1.202,0.013,0.0009999,,,,,,,,,,,
13.0,2007-02-22,2007.0,February,2.0,1.911,0.023,0.0009999,0.617,0.009,0.0009999,,,,,,,,,,,
11.0,2007-03-12,2007.0,March,3.0,3.69,0.029,0.0009999,1.415,0.02,0.0009999,,,,,,,,,,,
12.0,2007-03-12,2007.0,March,3.0,2.731,0.017,0.01,1.115,0.043,0.0009999,,,,,,,,,,,
13.0,2007-03-12,2007.0,March,3.0,2.993,0.018,0.013,1.167,0.025,0.0009999,,,,,,,,,,,
11.0,2007-04-19,2007.0,April,4.0,4.233,0.028,0.0009999,1.677,0.021,0.0009999,,,,,,,,,,,
12.0,2007-04-19,2007.0,April,4.0,3.062,0.025,0.0009999,1.166,0.013,0.0009999,,,,,,,,,,,
13.0,2007-04-19,2007.0,April,4.0,2.748,0.029,0.0009999,1.031,0.009,0.0009999,,,,,,,,,,,
11.0,2007-05-14,2007.0,May,5.0,10.527,0.101,0.593,4.755,0.06,0.0009999,,,,,,,,,,,
12.0,2007-05-14,2007.0,May,5.0,12.195,0.116,0.618,5.725,0.05,0.0009999,,,,,,,,,,,
13.0,2007-05-14,2007.0,May,5.0,3.374,0.0009999,0.065,1.1,0.04,0.0009999,,,,,,,,,,,
11.0,2007-06-15,2007.0,June,6.0,2.745,0.04,0.045,0.95,0.038,0.0009999,,,,,,,,,,,
12.0,2007-06-15,2007.0,June,6.0,3.775,0.084,0.042,1.189,0.046,0.0009999,,,,,,,,,,,
13.0,2007-06-15,2007.0,June,6.0,8.793,0.563,0.038,1.966,0.053,0.0009999,,,,,,,,,,,
11.0,2007-07-16,2007.0,July,7.0,8.226,0.155,0.087,2.726,0.091,0.0009999,,,,,,,,,,,
12.0,2007-07-16,2007.0,July,7.0,8.648,0.109,0.092,2.588,0.107,0.0009999,,,,,,,,,,,
13.0,2007-07-16,2007.0,July,7.0,10.461,0.208,0.28,2.776,0.272,0.0009999,,,,,,,,,,,
11.0,2007-08-16,2007.0,August,8.0,13.513,0.0009999,0.0009999,4.957,0.355,0.0009999,,,,,,,,,,,
12.0,2007-08-14,2007.0,August,8.0,14.623,0.098,0.0009999,5.108,0.272,0.0009999,,,,,,,,,,,
13.0,2007-08-14,2007.0,August,8.0,17.205,0.0009999,0.0009999,6.249,0.266,0.0009999,,,,,,,,,,,
11.0,2007-09-10,2007.0,September,9.0,9.256,0.0009999,0.0009999,3.811,0.147,0.0009999,,,,,,,,,,,
12.0,2007-09-10,2007.0,September,9.0,8.805,0.0009999,0.0009999,3.531,0.11,0.0009999,,,,,,,,,,,
13.0,2007-09-10,2007.0,September,9.0,9.291,0.0009999,0.0009999,2.929,0.468,0.0009999,,,,,,,,,,,
11.0,2007-10-15,2007.0,October,10.0,6.575,0.03,0.0009999,1.977,0.126,0.0009999,,,,,,,,,,,
12.0,2007-10-15,2007.0,October,10.0,3.244,0.015,0.0009999,0.768,0.065,0.0009999,,,,,,,,,,,
13.0,2007-10-15,2007.0,October,10.0,4.617,0.029,0.0009999,1.079,0.181,0.0009999,,,,,,,,,,,
11.0,2007-11-14,2007.0,November,11.0,2.919,0.0009999,0.0009999,0.907,0.013,0.0009999,,,,,,,,,,,
12.0,2007-11-14,2007.0,November,11.0,1.588,0.0009999,0.0009999,0.457,0.007,0.0009999,,,,,,,,,,,
13.0,2007-11-14,2007.0,November,11.0,2.207,0.0009999,0.0009999,0.611,0.009,0.0009999,,,,,,,,,,,
11.0,2007-12-18,2007.0,December,12.0,6.556,0.095,0.0009999,1.936,0.013,0.0009999,,,,,,,,,,,
12.0,2007-12-18,2007.0,December,12.0,5.607,0.053,0.0009999,1.705,0.014,0.0009999,,,,,,,,,,,
13.0,2007-12-18,2007.0,December,12.0,5.415,0.055,0.0009999,1.705,0.008,0.0009999,Average,[TChl a],Perid,But fuco,Fuco,Zea,Gyr diester,,,,
11.0,2008-01-16,2008.0,January,1.0,3.371,0.034,0.0009999,1.167,0.01,0.0009999,2008,5.085916666666667,0.03913887777777777,0.09102768888888892,1.9842500000000003,0.05794444444444444,0.0009999000000000004,,,,
12.0,2008-01-16,2008.0,January,1.0,1.797,0.032,0.0009999,0.576,0.009,0.0009999,,,,,,,,,,,
13.0,2008-01-16,2008.0,January,1.0,2.057,0.027,0.0009999,0.691,0.011,0.0009999,,,,,,,,,,,
11.0,2008-02-15,2008.0,February,2.0,2.914,0.055,0.0009999,0.929,0.01,0.0009999,,,,,,,,,,,
12.0,2008-02-15,2008.0,February,2.0,1.894,0.038,0.0009999,0.587,0.011,0.0009999,,,,,,,,,,,
13.0,2008-02-15,2008.0,February,2.0,2.54,0.05,0.0009999,0.833,0.01,0.0009999,,,,,,,,,,,
11.0,2008-03-10,2008.0,March,3.0,1.501,0.025,0.0009999,0.521,0.011,0.0009999,,,,,,,,,,,
12.0,2008-03-10,2008.0,March,3.0,2.431,0.051,0.0009999,0.772,0.016,0.0009999,,,,,,,,,,,
13.0,2008-03-10,2008.0,March,3.0,3.151,0.061,0.0009999,1.016,0.015,0.0009999,,,,,,,,,,,
11.0,2008-04-14,2008.0,April,4.0,1.153,0.0009999,0.0009999,0.347,0.007,0.0009999,,,,,,,,,,,
12.0,2008-04-14,2008.0,April,4.0,1.347,0.0009999,0.0009999,0.379,0.009,0.0009999,,,,,,,,,,,
13.0,2008-04-14,2008.0,April,4.0,2.635,0.015,0.0009999,0.69,0.005,0.0009999,,,,,,,,,,,
11.0,2008-05-15,2008.0,May,5.0,1.796,0.0009999,0.0009999,0.549,0.021,0.0009999,,,,,,,,,,,
12.0,2008-05-15,2008.0,May,5.0,2.333,0.021,0.0009999,0.667,0.019,0.0009999,,,,,,,,,,,
13.0,2008-05-15,2008.0,May,5.0,2.107,0.0009999,0.0009999,0.612,0.021,0.0009999,,,,,,,,,,,
11.0,2008-06-18,2008.0,June,6.0,2.118,0.012,0.0009999,0.5,0.041,0.0009999,,,,,,,,,,,
12.0,2008-06-18,2008.0,June,6.0,2.484,0.014,0.0009999,0.534,0.027,0.0009999,,,,,,,,,,,
13.0,2008-06-18,2008.0,June,6.0,8.838,0.115,0.0009999,2.886,0.045,0.0009999,,,,,,,,,,,
11.0,2008-07-16,2008.0,July,7.0,1.85,0.046,0.0009999,0.554,0.017,0.0009999,,,,,,,,,,,
12.0,2008-07-16,2008.0,July,7.0,3.04,0.023,0.0009999,0.948,0.021,0.0009999,,,,,,,,,,,
13.0,2008-07-16,2008.0,July,7.0,9.894,0.144,0.0009999,3.76,0.057,0.0009999,,,,,,,,,,,
11.0,2008-08-12,2008.0,August,8.0,5.279,0.063,0.0009999,1.665,0.032,0.0009999,,,,,,,,,,,
12.0,2008-08-12,2008.0,August,8.0,5.004,0.031,0.0009999,1.676,0.033,0.0009999,,,,,,,,,,,
13.0,2008-08-12,2008.0,August,8.0,20.182,0.149,0.043,7.262,0.359,0.0009999,,,,,,,,,,,
11.0,2008-09-18,2008.0,September,9.0,9.52,0.045,0.554,5.131,0.143,0.0009999,,,,,,,,,,,
12.0,2008-09-18,2008.0,September,9.0,19.345,0.054,1.171,10.523,0.327,0.0009999,,,,,,,,,,,
13.0,2008-09-18,2008.0,September,9.0,22.426,0.044,1.477,11.792,0.506,0.0009999,,,,,,,,,,,
11.0,2008-10-14,2008.0,October,10.0,8.777,0.029,0.0009999,3.379,0.049,0.0009999,,,,,,,,,,,
12.0,2008-10-14,2008.0,October,10.0,5.412,0.018,0.0009999,2.049,0.049,0.0009999,,,,,,,,,,,
13.0,2008-10-14,2008.0,October,10.0,5.589,0.017,0.0009999,1.906,0.113,0.0009999,,,,,,,,,,,
11.0,2008-11-17,2008.0,November,11.0,2.835,0.041,0.0009999,0.98,0.02,0.0009999,,,,,,,,,,,
12.0,2008-11-17,2008.0,November,11.0,1.167,0.013,0.0009999,0.34,0.008,0.0009999,,,,,,,,,,,
13.0,2008-11-17,2008.0,November,11.0,2.299,0.035,0.0009999,0.681,0.013,0.0009999,,,,,,,,,,,
11.0,2008-12-15,2008.0,December,12.0,5.185,0.04,0.0009999,1.711,0.017,0.0009999,,,,,,,,,,,
12.0,2008-12-15,2008.0,December,12.0,4.309,0.028,0.0009999,1.394,0.012,0.0009999,,,,,,,,,,,
13.0,2008-12-15,2008.0,December,12.0,4.513,0.035,0.0009999,1.426,0.012,0.0009999,Average,[TChl a],Perid,But fuco,Fuco,Zea,Gyr diester,,,,
11.0,2009-01-13,2009.0,January,1.0,4.407,0.063,0.0009999,1.669,0.016,0.0009999,2009,4.765305555555553,0.051805550000000006,0.014055522222222224,1.5570555555555556,0.05866666666666666,0.0009999000000000004,,,,
12.0,2009-01-13,2009.0,January,1.0,4.083,0.045,0.0009999,1.421,0.013,0.0009999,,,,,,,,,,,
13.0,2009-01-13,2009.0,January,1.0,3.765,0.047,0.0009999,1.268,0.012,0.0009999,,,,,,,,,,,
11.0,2009-02-17,2009.0,February,2.0,4.828,0.029,0.001,2.37,0.021,0.0009999,,,,,,,,,,,
12.0,2009-02-17,2009.0,February,2.0,3.97,0.024,0.001,1.915,0.019,0.0009999,,,,,,,,,,,
13.0,2009-02-17,2009.0,February,2.0,2.053,0.019,0.0009999,0.852,0.019,0.0009999,,,,,,,,,,,
11.0,2009-03-16,2009.0,March,3.0,5.677,0.055,0.001,2.414,0.016,0.0009999,,,,,,,,,,,
12.0,2009-03-16,2009.0,March,3.0,5.387,0.034,0.001,2.301,0.018,0.0009999,,,,,,,,,,,
13.0,2009-03-16,2009.0,March,3.0,5.391,0.033,0.0009999,2.394,0.016,0.0009999,,,,,,,,,,,
11.0,2009-04-13,2009.0,April,4.0,1.388,0.016,0.001,0.465,0.011,0.0009999,,,,,,,,,,,
12.0,2009-04-13,2009.0,April,4.0,0.766,0.01,0.0009999,0.218,0.006,0.0009999,,,,,,,,,,,
13.0,2009-04-13,2009.0,April,4.0,0.743,0.0009999,0.0009999,0.202,0.01,0.0009999,,,,,,,,,,,
11.0,2009-05-13,2009.0,May,5.0,1.453,0.027,0.001,0.361,0.007,0.0009999,,,,,,,,,,,
12.0,2009-05-13,2009.0,May,5.0,0.981,0.012,0.0009999,0.22,0.008,0.0009999,,,,,,,,,,,
13.0,2009-05-13,2009.0,May,5.0,1.733,0.012,0.0009999,0.315,0.009,0.0009999,,,,,,,,,,,
11.0,2009-06-19,2009.0,June,6.0,2.092,0.053,0.001,0.53,0.017,0.0009999,,,,,,,,,,,
12.0,2009-06-19,2009.0,June,6.0,2.607,0.055,0.001,0.57,0.024,0.0009999,,,,,,,,,,,
13.0,2009-06-19,2009.0,June,6.0,5.784,0.146,0.03,1.781,0.036,0.0009999,,,,,,,,,,,
11.0,2009-07-13,2009.0,July,7.0,6.292,0.087,0.107,1.679,0.07,0.0009999,,,,,,,,,,,
12.0,2009-07-13,2009.0,July,7.0,6.1,0.066,0.068,1.547,0.067,0.0009999,,,,,,,,,,,
13.0,2009-07-13,2009.0,July,7.0,8.936,0.139,0.186,2.48,0.121,0.0009999,,,,,,,,,,,
11.0,2009-08-17,2009.0,August,8.0,8.41,0.125,0.001,2.337,0.099,0.0009999,,,,,,,,,,,
12.0,2009-08-17,2009.0,August,8.0,6.885,0.056,0.0009999,2.134,0.068,0.0009999,,,,,,,,,,,
13.0,2009-08-17,2009.0,August,8.0,14.277,0.249,0.048,4.648,0.644,0.0009999,,,,,,,,,,,
11.0,2009-09-15,2009.0,September,9.0,4.64,0.042,0.001,1.247,0.047,0.0009999,,,,,,,,,,,
12.0,2009-09-15,2009.0,September,9.0,4.35,0.023,0.001,1.33,0.053,0.0009999,,,,,,,,,,,
13.0,2009-09-15,2009.0,September,9.0,20.911,0.039,0.001,7.479,0.325,0.0009999,,,,,,,,,,,
11.0,2009-10-14,2009.0,October,10.0,5.325,0.038,0.001,1.694,0.057,0.0009999,,,,,,,,,,,
12.0,2009-10-14,2009.0,October,10.0,4.283,0.034,0.001,1.315,0.051,0.0009999,,,,,,,,,,,
13.0,2009-10-14,2009.0,October,10.0,5.326,0.094,0.001,1.169,0.065,0.0009999,,,,,,,,,,,
11.0,2009-11-16,2009.0,November,11.0,3.314,0.043,0.001,1.05,0.033,0.0009999,,,,,,,,,,,
12.0,2009-11-16,2009.0,November,11.0,3.054,0.06,0.001,1.014,0.04,0.0009999,,,,,,,,,,,
13.0,2009-11-16,2009.0,November,11.0,2.409,0.017,0.025,0.75,0.041,0.0009999,,,,,,,,,,,
11.0,2009-12-14,2009.0,December,12.0,3.17,0.0009999,0.0009999,1.005,0.023,0.0009999,,,,,,,,,,,
12.0,2009-12-14,2009.0,December,12.0,3.009,0.048,0.013,0.898,0.019,0.0009999,,,,,,,,,,,
13.0,2009-12-14,2009.0,December,12.0,3.752,0.023,0.0009999,1.012,0.011,0.0009999,Average,[TChl a],Perid,But fuco,Fuco,Zea,Gyr diester,,,,
11.0,2010-01-19,2010.0,January,1.0,6.298,0.280560875,0.0,2.777379,0.016945875,0,2010,6.043361111111113,0.11194896875000003,0.009647975694444443,2.2654879444444433,0.12199896874999999,0,,,,
12.0,2010-01-19,2010.0,January,1.0,5.344,0.19030737499999997,0.0,2.322341375,0.0157675,0,,,,,,,,,,,
13.0,2010-01-19,2010.0,January,1.0,4.014,0.10376024999999998,0.0,1.727769875,0.011636375,0,,,,,,,,,,,
11.0,,2010.0,February,2.0,8.09,0.076776375,0.010725374999999999,1.0876388749999997,0.17936537499999997,0,,,,,,,,,,,
12.0,,2010.0,February,2.0,5.618,0.118057375,0.0,0.665601625,0.18171524999999997,0,,,,,,,,,,,
13.0,,2010.0,February,2.0,11.273,0.0,0.0,2.640889875,0.143069375,0,,,,,,,,,,,
11.0,2010-03-18,2010.0,March,3.0,9.875,0.0,0.0,5.008502749999999,0.09956237499999997,0,,,,,,,,,,,
12.0,2010-03-18,2010.0,March,3.0,7.36,0.0,0.0,3.5946757499999995,0.08343212499999998,0,,,,,,,,,,,
13.0,2010-03-18,2010.0,March,3.0,7.241,0.0,0.0,3.7038785,0.11737262499999998,0,,,,,,,,,,,
11.0,2010-04-13,2010.0,April,4.0,7.196,0.072235875,0.0,3.83986425,0.024237999999999996,0,,,,,,,,,,,
12.0,2010-04-13,2010.0,April,4.0,2.206,0.0,0.0,1.08409425,0.016498874999999996,0,,,,,,,,,,,
13.0,2010-04-13,2010.0,April,4.0,3.167,0.0,0.0,1.7109952499999999,0.04562062499999999,0,,,,,,,,,,,
11.0,2010-05-19,2010.0,May,5.0,2.11,0.0,0.0,0.944902625,0.079616375,0,,,,,,,,,,,
12.0,2010-05-19,2010.0,May,5.0,1.224,0.0,0.0,0.48095887499999995,0.04297999999999999,0,,,,,,,,,,,
13.0,2010-05-19,2010.0,May,5.0,2.804,0.17299762500000002,0.0,0.784467125,0.072252375,0,,,,,,,,,,,
11.0,2010-06-16,2010.0,June,6.0,7.009,0.160388375,0.0,1.4828007499999998,0.04700237499999999,0,,,,,,,,,,,
12.0,2010-06-16,2010.0,June,6.0,7.449,0.261017625,0.0,3.088851125,0.069584125,0,,,,,,,,,,,
13.0,2010-06-16,2010.0,June,6.0,9.287,0.41241524999999996,0.01947525,3.375342625,0.11963925,0,,,,,,,,,,,
11.0,2010-07-15,2010.0,July,7.0,9.111,0.21518424999999997,0.10064674999999997,3.9736303749999995,0.17845837499999997,0,,,,,,,,,,,
12.0,2010-07-15,2010.0,July,7.0,9.879,0.22296775,0.0,3.9796848749999993,0.23227674999999998,0,,,,,,,,,,,
13.0,2010-07-15,2010.0,July,7.0,11.994,0.3593377499999999,0.0,3.2317847499999997,0.433356125,0,,,,,,,,,,,
11.0,2010-08-19,2010.0,August,8.0,8.529,0.11170112500000001,0.095084125,4.2170784999999995,0.111292625,0,,,,,,,,,,,
12.0,2010-08-19,2010.0,August,8.0,4.714,0.05606525,0.0,2.110677875,0.08774937499999999,0,,,,,,,,,,,
13.0,2010-08-19,2010.0,August,8.0,14.83,0.465606375,0.0,5.981873374999999,0.90194475,0,,,,,,,,,,,
11.0,2010-09-13,2010.0,September,9.0,7.556,0.12148437499999999,0.06244324999999999,3.6542648749999995,0.13528137500000004,0,,,,,,,,,,,
12.0,2010-09-13,2010.0,September,9.0,7.072,0.0753265,0.058952374999999994,2.9663888749999994,0.1995895,0,,,,,,,,,,,
13.0,2010-09-13,2010.0,September,9.0,6.401,0.10688587499999999,0.0,2.7384643749999995,0.16332175,0,,,,,,,,,,,
11.0,2010-10-12,2010.0,October,10.0,4.139,0.09526387499999998,0.0,1.14626725,0.10521699999999998,0,,,,,,,,,,,
12.0,2010-10-12,2010.0,October,10.0,4.903,0.065592625,0.0,1.353831375,0.16496725,0,,,,,,,,,,,
13.0,2010-10-12,2010.0,October,10.0,4.696,0.144603125,0.0,0.7868577500000001,0.13354262499999997,0,,,,,,,,,,,
11.0,2010-11-18,2010.0,November,11.0,1.873,0.0,0.0,0.574856625,0.014732374999999999,0,,,,,,,,,,,
12.0,2010-11-18,2010.0,November,11.0,2.181,0.032155875,0.0,0.6022327499999999,0.020206750000000002,0,,,,,,,,,,,
13.0,2010-11-18,2010.0,November,11.0,2.247,0.030115249999999996,0.0,0.606082875,0.017799125,0,,,,,,,,,,,
11.0,2010-12-09,2010.0,December,12.0,3.871,0.031928874999999995,0.0,1.3320129999999997,0.052029625,0,,,,,,,,,,,
12.0,2010-12-09,2010.0,December,12.0,2.985,0.024043,0.0,0.979912625,0.039146375,0,,,,,,,,,,,
13.0,2010-12-09,2010.0,December,12.0,3.015,0.023383999999999995,0.0,1.0007093749999998,0.03475225,0,Average,[TChl a],Perid,But fuco,Fuco,Zea,Gyr diester,,,,
11.0,2011-01-20,2011.0,January,1.0,4.737,0.033315874999999995,0.0,2.36553375,0.018862749999999998,0,2011,5.242777777777777,0.09744869791666665,0.0018705312499999996,2.0350472083333333,0.12201990277777777,0.0005082465277777779,,,,
12.0,2011-01-20,2011.0,January,1.0,4.465,0.036811874999999994,0.0,2.0076682499999996,0.015601124999999997,0,,,,,,,,,,,
13.0,2011-01-20,2011.0,January,1.0,2.935,0.0,0.0,1.3223705,0.012249749999999998,0,,,,,,,,,,,
11.0,2011-02-24,2011.0,February,2.0,4.572,0.022770625,0.0,1.951698375,0.020020499999999997,0,,,,,,,,,,,
12.0,2011-02-24,2011.0,February,2.0,4.812,0.023152874999999996,0.0,2.0351182499999996,0.021537125,0,,,,,,,,,,,
13.0,2011-02-24,2011.0,February,2.0,3.635,0.042265,0.0,1.585363875,0.018725124999999995,0,,,,,,,,,,,
11.0,2011-03-15,2011.0,March,3.0,4.766,0.10769475000000003,0.0,2.19685875,0.024880249999999996,0,,,,,,,,,,,
12.0,2011-03-15,2011.0,March,3.0,3.752,0.080132625,0.0,1.732851125,0.020319375,0,,,,,,,,,,,
13.0,2011-03-15,2011.0,March,3.0,4.41,0.09529799999999998,0.0,2.057373,0.024913624999999995,0,,,,,,,,,,,
11.0,2011-04-14,2011.0,April,4.0,4.559,0.08822675,0.0,1.8173878749999999,0.014323124999999999,0,,,,,,,,,,,
12.0,2011-04-14,2011.0,April,4.0,3.853,0.079927375,0.0,1.4834718749999998,0.011424999999999998,0,,,,,,,,,,,
13.0,2011-04-14,2011.0,April,4.0,2.294,0.03421337499999999,0.0,0.7002322499999999,0.008034625000000002,0,,,,,,,,,,,
11.0,2011-05-19,2011.0,May,5.0,2.02,0.1153435,0.0,0.588434,0.031000375,0,,,,,,,,,,,
12.0,2011-05-19,2011.0,May,5.0,1.592,0.06728875,0.0,0.421061375,0.022930749999999996,0,,,,,,,,,,,
13.0,2011-05-19,2011.0,May,5.0,2.578,0.22370912499999998,0.04639649999999999,0.627088375,0.039002125,0,,,,,,,,,,,
11.0,2011-06-15,2011.0,June,6.0,4.022,0.101446,0.0,1.5833134999999998,0.06403625,0,,,,,,,,,,,
12.0,2011-06-15,2011.0,June,6.0,4.2,0.088062625,0.0,1.4930836249999997,0.064282875,0,,,,,,,,,,,
13.0,2011-06-15,2011.0,June,6.0,7.654,0.069927,0.0,3.3013943749999997,0.09184087499999999,0,,,,,,,,,,,
11.0,2011-07-12,2011.0,July,7.0,7.407,0.169541625,0.0,2.38479,0.205158875,0,,,,,,,,,,,
12.0,2011-07-12,2011.0,July,7.0,8.068,0.153814625,0.0,2.9900811249999997,0.20078225,0,,,,,,,,,,,
13.0,2011-07-12,2011.0,July,7.0,8.901,0.17544412499999998,0.0,2.87796275,0.684172375,0,,,,,,,,,,,
11.0,2011-08-17,2011.0,August,8.0,14.527,0.164201625,0.0,6.8055946249999995,0.18949312500000004,0,,,,,,,,,,,
12.0,2011-08-17,2011.0,August,8.0,11.543,0.09006287499999999,0.0,4.611321875,0.190887125,0,,,,,,,,,,,
13.0,2011-08-17,2011.0,August,8.0,10.285,0.053601499999999996,0.0,4.101917375,0.27433175,0,,,,,,,,,,,
11.0,2011-09-12,2011.0,September,9.0,6.118,0.09591824999999998,0.0,2.532148875,0.23636000000000001,0,,,,,,,,,,,
12.0,2011-09-12,2011.0,September,9.0,5.444,0.07216575,0.0,1.961626375,0.20802087499999997,0,,,,,,,,,,,
13.0,2011-09-12,2011.0,September,9.0,7.492,0.074966,0.0,2.0250245,1.1851122499999998,0.018296875000000004,,,,,,,,,,,
11.0,2011-10-13,2011.0,October,10.0,4.23,0.21483774999999997,0.0,1.3820714999999997,0.11098650000000002,0,,,,,,,,,,,
12.0,2011-10-13,2011.0,October,10.0,4.702,0.22009462499999996,0.0,1.673454125,0.12009349999999999,0,,,,,,,,,,,
13.0,2011-10-13,2011.0,October,10.0,2.564,0.10417475,0.0,0.92259525,0.08976649999999999,0,,,,,,,,,,,
11.0,2011-11-30,2011.0,November,11.0,5.247,0.07938824999999998,0.0,2.20468825,0.03316275,0,,,,,,,,,,,
12.0,2011-11-30,2011.0,November,11.0,3.901,0.054116624999999995,0.020942624999999996,1.5061991250000002,0.030106250000000005,0,,,,,,,,,,,
13.0,2011-11-30,2011.0,November,11.0,4.969,0.124837125,0.0,1.7289521249999997,0.02864425,0,,,,,,,,,,,
11.0,2011-12-14,2011.0,December,12.0,5.828,0.20053412499999995,0.0,2.1014538750000002,0.032710375,0,,,,,,,,,,,
12.0,2011-12-14,2011.0,December,12.0,3.768,0.10218200000000001,0.0,1.266158125,0.0231835,0,,,,,,,,,,,
13.0,2011-12-14,2011.0,December,12.0,2.89,0.048685375,0.0,0.9153565000000001,0.025758625000000004,0,Average,[TChl a],Perid,But fuco,Fuco,Zea,Gyr diester,,,,
11.0,2012-01-11,2012.0,January,1.0,3.166,0.145680625,0.0,1.3702737499999997,0.02054775,0,2012,6.221722222222222,0.30061073958333334,0.012328489583333331,2.741406440972222,0.11618336111111109,0.00036803125,,,,
12.0,2012-01-11,2012.0,January,1.0,1.868,0.10425999999999998,0.0,0.67076825,0.01578075,0,,,,,,,,,,,
13.0,2012-01-11,2012.0,January,1.0,1.752,0.10891674999999999,0.0,0.61970675,0.015032,0,,,,,,,,,,,
11.0,2012-02-21,2012.0,February,2.0,10.074,0.26395262499999994,0.0,6.18327625,0.044061125,0,,,,,,,,,,,
12.0,2012-02-21,2012.0,February,2.0,3.772,0.20643375,0.0,1.970331,0.029816999999999996,0,,,,,,,,,,,
13.0,2012-02-21,2012.0,February,2.0,2.944,0.201644625,0.0,1.5229422499999998,0.027293875,0,,,,,,,,,,,
11.0,2012-03-14,2012.0,March,3.0,4.539,0.10550762500000001,0.0,2.886976125,0.035856374999999996,0,,,,,,,,,,,
12.0,2012-03-14,2012.0,March,3.0,4.182,0.08699387499999998,0.0,2.6406029999999996,0.03771075,0,,,,,,,,,,,
13.0,2012-03-14,2012.0,March,3.0,4.262,0.077480625,0.027018875,2.8146895,0.051222999999999984,0,,,,,,,,,,,
11.0,2012-04-17,2012.0,April,4.0,2.231,0.026335625,0.0,0.9633748749999999,0.026317,0,,,,,,,,,,,
12.0,2012-04-17,2012.0,April,4.0,3.352,0.035134625,0.035607999999999994,1.5031683749999998,0.0238525,0,,,,,,,,,,,
13.0,2012-04-17,2012.0,April,4.0,3.385,0.038184875,0.0,1.4835867499999997,0.03039425,0,,,,,,,,,,,
11.0,2012-05-22,2012.0,May,5.0,4.116,0.245240875,0.0,1.948039125,0.0456875,0,,,,,,,,,,,
12.0,2012-05-22,2012.0,May,5.0,3.065,0.03533425,0.0,1.2835183749999999,0.028921625,0,,,,,,,,,,,
13.0,2012-05-22,2012.0,May,5.0,3.484,0.0,0.0,1.579865375,0.040535249999999995,0,,,,,,,,,,,
11.0,2012-06-20,2012.0,June,6.0,6.065,0.17775512499999999,0.09161949999999999,2.9487294999999993,0.071689875,0,,,,,,,,,,,
12.0,2012-06-20,2012.0,June,6.0,7.391,0.17740075,0.14106712499999996,3.459509875,0.08343062499999998,0,,,,,,,,,,,
13.0,2012-06-20,2012.0,June,6.0,3.951,0.0492955,0.09963049999999998,1.969126875,0.07545924999999999,0,,,,,,,,,,,
11.0,2012-07-16,2012.0,July,7.0,11.896,0.217589125,0.0,5.628986125000001,0.196227375,0,,,,,,,,,,,
12.0,2012-07-16,2012.0,July,7.0,14.033,0.228720375,0.0,6.0719256249999995,0.24178537499999997,0,,,,,,,,,,,
13.0,2012-07-16,2012.0,July,7.0,17.782,0.558702125,0.0,7.587463499999999,0.5912488749999999,0,,,,,,,,,,,
11.0,2012-08-16,2012.0,August,8.0,7.746,0.10947012499999999,0.0,3.8873463749999995,0.28584049999999994,0,,,,,,,,,,,
12.0,2012-08-16,2012.0,August,8.0,9.829,0.07978399999999998,0.0,4.899834875,0.282895875,0,,,,,,,,,,,
13.0,2012-08-16,2012.0,August,8.0,11.077,0.201011625,0.03976387499999999,4.755092374999999,0.9086414999999999,0.013249124999999999,,,,,,,,,,,
11.0,2012-09-11,2012.0,September,9.0,17.58,6.242088749999999,0.0,2.6363088750000006,0.2347885,0,,,,,,,,,,,
12.0,2012-09-11,2012.0,September,9.0,11.578,0.26427775,0.0,5.1235725,0.150516625,0,,,,,,,,,,,
13.0,2012-09-11,2012.0,September,9.0,11.763,0.33641437499999993,0.0,5.235998625,0.24326074999999997,0,,,,,,,,,,,
11.0,2012-10-17,2012.0,October,10.0,4.938,0.129281875,0.0,2.285663375,0.07592749999999998,0,,,,,,,,,,,
12.0,2012-10-17,2012.0,October,10.0,7.007,0.138506625,0.0,3.1131591249999992,0.08630275,0,,,,,,,,,,,
13.0,2012-10-17,2012.0,October,10.0,3.952,0.15555175,0.0,1.3673358750000002,0.079515375,0,,,,,,,,,,,
11.0,2012-11-12,2012.0,November,11.0,3.091,0.0,0.0,1.066612,0.022144,0,,,,,,,,,,,
12.0,2012-11-12,2012.0,November,11.0,2.972,0.0,0.0,1.0841155,0.01803975,0,,,,,,,,,,,
13.0,2012-11-12,2012.0,November,11.0,3.557,0.0,0.0,0.984649875,0.022598875,0,,,,,,,,,,,
11.0,2012-12-12,2012.0,December,12.0,4.949,0.0,0.0,2.35728375,0.028817625000000003,0,,,,,,,,,,,
12.0,2012-12-12,2012.0,December,12.0,3.136,0.026517,0.009117749999999999,1.3751918750000003,0.01043925,0,,,,,,,,,,,
13.0,2012-12-12,2012.0,December,12.0,3.497,0.04851899999999999,0.0,1.4116056250000002,0.0,0,Average,[TChl a],Perid,But fuco,Fuco,Zea,Gyr diester,,,,
11.0,2013-01-23,2013.0,January,1.0,4.662,0.084186875,0.0,2.03980475,0.024773999999999997,0,2013,6.5475,0.16407113541666665,0.03292638541666667,3.007071770833333,0.08503180555555556,0.0008608715277777778,,,,
12.0,2013-01-23,2013.0,January,1.0,2.779,0.09978037500000002,0.0,1.0251213749999997,0.0,0,,,,,,,,,,,
13.0,2013-01-23,2013.0,January,1.0,5.946,0.25616124999999995,0.0,2.3527458749999997,0.0,0,,,,,,,,,,,
11.0,2013-02-14,2013.0,February,2.0,7.484,0.6740044999999999,0.0,3.0978424999999996,0.020886375000000002,0,,,,,,,,,,,
12.0,2013-02-14,2013.0,February,2.0,4.582,0.32861562499999997,0.0,1.923393375,0.0185785,0,,,,,,,,,,,
13.0,2013-02-14,2013.0,February,2.0,1.888,0.0745415,0.0,0.7189434999999998,0.0,0,,,,,,,,,,,
11.0,2013-03-13,2013.0,March,3.0,13.848,0.3054225,0.0,7.28586325,0.06558699999999999,0,,,,,,,,,,,
12.0,2013-03-13,2013.0,March,3.0,9.689,0.1077465,0.0,5.67958025,0.03962474999999999,0,,,,,,,,,,,
13.0,2013-03-13,2013.0,March,3.0,5.937,0.06590625,0.0,3.3197887499999994,0.04492,0,,,,,,,,,,,
11.0,2013-04-16,2013.0,April,4.0,1.549,0.0,0.0,0.6352351249999999,0.010700749999999998,0,,,,,,,,,,,
12.0,2013-04-16,2013.0,April,4.0,2.619,0.0,0.0,1.34654775,0.016683124999999997,0,,,,,,,,,,,
13.0,2013-04-16,2013.0,April,4.0,2.412,0.0,0.0,1.32974775,0.03545874999999999,0,,,,,,,,,,,
11.0,2013-05-13,2013.0,May,5.0,2.394,0.03300575,0.0,1.0136084999999997,0.02249325,0,,,,,,,,,,,
12.0,2013-05-13,2013.0,May,5.0,2.32,0.039878375,0.0,0.7350967499999997,0.014611874999999998,0,,,,,,,,,,,
13.0,2013-05-13,2013.0,May,5.0,5.344,0.045995375,0.0,1.8850132499999999,0.023553624999999998,0,,,,,,,,,,,
11.0,2013-06-12,2013.0,June,6.0,5.205,0.089013375,0.0,2.257807,0.05219675,0,,,,,,,,,,,
12.0,2013-06-12,2013.0,June,6.0,8.955,0.10504349999999998,0.0,3.8635747499999993,0.072931125,0,,,,,,,,,,,
13.0,2013-06-12,2013.0,June,6.0,9.271,0.128155875,0.0,4.2085555,0.08066999999999999,0,,,,,,,,,,,
11.0,2013-07-15,2013.0,July,7.0,8.009,0.26799775,0.0,3.1410287500000003,0.08576524999999999,0,,,,,,,,,,,
12.0,2013-07-15,2013.0,July,7.0,14.608,0.300889875,0.0,6.78425425,0.10199137499999998,0,,,,,,,,,,,
13.0,2013-07-15,2013.0,July,7.0,14.583,0.38650437499999996,0.0,7.065118874999998,0.116158125,0,,,,,,,,,,,
11.0,2013-08-12,2013.0,August,8.0,7.483,0.281276375,0.0,3.20578075,0.16374674999999997,0,,,,,,,,,,,
12.0,2013-08-12,2013.0,August,8.0,11.888,0.32197499999999996,0.0,5.069446875,0.27216425,0,,,,,,,,,,,
13.0,2013-08-12,2013.0,August,8.0,14.918,0.9031083750000001,0.0,4.921325125,0.6761586250000001,0,,,,,,,,,,,
11.0,2013-09-18,2013.0,September,9.0,8.304,0.20773874999999997,0.17777499999999996,4.798428375,0.136539875,0,,,,,,,,,,,
12.0,2013-09-18,2013.0,September,9.0,8.327,0.06456800000000001,0.30158425,4.704803375,0.251781,0,,,,,,,,,,,
13.0,2013-09-18,2013.0,September,9.0,10.844,0.069035375,0.63232975,6.101073124999999,0.45869712499999993,0,,,,,,,,,,,
11.0,3013-10-21,2013.0,October,10.0,4.217,0.088088375,0.0,1.5455151249999999,0.033778749999999996,0,,,,,,,,,,,
12.0,3013-10-21,2013.0,October,10.0,3.31,0.071377875,0.0,1.049712,0.03502625,0,,,,,,,,,,,
13.0,3013-10-21,2013.0,October,10.0,2.388,0.0,0.0,0.8723851249999999,0.033435125,0,,,,,,,,,,,
11.0,2013-11-21,2013.0,November,11.0,7.863,0.18172362499999997,0.073660875,3.8870957499999994,0.048633875,0.030991375,,,,,,,,,,,
12.0,2013-11-21,2013.0,November,11.0,2.558,0.044638500000000005,0.0,1.172497375,0.014688375,0,,,,,,,,,,,
13.0,2013-11-21,2013.0,November,11.0,3.818,0.07666187499999999,0.0,1.7299306250000002,0.02429875,0,,,,,,,,,,,
11.0,2013-12-19,2013.0,December,12.0,6.587,0.08232587499999999,0.0,3.215326125,0.028375124999999998,0,,,,,,,,,,,
12.0,2013-12-19,2013.0,December,12.0,4.481,0.059084125,0.0,2.131277125,0.019444374999999996,0,,,,,,,,,,,
13.0,2013-12-19,2013.0,December,12.0,4.64,0.062109125,0.0,2.1413150000000005,0.016792125,0,Average,[TChl a],Perid,But fuco,Fuco,Zea,Gyr diester,,,,
11.0,2014-01-16,2014.0,January,1.0,8.546,0.093754875,0.0,4.42357425,0.032430125,0,2014,5.864030303030304,0.12839735227272725,0.0036908977272727263,2.6430281022727273,0.06513206818181819,0,,,,
12.0,2014-01-16,2014.0,January,1.0,5.734,0.08919375,0.0,2.7374125,0.017586124999999998,0,,,,,,,,,,,
13.0,2014-01-16,2014.0,January,1.0,5.601,0.089579625,0.0,2.6772556249999995,0.01604975,0,,,,,,,,,,,
11.0,2014-02-20,2014.0,February,2.0,10.32,0.396239625,0.0,4.833359999999999,0.026980750000000005,0,,,,,,,,,,,
12.0,2014-02-20,2014.0,February,2.0,11.166,0.6229007499999999,0.0,5.06358225,0.026610249999999995,0,,,,,,,,,,,
13.0,2014-02-20,2014.0,February,2.0,8.5,0.18424799999999997,0.0,4.0199695,0.023735125,0,,,,,,,,,,,
11.0,2014-03-20,2014.0,March,3.0,6.422,0.072317625,0.0,3.193937625,0.045117625,0,,,,,,,,,,,
12.0,2014-03-20,2014.0,March,3.0,3.379,0.059186375,0.0,1.6805686249999998,0.059036000000000005,0,,,,,,,,,,,
13.0,2014-03-20,2014.0,March,3.0,2.87,0.0,0.0,1.5003813749999997,0.06149774999999998,0,,,,,,,,,,,
11.0,2014-04-21,2014.0,April,4.0,3.498,0.027999875,0.0,1.7591699999999997,0.035640375,0,,,,,,,,,,,
12.0,2014-04-21,2014.0,April,4.0,3.829,0.032553,0.0,1.974749625,0.03619012499999999,0,,,,,,,,,,,
13.0,2014-04-21,2014.0,April,4.0,2.515,0.0,0.0,1.230544625,0.023395375,0,,,,,,,,,,,
11.0,2013-05-12,2014.0,May,5.0,3.577,0.087122125,0.0,1.1995,0.02168975,0,,,,,,,,,,,
12.0,2013-05-12,2014.0,May,5.0,3.381,0.07024575,0.0,1.3057062499999998,0.020095249999999995,0,,,,,,,,,,,
13.0,2013-05-12,2014.0,May,5.0,4.517,0.07803,0.0,1.8011958749999994,0.024426249999999993,0,,,,,,,,,,,
11.0,2014-06-17,2014.0,June,6.0,6.201,0.178511625,0.0,2.9713708749999994,0.04514412499999999,0,,,,,,,,,,,
12.0,2014-06-17,2014.0,June,6.0,8.029,0.163683375,0.0,3.94282275,0.08529325,0,,,,,,,,,,,
13.0,2014-06-17,2014.0,June,6.0,4.383,0.07996912499999997,0.07668562499999998,2.155613875,0.130023125,0,,,,,,,,,,,
11.0,2014-07-17,2014.0,July,7.0,9.379,0.19356124999999996,0.0,4.151050874999999,0.09573225000000002,0,,,,,,,,,,,
12.0,2014-07-17,2014.0,July,7.0,11.09,0.16732699999999998,0.0,5.15921875,0.12853674999999998,0,,,,,,,,,,,
13.0,2014-07-17,2014.0,July,7.0,8.776,0.295799125,0.0,2.8376308750000003,0.17665549999999997,0,,,,,,,,,,,
11.0,2014-08-11,2014.0,August,8.0,5.738,0.15042475,0.0,2.858798875,0.146220875,0,,,,,,,,,,,
12.0,2014-08-11,2014.0,August,8.0,7.403,0.176650375,0.0,3.374291,0.243008,0,,,,,,,,,,,
13.0,2014-08-11,2014.0,August,8.0,5.235,0.13140399999999997,0.0,2.307163875,0.114432125,0,,,,,,,,,,,
11.0,2014-09-15,2014.0,September,9.0,4.769,0.038092125,0.0,2.226136625,0.033811749999999995,0,,,,,,,,,,,
12.0,2014-09-15,2014.0,September,9.0,3.356,0.0,0.0,1.540848,0.03421525,0,,,,,,,,,,,
13.0,2014-09-15,2014.0,September,9.0,6.662,0.08597299999999998,0.0,2.865813875,0.073015,0,,,,,,,,,,,
11.0,2014-10-16,2014.0,October,10.0,2.281,0.04605524999999999,0.0,0.857169,0.039878375,0,,,,,,,,,,,
12.0,2014-10-16,2014.0,October,10.0,3.64,0.09394949999999999,0.045113999999999994,1.5055590000000003,0.061661375,0,,,,,,,,,,,
13.0,2014-10-16,2014.0,October,10.0,6.168,0.1941025,0.0,2.3508469999999995,0.15976374999999998,0,,,,,,,,,,,
11.0,2014-11-12,2014.0,November,11.0,6.045,0.1497275,0.0,2.5083254999999998,0.038491875,0,,,,,,,,,,,
12.0,2014-11-12,2014.0,November,11.0,4.632,0.08188,0.0,1.8809811250000001,0.02636275,0,,,,,,,,,,,
13.0,2014-11-12,2014.0,November,11.0,5.871,0.10663075,0.0,2.325377375,0.04663149999999999,0,,,,,,,,,,,
11.0,,2014.0,December,12.0,,,,,,,,,,,,,,,,,
12.0,,2014.0,December,12.0,,,,,,,,,,,,,,,,,
13.0,,2014.0,December,12.0,,,,,,,Average,,,,,,,,,,
,,,,,,,,,,,Year,[TChl a],Perid,But fuco,Fuco,Zea,Gyr diester,Perid/Chl a,But fuco/Chl a,Fuco/Chl a,Zea/Chl a
,,,,,,,,,,,1999,3.9287711602470887,0.07178209735185186,0.004367845888888889,1.3122566430925926,0.01172131832037037,0,0.018270877692794233,0.0011117587944761299,0.33401198226319245,0.0029834566184387262
,,,,,,,,,,,2000,3.987137985480551,0.07140210009722221,0.019063180305555556,1.3892418635925925,0.02544305206944444,0,0.017908108612553184,0.004781168942478413,0.3484308465499856,0.006381282052965596
,,,,,,,,,,,2001,3.3319496364052026,0.04928534918109801,0.015473024945314131,1.0108783897340365,0.03322501316322686,0,0.01479174494194076,0.004643835181736953,0.30338945663796413,0.009971643268615818
,,,,,,,,,,,2002,4.152729634741375,0.054265831559686464,0.012774794165843326,0.898342485878264,0.014705678640623472,0,0.013067508923697617,0.0030762402779536883,0.21632578205015057,0.0035412078160824735
,,,,,,,,,,,2003,5.236635510795498,0.14409674810562445,0.005032939679165732,1.6520382221323746,0.04911313104594116,0,0.027517047502841133,0.0009611017739902194,0.3154770307627183,0.00937875682672449
,,,,,,,,,,,2004,7.0652124999999995,0.12099746549816598,0.0006918851681317113,2.085754499575879,0.05767190319837517,0,0.0171258069729914,9.792843005524764e-05,0.29521468739629264,0.00816279810386102
,,,,,,,,,,,2005,6.603800555555555,0.162287537378484,0.01798788210027115,1.9786761463041331,0.1080654425749128,2.5000000000000005e-05,0.024574869578996742,0.002723868164846158,0.2996268784404065,0.01636412875673554
,,,,,,,,,,,2006,5.429511111111111,0.0769861111111111,0.1288638694444445,2.008755555555555,0.07491111111111108,0.0003249749999999999,0.014179197635964766,0.023733972876624876,0.36996987655937913,0.013797026947382203
,,,,,,,,,,,2007,6.118527777777778,0.06616664166666669,0.05299993055555558,2.113666666666666,0.08352777777777776,0.0009999000000000004,0.010814144197723675,0.008662203144365705,0.34545347237670637,0.013651613723344846
,,,,,,,,,,,2008,5.085916666666667,0.03913887777777777,0.09102768888888892,1.9842500000000003,0.05794444444444444,0.0009999000000000004,0.007695540517660422,0.0178979906386372,0.39014599138142914,0.011393117159039394
,,,,,,,,,,,2009,4.765305555555553,0.051805550000000006,0.014055522222222224,1.5570555555555556,0.05866666666666666,0.0009999000000000004,0.010871401507423455,0.0029495531940938865,0.326748313912481,0.012311207745801545
,,,,,,,,,,,2010,6.043361111111113,0.11194896875000003,0.009647975694444443,2.2654879444444433,0.12199896874999999,0,0.018524289164877895,0.0015964585794328938,0.37487217837755815,0.02018727104122521
,,,,,,,,,,,2011,5.242777777777777,0.09744869791666665,0.0018705312499999996,2.0350472083333333,0.12201990277777777,0.0005082465277777779,0.018587226475574866,0.0003567824785419095,0.3881620191798242,0.02327390325315249
,,,,,,,,,,,2012,6.221722222222222,0.30061073958333334,0.012328489583333331,2.741406440972222,0.11618336111111109,0.00036803125,0.04831632285183631,0.0019815236268985897,0.44061858486396227,0.018673826468198335
,,,,,,,,,,,2013,6.5475,0.16407113541666665,0.03292638541666667,3.007071770833333,0.08503180555555556,0.0008608715277777778,0.02505859265623011,0.005028848479063256,0.4592702208221967,0.012986911883246362
,,,,,,,,,,,2014,5.864030303030304,0.12839735227272725,0.0036908977272727263,2.6430281022727273,0.06513206818181819,0,0.02189575183579397,0.0006294131402024668,0.4507186978394216,0.011107048363675825
