9,1/25/1995,1995,JANUARY,1,1.00,-0.543011369,,,,,,,,,,,,,,,
10,1/25/1995,1995,JANUARY,1,0.80,-0.58281819,-0.56291478,,0.9,,,,,,,,,,,,
9,2/15/1995,1995,FEBRUARY,2,0.41,-0.660441491,,,,,,,,,,,,,,,
10,2/15/1995,1995,FEBRUARY,2,1.87,-0.369851698,-0.515146595,-1.078061375,1.14,,,,,,,,,,,,
9,3/23/1995,1995,MARCH,3,1.33,-0.477330115,,,,,,,,,,,,,,,
10,3/23/1995,1995,MARCH,3,2.63,-0.218585779,-0.347957947,-1.426019321,1.98,,,,,,,,,,,,
9,4/25/1995,1995,APRIL,4,1.63,-0.417619883,,,,,,,,,,,,,,,
10,4/25/1995,1995,APRIL,4,2.29,-0.286257374,-0.351938629,-1.77795795,1.96,,,,,,,,,,,,
9,5/20/1995,1995,MAY,5,0.90,-0.56291478,,,,,,,,,,,,,,,
10,5/20/1995,1995,MAY,5,2.55,-0.234508507,-0.398711643,-2.176669594,1.725,,,,,,,,,,,,
9,6/14/1995,1995,JUNE,6,0.07,-0.728113087,,,,,,,,,,,,,,,
10,6/14/1995,1995,JUNE,6,0.54,-0.634567058,-0.681340072,-2.858009666,0.305,,,,,,,,,,,,
9,7/6/1995,1995,JULY,7,0.59,-0.624615352,,,,,,,,,,,,,,,
10,7/6/1995,1995,JULY,7,0.40,-0.662431832,-0.643523592,-3.501533258,0.495,,,,,,,,,,,,
9,8/22/1995,1995,AUGUST,8,8.67,0.983580215,,,,,,,,,,,,,,,
10,8/22/1995,1995,AUGUST,8,3.43,-0.059358495,0.46211086,-3.039422398,6.05,,,,,,,,,,,,
9,9/21/1995,1995,SEPTEMBER,9,2.20,-0.304170444,,,,,,,,,,,,,,,
10,9/21/1995,1995,SEPTEMBER,9,1.07,-0.529078982,-0.416624713,-3.456047111,1.635,,,,,,,,,,,,
9,10/12/1995,1995,OCTOBER,10,2.13,-0.318102831,,,,,,,,,,,,,,,
10,10/12/1995,1995,OCTOBER,10,1.73,-0.397716473,-0.357909652,-3.813956763,1.93,,,,,,,,,,,,
9,12/8/1995,1995,DECEMBER,12,0.13,-0.716171041,,,,,,,,,,,,,,,
10,12/8/1995,1995,DECEMBER,12,0.49,-0.644518763,-0.680344902,-4.494301665,0.31,1.675454545,,,,,,,,,,,
9,1/23/1996,1996,JANUARY,1,0.66,-0.610682965,-0.61,-5.10,0.66,,,,,,,,,,,,
9,2/12/1996,1996,FEBRUARY,2,1.43,-0.457426704,,,,,,,,,,,,,,,
10,2/12/1996,1996,FEBRUARY,2,1.44,-0.455436363,-0.456431534,-5.56,1.435,,,,,,,,,,,,
9,3/19/1996,1996,MARCH,3,1.17,-0.509175572,,,,,,,,,,,,,,,
10,3/19/1996,1996,MARCH,3,1.83,-0.377813062,-0.443494317,-6.00,1.5,,,,,,,,,,,,
9,4/18/1996,1996,APRIL,4,0.28,-0.686315925,,,,,,,,,,,,,,,
10,4/18/1996,1996,APRIL,4,0.00,-0.742045474,-0.7141807,-6.72,0.14,,,,,,,,,,,,
9,5/7/1996,1996,MAY,5,1.07,-0.529078982,,,,,,,,,,,,,,,
10,5/7/1996,1996,MAY,5,0.91,-0.560924439,-0.54500171,-7.26,0.99,,,,,,,,,,,,
9,6/17/1996,1996,JUNE,6,0.97,-0.548982393,,,,,,,,,,,,,,,
10,6/17/1996,1996,JUNE,6,1.17,-0.509175572,-0.529078982,-7.79,1.07,,,,,,,,,,,,
9,7/23/1996,1996,JULY,7,5.70,0.392448923,,,,,,,,,,,,,,,
10,7/23/1996,1996,JULY,7,3.49,-0.047416448,0.172516237,-7.62,4.595,,,,,,,,,,,,
9,8/22/1996,1996,AUGUST,8,1.60,-0.423590907,,,,,,,,,,,,,,,
10,8/22/1996,1996,AUGUST,8,1.07,-0.529078982,-0.476334944,-8.10,1.335,,,,,,,,,,,,
9,9/16/1996,1996,SEPTEMBER,9,4.12,0.077975038,,,,,,,,,,,,,,,
10,9/16/1996,1996,SEPTEMBER,9,3.50,-0.045426107,0.016274465,-8.08,3.81,,,,,,,,,,,,
9,10/22/1996,1996,OCTOBER,10,1.61,-0.421600565,,,,,,,,,,,,,,,
10,10/22/1996,1996,OCTOBER,10,2.54,-0.236498848,-0.329049707,-8.41,2.075,,,,,,,,,,,,
9,11/14/1996,1996,NOVEMBER,11,0.55,-0.632576717,,,,,,,,,,,,,,,
10,11/14/1996,1996,NOVEMBER,11,0.59,-0.624615352,-0.628596034,-9.04,0.57,,,,,,,,,,,,
9,12/18/1996,1996,DECEMBER,12,2.56,-0.232518166,,,,,,,,,,,,,,,
10,12/18/1996,1996,DECEMBER,12,1.02,-0.539030687,-0.385774427,-9.42,1.79,,,,,,,,,,,,
9,1/14/1997,1997,JANUARY,1,0.36,-0.670393197,,,,,,,,,,,,,,,
10,1/14/1997,1997,JANUARY,1,1.05,-0.533059664,-0.60172643,-10.03,0.705,,,,,,,,,,,,
9,2/10/1997,1997,FEBRUARY,2,0.60,-0.622625011,,,,,,,,,,,,,,,
10,2/10/1997,1997,FEBRUARY,2,3.60,-0.025522697,-0.324073854,-10.35,2.1,,,,,,,,,,,,
9,3/28/1997,1997,MARCH,3,0.16,-0.710200017,,,,,,,,,,,,,,,
10,3/28/1997,1997,MARCH,3,0.36,-0.670393197,-0.690296607,-11.04,0.26,,,,,,,,,,,,
9,4/22/1997,1997,APRIL,4,0.68,-0.606702283,,,,,,,,,,,,,,,
10,4/22/1997,1997,APRIL,4,0.49,-0.644518763,-0.625610523,-11.67,0.585,1.407647059,,,,,,,,,,,
9,5/20/1997,1997,MAY,5,0.33,-0.67636422,,,,,,,,,,,,,,,
10,5/20/1997,1997,MAY,5,0.05,-0.73308894,-0.70472658,-12.37,0.1875,,,,,,,,,,,,
9,6/10/1997,1997,JUNE,6,0.91,-0.560924439,,,,,,,,,,,,,,,
10,6/10/1997,1997,JUNE,6,0.93,-0.556943757,-0.558934098,-12.93,0.92,,,,,,,,,,,,
9,7/15/1997,1997,JULY,7,0.83,-0.576847167,,,,,,,,,,,,,,,
10,7/15/1997,1997,JULY,7,0.48,-0.646509104,-0.611678136,-13.54,0.655,,,,,,,,,,,,
9,9/2/1997,1997,AUGUST,8,1.71,-0.401697155,,,,,,,,,,,,,,,
10,9/2/1997,1997,AUGUST,8,4.10,0.073994356,-0.1638514,-13.71,2.905,,,,,,,,,,,,
9,9/26/1997,1997,SEPTEMBER,9,1.37,-0.469368751,,,,,,,,,,,,,,,
10,9/26/1997,1997,SEPTEMBER,9,2.23,-0.29819942,-0.383784086,-14.09,1.8,,,,,,,,,,,,
9,10/8/1997,1997,OCTOBER,10,8.80 ,1.009454648,,,,,,,,,,,,,,,
10,10/8/1997,1997,OCTOBER,10,3.61 ,-0.023532356,0.492961146,-13.60,6.205,1.893928571,,,,,,,,,,,
9,11/20/1997,1997,NOVEMBER,11,0.42 ,-0.65845115,,,,,,,,,,,,,,,
10,11/20/1997,1997,NOVEMBER,11,1.61 ,-0.421600565,-0.540025858,-14.14,1.015,,,,,,,,,,,,
9,12/15/1997,1997,DECEMBER,12,0.25 ,-0.692286948,,,,,,,,,,,,,,,
10,12/15/1997,1997,DECEMBER,12,0.26 ,-0.690296607,-0.691291778,-14.83,0.255,,,,,,,,,,,,
9,1/21/1998,1998,JANUARY,1,2.66 ,-0.212614755,,,,,,,,,,,,,,,
10,1/21/1998,1998,JANUARY,1,8.57 ,0.963676804,0.375531024,-14.45,5.615,,,,,,,,,,,,
9,2/10/1998,1998,FEBRUARY,2,0.49,-0.644518763,,,,,,,,,,,,,,,
10,2/10/1998,1998,FEBRUARY,2,0.63,-0.616653988,-0.630586376,-15.08,0.56,,,,,,,,,,,,
9,3/16/1998,1998,MARCH,3,1.67,-0.409658519,,,,,,,,,,,,,,,
10,3/16/1998,1998,MARCH,3,1.62,-0.419610224,-0.414634372,-15.50,1.645,,,,,,,,,,,,
9,4/14/1998,1998,APRIL,4,0.39,-0.664422173,,,,,,,,,,,,,,,
10,4/14/1998,1998,APRIL,4,4.35,0.123752882,-0.270334646,-15.77,2.37,,,,,,,,,,,,
9,5/20/1998,1998,MAY,5,2.75,-0.194701686,,,,,,,,,,,,,,,
10,5/20/1998,1998,MAY,5,0.31,-0.680344902,-0.437523294,-16.20,1.53,,,,,,,,,,,,
9,6/17/1998,1998,JUNE,6,1.22,-0.499223866,,,,,,,,,,,,,,,
10,6/17/1998,1998,JUNE,6,0.43,-0.656460809,-0.577842338,-16.78,0.825,,,,,,,,,,,,
9,7/7/1998,1998,JULY,7,0.52,-0.63854774,,,,,,,,,,,,,,,
10,7/7/1998,1998,JULY,7,1.14,-0.515146595,-0.576847167,-17.36,0.83,,,,,,,,,,,,
9,8/12/1998,1998,AUGUST,8,1.09,-0.5250983,,,,,,,,,,,,,,,
10,8/12/1998,1998,AUGUST,8,1.71,-0.401697155,-0.463397727,-17.82,1.4,,,,,,,,,,,,
9,9/16/1998,1998,SEPTEMBER,9,2.2,-0.304170444,,,,,,,,,,,,,,,
10,9/16/1998,1998,SEPTEMBER,9,1.3,-0.483301138,-0.393735791,-18.22,1.75,,,,,,,,,,,,
9,10/13/1998,1998,OCTOBER,10,4.98,0.249144368,,,,,,,,,,,,,,,
10,10/13/1998,1998,OCTOBER,10,1.99,-0.345967606,-0.048411619,-18.26,3.485,,,,,,,,,,,,
9,11/19/1998,1998,NOVEMBER,11,0.85,-0.572866485,,,,,,,,,,,,,,,
10,11/19/1998,1998,NOVEMBER,11,0.9,-0.56291478,-0.567890633,-18.83,0.875,,,,,,,,,,,,
9,12/15/1998,1998,DECEMBER,12,0.51,-0.640538081,-0.640538081,-19.47,0.51,,,,,,,,,,,,
9,1/19/1999,1999,JANUARY,1,1.52,-0.439513635,,,,,,,,,,,,,,,
10,1/19/1999,1999,JANUARY,1,0.62,-0.618644329,-0.529078982,-20.00,1.07,,,,,,,,,,,,
9,2/17/1999,1999,FEBRUARY,2,0.05,-0.732093769,,,,,,,,,,,,,,,
10,2/17/1999,1999,FEBRUARY,2,0.103,-0.721544961,-0.726819365,-20.73,0.0765,,,,,,,,,,,,
9,3/18/1999,1999,MARCH,3,0.73,-0.596750578,,,,,,,,,,,,,,,
10,3/18/1999,1999,MARCH,3,0.73,-0.596750578,-0.596750578,-21.33,0.73,,,,,,,,,,,,
9,4/14/1999,1999,APRIL,4,0.23,-0.69626763,,,,,,,,,,,,,,,
10,4/14/1999,1999,APRIL,4,0.75,-0.592769896,-0.644518763,-21.97,0.49,,,,,,,,,,,,
9,5/18/1999,1999,MAY,5,1.54,-0.435532953,,,,,,,,,,,,,,,
10,5/18/1999,1999,MAY,5,1.47,-0.44946534,-0.442499146,-22.41,1.505,,,,,,,,,,,,
9,6/19/1999,1999,JUNE,6,1.01,-0.541021028,,,,,,,,,,,,,,,
10,6/19/1999,1999,JUNE,6,16.9,2.621630897,1.040304934,-21.37,8.955,,,,,,,,,,,,
9,7/15/1999,1999,JULY,7,6.01,0.454149496,,,,,,,,,,,,,,,
10,7/15/1999,1999,JULY,7,9.52,1.152759204,0.80345435,-20.57,7.765,,,,,,,,,,,,
9,8/19/1999,1999,AUGUST,8,6.05,0.46211086,,,,,,,,,,,,,,,
10,8/19/1999,1999,AUGUST,8,10,1.248295574,0.855203217,-19.71,8.025,,,,,,,,,,,,
9,9/14/1999,1999,SEPTEMBER,9,1.58,-0.427571589,,,,,,,,,,,,,,,
10,9/14/1999,1999,SEPTEMBER,9,6.14,0.480023929,0.02622617,-19.69,3.86,2.558416667,,,,,,,,,,,
9,10/13/1999,1999,OCTOBER,10,1.29,-0.485291479,,,,,,,,,,,,,,,
10,10/13/1999,1999,OCTOBER,10,2.55,-0.234508507,-0.359899993,-20.05,1.92,,,,,,,,,,,,
9,11/9/1999,1999,NOVEMBER,11,2.50 ,-0.244460212,,,,,,,,,,,,,,,
10,11/9/1999,1999,NOVEMBER,11,1.47 ,-0.44946534,-0.346962776,-20.39,1.985,,,,,,,,,,,,
9,12/8/1999,1999,DECEMBER,12,0.94 ,-0.554953416,,,,,,,,,,,,,,,
10,12/8/1999,1999,DECEMBER,12,1.19 ,-0.505194889,-0.530074153,-20.92,1.065,,,,,,,,,,,,
9,1/6/2000,2000,JANUARY,1,2.77 ,-0.190721004,,,,,,,,,,,,,,,
10,1/6/2000,2000,JANUARY,1,1.69 ,-0.405677837,-0.29819942,-21.22,2.23,,,,,,,,,,,,
9,2/22/2000,2000,FEBRUARY,2,1.34 ,-0.475339774,,,,,,,,,,,,,,,
10,2/22/2000,2000,FEBRUARY,2,2.81 ,-0.18275964,-0.329049707,-21.55,2.075,,,,,,,,,,,,
9,3/14/2000,2000,MARCH,3,1.96,-0.351938629,,,,,,,,,,,,,,,
10,3/14/2000,2000,MARCH,3,1.36,-0.471359092,-0.41164886,-21.96,1.66,,,,,,,,,,,,
9,4/10/2000,2000,APRIL,4,1.28 ,-0.48728182,,,,,,,,,,,,,,,
10,4/10/2000,2000,APRIL,4,1.33 ,-0.477330115,-0.482305967,-22.45,1.305,,,,,,,,,,,,
9,5/17/2000,2000,MAY,5,1.22 ,-0.499223866,,,,,,,,,,,,,,,
10,5/17/2000,2000,MAY,5,1.00 ,-0.543011369,-0.521117618,-22.97,1.11,,,,,,,,,,,,
9,6/15/2000,2000,JUNE,6,1.84 ,-0.375822721,,,,,,,,,,,,,,,
10,6/15/2000,2000,JUNE,6,0.17 ,-0.708209676,-0.542016199,-23.51,1.005,,,,,,,,,,,,
9,7/12/2000,2000,JULY,7,0.74 ,-0.594760237,,,,,,,,,,,,,,,
10,7/12/2000,2000,JULY,7,1.30 ,-0.483301138,-0.539030687,-24.05,1.02,,,,,,,,,,,,
9,8/17/2000,2000,AUGUST,8,1.93 ,-0.357909652,,,,,,,,,,,,,,,
10,8/17/2000,2000,AUGUST,8,0.76 ,-0.590779555,-0.474344603,-24.52,1.345,,,,,,,,,,,,
9,9/14/2000,2000,SEPTEMBER,9,3.06 ,-0.133001113,,,,,,,,,,,,,,,
10,9/14/2000,2000,SEPTEMBER,9,1.52 ,-0.439513635,-0.286257374,-24.81,2.29,,,,,,,,,,,,
9,10/16/2000,2000,OCTOBER,10,1.25 ,-0.493252843,,,,,,,,,,,,,,,
10,10/16/2000,2000,OCTOBER,10,2.43 ,-0.2583926,-0.375822721,-25.18,1.84,,,,,,,,,,,,
9,11/16/2000,2000,NOVEMBER,11,2.22 ,-0.300189762,,,,,,,,,,,,,,,
10,11/16/2000,2000,NOVEMBER,11,0.58 ,-0.626605693,-0.463397727,-25.65,1.4,,,,,,,,,,,,
9,12/13/2000,2000,DECEMBER,12,0.13 ,-0.716171041,,,,,,,,,,,,,,,
10,12/13/2000,2000,DECEMBER,12,0.53 ,-0.636557399,-0.67636422,-26.32,0.33,1.2925,,,,,,,,,,,
9,1/11/2001,2001,JANUARY,1,,,,,,,,,,,,,,,,,
10,1/11/2001,2001,JANUARY,1,,,,,,,,,,,,,,,,,
9,2/7/2001,2001,FEBRUARY,2,,,,,,,,,,,,,,,,,
10,2/7/2001,2001,FEBRUARY,2,,,,,,,,,,,,,,,,,
9,3/12/2001,2001,MARCH,3,2.30,-0.284267033,,,,,,,,,,,,,,,
10,3/12/2001,2001,MARCH,3,1.41,-0.461407386,-0.37283721,-26.70,1.855,,,,,,,,,,,,
9,4/17/2001,2001,APRIL,4,30.1,5.248881081,,,,,,,,,,,,,,,
10,4/17/2001,2001,APRIL,4,18.0,2.840568413,4.044724747,-22.65,24.05,,,,,,,,,,,,
9,5/14/2001,2001,MAY,5,1.16,-0.511165913,,,,,,,,,,,,,,,
10,5/14/2001,2001,MAY,5,1.38,-0.46737841,-0.489272161,-23.14,1.27,,,,,,,,,,,,
9,6/12/2001,2001,JUNE,6,1.03 ,-0.537040346,,,,,,,,,,,,,,,
10,6/12/2001,2001,JUNE,6,3.57 ,-0.03149372,-0.284267033,-23.43,2.3,,,,,,,,,,,,
9,7/18/2001,2001,JULY,7,1.67 ,-0.409658519,,,,,,,,,,,,,,,
10,7/18/2001,2001,JULY,7,1.93 ,-0.357909652,-0.383784086,-23.81,1.8,,,,,,,,,,,,
9,8/14/2001,2001,AUGUST,8,12.2 ,1.686170605,,,,,,,,,,,,,,,
10,8/14/2001,2001,AUGUST,8,12.8 ,1.805591068,1.745880836,-22.06,12.5,,,,,,,,,,,,
9,9/11/2001,2001,SEPTEMBER,9,0.20 ,-0.702238653,,,,,,,,,,,,,,,
10,9/11/2001,2001,SEPTEMBER,9,0.10 ,-0.721544961,-0.711891807,-22.78,0.1515,,,,,,,,,,,,
9,10/18/2001,2001,OCTOBER,10,0.10 ,-0.721544961,,,,,,,,,,,,,,,
10,10/18/2001,2001,OCTOBER,10,0.10 ,-0.721544961,-0.721544961,-23.50,0.103,,,,,,,,,,,,
9,11/7/2001,2001,NOVEMBER,11,4.27 ,0.107830153,,,,,,,,,,,,,,,
10,11/7/2001,2001,NOVEMBER,11,4.58 ,0.169530726,0.13868044,-23.36,4.425,,,,,,,,,,,,
9,12/5/2001,2001,DECEMBER,12,0.10 ,-0.721544961,,,,,,,,,,,,,,,
10,12/5/2001,2001,DECEMBER,12,0.10 ,-0.721544961,-0.721544961,-24.08,0.103,,,,,,,,,,,,
9,1/16/2002,2002,JANUARY,1,0.10,-0.721544961,,,,,,,,,,,,,,,
10,1/16/2002,2002,JANUARY,1,0.10,-0.721544961,-0.721544961,-24.80,0.103,,,,,,,,,,,,
9,2/14/2002,2002,FEBRUARY,2,0.10,-0.721544961,,,,,,,,,,,,,,,
10,2/14/2002,2002,FEBRUARY,2,0.47,-0.648499445,-0.685022203,-25.49,0.2865,,,,,,,,,,,,
9,3/21/2002,2002,MARCH,3,0.10,-0.721544961,,,,,,,,,,,,,,,
10,3/21/2002,2002,MARCH,3,0.47,-0.648499445,-0.685022203,-26.17,0.2865,,,,,,,,,,,,
9,4/17/2002,2002,APRIL,4,0.10,-0.721544961,,,,,,,,,,,,,,,
10,4/17/2002,2002,APRIL,4,0.10,-0.721544961,-0.721544961,-26.89,0.103,,,,,,,,,,,,
9,5/15/2002,2002,MAY,5,0.10,-0.721544961,,,,,,,,,,,,,,,
10,5/15/2002,2002,MAY,5,0.10,-0.721544961,-0.721544961,-27.61,0.103,,,,,,,,,,,,
9,6/13/2002,2002,JUNE,6,0.10,-0.721544961,,,,,,,,,,,,,,,
10,6/13/2002,2002,JUNE,6,0.10,-0.721544961,-0.721544961,-28.34,0.103,,,,,,,,,,,,
9,7/16/2002,2002,JULY,7,0.10,-0.721544961,,,,,,,,,,,,,,,
10,7/16/2002,2002,JULY,7,0.10,-0.721544961,-0.721544961,-29.06,0.103,,,,,,,,,,,,
9,8/13/2002,2002,AUGUST,8,0.30 ,-0.682335243,,,,,,,,,,,,,,,
10,8/13/2002,2002,AUGUST,8,1.70 ,-0.403687496,-0.543011369,-29.60,1,2.870029412,,,,,,,,,,,
9,9/19/2002,2002,SEPTEMBER,9,0.10 ,-0.721544961,,,,,,,,,,,,,,,
10,9/19/2002,2002,SEPTEMBER,9,0.10 ,-0.721544961,-0.721544961,-30.32,0.103,,,,,,,,,,,,
9,10/17/2002,2002,OCTOBER,10,9.30 ,1.108971701,,,,,,,,,,,,,,,
10,10/17/2002,2002,OCTOBER,10,6.74 ,0.599444392,0.854208046,-29.47,8.02,,,,,,,,,,,,
9,11/14/2002,2002,NOVEMBER,11,0.10 ,-0.721544961,,,,,,,,,,,,,,,
10,11/14/2002,2002,NOVEMBER,11,1.57 ,-0.42956193,-0.575553446,-30.04,0.8365,,,,,,,,,,,,
9,12/18/2002,2002,DECEMBER,12,0.69 ,-0.604711942,,,,,,,,,,,,,,,
10,12/18/2002,2002,DECEMBER,12,0.10 ,-0.721544961,-0.663128452,-30.71,0.3965,,,,,,,,,,,,
9,1/15/2003,2003,JANUARY,1,1.31 ,-0.481310797,,,,,,,,,,,,,,,
10,1/15/2003,2003,JANUARY,1,0.10 ,-0.721544961,-0.601427879,-31.31,0.7065,,,,,,,,,,,,
9,2/11/2003,2003,FEBRUARY,2,0.10 ,-0.721544961,,,,,,,,,,,,,,,
10,2/11/2003,2003,FEBRUARY,2,0.10 ,-0.721544961,-0.721544961,-32.03,0.103,,,,,,,,,,,,
9,3/11/2003,2003,MARCH,3,2.04 ,-0.3360159,,,,,,,,,,,,,,,
10,3/11/2003,2003,MARCH,3,2.44 ,-0.256402258,-0.296209079,-32.33,2.24,,,,,,,,,,,,
9,4/16/2003,2003,APRIL,4,1.13 ,-0.517136936,,,,,,,,,,,,,,,
10,4/16/2003,2003,APRIL,4,3.75 ,0.004332419,-0.256402258,-32.58,2.44,,,,,,,,,,,,
9,5/15/2003,2003,MAY,5,1.66 ,-0.41164886,,,,,,,,,,,,,,,
10,5/15/2003,2003,MAY,5,2.48 ,-0.248440894,-0.330044877,-32.91,2.07,,,,,,,,,,,,
9,6/18/2003,2003,JUNE,6,1.66 ,-0.41164886,,,,,,,,,,,,,,,
10,6/18/2003,2003,JUNE,6,0.73 ,-0.596750578,-0.504199719,-33.42,1.195,,,,,,,,,,,,
9,7/16/2003,2003,JULY,7,10.5,1.347812626,,,,,,,,,,,,,,,
10,7/16/2003,2003,JULY,7,1.12,-0.519127277,0.414342675,-33.00,5.81,,,,,,,,,,,,
9,8/13/2003,2003,AUGUST,8,0.31 ,-0.680344902,,,,,,,,,,,,,,,
10,8/13/2003,2003,AUGUST,8,0.71 ,-0.60073126,-0.640538081,-33.64,0.51,,,,,,,,,,,,
9,9/22/2003,2003,SEPTEMBER,9,7.38 ,0.726826219,,,,,,,,,,,,,,,
10,9/22/2003,2003,SEPTEMBER,9,11.2 ,1.4871365,1.10698136,-32.54,9.29,,,,,,,,,,,,
9,10/16/2003,2003,OCTOBER,10,2.96,-0.152904524,,,,,,,,,,,,,,,
10,10/16/2003,2003,OCTOBER,10,1.68,-0.407668178,-0.280286351,-32.82,2.32,,,,,,,,,,,,
9,11/17/2003,2003,NOVEMBER,11,8.01 ,0.852217705,,,,,,,,,,,,,,,
10,11/17/2003,2003,NOVEMBER,11,8.1 ,0.870130775,0.86117424,-31.96,8.055,,,,,,,,,,,,
9,12/16/2003,2003,DECEMBER,12,1.81 ,-0.381793745,,,,,,,,,,,,,,,
10,12/16/2003,2003,DECEMBER,12,13.6 ,1.964818351,0.791512303,-31.16,7.705,,,,,,,,,,,,
9,1/12/2004,2004,JANUARY,1,5.10 ,0.27302846,,,,,,,,,,,,,,,
10,1/12/2004,2004,JANUARY,1,6.65 ,0.581531323,0.427279892,-30.74,5.875,,,,,,,,,,,,
9,2/9/2004,2004,FEBRUARY,2,11.9 ,1.626460373,,,,,,,,,,,,,,,
10,2/9/2004,2004,FEBRUARY,2,12.9 ,1.825494478,1.725977426,-29.01,12.4,,,,,,,,,,,,
9,3/15/2004,2004,MARCH,3,2.83,-0.178778958,,,,,,,,,,,,,,,
10,3/15/2004,2004,MARCH,3,2.48,-0.248440894,-0.213609926,-29.22,2.655,,,,,,,,,,,,
9,4/16/2004,2004,APRIL,4,7.83,0.816391567,,,,,,,,,,,,,,,
10,4/16/2004,2004,APRIL,4,6.40,0.531772797,0.674082182,-28.55,7.115,3.849785714,,,,,,,,,,,
9,5/10/2004,2004,MAY,5,1.70,-0.403687496,,,,,,,,,,,,,,,
10,5/10/2004,2004,MAY,5,1.37,-0.469368751,-0.436528123,-28.99,1.535,,,,,,,,,,,,
9,6/22/2004,2004,JUNE,6,0.6 ,-0.616653988,,,,,,,,,,,,,,,
10,6/22/2004,2004,JUNE,6,2.19 ,-0.306160785,-0.461407386,-29.45,1.41,,,,,,,,,,,,
9,7/14/2004,2004,JULY,7,8.50,0.949744417,,,,,,,,,,,,,,,
10,7/15/2004,2004,JULY,7,1.29,-0.485291479,0.232226469,-29.22,4.895,,,,,,,,,,,,
9,8/19/2004,2004,AUGUST,8,7.84,0.818381908,,,,,,,,,,,,,,,
10,8/19/2004,2004,AUGUST,8,9.63,1.174652955,0.996517431,-28.22,8.735,,,,,,,,,,,,
9,9/16/2004,2004,SEPTEMBER,9,8.39,0.927850665,,,,,,,,,,,,,,,
10,9/16/2004,2004,SEPTEMBER,9,9.31,1.110962042,1.019406353,-27.20,8.85,,,,,,,,,,,,
9,10/14/2004,2004,OCTOBER,10,6.18 ,0.487985294,,,,,,,,,,,,,,,
10,10/14/2004,2004,OCTOBER,10,3.00 ,-0.14494316,0.171521067,-27.03,4.59,,,,,,,,,,,,
9,11/18/2004,2004,NOVEMBER,11,1.19 ,-0.505194889,,,,,,,,,,,,,,,
10,11/18/2004,2004,NOVEMBER,11,0.66 ,-0.610682965,-0.557938927,-27.59,0.925,,,,,,,,,,,,
9,12/16/2004,2004,DECEMBER,12,0.78 ,-0.586798872,,,,,,,,,,,,,,,
10,12/16/2004,2004,DECEMBER,12,0.88 ,-0.566895462,-0.576847167,-28.16,0.83,,,,,,,,,,,,
9,1/12/2005,2005,JANUARY,1,3.62 ,-0.021542015,,,,,,,,,,,,,,,
10,1/12/2005,2005,JANUARY,1,4.61 ,0.175501749,0.076979867,-28.09,4.115,,,,,,,,,,,,
9,2/15/2005,2005,FEBRUARY,2,0.09 ,-0.724132405,,,,,,,,,,,,,,,
10,2/15/2005,2005,FEBRUARY,2,6.43 ,0.53774382,-0.093194293,-28.18,3.26,,,,,,,,,,,,
9,3/16/2005,2005,MARCH,3,1.67 ,-0.409658519,,,,,,,,,,,,,,,
10,3/16/2005,2005,MARCH,3,7.12 ,0.675077352,0.132709416,-28.05,4.395,,,,,,,,,,,,
9,4/28/2005,2005,APRIL,4,4.92 ,0.237202322,,,,,,,,,,,,,,,
10,4/28/2005,2005,APRIL,4,2.99 ,-0.146933501,0.04513441,-28.00,3.955,,,,,,,,,,,,
9,5/16/2005,2005,MAY,5,,,,,,,,,,,,,,,,,
10,5/16/2005,2005,MAY,5,1.5 ,-0.439513635,-0.439513635,-28.44,1.52,,,,,,,,,,,,
9,6/22/2005,2005,JUNE,6,9.41 ,1.130865452,,,,,,,,,,,,,,,
10,6/22/2005,2005,JUNE,6,7.65 ,0.780565428,0.95571544,-27.49,8.53,,,,,,,,,,,,
9,7/13/2005,2005,JULY,7,12.7 ,1.785687657,,,,,,,,,,,,,,,
10,7/13/2005,2005,JULY,7,0.32 ,-0.678354561,0.553666548,-26.93,6.51,4.448125,,,,,,,,,,,
9,8/30/2005,2005,AUGUST,8,1.59 ,-0.425581248,,,,,,,,,,,,,,,
10,8/30/2005,2005,AUGUST,8,2.8 ,-0.180769299,-0.303175273,-27.23,2.205,,,,,,,,,,,,
9,9/14/2005,2005,SEPTEMBER,9,4.3 ,0.103849471,,,,,,,,,,,,,,,
10,9/14/2005,2005,SEPTEMBER,9,4.1 ,0.070013673,0.086931572,-27.15,4.165,,,,,,,,,,,,
9,10/18/2005,2005,OCTOBER,10,14.6 ,2.163852456,,,,,,,,,,,,,,,
10,10/18/2005,2005,OCTOBER,10,15.3 ,2.30317633,2.233514393,-24.91,14.95,,,,,,,,,,,,
9,11/14/2005,2005,NOVEMBER,11,2.95 ,-0.154894865,,,,,,,,,,,,,,,
10,11/14/2005,2005,NOVEMBER,11,10.7 ,1.387619447,0.616362291,-24.30,6.825,,,,,,,,,,,,
9,12/20/2005,2005,DECEMBER,12,4.43 ,0.13967561,,,,,,,,,,,,,,,
10,12/20/2005,2005,DECEMBER,12,0.61 ,-0.62063467,-0.24047953,-24.54,2.52,,,,,,,,,,,,
9,1/20/2006,2006,JANUARY,1,18.7 ,2.979892286,,,,,,,,,,,,,,,
10,1/20/2006,2006,JANUARY,1,5.55 ,0.362593808,1.671243047,-22.87,12.125,,,,,,,,,,,,
9,2/15/2006,2006,February,2,19.7 ,3.178926391,,,,,,,,,,,,,,,
10,2/15/2006,2006,February,2,29.9 ,5.20907426,4.194000325,-18.67,24.8,,,,,,,,,,,,
9,3/16/2006,2006,March,3,3.5 ,-0.041445425,,,,,,,,,,,,,,,
10,3/16/2006,2006,March,3,24.6 ,4.154193504,2.05637404,-16.62,14.06,,,,,,,,,,,,
9,4/19/2006,2006,April,4,11.6 ,1.566750142,,,,,,,,,,,,,,,
10,4/19/2006,2006,April,4,19.2 ,3.079409338,2.32307974,-14.29,15.4,,,,,,,,,,,,
9,5/16/2006,2006,May,5,2.34 ,-0.276305669,,,,,,,,,,,,,,,
10,5/16/2006,2006,May,5,15.3 ,2.30317633,1.01343533,-13.28,8.82,,,,,,,,,,,,
9,6/16/2006,2006,June,6,15.3 ,2.30317633,,,,,,,,,,,,,,,
10,6/16/2006,2006,June,6,12.6 ,1.765784247,2.034480288,-11.25,13.95,,,,,,,,,,,,
9,7/17/2006,2006,July,7, ,,,,,,,,,,,,,,,,
10,7/17/2006,2006,July,7,9.21 ,1.091058631,1.091058631,-10.15,9.21 ,,,,,,,,,,,,
9,8/23/2006,2006,August,8,2.89 ,-0.166836911,,,,,,,,,,,,,,,
10,8/23/2006,2006,August,8,2.79 ,-0.186740322,-0.176788617,-10.33,2.84,11.055,,,,,,,,,,,
9,9/15/2006,2006,Septemeber,9,37.3 ,6.681926636,,,,,,,,,,,,,,,
10,9/15/2006,2006,Septemeber,9,29.3 ,5.089653797,5.885790216,-4.45,33.3,,,,,,,,,,,,
9,10/16/2006,2006,October,10,0.82,-0.578837508,,,,,,,,,,,,,,,
10,10/16/2006,2006,October,10,2.54,-0.236498848,-0.407668178,-4.85,1.68,,,,,,,,,,,,
9,11/20/2006,2006,November,11,0.50,-0.642528422,,,,,,,,,,,,,,,
10,11/20/2006,2006,November,11,1.49,-0.445484658,-0.54400654,-5.40,0.995,,,,,,,,,,,,
9,12/11/2006,2006,December,12,1.50,-0.443494317,,,,,,,,,,,,,,,
10,12/11/2006,2006,December,12,5.06,0.265067096,-0.08921361,-5.49,3.28,,,,,,,,,,,,
9,1/18/2007,2007,January,1,1.05,-0.533059664,,,,,,,,,,,,,,,
10,1/18/2007,2007,January,1,0.21,-0.701044449,-0.617052056,-6.10,0.628,,,,,,,,,,,,
9,2/22/2007,2007,February,2,5.19,0.29094153,,,,,,,,,,,,,,,
10,2/22/2007,2007,February,2,3.24,-0.097174975,0.096883278,-6.01,4.215,,,,,,,,,,,,
9,3/12/2007,2007,March,3,11.70,1.586653552,,,,,,,,,,,,,,,
10,3/12/2007,2007,March,3,7.01,0.653183601,1.119918576,-4.89,9.355,,,,,,,,,,,,
9,4/19/2007,2007,April,4,1.75,-0.393735791,,,,,,,,,,,,,,,
10,4/19/2007,2007,April,4,5.80,0.412352334,0.009308271,-4.88,3.775,,,,,,,,,,,,
9,5/14/2007,2007,May,5,0.34,-0.674373879,,,,,,,,,,,,,,,
10,5/14/2007,2007,May,5,8.48,0.945763735,0.135694928,-4.74,4.41,,,,,,,,,,,,
9,6/15/2007,2007,June,6,1.67,-0.409658519,,,,,,,,,,,,,,,
10,6/15/2007,2007,June,6,0.72,-0.598740919,-0.504199719,-5.25,1.195,,,,,,,,,,,,
9,7/16/2007,2007,July,7,2.27,-0.290238056,,,,,,,,,,,,,,,
10,7/16/2007,2007,July,7,1.98,-0.347957947,-0.319098001,-5.57,2.125,,,,,,,,,,,,
9,8/14/2007,2007,August,8,8.74,0.997512602,,,,,,,,,,,,,,,
10,8/14/2007,2007,August,8,3.95,0.04413924,0.520825921,-5.04,6.345,5.703307692,,,,,,,,,,,
9,9/10/2007,2007,September,9,37.6,6.741636867,,,,,,,,,,,,,,,
10,9/10/2007,2007,September,9,25.3,4.293517378,5.517577123,0.47,31.45,,,,,,,,,,,,
9,10/15/2007,2007,October,10,2.09,-0.326064195,,,,,,,,,,,,,,,
10,10/15/2007,2007,October,10,0.8,-0.58281819,-0.454441193,0.02,1.445,,,,,,,,,,,,
9,11/14/2007,2007,November,11,4.55,0.163559703,,,,,,,,,,,,,,,
10,11/14/2007,2007,November,11,5.51,0.354632443,0.259096073,0.28,5.03,,,,,,,,,,,,
9,12/18/2007,2007,December,12,2.05,-0.334025559,,,,,,,,,,,,,,,
10,12/18/2007,2007,December,12,4.13,0.079965379,-0.12703009,0.15,3.09,,,,,,,,,,,,
9,1/16/2008,2008,January,1,0.37,-0.668402855,,,,,,,,,,,,,,,
10,1/16/2008,2008,January,1,9.71,1.190575684,0.261086414,0.41,5.04,,,,,,,,,,,,
9,2/15/2008,2008,February,2,1.57,-0.42956193,,,,,,,,,,,,,,,
10,2/15/2008,2008,February,2,5.28,0.308854599,-0.060353665,0.35,3.425,,,,,,,,,,,,
9,3/10/2008,2008,March,3,2.32,-0.280286351,,,,,,,,,,,,,,,
10,3/10/2008,2008,March,3,0.79,-0.584808531,-0.432547441,-0.08,1.555,,,,,,,,,,,,
9,4/14/2008,2008,April,4,0.57,-0.628596034,,,,,,,,,,,,,,,
10,4/14/2008,2008,April,4,0.98,-0.546992052,-0.587794043,-0.67,0.775,,,,,,,,,,,,
9,5/15/2008,2008,May,5,0.44,-0.654470468,,,,,,,,,,,,,,,
10,5/15/2008,2008,May,5,10.6,1.367716037,0.356622784,-0.31,5.52,,,,,,,,,,,,
9,6/18/2008,2008,June,6,1.69,-0.405677837,,,,,,,,,,,,,,,
10,6/18/2008,2008,June,6,0.98,-0.546992052,-0.476334944,-0.79,1.335,,,,,,,,,,,,
9,7/16/2008,2008,July,7,9.69,1.186595002,,,,,,,,,,,,,,,
10,7/16/2008,2008,July,7,10.9,1.427426268,1.307010635,0.52,10.295,,,,,,,,,,,,
9,8/12/2008,2008,August,8,27.9,4.81100605,,,,,,,,,,,,,,,
10,8/12/2008,2008,August,8,13.5,1.944914941,3.377960496,3.90,20.7,,,,,,,,,,,,
9,9/18/2008,2008,September,9,7.14,0.679058034,,,,,,,,,,,,,,,
10,9/18/2008,2008,September,9,7.95,0.840275659,0.759666847,4.66,7.545,,,,,,,,,,,,
9,10/14/2008,2008,October,10,4,0.054090945,,,,,,,,,,,,,,,
10,10/14/2008,2008,October,10,3.24,-0.097174975,-0.021542015,4.63,3.62,7.144666667,,,,,,,,,,,
9,11/17/2008,2008,November,11,7.08,0.667115988,,,,,,,,,,,,,,,
10,11/17/2008,2008,November,11,6.84,0.619347803,0.643231895,5.28,6.96,,,,,,,,,,,,
9,12/15/2008,2008,December,12,1.53,-0.437523294,,,,,,,,,,,,,,,
10,12/15/2008,2008,December,12,0.94,-0.554953416,-0.496238355,4.78,1.235,,,,,,,,,,,,
9,1/13/2009,2009,January,1,0.83,-0.576847167,,,,,,,,,,,,,,,
10,1/13/2009,2009,January,1,1.23,-0.497233525,-0.537040346,4.24,1.03,,,,,,,,,,,,
9,2/17/2009,2009,February,2,0.58,-0.626605693,,,,,,,,,,,,,,,
10,2/17/2009,2009,February,2,2.04,-0.3360159,-0.481310797,3.76,1.31,,,,,,,,,,,,
9,3/16/2009,2009,March,3,0.38,-0.666412514,,,,,,,,,,,,,,,
10,3/16/2009,2009,March,3,0.71,-0.60073126,-0.633571887,3.13,0.545,,,,,,,,,,,,
9,4/13/2009,2009,April,4,0.39,-0.664422173,,,,,,,,,,,,,,,
10,4/13/2009,2009,April,4,1.95,-0.35392897,-0.509175572,2.62,1.17,,,,,,,,,,,,
9,5/13/2009,2009,May,5,0.69,-0.604711942,,,,,,,,,,,,,,,
10,5/13/2009,2009,May,5,11.3,1.50703991,0.451163984,3.07,5.995,,,,,,,,,,,,
9,6/19/2009,2009,June,6,6.72,0.59546371,,,,,,,,,,,,,,,
10,6/19/2009,2009,June,6,6.26,0.503908022,0.549685866,3.62,6.49,,,,,,,,,,,,
9,7/13/2009,2009,July,7,5.71,0.394439264,,,,,,,,,,,,,,,
10,7/13/2009,2009,July,7,7.87,0.824352931,0.609396098,4.23,6.79,,,,,,,,,,,,
9,8/17/2009,2009,August,8,4.56,0.165550044,,,,,,,,,,,,,,,
10,8/17/2009,2009,August,8,0.96,-0.550972734,-0.192711345,4.04,2.76,,,,,,,,,,,,
9,9/15/2009,2009,September,9,13.6,1.964818351,,,,,,,,,,,,,,,
10,9/15/2009,2009,September,9,9.19,1.087077949,1.52594815,5.56,11.395,,,,,,,,,,,,
9,10/14/2009,2009,October,10,7.67,0.78454611,,,,,,,,,,,,,,,
10,10/14/2009,2009,October,10,3.84,0.022245488,0.403395799,5.97,5.755,,,,,,,,,,,,
9,11/16/2009,2009,November,11,3.24,-0.097174975,,,,,,,,,,,,,,,
10,11/16/2009,2009,November,11,3.96,0.046129581,-0.025522697,5.94,3.6,,,,,,,,,,,,
9,12/14/2009,2009,December,12,3.80,0.014284124,,,,,,,,,,,,,,,
10,12/14/2009,2009,December,12,3.91,0.036177876,0.025231,5.97,3.855,,,,,,,,,,,,
9,1/19/2010,2010,January,1,0.98,-0.546992052,,,,,,,,,,,,,,,
10,1/19/2010,2010,January,1,0.78,-0.586798872,-0.566895462,5.40,0.88,,,,,,,,,,,,
9,2/17/2010,2010,February,2,,,,,,,,,,,,,,,,,
10,2/17/2010,2010,February,2,,,,,,,,,,,,,,,,,
9,3/18/2010,2010,March,3,3.02,-0.140962478,,,,,,,,,,,,,,,
10,3/18/2010,2010,March,3,7.89,0.828333613,0.343685568,5.74,5.455,,,,,,,,,,,,
9,4/13/2010,2010,April,4,0.12,-0.718161382,,,,,,,,,,,,,,,
10,4/13/2010,2010,April,4,1.49,-0.445484658,-0.58182302,5.16,0.805,,,,,,,,,,,,
9,5/19/2010,2010,May,5,2.69,-0.206643732,,,,,,,,,,,,,,,
10,5/19/2010,2010,May,5,3.39,-0.067319859,-0.136981796,5.03,3.04,,,,,,,,,,,,
9,6/16/2010,2010,June,6,2.14,-0.31611249,,,,,,,,,,,,,,,
10,6/16/2010,2010,June,6,1.39,-0.465388069,-0.390750279,4.63,1.765,,,,,,,,,,,,
9,7/14/2010,2010,July,7,17.0,2.641534308,,,,,,,,,,,,,,,
10,7/14/2010,2010,July,7,10.4,1.327909216,1.984721762,6.62,13.7,,,,,,,,,,,,
9,8/19/2010,2010,August,8,12.7,1.785687657,,,,,,,,,,,,,,,
10,8/19/2010,2010,August,8,17.4,2.72114795,2.253417803,8.87,15.05,,,,,,,,,,,,
9,9/13/2010,2010,September,9,5.44,0.340700056,,,,,,,,,,,,,,,
10,9/13/2010,2010,September,9,6.30,0.511869386,0.426284721,9.30,5.87,,,,,,,,,,,,
9,10/12/2010,2010,October,10,6.40,0.530877143,,,,,,,,,,,,,,,
10,10/12/2010,2010,October,10,3.74 ,0.002282368,0.266579755,9.57,5.0676,,,,,,,,,,,,
9,11/18/2010,2010,November,11,18.6 ,2.950136687,,,,,,,,,,,,,,,
10,11/18/2010,2010,November,11,6.30 ,0.512307261,1.731221974,11.30,12.42635,,,,,,,,,,,,
9,12/9/2010,2010,December,12,8.35 ,0.919232489,,,,,,,,,,,,,,,
10,12/9/2010,2010,December,12,6.22 ,0.496384533,0.707808511,12.00,7.28445,,,,,,,,,,,,
9,1/20/2011,2011,January,1,5.62 ,0.376426678,,,,,,,,,,,,,,,
10,1/20/2011,2011,January,1,5.07 ,0.267336085,0.321881381,12.33,5.34545,,,,,,,,,,,,
9,2/24/2011,2011,February,2,9.20,1.089804716,,,,,,,,,,,,,,,
10,2/24/2011,2011,February,2,0.63 ,-0.617509835,0.236147441,12.56,4.9147,,,,,,,,,,,,
9,3/15/2011,2011,March,3,0.56 ,-0.629790239,,,,,,,,,,,,,,,
10,3/15/2011,2011,March,3,0.69 ,-0.603736675,-0.616763457,11.95,0.62945,,,,,,,,,,,,
9,4/14/2011,2011,April,4,6.09 ,0.469077054,,,,,,,,,,,,,,,
10,4/14/2011,2011,April,4,7.77,0.80357377,0.636325412,12.58,6.9253,,,,,,,,,,,,
9,5/19/2011,2011,May,5,9.41,1.130865452,,,,,,,,,,,,,,,
10,5/19/2011,2011,May,5,1.15,-0.513156254,0.308854599,12.89,5.28,,,,,,,,,,,,
9,6/15/2011,2011,June,6,2.49,-0.246450553,,,,,,,,,,,,,,,
10,6/15/2011,2011,June,6,7.71,0.792507474,0.27302846,13.16,5.1,,,,,,,,,,,,
9,7/12/2011,2011,July,7,12,1.646363784,,,,,,,,,,,,,,,
10,7/12/2011,2011,July,7,7.09,0.669106329,1.157735056,14.32,9.545,,,,,,,,,,,,
9,8/17/2011,2011,August,8,15.6,2.362886561,,,,,,,,,,,,,,,
10,8/17/2011,2011,August,8,1.75,-0.393735791,0.984575385,15.31,8.675,,,,,,,,,,,,
9,9/12/2011,2011,September,9,7.1,0.67109667,,,,,,,,,,,,,,,
10,9/12/2011,2011,September,9,12.1,1.666267194,1.168681932,16.47,9.6,,,,,,,,,,,,
9,10/13/2011,2011,October,10,7.83,0.816391567,,,,,,,,,,,,,,,
10,10/13/2011,2011,October,10,4.71,0.195405159,0.505898363,16.98,6.27,,,,,,,,,,,,
9,11/30/2011,2011,November,11,1.28,-0.48728182,,,,,,,,,,,,,,,
10,11/30/2011,2011,November,11,7.51,0.752700653,0.132709416,17.11,4.395,,,,,,,,,,,,
9,12/14/2011,2011,December,12,0.71,-0.60073126,,,,,,,,,,,,,,,
10,12/14/2011,2011,December,12,4.71,0.195405159,-0.20266305,16.91,2.71,,,,,,,,,,,,
9,1/11/2012,2012,January,1,1.32,-0.479320456,,,,,,,,,,,,,,,
10,1/11/2012,2012,January,1,2.37,-0.270334646,-0.374827551,16.54,1.845,,,,,,,,,,,,
9,2/21/2012,2012,February,2,0.41,-0.660441491,,,,,,,,,,,,,,,
10,2/21/2012,2012,February,2,10.9,1.427426268,0.383492389,16.92,5.655,,,,,,,,,,,,
9,3/14/2012,2012,March,3,4.81,0.21530857,,,,,,,,,,,,,,,
10,3/14/2012,2012,March,3,0.81,-0.580827849,-0.18275964,16.74,2.81,,,,,,,,,,,,
9,4/17/2012,2012,April,4,9.63,1.174652955,,,,,,,,,,,,,,,
10,4/17/2012,2012,April,4,0.85,-0.572866485,0.300893235,17.04,5.24,,,,,,,,,,,,
9,5/22/2012,2012,May,5,4.05,0.06404265,,,,,,,,,,,,,,,
10,5/22/2012,2012,May,5,3.86,0.02622617,0.04513441,17.08,3.955,,,,,,,,,,,,
9,6/20/2012,2012,June,6,0.88,-0.566895462,,,,,,,,,,,,,,,
10,6/20/2012,2012,June,6,11.0,1.447329679,0.440217108,17.52,5.94,,,,,,,,,,,,
9,7/16/2012,2012,July,7,19.2,3.079409338,,,,,,,,,,,,,,,
10,7/16/2012,2012,July,7,13.1,1.865301299,2.472355319,20.00,16.15,,,,,,,,,,,,
9,8/16/2012,2012,August,8,7.65,0.780565428,,,,,,,,,,,,,,,
10,8/16/2012,2012,August,8,10.8,1.407522858,1.094044143,21.09,9.225,,,,,,,,,,,,
9,9/11/2012,2012,September,9,0.94,-0.554953416,,,,,,,,,,,,,,,
10,9/11/2012,2012,September,9,0.94,-0.554953416,-0.554953416,20.53,0.94,,,,,,,,,,,,
9,10/17/2012,2012,October,10,1.11,-0.521117618,,,,,,,,,,,,,,,
10,10/17/2012,2012,October,10,4.78,0.209337547,-0.155890036,20.38,2.945,,,,,,,,,,,,
9,11/12/2012,2012,November,11,9.8,1.208488753,,,,,,,,,,,,,,,
10,11/12/2012,2012,November,11,1.90,-0.363880675,0.422304039,20.80,5.85,,,,,,,,,,,,
9,12/12/2012,2012,December,12,6.13,0.478033588,,,,,,,,,,,,,,,
10,12/12/2012,2012,December,12,1.35,-0.473349433,0.002342078,20.80,3.74,,,,,,,,,,,,
9,1/23/2013,2013,January,1,0.3,-0.682335243,,,,,,,,,,,,,,,
10,1/23/2013,2013,January,1,3.51,-0.043435766,-0.362885505,20.44,1.905,,,,,,,,,,,,
9,2/14/2013,2013,February,2,10.2,1.288102395,,,,,,,,,,,,,,,
10,2/14/2013,2013,February,2,0.21,-0.700248312,0.293927041,20.73,5.205,,,,,,,,,,,,
9,3/13/2013,2013,March,3,5.87,0.426284721,,,,,,,,,,,,,,,
10,3/13/2013,2013,March,3,0.24,-0.694277289,-0.133996284,20.60,3.055,,,,,,,,,,,,
9,4/16/2013,2013,April,4,0.31,-0.680344902,,,,,,,,,,,,,,,
10,4/16/2013,2013,April,4,3.31,-0.083242587,-0.381793745,20.22,1.81,,,,,,,,,,,,
9,5/13/2013,2013,May,5,0.51,-0.640538081,,,,,,,,,,,,,,,
10,5/13/2013,2013,May,5,0.21,-0.700248312,-0.670393197,19.55,0.36,,,,,,,,,,,,
9,6/12/2013,2013,June,6,0.21,-0.700248312,,,,,,,,,,,,,,,
10,6/12/2013,2013,June,6,2.16,-0.312131808,-0.50619006,19.04,1.185,,,,,,,,,,,,
9,7/15/2013,2013,July,7,0.54,-0.634567058,,,,,,,,,,,,,,,
10,7/15/2013,2013,July,7,0.39,-0.664422173,-0.649494615,18.39,0.465,,,,,,,,,,,,
9,8/12/2013,2013,August,8,2.41,-0.262373282,,,,,,,,,,,,,,,
10,8/12/2013,2013,August,8,0.49,-0.644518763,-0.453446022,17.94,1.45,,,,,,,,,,,,
9,9/18/2013,2013,September,9,2.25,-0.294218738,,,,,,,,,,,,,,,
10,9/18/2013,2013,September,9,3.31,-0.083242587,-0.188730663,17.75,2.78,,,,,,,,,,,,
9,10/21/3013,2013,October,10,5.88,0.428275062,,,,,,,,,,,,,,,
10,10/21/3013,2013,October,10,5.46,0.344680738,0.3864779,18.14,5.67,,,,,,,,,,,,
9,11/21/2013,2013,November,11,0.42,-0.65845115,,,,,,,,,,,,,,,
10,11/21/2013,2013,November,11,0.48,-0.646509104,-0.652480127,17.48,0.45,,,,,,,,,,,,
9,12/19/2013,2013,December,12,0.26,-0.690296607,,,,,,,,,,,,,,,
10,12/19/2013,2013,December,12,0.76,-0.590779555,-0.640538081,16.84,0.51,,,,,,,,,,,,
9,1/16/2014,2014,January,1,0.35,-0.672383538,,,,,,,,,,,,,,,
10,1/16/2014,2014,January,1,1.07,-0.529078982,-0.60073126,16.24,0.71,,,,,,,,,,,,
9,2/20/2014,2014,February,2,0.25,-0.692286948,,,,,,,,,,,,,,,
10,2/20/2014,2014,February,2,0.25,-0.692286948,-0.692286948,15.55,0.25,,,,,,,,,,,,
9,3/20/2014,2014,March,3,0.63,-0.616653988,,,,,,,,,,,,,,,
10,3/20/2014,2014,March,3,0.54,-0.634567058,-0.625610523,14.93,0.585,,,,,,,,,,,,
9,4/21/2014,2014,April,4,0.73 ,-0.596750578,,,,,,,,,,,,,,,
10,4/21/2014,2014,April,4,0.8 ,-0.590779555,-0.593765066,14.33,0.745,,,,,,,,,,,,
9,5/12/2014,2014,May,5,0.31 ,-0.680344902,,,,,,,,,,,,,,,
10,5/12/2014,2014,May,5,0.3 ,-0.686315925,-0.683330413,13.65,0.295,,,,,,,,,,,,
9,6/17/2014,2014,June,6,1.36 ,-0.471359092,,,,,,,,,,,,,,,
10,6/17/2014,2014,June,6,0.51 ,-0.640538081,-0.555948586,13.09,0.935,,,,,,,,,,,,
9,7/17/2014,2014,July,7,8.18 ,0.886053503,,,,,,,,,,,,,,,
10,7/17/2014,2014,July,7,4.46 ,0.145646633,0.515850068,13.61,6.32,,,,,,,,,,,,
9,8/11/2014,2014,August,8,1.87 ,-0.369851698,,,,,,,,,,,,,,,
10,8/11/2014,2014,August,8,3.62 ,-0.021542015,-0.195696856,13.41,2.745,,,,,,,,,,,,
9,9/15/2014,2014,September,9,0.79 ,-0.584808531,,,,,,,,,,,,,,,
10,9/15/2014,2014,September,9,1.89 ,-0.365871016,-0.475339774,12.94,1.34,,,,,,,,,,,,
9,10/16/2014,2014,October,10,2.28,-0.288247715,,,,,,,,,,,,,,,
10,10/16/2014,2014,October,10,4.99,0.251134709,-0.018556503,12.92,3.635,,,,,,,,,,,,
9,11/12/2014,2014,November,11,0.82,-0.578837508,,,,,,,,,,,,,,,
10,11/12/2014,2014,November,11,0.69,-0.604711942,-0.591774725,12.33,0.755,,,,,,,,,,,,
9,12/19/2014,2014,December,12,0.47,-0.648499445,,,,,,,,,,,,,,,
10,12/19/2014,2014,December,12,0.51,-0.640538081,-0.644518763,11.68,0.49,,,,,,,,,,,,
9,1/20/2015,2015,January,1,0.38 ,-0.666412514,,,,,,,,,,,,,,,
10,1/20/2015,2015,January,1,0.31 ,-0.680344902,-0.673378708,11.01,0.345,,,,,,,,,,,,
9,2/15/2015,2015,February,2,,,,,,,,,,,,,,,,,
10,2/15/2015,2015,February,2,,,,,,,,,,,,,,,,,
9,3/17/2015,2015,March,3,1.87 ,-0.369851698,,,,,,,,,,,,,,,
10,3/17/2015,2015,March,3,3.62 ,-0.021542015,-0.195696856,10.81,2.745,,,,,,,,,,,,
9,4/27/2015,2015,April,4,0.54 ,-0.634567058,,,,,,,,,,,,,,,
10,4/27/2015,2015,April,4,0.92 ,-0.558934098,-0.596750578,10.22,0.73,,,,,,,,,,,,
9,5/14/2015,2015,May,5,0.36 ,-0.670393197,,,,,,,,,,,,,,,
10,5/14/2015,2015,May,5,0.15 ,-0.712190359,-0.691291778,9.52,0.255,,,,,,,,,,,,
9,6/16/2015,2015,June,6,0.90 ,-0.56291478,,,,,,,,,,,,,,,
10,6/16/2015,2015,June,6,1.11 ,-0.521117618,-0.542016199,8.98,1.005,,,,,,,,,,,,
9,7/15/2015,2015,July,7,1.05 ,-0.533059664,,,,,,,,,,,,,,,
10,7/15/2015,2015,July,7,0.80 ,-0.58281819,-0.557938927,8.42,0.925,,,,,,,,,,,,
9,8/12/2015,2015,August,8,17.3 ,2.701244539,,,,,,,,,,,,,,,
10,8/12/2015,2015,August,8,9.39 ,1.12688477,1.914064655,10.34,13.345,,,,,,,,,,,,
9,9/15/2015,2015,September,9,2.74 ,-0.196692027,,,,,,,,,,,,,,,
10,9/15/2015,2015,September,9,6.68 ,0.587502346,0.195405159,10.53,4.71,,,,,,,,,,,,
9,10/15/2015,2015,October,10,6.08 ,0.468081883,,,,,,,,,,,,,,,
10,10/15/2015,2015,October,10,5.30 ,0.312835281,0.390458582,10.92,5.69,,,,,,,,,,,,
9,11/16/2015,2015,November,11,0.59 ,-0.624615352,,,,,,,,,,,,,,,
10,11/16/2015,2015,November,11,0.99 ,-0.54500171,-0.584808531,10.34,0.79,,,,,,,,,,,,
9,12/15/2015,2015,December,12,0.15 ,-0.712190359,,,,,,,,,,,,,,,
10,12/15/2015,2015,December,12,0.22 ,-0.698257971,-0.705224165,9.63,0.185,,,,,,,,,,,,
9,1/15/2016,2016,January,1,0.72 ,-0.598740919,,,,,,,,,,,,,,,
10,1/15/2016,2016,January,1,1.11 ,-0.521117618,-0.559929268,9.07,0.915,,,,,,,,,,,,
9,2/17/2016,2016,February,2,0.52,-0.63854774,,,,,,,,,,,,,,,
10,2/17/2016,2016,February,2,2.07,-0.330044877,-0.484296308,8.59,1.295,,,,,,,,,,,,
9,3/16/2016,2016,March,3,0.82,-0.578837508,,,,,,,,,,,,,,,
10,3/16/2016,2016,March,3,0.99,-0.54500171,-0.561919609,8.03,0.905,,,,,,,,,,,,
9,4/15/2016,2016,April,4,0.98 ,-0.546992052,,,,,,,,,,,,,,,
10,4/15/2016,2016,April,4,0.89 ,-0.564905121,-0.555948586,7.47,0.935,,,,,,,,,,,,
9,5/19/2016,2016,May,5,1.17 ,-0.509175572,,,,,,,,,,,,,,,
10,5/19/2016,2016,May,5,1.16 ,-0.511165913,-0.510170742,6.96,1.165,,,,,,,,,,,,
9,6/22/2016,2016,June,6,3.52 ,-0.041445425,,,,,,,,,,,,,,,
10,6/22/2016,2016,June,6,2.56 ,-0.232518166,-0.136981796,6.83,3.04,,,,,,,,,,,,
9,7/19/2016,2016,July,7,0.94 ,-0.554953416,,,,,,,,,,,,,,,
10,7/19/2016,2016,July,7,0.68 ,-0.606702283,-0.580827849,6.24,0.81,,,,,,,,,,,,
9,8/15/2016,2016,August,8,2.80 ,-0.184749981,,,,,,,,,,,,,,,
10,8/15/2016,2016,August,8,4.58 ,0.169530726,-0.007609627,6.24,3.69,,,,,,,,,,,,
9,9/13/2016,2016,September,9,5.69 ,0.390458582,,,,,,,,,,,,,,,
10,9/13/2016,2016,September,9,5.45 ,0.342690397,0.36657449,6.60,5.57,,,,,,,,,,,,
9,10/12/2016,2016,October,10,6.05 ,0.46211086,,,,,,,,,,,,,,,
10,10/12/2016,2016,October,10,7.85 ,0.820372249,0.641241554,7.24,6.95,,,,,,,,,,,,
9,11/15/2016,2016,November,11,1.35 ,-0.473349433,,,,,,,,,,,,,,,
10,11/15/2016,2016,November,11,1.63 ,-0.417619883,-0.445484658,6.80,1.49,,,,,,,,,,,,
9,12/13/16,2016,December,12,0.99 ,-0.54500171,,,,,,,,,,,,,,,
10,12/13/16,2016,December,12,1.69 ,-0.405677837,-0.475339774,6.32,1.34,,,,,,,,,,,,
9,1/16/2017,2017,January,1,0.58,-0.626605693,,,,,,,,,,,,,,,
10,1/16/2017,2017,January,1,0.97,-0.548982393,-0.587794043,5.74,0.775,,,,,,,,,,,,
9,2/20/2017,2017,February,2,0.38,-0.666412514,,,,,,,,,,,,,,,
10,2/20/2017,2017,February,2,1.93,-0.357909652,-0.512161083,5.22,1.155,,,,,,,,,,,,
9,3/29/2017,2017,March,3,0.61,-0.62063467,,,,,,,,,,,,,,,
10,3/29/2017,2017,March,3,0.68,-0.606702283,-0.613668477,4.61,0.645,,,,,,,,,,,,
9,4/28/2017,2017,April,4,1.19,-0.505194889,,,,,,,,,,,,,,,
10,4/28/2017,2017,April,4,2.21,-0.302180103,-0.403687496,4.21,1.7,,,,,,,,,,,,
9,6/1/2017,2017,May,5,1.01,-0.541021028,,,,,,,,,,,,,,,
10,6/1/2017,2017,May,5,3.16,-0.113097703,-0.327059366,3.88,2.085,,,,,,,,,,,,
9,6/27/2017,2017,June,6,3.24,-0.097174975,,,,,,,,,,,,,,,
10,6/27/2017,2017,June,6,2.66,-0.212614755,-0.154894865,3.72,2.95,,,,,,,,,,,,
9,7/20/2017,2017,July,7,1.89,-0.365871016,,,,,,,,,,,,,,,
10,7/20/2017,2017,July,7,2.54,-0.236498848,-0.301184932,3.42,2.215,,,,,,,,,,,,
9,,2017,August,8,,,,,,,,,,,,,,,,,
10,,2017,August,8,,,,,,,,,,,,,,,,,
9,10/3/2017,2017,September,9,0.87,-0.568885803,,,,,,,,,,,,,,,
10,10/3/2017,2017,September,9,1.03,-0.537040346,-0.552963075,2.87,0.95,,,,,,,,,,,,
9,,2017,October,10,,,,,,,,,,,,,,,,,
10,,2017,October,10,,,,,,,,,,,,,,,,,
9,11/15/2017,2017,November,11,2.37,-0.270334646,,,,,,,,,,,,,,,
10,11/15/2017,2017,November,11,4.33,0.1197722,-0.075281223,2.80,3.35,,,,,,,,,,,,
9,12/21/2017,2017,December,12,1.1,-0.523107959,,,,,,,,,,,,,,,
10,12/21/2017,2017,December,12,1.1,-0.523107959,-0.523107959,2.27,1.1,,,,,,,,,,,,
9,2/1/2018,2018,January,1,9.68,1.18460466,,,,,,,,,,,,,,,
10,2/1/2018,2018,January,1,2.6,-0.224556802,0.480023929,2.75,6.14,,,,,,,,,,,,
9,3/1/2018,2018,February,2,0.85,-0.572866485,,,,,,,,,,,,,,,
10,3/1/2018,2018,February,2,1.01,-0.541021028,-0.556943757,2.20,0.93,,,,,,,,,,,,
9,3/29/2018,2018,March,3,1.5,-0.443494317,,,,,,,,,,,,,,,
10,3/29/2018,2018,March,3,0.72,-0.598740919,-0.521117618,1.67,1.11,,,,,,,,,,,,
9,4/30/2018,2018,April,4,1.97,-0.349948288,,,,,,,,,,,,,,,
10,4/30/2018,2018,April,4,2.8,-0.184749981,-0.267349134,1.41,2.385,,,,,,,,,,,,
9,5/24/2018,2018,May,5,1.37,-0.469368751,,,,,,,,,,,,,,,
10,5/24/2018,2018,May,5,1.15,-0.513156254,-0.491262502,0.92,1.26,,,,,,,,,,,,
9,6/20/2018,2018,June,6,1.62,-0.419610224,,,,,,,,,,,,,,,
10,6/20/2018,2018,June,6,0.75,-0.592769896,-0.50619006,0.41,1.185,,,,,,,,,,,,
9,8/7/2018,2018,July,7,1.86,-0.371842039,,,,,,,,,,,,,,,
10,8/7/2018,2018,July,7,5.29,0.31084494,-0.030498549,0.38,3.575,,,,,,,,,,,,
9,8/31/2018,2018,August,8,3.91,0.036177876,,,,,,,,,,,,,,,
10,8/31/2018,2018,August,8,4.45,0.143656292,0.089917084,0.47,4.18,,,,,,,,,,,,
9,9/21/2018,2018,September,9,3.51,-0.043435766,,,,,,,,,,,,,,,
10,9/21/2018,2018,September,9,1.81,-0.381793745,-0.212614755,0.26,2.66,,,,,,,,,,,,
9,11/1/2018,2018,October,10,6.06,0.464101201,,,,,,,,,,,,,,,
10,11/1/2018,2018,October,10,15,2.243466098,1.35378365,1.61,10.53,,,,,,,,,,,,
9,11/15/2018,2018,November,11,1.31,-0.481310797,,,,,,,,,,,,,,,
10,11/15/2018,2018,November,11,1.59,-0.425581248,-0.453446022,1.16,1.45,,,,,,,,,,,,
9,,2018,December,12,,,,,,,,,,,,,,,,,
10,,2018,December,12,,,,,,,,,,,,,,,,,
9,,2019,January,1,,,,,,,,,,,,,,,,,
10,,2019,January,1,,,,,,,,,,,,,,,,,
9,,2019,February,2,,,,,,,,,,,,,,,,,
10,,2019,February,2,,,,,,,,,,,,,,,,,
9,4/9/2019,2019,March,3,0.64,-0.614663647,,,,,,,,,,,,,,,
10,4/9/2019,2019,March,3,0.68,-0.606702283,-0.610682965,0.55,0.66,,,,,,,,,,,,
9,5/1/2019,2019,April,4,0.76,-0.590779555,,,,,,,,,,,,,,,
10,5/1/2019,2019,April,4,0.94,-0.554953416,-0.572866485,-0.03,0.85,,,,,,,,,,,,
9,5/16/2019,2019,May,5,3.89,0.032197194,,,,,,,,,,,,,,,
10,5/16/2019,2019,May,5,0.98,-0.546992052,-0.257397429,-0.28,2.435,,,,,,,,,,,,
9,6/26/2019,2019,June,6,1.00,-0.543011369,,,,,,,,,,,,,,,
10,6/26/2019,2019,June,6,0.93,-0.556943757,-0.549977563,-0.83,0.965,,,,,,,,,,,,
9,7/26/2019,2019,July,7,2.19,-0.306160785,,,,,,,,,,,,,,,
10,7/26/2019,2019,July,7,2.88,-0.168827252,-0.237494019,-1.07,2.535,,,,,,,,,,,,
9,,2019,August,8,,,,,,,,,,,,,,,,,
10,,2019,August,8,,,,,,,,,,,,,,,,,
9,,2019,September,9,,,,,,,,,,,,,,,,,
10,,2019,September,9,,,,,,,,,,,,,,,,,
9,10/30/2019,2019,October,10,3.69,-0.007609627,,,,,,,,,,,,,,,
10,10/30/2019,2019,October,10,2.51,-0.242469871,-0.125039749,-1.20,3.1,,,,,,,,,,,,
9,,2019,November,11,,,,,,,,,,,,,,,,,
10,,2019,November,11,,,,,,,,,,,,,,,,,
9,12/29/2019,2019,December,12,6.3,0.513859727,,,,,,,,,,,,,,,
10,12/29/2019,2019,December,12,6.5,0.553666548,0.533763138,-0.66,6.41,,,,,,,,,,,,
9,,2020,January,1,,,,,,,,,,,,,,,,,
10,,2020,January,1,,,,,,,,,,,,,,,,,
9,,2020,February,2,,,,,,,,,,,,,,,,,
10,,2020,February,2,,,,,,,,,,,,,,,,,
9,,2020,March,3,,,,,,,,,,,,,,,,,
10,,2020,March,3,,,,,,,,,,,,,,,,,
9,,2020,April,4,,,,,,,,,,,,,,,,,
10,,2020,April,4,,,,,,,,,,,,,,,,,
9,,2020,May,5,,,,,,,,,,,,,,,,,
10,,2020,May,5,,,,,,,,,,,,,,,,,
9,6/23/20,2020,June,6,4.45 ,0.143656292,,,,,,,,,,,,,,,
10,6/23/20,2020,June,6,3.46 ,-0.053387472,0.04513441,-0.62,3.955,,,,,,,,,,,,
9,7/28/20,2020,July,7,8.57 ,0.963676804,,,,,,,,,,,,,,,
10,7/28/20,2020,July,7,3.62 ,-0.021542015,0.471067395,-0.15,6.095,,,,,,,,,,,,
9,8/26/20,2020,August,8,2.76 ,-0.192711345,,,,,,,,,,,,,,,
10,8/26/20,2020,August,8,3.68 ,-0.009599968,-0.101155657,-0.25,3.22,,,,,,,,,,,,
9,9/22/20,2020,September,9,1.19 ,-0.505194889,,,,,,,,,,,,,,,
10,9/23/20,2020,September,9,19.2 ,3.079409338,1.287107224,1.04,10.195,,,,,,,,,,,,
9,10/20/20,2020,October,10,3.2 ,-0.103145998,,,,,,,,,,,,,,,
10,10/20/20,2020,October,10,1.78 ,-0.387764768,-0.245455383,0.79,2.495,,,,,,,,,,,,
9,11/19/20,2020,November,11,3.7 ,0.000351737,,,,,,,,,,,,,,,
10,11/19/20,2020,November,11,1.91 ,-0.361890334,-0.180769299,0.61,2.82,,,,,,,,,,,,
9,,2020,December,12,,,,,,,,,,,,,,,,,
10,,2020,December,12,,,,,,,,,,,,,,,,,
9,,2021,January,1,,,,,,,,,,,,,,,,,
10,,2021,January,1,,,,,,,,,,,,,,,,,
9,2/4/2021,2021,February,2,4.67,0.187443795,,,,,,,,,,,,,,,
10,2/4/2021,2021,February,2,10.32,1.311986488,0.749715141,1.36,7.495,,,,,,,,,,,,
9,3/26/2021,2021,March,3,0.64,-0.614663647,,,,,,,,,,,,,,,
10,3/26/2021,2021,March,3,2.88,-0.168827252,-0.39174545,0.97,1.76,,,,,,,,,,,,
9,4/28/2021,2021,April,4,0.64,-0.614663647,,,,,,,,,,,,,,,
10,4/28/2021,2021,April,4,1.84,-0.375822721,-0.495243184,0.48,1.24,,,,,,,,,,,,
9,5/19/2021,2021,May,5,0.64,-0.614663647,,,,,,,,,,,,,,,
10,5/19/2021,2021,May,5,0.64,-0.614663647,-0.614663647,-0.14,0.64,,,,,,,,,,,,
9,6/30/2021,2021,June,6,0.64,-0.614663647,,,,,,,,,,,,,,,
10,6/30/2021,2021,June,6,0.64,-0.614663647,-0.614663647,-0.75,0.64,,,,,,,,,,,,
9,7/28/2021,2021,July,7,0.64,-0.614663647,,,,,,,,,,,,,,,
10,7/28/2021,2021,July,7,6.23,0.497936999,-0.058363324,-0.81,3.435,,,,,,,,,,,,
9,8/25/2021,2021,August,8,11.17,1.481165477,,,,,,,,,,,,,,,
10,8/25/2021,2021,August,8,1.07,-0.529078982,0.476043247,-0.34,6.12,,,,,,,,,,,,
9,9/29/2021,2021,September,9,0.64,-0.614663647,,,,,,,,,,,,,,,
10,9/29/2021,2021,September,9,0.64,-0.614663647,-0.614663647,-0.95,0.64,,,,,,,,,,,,
9,10/27/21,2021,October,10,0.64,-0.614663647,,,,,,,,,,,,,,,
10,10/27/21,2021,October,10,18.87,3.013728084,1.199532218,0.25,9.755,,,,,,,,,,,,
9,11/16/21,2021,November,11,7.64,0.778575087,,,,,,,,,,,,,,,
10,11/16/21,2021,November,11,0.74,-0.594760237,0.091907425,0.34,4.19,,,,,,,,,,,,
9,12/15/21,2021,December,12,0.26,-0.690296607,,,,3.73,,,,,,,,,,,
10,12/15/21,2021,December,12,0.76,-0.590779555,-0.640538081,-0.30,0.51,5.02,,,,,,,,,,,
