5,1/24/1995,1995,JANUARY,1,3.47,0.988118982,,,,,
7,1/24/1995,1995,JANUARY,1,0.18,-0.212825805,,,,,
14,1/24/1995,1995,JANUARY,1,0.28,-0.176322924,0.199656751,,1.31,,
5,2/16/1995,1995,FEBRUARY,2,0.66,-0.037611976,,,,,
7,2/16/1995,1995,FEBRUARY,2,1.80,0.378520868,,,,,
14,2/16/1995,1995,FEBRUARY,2,0.52,-0.08871601,0.084064294,0.283721045,0.993333333,,
5,3/22/1995,1995,MARCH,3,1.74,0.356619139,,,,,
7,3/22/1995,1995,MARCH,3,0.22,-0.198224653,,,,,
14,3/22/1995,1995,MARCH,3,0.43,-0.121568603,0.012275295,0.295996339,0.796666667,,
5,4/18/1995,1995,APRIL,4,0.12,-0.234727534,,,,,
7,4/18/1995,1995,APRIL,4,0.10,-0.24202811,,,,,
14,4/18/1995,1995,APRIL,4,0.10,-0.24202811,-0.239594585,0.056401754,0.106666667,,
5,5/16/1995,1995,MAY,5,0.20,-0.205525229,,,,,
7,5/16/1995,1995,MAY,5,,-0.278530991,,,,,
14,5/16/1995,1995,MAY,5,0.01,-0.274880703,-0.379468462,-0.323066708,0.105,,
5,6/15/1995,1995,JUNE,6,1.57,0.294564241,,,,,
7,6/15/1995,1995,JUNE,6,,-0.278530991,,,,,
14,6/15/1995,1995,JUNE,6,0.18,-0.212825805,-0.098396278,-0.421462985,0.875,,
5,7/5/1995,1995,JULY,7,0.21,-0.201874941,,,,,
7,7/5/1995,1995,JULY,7,0.05,-0.260279551,,,,,
14,7/5/1995,1995,JULY,7,0.08,-0.249328686,-0.237161059,-0.658624045,0.113333333,,
5,8/23/1995,1995,AUGUST,8,0.20,-0.205525229,,,,,
7,8/23/1995,1995,AUGUST,8,0.08,-0.249328686,,,,,
14,8/23/1995,1995,AUGUST,8,0.26,-0.183623501,-0.212825805,-0.87144985,0.18,,
5,9/20/1995,1995,SEPTEMBER,9,0.90,0.049994938,,,,,
7,9/20/1995,1995,SEPTEMBER,9,1.42,0.23980992,,,,,
14,9/20/1995,1995,SEPTEMBER,9,2.37,0.58658729,0.292130716,-0.579319134,1.563333333,,
5,10/13/1995,1995,OCTOBER,10,0.01,-0.274880703,,,,,
7,10/13/1995,1995,OCTOBER,10,0.05,-0.260279551,,,,,
14,10/13/1995,1995,OCTOBER,10,0.22,-0.198224653,-0.244461636,-0.82378077,0.093333333,,
5,12/6/1995,1995,DECEMBER,12,0.38,-0.139820043,,,,,
7,12/6/1995,1995,DECEMBER,12,0.02,-0.27269053,,,,,
14,12/6/1995,1995,DECEMBER,12,2.58,0.66324334,0.083577589,-0.740203181,0.992,,
5,1/22/1996,1996,JANUARY,1,0.56,-0.074114857,,,,,
7,1/22/1996,1996,JANUARY,1,0.02,-0.271230415,,,,,
14,1/22/1996,1996,JANUARY,1,0.02,-0.27269053,-0.206011934,-0.946215115,0.198666667,,
5,2/15/1996,1996,FEBRUARY,2,0.79,0.009841769,,,,,
7,2/15/1996,1996,FEBRUARY,2,0.02,-0.27269053,,,,,
14,2/15/1996,1996,FEBRUARY,2,0.28,-0.176322924,-0.146390562,-1.092605677,0.362,,
5,3/18/1996,1996,MARCH,3,0.87,0.039044074,,,,,
7,3/18/1996,1996,MARCH,3,0.02,-0.27269053,,,,,
14,3/18/1996,1996,MARCH,3,0.02,-0.27269053,-0.168778996,-1.261384673,0.300666667,,
5,4/19/1996,1996,APRIL,4,0.02,-0.27269053,,,,,
7,4/19/1996,1996,APRIL,4,0.52,-0.08871601,,,,,
14,4/19/1996,1996,APRIL,4,0.02,-0.27269053,-0.21136569,-1.472750363,0.184,,
5,5/8/1996,1996,MAY,5,2.12,0.495330087,,,,,
7,5/8/1996,1996,MAY,5,0.17,-0.216476094,,,,,
14,5/8/1996,1996,MAY,5,0.02,-0.27269053,0.002054488,-1.470695875,0.768666667,,
5,6/20/1996,1996,JUNE,6,0.27,-0.179973212,,,,,
7,6/20/1996,1996,JUNE,6,0.02,-0.27269053,,,,,
14,6/20/1996,1996,JUNE,6,0.10,-0.24202811,-0.231563951,-1.702259826,0.128666667,,
5,7/22/1996,1996,JULY,7,0.10,-0.24202811,,,,,
7,7/22/1996,1996,JULY,7,0.05,-0.260279551,,,,,
14,7/22/1996,1996,JULY,7,0.02,-0.27269053,-0.25833273,-1.960592557,0.055333333,,
5,8/20/1996,1996,AUGUST,8,0.02,-0.27269053,,,,,
7,8/20/1996,1996,AUGUST,8,0.02,-0.27269053,,,,,
14,8/20/1996,1996,AUGUST,8,0.03,-0.267580127,-0.270987063,-2.231579619,0.020666667,,
5,9/19/1996,1996,SEPTEMBER,9,5.67,1.791182365,,,,,
7,9/19/1996,1996,SEPTEMBER,9,3.61,1.039223015,,,,,
14,9/19/1996,1996,SEPTEMBER,9,4.37,1.316644911,1.382350097,-0.849229522,4.55,,
5,10/23/1996,1996,OCTOBER,10,2.51,0.637691323,,,,,
7,10/23/1996,1996,OCTOBER,10,0.01,-0.276705847,,,,,
14,10/23/1996,1996,OCTOBER,10,0.01,-0.276705847,0.02809321,-0.821136312,0.84,,
5,11/13/1996,1996,NOVEMBER,11,0.80,0.013492057,,,,,
7,11/13/1996,1996,NOVEMBER,11,0.21,-0.201874941,,,,,
14,11/13/1996,1996,NOVEMBER,11,0.12,-0.234727534,-0.141036806,-0.962173118,0.376666667,,
5,12/16/1996,1996,DECEMBER,12,1.08,0.115700124,,,,,
7,12/16/1996,1996,DECEMBER,12,0.13,-0.231077246,,,,,
14,12/16/1996,1996,DECEMBER,12,0.14,-0.227426958,-0.114268027,-1.076441145,0.45,,
7,1/13/1997,1997,JANUARY,1,0.13,-0.231077246,,,,,
14,1/13/1997,1997,JANUARY,1,2.20,0.524532392,,,,,
5,1/15/1997,1997,JANUARY,1,75.90,27.42715574,9.240203629,8.163762484,26.07666667,,
5,2/12/1997,1997,FEBRUARY,2,0.03,-0.267580127,,,,,
7,2/12/1997,1997,FEBRUARY,2,0.01,-0.276705847,,,,,
14,2/12/1997,1997,FEBRUARY,2,0.61,-0.055863417,-0.200049797,7.963712687,0.215,,
5,3/17/1997,1997,MARCH,3,0.01,-0.276705847,,,,,
7,3/17/1997,1997,MARCH,3,0.01,-0.276705847,,0,,,
14,3/17/1997,1997,MARCH,3,0.01,-0.276705847,-0.276705847,7.68700684,0.005,,
5,4/21/1997,1997,APRIL,4,0.19,-0.209175517,,,,,
7,4/21/1997,1997,APRIL,4,0.01,-0.274880703,,,,,
14,4/21/1997,1997,APRIL,4,0.01,-0.276705847,-0.253587356,7.433419484,0.068333333,,
5,5/22/1997,1997,MAY,5,0.01,-0.276705847,,,,,
7,5/22/1997,1997,MAY,5,0.01,-0.276705847,,,,,
14,5/22/1997,1997,MAY,5,0.01,-0.274880703,-0.276097466,7.157322018,0.006666667,,
5,6/12/1997,1997,JUNE,6,0.01,-0.276705847,,,,,
7,6/12/1997,1997,JUNE,6,0.01,-0.276705847,,,,,
14,6/12/1997,1997,JUNE,6,0.01,-0.276705847,-0.276705847,6.880616171,0.005,,
5,7/16/1997,1997,JULY,7,0.01,-0.276705847,,,,,
7,7/16/1997,1997,JULY,7,0.01,-0.276705847,,,,,
14,7/16/1997,1997,JULY,7,0.01,-0.276705847,-0.276705847,6.603910323,0.005,,
5,8/27/1997,1997,AUGUST,8,0.01,-0.276705847,,,,,
14,9/3/1997,1997,AUGUST,8,0.01,-0.276705847,,,,,
7,9/5/1997,1997,AUGUST,8,0.01,-0.276705847,-0.276705847,6.327204476,0.005,,
5,9/26/1997,1997,SEPTEMBER,9,0.08,-0.249328686,,,,,
7,9/26/1997,1997,SEPTEMBER,9,0.05,-0.260279551,,,,,
14,9/26/1997,1997,SEPTEMBER,9,0.03,-0.267580127,-0.259062788,6.068141688,0.053333333,,
5,10/6/1997,1997,OCTOBER,10,0.03 ,-0.267580127,,,,,
7,10/6/1997,1997,OCTOBER,10,0.10 ,-0.24202811,,,,,
14,10/6/1997,1997,OCTOBER,10,0.04 ,-0.263929839,-0.257846025,5.810295663,0.056666667,,
5,11/21/1997,1997,NOVEMBER,11,0.07 ,-0.252978975,,,,,
7,11/21/1997,1997,NOVEMBER,11,0.03 ,-0.267580127,,,,,
14,11/21/1997,1997,NOVEMBER,11,0.70 ,-0.023010824,-0.181189975,5.629105687,0.266666667,,
5,12/17/1997,1997,DECEMBER,12,0.17 ,-0.216476094,,,,,
7,12/17/1997,1997,DECEMBER,12,0.01 ,-0.276340818,,,,,
14,12/17/1997,1997,DECEMBER,12,0.07 ,-0.252978975,-0.248598629,5.380507058,0.082,,
5,1/22/1998,1998,JANUARY,1,1.44 ,0.247110496,,,,,
7,1/22/1998,1998,JANUARY,1,0.05 ,-0.260279551,,,,,
14,1/22/1998,1998,JANUARY,1,0.01 ,-0.276340818,-0.096503291,5.284003767,0.498666667,,
5,2/9/1998,1998,FEBRUARY,2,5.72,1.809433806,,,,,
7,2/9/1998,1998,FEBRUARY,2,0.26,-0.183623501,,,,,
14,2/9/1998,1998,FEBRUARY,2,1.55,0.287263665,0.637691323,5.921695091,2.51,,
5,3/12/1998,1998,MARCH,3,0.22,-0.198224653,,,,,
7,3/12/1998,1998,MARCH,3,0.01 ,-0.276340818,,,,,
14,3/12/1998,1998,MARCH,3,0.01 ,-0.276340818,-0.250302097,5.671392994,0.077333333,,
5,4/15/1998,1998,APRIL,4,0.02,-0.271230415,,,,,
7,4/15/1998,1998,APRIL,4,0.02,-0.271230415,,,,,
14,4/15/1998,1998,APRIL,4,0.02,-0.271230415,-0.271230415,5.400162579,0.02,,
5,5/19/1998,1998,MAY,5,0.12,-0.234727534,,,,,
7,5/19/1998,1998,MAY,5,0.12,-0.234727534,,,,,
14,5/19/1998,1998,MAY,5,0.01 ,-0.276340818,-0.248598629,5.15156395,0.082,,
5,6/16/1998,1998,JUNE,6,3.77,1.097627625,,,,,
7,6/16/1998,1998,JUNE,6,0.02,-0.271230415,,,,,
14,6/17/1998,1998,JUNE,6,0.01 ,-0.276340818,0.18335213,5.334916081,1.265333333,,
5,7/9/1998,1998,JULY,7,0.01 ,-0.276340818,,,,,
7,7/9/1998,1998,JULY,7,0.01 ,-0.276340818,,,,,
14,7/9/1998,1998,JULY,7,0.01 ,-0.276340818,-0.276340818,5.058575262,0.006,,
5,8/11/1998,1998,AUGUST,8,0.03,-0.267580127,,,,,
7,8/11/1998,1998,AUGUST,8,0.01 ,-0.276340818,,,,,
14,8/11/1998,1998,AUGUST,8,0.01 ,-0.276340818,-0.273420588,4.785154674,0.014,,
5,9/17/1998,1998,SEPTEMBER,9,0.01 ,-0.276340818,,,,,
7,9/17/1998,1998,SEPTEMBER,9,0.01 ,-0.276340818,,,,,
14,9/17/1998,1998,SEPTEMBER,9,0.01 ,-0.276340818,-0.276340818,4.508813856,0.006,,
5,10/12/1998,1998,OCTOBER,10,1.32,0.203307039,,,,,
7,10/12/1998,1998,OCTOBER,10,0.48,-0.103317162,,,,,
14,10/12/1998,1998,OCTOBER,10,0.51,-0.092366298,0.002541193,4.511355049,0.77,,
5,11/16/1998,1998,NOVEMBER,11,0.016,-0.27269053,,,,,
7,11/16/1998,1998,NOVEMBER,11,0.016,-0.27269053,,,,,
14,11/16/1998,1998,NOVEMBER,11,0.02,-0.271230415,-0.272203825,4.239151223,0.017333333,,
5,12/16/1998,1998,DECEMBER,12,0.97,0.075546955,,,,,
7,12/16/1998,1998,DECEMBER,12,0.34,-0.154421196,,,,,
14,12/16/1998,1998,DECEMBER,12,0.16,-0.220126382,-0.099666874,4.139484349,0.49,,
5,1/20/1999,1999,JANUARY,1,1.35,0.214257903,,,,,
7,1/20/1999,1999,JANUARY,1,0.5,-0.096016586,,,,,
14,1/20/1999,1999,JANUARY,1,0.08,-0.249328686,-0.04369579,4.09578856,0.643333333,,
5,2/16/1999,1999,FEBRUARY,2,0.016,-0.27269053,,,,,
7,2/16/1999,1999,FEBRUARY,2,0.016,-0.27269053,,,,,
14,2/16/1999,1999,FEBRUARY,2,0.17,-0.216476094,-0.253952385,3.841836175,0.067333333,,
5,3/16/1999,1999,MARCH,3,1.85,0.396772308,,,,,
7,3/16/1999,1999,MARCH,3,0.41,-0.128869179,,,,,
14,3/16/1999,1999,MARCH,3,0.43,-0.121568603,0.048778176,3.89061435,0.896666667,,
5,4/13/1999,1999,APRIL,4,1.74,0.356619139,,,,,
7,4/13/1999,1999,APRIL,4,0.22,-0.198224653,,,,,
14,4/13/1999,1999,APRIL,4,0.39,-0.136169755,0.007408244,3.898022594,0.783333333,,
5,5/17/1999,1999,MAY,5,0.7,-0.023010824,,,,,
7,5/17/1999,1999,MAY,5,0.39,-0.136169755,,,,,
14,5/17/1999,1999,MAY,5,0.39,-0.136169755,-0.098450111,3.799572483,0.493333333,,
5,6/22/1999,1999,JUNE,6,0.12,-0.234727534,,,,,
7,6/22/1999,1999,JUNE,6,0.03,-0.267580127,,,,,
14,6/22/1999,1999,JUNE,6,0.08,-0.249328686,-0.250545449,3.549027033,0.076666667,,
5,7/17/1999,1999,JULY,7,0.1,-0.24202811,,,,,
7,7/17/1999,1999,JULY,7,0.14,-0.227426958,,,,,
14,7/17/1999,1999,JULY,7,0.25,-0.187273789,-0.218909619,3.330117415,0.163333333,,
5,8/17/1999,1999,AUGUST,8,0.71,-0.019360536,,,,,
14,8/17/1999,1999,AUGUST,8,0.44,-0.117918315,,,,,
7,8/19/1999,1999,AUGUST,8,0.49,-0.099666874,-0.078981908,3.251135506,0.546666667,,
7,9/14/1999,1999,SEPTEMBER,9,4.23,1.265540878,,,,,
5,9/20/1999,1999,SEPTEMBER,9,4.91,1.513760469,,,,,
14,9/20/1999,1999,SEPTEMBER,9,4.53,1.375049521,1.384783623,4.635919129,4.556666667,,
5,10/12/1999,1999,OCTOBER,10,0.35,-0.150770908,,,,,
14,10/12/1999,1999,OCTOBER,10,0.08,-0.249328686,,,,,
7,10/13/1999,1999,OCTOBER,10,0.53,-0.085065722,-0.161721772,4.474197357,0.32,,
5,11/8/1999,1999,NOVEMBER,11,0.36 ,-0.147120619,,,,,
7,11/8/1999,1999,NOVEMBER,11,0.43 ,-0.121568603,,,,,
14,11/8/1999,1999,NOVEMBER,11,0.28 ,-0.176322924,-0.148337382,4.325859975,0.356666667,,
5,12/7/1999,1999,DECEMBER,12,0.27 ,-0.179973212,,,,,
7,12/7/1999,1999,DECEMBER,12,0.43 ,-0.121568603,,,,,
14,12/7/1999,1999,DECEMBER,12,0.22 ,-0.198224653,-0.166588823,4.159271152,0.306666667,,
5,1/5/2000,2000,JANUARY,1,1.62 ,0.312815682,,,,,
7,1/5/2000,2000,JANUARY,1,0.14 ,-0.227426958,,,,,
14,1/5/2000,2000,JANUARY,1,0.09 ,-0.245678398,-0.053429891,4.105841261,0.616666667,,
5,2/23/2000,2000,FEBRUARY,2,0.71 ,-0.019360536,,,,,
7,2/23/2000,2000,FEBRUARY,2,0.02 ,-0.27269053,,,,,
14,2/23/2000,2000,FEBRUARY,2,0.08 ,-0.249328686,-0.180459918,3.925381343,0.268666667,,
5,3/13/2000,2000,MARCH,3,2.06,0.473428359,,,,,
7,3/13/2000,2000,MARCH,3,0.02 ,-0.27269053,,,,,
14,3/13/2000,2000,MARCH,3,0.016,-0.27269053,-0.023984234,3.901397109,0.697333333,,
5,4/11/2000,2000,APRIL,4,0.23 ,-0.194574365,,,,,
7,4/11/2000,2000,APRIL,4,3.17 ,0.878610339,,,,,
14,4/11/2000,2000,APRIL,4,0.15 ,-0.22377667,0.153419768,4.054816877,1.183333333,,
5,5/16/2000,2000,MAY,5,0.12 ,-0.234727534,,,,,
7,5/16/2000,2000,MAY,5,0.12 ,-0.234727534,,,,,
14,5/16/2000,2000,MAY,5,0.14 ,-0.227426958,-0.232294009,3.822522869,0.126666667,,
5,6/13/2000,2000,JUNE,6,0.07 ,-0.252978975,,,,,
7,6/13/2000,2000,JUNE,6,0.02 ,-0.271230415,,,,,
14,6/13/2000,2000,JUNE,6,0.22 ,-0.198224653,-0.240811348,3.581711521,0.103333333,,
5,7/11/2000,2000,JULY,7,0.29 ,-0.172672636,,,,,
7,7/11/2000,2000,JULY,7,0.17 ,-0.216476094,,,,,
14,7/11/2000,2000,JULY,7,0.72 ,-0.015710248,-0.134952992,3.446758529,0.393333333,,
5,8/15/2000,2000,AUGUST,8,1.12 ,0.130301277,,,,,
7,8/15/2000,2000,AUGUST,8,0.16 ,-0.220126382,,,,,
14,8/15/2000,2000,AUGUST,8,0.45 ,-0.114268027,-0.068031044,3.378727485,0.576666667,,
5,9/12/2000,2000,SEPTEMBER,9,0.02 ,-0.27269053,,,,,
7,9/12/2000,2000,SEPTEMBER,9,0.02 ,-0.27269053,,,,,
14,9/12/2000,2000,SEPTEMBER,9,0.02 ,-0.27269053,-0.27269053,3.106036954,0.016,,
5,10/18/2000,2000,OCTOBER,10,0.41 ,-0.128869179,,,,,
7,10/18/2000,2000,OCTOBER,10,0.13 ,-0.231077246,,,,,
14,10/18/2000,2000,OCTOBER,10,0.24 ,-0.190924077,-0.183623501,2.922413454,0.26,,
7,11/15/2000,2000,NOVEMBER,11,0.37 ,-0.143470331,,,,,
14,11/15/2000,2000,NOVEMBER,11,0.40 ,-0.132519467,,,,,
5,11/18/2000,2000,NOVEMBER,11,0.55 ,-0.077765145,-0.117918315,2.804495139,0.44,,
5,12/11/2000,2000,DECEMBER,12,0.32 ,-0.161721772,,,,,
7,12/11/2000,2000,DECEMBER,12,0.30 ,-0.169022348,,,,,
14,12/11/2000,2000,DECEMBER,12,0.42 ,-0.125218891,-0.15198767,2.652507469,0.346666667,,
5,1/10/2001,2001,JANUARY,1,,,,,,,
7,1/10/2001,2001,JANUARY,1,,,,,,,
14,1/10/2001,2001,JANUARY,1,,,,,,,
5,2/6/2001,2001,FEBRUARY,2,,,,,,,
7,2/6/2001,2001,FEBRUARY,2,,,,,,,
14,2/6/2001,2001,FEBRUARY,2,,,,,,,
7,3/14/2001,2001,MARCH,3,1.74 ,0.356619139,,,,,
14,3/14/2001,2001,MARCH,3,0.60 ,-0.059513705,,,,,
5,3/15/2001,2001,MARCH,3,0.91 ,0.053645226,0.116916887,2.769424356,1.083333333,,
7,4/16/2001,2001,APRIL,4,0.63 ,-0.048562841,,,,,
14,4/16/2001,2001,APRIL,4,0.38 ,-0.139820043,,,,,
5,4/19/2001,2001,APRIL,4,1.21 ,0.16315387,-0.008409671,2.761014684,0.74,,
5,5/15/2001,2001,MAY,5,0.02 ,-0.271230415,,,,,
7,5/15/2001,2001,MAY,5,0.01 ,-0.274880703,,,,,
14,5/15/2001,2001,MAY,5,0.04 ,-0.263929839,-0.270013652,2.491001032,0.023333333,,
5,6/13/2001,2001,JUNE,6,0.12 ,-0.234727534,,,,,
7,6/13/2001,2001,JUNE,6,0.02 ,-0.271230415,,,,,
14,6/13/2001,2001,JUNE,6,0.04 ,-0.263929839,-0.256629263,2.234371769,0.06,,
5,7/20/2001,2001,JULY,7,2.02 ,0.458827206,,,,,
7,7/20/2001,2001,JULY,7,0.30 ,-0.169022348,,,,,
14,7/20/2001,2001,JULY,7,0.33 ,-0.158071484,0.043911125,2.278282894,0.883333333,,
5,8/15/2001,2001,AUGUST,8,0.16 ,-0.220126382,,,,,
7,8/15/2001,2001,AUGUST,8,0.15 ,-0.22377667,,,,,
14,8/15/2001,2001,AUGUST,8,0.59 ,-0.063163993,-0.169022348,2.109260546,0.3,,
7,9/11/2001,2001,SEPTEMBER,9,0.03 ,-0.267580127,,,,,
14,9/11/2001,2001,SEPTEMBER,9,0.23 ,-0.194574365,,,,,
5,9/18/2001,2001,SEPTEMBER,9,0.02 ,-0.271230415,-0.244461636,1.86479891,0.093333333,,
5,10/16/2001,2001,OCTOBER,10,0.49 ,-0.099666874,,,,,
7,10/16/2001,2001,OCTOBER,10,0.29 ,-0.172672636,,,,,
14,10/16/2001,2001,OCTOBER,10,0.18 ,-0.212825805,-0.161721772,1.703077138,0.32,,
5,11/6/2001,2001,NOVEMBER,11,0.13 ,-0.231077246,,,,,
7,11/6/2001,2001,NOVEMBER,11,0.14 ,-0.227426958,,,,,
14,11/6/2001,2001,NOVEMBER,11,0.36 ,-0.147120619,-0.201874941,1.501202197,0.21,,
5,12/4/2001,2001,DECEMBER,12,0.08 ,-0.249328686,,,,,
7,12/4/2001,2001,DECEMBER,12,0.31 ,-0.16537206,,,,,
14,12/4/2001,2001,DECEMBER,12,0.35 ,-0.150770908,-0.188490551,1.312711646,0.246666667,,
5,1/15/2002,2002,JANUARY,1,0.55 ,-0.077765145,,,,,
7,1/15/2002,2002,JANUARY,1,0.21 ,-0.201874941,,,,,
14,1/15/2002,2002,JANUARY,1,0.73 ,-0.01205996,-0.097233349,1.215478297,0.496666667,,
5,2/19/2002,2002,FEBRUARY,2,3.17 ,0.878610339,,,,,
7,2/19/2002,2002,FEBRUARY,2,0.05 ,-0.260279551,,,,,
14,2/19/2002,2002,FEBRUARY,2,0.21 ,-0.201874941,0.138818616,1.354296913,1.143333333,,
5,3/19/2002,2002,MARCH,3,3.17 ,0.878610339,,,,,
7,3/21/2002,2002,MARCH,3,0.05 ,-0.260279551,,,,,
14,3/21/2002,2002,MARCH,3,0.21 ,-0.201874941,0.138818616,1.493115528,1.143333333,,
5,4/16/2002,2002,APRIL,4,0.32 ,-0.161721772,,,,,
7,4/16/2002,2002,APRIL,4,0.09 ,-0.245678398,,,,,
14,4/16/2002,2002,APRIL,4,0.08 ,-0.249328686,-0.218909619,1.274205909,0.163333333,,
5,5/15/2002,2002,MAY,5,0.02 ,-0.271230415,,,,,
7,5/15/2002,2002,MAY,5,0.79 ,0.009841769,,,,,
14,5/16/2002,2002,MAY,5,1.28 ,0.188705886,-0.024227587,1.249978323,0.696666667,,
5,6/12/2002,2002,JUNE,6,0.33 ,-0.158071484,,,,,
7,6/12/2002,2002,JUNE,6,0.01 ,-0.274880703,,,,,
14,6/12/2002,2002,JUNE,6,0.07 ,-0.252978975,-0.228643721,1.021334602,0.136666667,,
5,7/17/2002,2002,JULY,7,0.02 ,-0.27269053,,,,,
7,7/17/2002,2002,JULY,7,0.02 ,-0.27269053,,,,,
14,7/17/2002,2002,JULY,7,0.03 ,-0.267580127,-0.270987063,0.75034754,0.020666667,,
5,8/14/2002,2002,AUGUST,8,0.23 ,-0.194574365,,,,,
7,8/14/2002,2002,AUGUST,8,0.30 ,-0.169022348,,,,,
14,8/14/2002,2002,AUGUST,8,0.18 ,-0.212825805,-0.192140839,0.5582067,0.236666667,,
5,9/18/2002,2002,SEPTEMBER,9,0.99 ,0.082847531,,,,,
7,9/18/2002,2002,SEPTEMBER,9,1.12 ,0.130301277,,,,,
14,9/18/2002,2002,SEPTEMBER,9,1.41 ,0.236159632,0.14976948,0.70797618,1.173333333,,
5,10/15/2002,2002,OCTOBER,10,1.68 ,0.334717411,,,,,
7,10/17/2002,2002,OCTOBER,10,1.52 ,0.276312801,,,,,
14,10/17/2002,2002,OCTOBER,10,2.23 ,0.535483256,0.382171156,1.090147336,1.81,,
7,11/14/2002,2002,NOVEMBER,11,0.38 ,-0.139820043,,,,,
14,11/14/2002,2002,NOVEMBER,11,0.58 ,-0.066814281,,,,,
5,11/15/2002,2002,NOVEMBER,11,1.21 ,0.16315387,-0.014493485,1.075653851,0.723333333,,
7,12/18/2002,2002,DECEMBER,12,0.21 ,-0.201874941,,,,,
14,12/18/2002,2002,DECEMBER,12,0.18 ,-0.212825805,,,,,
5,12/19/2002,2002,DECEMBER,12,0.27 ,-0.179973212,-0.198224653,0.877429198,0.22,,
5,1/14/2003,2003,JANUARY,1,0.02 ,-0.27269053,,,,,
7,1/15/2003,2003,JANUARY,1,0.02 ,-0.27269053,,,,,
14,1/15/2003,2003,JANUARY,1,0.13 ,-0.231077246,-0.258819436,0.618609763,0.054,,
7,2/11/2003,2003,FEBRUARY,2,0.27 ,-0.179973212,,,,,
14,2/11/2003,2003,FEBRUARY,2,0.09 ,-0.245678398,,,,,
5,2/13/2003,2003,FEBRUARY,2,2.35 ,0.579286714,0.051211701,0.669821464,0.903333333,,
5,3/12/2003,2003,MARCH,3,0.14 ,-0.227426958,,,,,
7,3/12/2003,2003,MARCH,3,11.6 ,3.955803213,,,,,
14,3/12/2003,2003,MARCH,3,0.33 ,-0.158071484,1.19010159,1.859923054,4.023333333,,
5,4/15/2003,2003,APRIL,4,0.11 ,-0.238377822,,,,,
7,4/15/2003,2003,APRIL,4,0.22 ,-0.198224653,,,,,
14,4/15/2003,2003,APRIL,4,0.09 ,-0.245678398,-0.227426958,1.632496096,0.14,,
5,5/12/2003,2003,MAY,5,0.01 ,-0.274880703,,,,,
7,5/14/2003,2003,MAY,5,0.01 ,-0.274880703,,,,,
14,5/14/2003,2003,MAY,5,0.02 ,-0.27269053,-0.274150646,1.35834545,0.012,,
7,6/18/2003,2003,JUNE,6,0.02 ,-0.27269053,,,,,
14,6/18/2003,2003,JUNE,6,0.02 ,-0.27269053,,,,,
5,6/20/2003,2003,JUNE,6,1.86 ,0.398597452,-0.048927869,1.309417581,0.629,,
5,7/17/2003,2003,JULY,7,0.88 ,0.042694362,,,,,
7,7/17/2003,2003,JULY,7,0.44 ,-0.117918315,,,,,
14,7/17/2003,2003,JULY,7,0.19 ,-0.209175517,-0.094799823,1.214617758,0.503333333,,
5,8/14/2003,2003,AUGUST,8,0.25 ,-0.187273789,,,,,
7,8/14/2003,2003,AUGUST,8,0.17 ,-0.216476094,,,,,
14,8/14/2003,2003,AUGUST,8,0.19 ,-0.209175517,-0.204308466,1.010309291,0.203333333,,
7,9/22/2003,2003,SEPTEMBER,9,0.71 ,-0.019360536,,,,,
14,9/22/2003,2003,SEPTEMBER,9,2.48 ,0.626740459,,,,,
5,9/24/2003,2003,SEPTEMBER,9,2.09 ,0.484379223,0.363919715,1.374229007,1.76,,
5,10/16/2003,2003,OCTOBER,10,0.22 ,-0.198224653,,,,,
7,10/16/2003,2003,OCTOBER,10,0.79 ,0.009841769,,,,,
14,10/16/2003,2003,OCTOBER,10,0.76 ,-0.001109095,-0.063163993,1.311065014,0.59,,
7,11/17/2003,2003,NOVEMBER,11,0.63 ,-0.048562841,,,,,
14,11/17/2003,2003,NOVEMBER,11,0.85 ,0.031743498,,,,,
5,11/18/2003,2003,NOVEMBER,11,0.98 ,0.079197243,0.020792633,1.331857647,0.82,,
7,12/16/2003,2003,DECEMBER,12,1.33 ,0.206957327,,,,,
14,12/16/2003,2003,DECEMBER,12,6.73 ,2.178112905,,,,,
5,12/18/2003,2003,DECEMBER,12,4.59 ,1.39695125,1.260673827,2.592531474,4.216666667,,
7,,2004,JANUARY,1,,,,,,,
14,,2004,JANUARY,1,,,,,,,
5,1/13/2004,2004,JANUARY,1,1.42 ,0.23980992,0.23980992,2.832341394,1.42,,
7,2/9/2004,2004,FEBRUARY,2,5.13 ,1.594066807,,,,,
14,2/9/2004,2004,FEBRUARY,2,0.67 ,-0.033961688,,,,,
5,2/10/2004,2004,FEBRUARY,2,1.37 ,0.221558479,0.593887866,3.42622926,2.39,,
7,3/15/2004,2004,MARCH,3,1.02 ,0.093798396,,,,,
5,3/17/2004,2004,MARCH,3,0.50 ,-0.096016586,,,,,
14,3/17/2004,2004,MARCH,3,0.39 ,-0.136169755,-0.046129315,3.380099945,0.636666667,,
7,4/16/2004,2004,APRIL,4,2.41 ,0.601188442,,,,,
5,4/17/2004,2004,APRIL,4,1.93 ,0.425974613,,,,,
14,4/17/2004,2004,APRIL,4,1.36 ,0.217908191,0.415023749,3.795123694,1.9,,
7,5/10/2004,2004,MAY,5,1.44 ,0.247110496,,,,,
14,5/10/2004,2004,MAY,5,0.83 ,0.024442922,,,,,
5,5/11/2004,2004,MAY,5,1.83 ,0.389471732,0.220341717,4.015465411,1.366666667,,
5,6/15/2004,2004,JUNE,6,0.27 ,-0.179973212,,,,,
7,6/17/2004,2004,JUNE,6,1.74 ,0.356619139,,,,,
14,6/17/2004,2004,JUNE,6,0.37 ,-0.143470331,0.011058532,4.026523942,0.793333333,,
5,7/13/2004,2004,JULY,7,1.35 ,0.214257903,,,,,
7,7/14/2004,2004,JULY,7,0.47 ,-0.10696745,,,,,
14,7/14/2004,2004,JULY,7,0.40 ,-0.132519467,-0.008409671,4.018114271,0.74,,
5,8/18/2004,2004,AUGUST,8,0.16 ,-0.220126382,,,,,
7,8/19/2004,2004,AUGUST,8,1.13 ,0.133951565,,,,,
14,8/19/2004,2004,AUGUST,8,0.55 ,-0.077765145,-0.054646654,3.963467617,0.613333333,,
5,9/14/2004,2004,SEPTEMBER,9,1.08 ,0.115700124,,,,,
7,9/16/2004,2004,SEPTEMBER,9,2.53 ,0.6449919,,,,,
14,9/16/2004,2004,SEPTEMBER,9,4.54 ,1.378699809,0.713130611,4.676598228,2.716666667,,
5,10/13/2004,2004,OCTOBER,10,0.33 ,-0.158071484,,,,,
7,10/13/2004,2004,OCTOBER,10,0.30 ,-0.169022348,,,,,
14,10/13/2004,2004,OCTOBER,10,0.27 ,-0.179973212,-0.169022348,4.50757588,0.3,,
5,11/16/2004,2004,NOVEMBER,11,0.54 ,-0.081415434,,,,,
7,11/16/2004,2004,NOVEMBER,11,0.92 ,0.057295514,,,,,
14,11/16/2004,2004,NOVEMBER,11,0.55 ,-0.077765145,-0.033961688,4.473614192,0.67,,
5,12/15/2004,2004,DECEMBER,12,1.29 ,0.192356174,,,,,
7,12/15/2004,2004,DECEMBER,12,1.59 ,0.301864818,,,,,
14,12/15/2004,2004,DECEMBER,12,0.51 ,-0.092366298,0.133951565,4.607565756,1.13,,
5,1/11/2005,2005,JANUARY,1,0.93 ,0.060945803,,,,,
7,1/11/2005,2005,JANUARY,1,0.68 ,-0.0303114,,,,,
14,1/11/2005,2005,JANUARY,1,1.17 ,0.148552717,0.05972904,4.667294796,0.926666667,,
7,2/15/2005,2005,FEBRUARY,2,3.64 ,1.05017388,,,,,
14,2/15/2005,2005,FEBRUARY,2,0.43 ,-0.121568603,,,,,
5,2/16/2005,2005,FEBRUARY,2,0.86 ,0.035393786,0.321333021,4.988627817,1.643333333,,
7,3/16/2005,2005,MARCH,3,7.93 ,2.616147477,,,,,
14,3/16/2005,2005,MARCH,3,1.05 ,0.10474926,,,,,
5,3/17/2005,2005,MARCH,3,0.66 ,-0.037611976,0.894428254,5.883056071,3.213333333,,
5,4/27/2005,2005,APRIL,4,0.93 ,0.060945803,,,,,
7,4/27/2005,2005,APRIL,4,0.11 ,-0.238377822,,,,,
14,4/27/2005,2005,APRIL,4,1.46 ,0.254411072,0.025659684,5.908715755,0.833333333,,
5,5/18/2005,2005,MAY,5,0.40 ,-0.132519467,,,,,
7,5/18/2005,2005,MAY,5,0.61 ,-0.055863417,,,,,
14,5/18/2005,2005,MAY,5,0.53 ,-0.085065722,-0.091149535,5.81756622,0.513333333,,
5,6/15/2005,2005,JUNE,6,0.48 ,-0.103317162,,,,,
7,6/22/2005,2005,JUNE,6,0.40 ,-0.132519467,,,,,
14,6/22/2005,2005,JUNE,6,0.23 ,-0.194574365,-0.143470331,5.674095889,0.37,,
7,7/13/2005,2005,JULY,7,0.11 ,-0.238377822,,,,,
14,7/13/2005,2005,JULY,7,0.38 ,-0.139820043,,,,,
5,7/14/2005,2005,JULY,7,0.32 ,-0.161721772,-0.179973212,5.494122676,0.27,,
5,8/23/2005,2005,AUGUST,8,0.72 ,-0.015710248,,,,,
7,8/30/2005,2005,AUGUST,8,0.22 ,-0.198224653,,,,,
14,8/30/2005,2005,AUGUST,8,0.41 ,-0.128869179,-0.114268027,5.37985465,0.45,,
5,9/13/2005,2005,SEPTEMBER,9,0.18 ,-0.212825805,,,,,
7,9/14/2005,2005,SEPTEMBER,9,0.56 ,-0.074114857,,,,,
14,9/14/2005,2005,SEPTEMBER,9,0.73 ,-0.01205996,-0.099666874,5.280187775,0.49,,
5,10/11/2005,2005,OCTOBER,10,4.30 ,1.291092895,,,,,
7,10/12/2005,2005,OCTOBER,10,3.61 ,1.039223015,,,,,
14,10/12/2005,2005,OCTOBER,10,3.23 ,0.900512067,1.076942659,6.357130434,3.713333333,,
7,11/14/2005,2005,NOVEMBER,11,0.18 ,-0.212825805,,,,,
14,11/14/2005,2005,NOVEMBER,11,0.18 ,-0.212825805,,,,,
5,11/15/2005,2005,NOVEMBER,11,0.25 ,-0.187273789,-0.204308466,6.152821968,0.203333333,,
7,12/20/2005,2005,DECEMBER,12,0.23 ,-0.194574365,,,,,
14,12/20/2005,2005,DECEMBER,12,0.39 ,-0.136169755,,,,,
5,12/21/2005,2005,DECEMBER,12,0.69 ,-0.026661112,-0.119135077,6.033686891,0.436666667,,
5,1/17/2006,2006,JANUARY,1,0.30 ,-0.169022348,,,,,
7,1/20/2006,2006,JANUARY,1,2.31 ,0.564685561,,,,,
14,1/20/2006,2006,JANUARY,1,0.12 ,-0.234727534,0.053645226,6.087332117,0.91,,
5,2/14/2006,2006,February,2,0.36 ,-0.147120619,,,,,
7,2/15/2006,2006,February,2,2.58 ,0.66324334,,,,,
14,2/15/2006,2006,February,2,0.08 ,-0.249328686,0.088931345,6.176263462,1.006666667,,
5,3/13/2006,2006,March,3,0.19 ,-0.209175517,,,,,
7,3/16/2006,2006,March,3,0.11 ,-0.238377822,,,,,
14,3/16/2006,2006,March,3,0.08 ,-0.249328686,-0.232294009,5.943969453,0.126666667,,
5,4/18/2006,2006,April,4,0.93 ,0.060945803,,,,,
7,4/19/2006,2006,April,4,0.51 ,-0.092366298,,,,,
14,4/19/2006,2006,April,4,0.22 ,-0.198224653,-0.076548383,5.86742107,0.553333333,,
5,5/15/2006,2006,May,5,0.10 ,-0.24202811,,,,,
7,5/16/2006,2006,May,5,0.27 ,-0.179973212,,,,,
14,5/16/2006,2006,May,5,0.15 ,-0.22377667,-0.215259331,5.65216174,0.173333333,,
5,6/15/2006,2006,June,6,5.92 ,1.882439568,,,,,
7,6/16/2006,2006,June,6,0.20 ,-0.205525229,,,,,
14,6/16/2006,2006,June,6,0.29 ,-0.172672636,0.501413901,6.15357564,2.136666667,,
7,7/17/2006,2006,July,7,0.84 ,0.02809321,,,,,
14,7/17/2006,2006,July,7,1.04 ,0.101098972,,,,,
5,7/18/2006,2006,July,7,0.61 ,-0.055863417,0.024442922,6.178018562,0.83,,
7,8/23/2006,2006,August,8,1.07 ,0.112049836,,,,,
14,8/23/2006,2006,August,8,0.62 ,-0.052213129,,,,,
5,8/24/2006,2006,August,8,1.09 ,0.119350412,0.05972904,6.237747602,0.926666667,,
5,9/12/2006,2006,Septemeber,9,0.90 ,0.049994938,,,,,
7,9/15/2006,2006,Septemeber,9,1.55 ,0.287263665,,,,,
14,9/15/2006,2006,Septemeber,9,0.89 ,0.04634465,0.127867751,6.365615353,1.113333333,,
7,10/16/2006,2006,October,10,0.83,0.024442922,,,,,
14,10/16/2006,2006,October,10,0.86,0.035393786,,,,,
5,10/18/2006,2006,October,10,1.57,0.294564241,0.11813365,6.483749003,1.086666667,,
5,11/14/2006,2006,November,11,2.04,0.466127782,,,,,
7,11/20/2006,2006,November,11,0.67,-0.033961688,,,,,
14,11/20/2006,2006,November,11,0.71,-0.019360536,0.137601853,6.621350856,1.14,,
7,12/11/2006,2006,December,12,0.38,-0.139820043,,,,,
14,12/11/2006,2006,December,12,1.20,0.159503581,,,,,
5,12/12/2006,2006,December,12,0.68,-0.0303114,-0.003542621,6.617808235,0.753333333,,
5,1/18/2007,2007,January,1,2.14,0.502630664,,,,,
14,1/18/2007,2007,January,1,0.40,-0.132519467,,,,,
7,1/18/2007,2007,January,1,0.37,-0.143470331,0.075546955,6.69335519,0.97,,
5,2/21/2007,2007,February,2,0.11,-0.238377822,,,,,
14,2/22/2007,2007,February,2,0.07,-0.252978975,,,,,
7,2/22/2007,2007,February,2,1.08,0.115700124,-0.125218891,6.568136299,0.42,,
14,3/12/2007,2007,March,3,0.08,-0.249328686,,,,,
7,3/12/2007,2007,March,3,0.09,-0.245678398,,,,,
5,3/13/2007,2007,March,3,0.09,-0.245678398,-0.246895161,6.321241138,0.086666667,,
5,4/18/2007,2007,April,4,2.36,0.582937002,,,,,
14,4/19/2007,2007,April,4,1.26,0.18140531,,,,,
7,4/19/2007,2007,April,4,0.43,-0.121568603,0.214257903,6.535499041,1.35,,
14,5/14/2007,2007,May,5,0.35,-0.150770908,,,,,
7,5/14/2007,2007,May,5,0.59,-0.063163993,,,,,
5,5/15/2007,2007,May,5,0.49,-0.099666874,-0.104533925,6.430965116,0.476666667,,
14,6/13/2007,2007,June,6,1.9,0.415023749,,,,,
5,6/13/2007,2007,June,6,0.33,-0.158071484,,,,,
7,6/13/2007,2007,June,6,0.29,-0.172672636,0.02809321,6.459058326,0.84,,
5,7/17/2007,2007,July,7,0.22,-0.198224653,,,,,
14,7/17/2007,2007,July,7,1.26,0.18140531,,,,,
7,7/17/2007,2007,July,7,0.42,-0.125218891,-0.047346078,6.411712248,0.633333333,,
5,8/14/2007,2007,August,8,0.37,-0.143470331,,,,,
14,8/14/2007,2007,August,8,0.32,-0.161721772,,,,,
7,8/14/2007,2007,August,8,0.19,-0.209175517,-0.171455874,6.240256374,0.293333333,,
14,9/10/2007,2007,September,9,0.26,-0.183623501,,,,,
7,9/10/2007,2007,September,9,0.38,-0.139820043,,,,,
5,9/11/2007,2007,September,9,0.39,-0.136169755,-0.153204433,6.087051941,0.343333333,,
14,10/15/2007,2007,October,10,1.3,0.196006463,,,,,
7,10/15/2007,2007,October,10,0.76,-0.001109095,,,,,
5,10/18/2007,2007,October,10,0.35,-0.150770908,0.01470882,6.101760761,0.803333333,,
5,11/14/2007,2007,November,11,0.25,-0.187273789,,,,,
14,11/14/2007,2007,November,11,0.36,-0.147120619,,,,,
7,11/14/2007,2007,November,11,1.18,0.152203005,-0.060730468,6.041030294,0.596666667,,
5,12/11/2007,2007,December,12,0.44,-0.117918315,,,,,
14,12/18/2007,2007,December,12,0.83,0.024442922,,,,,
7,12/18/2007,2007,December,12,0.43,-0.121568603,-0.071681332,5.969348962,0.566666667,,
5,1/15/2008,2008,January,1,0.93,0.060945803,,,,,
7,1/16/2008,2008,January,1,0.83,0.024442922,,,,,
14,1/16/2008,2008,January,1,0.17,-0.216476094,-0.04369579,5.925653172,0.643333333,,
5,2/12/2008,2008,February,2,0.24,-0.190924077,,,,,
7,2/15/2008,2008,February,2,0.12,-0.234727534,,,,,
14,2/15/2008,2008,February,2,0.09,-0.245678398,-0.22377667,5.701876502,0.15,,
5,3/10/2008,2008,March,3,0.09,-0.245678398,,,,,
7,3/10/2008,2008,March,3,0.77,0.002541193,,,,,
14,3/10/2008,2008,March,3,0.46,-0.110617738,-0.117918315,5.583958188,0.44,,
7,4/14/2008,2008,April,4,0.34,-0.154421196,,,,,
14,4/14/2008,2008,April,4,0.37,-0.143470331,,,,,
5,4/15/2008,2008,April,4,0.28,-0.176322924,-0.158071484,5.425886704,0.33,,
5,5/14/2008,2008,May,5,2.31,0.564685561,,,,,
7,5/15/2008,2008,May,5,0.18,-0.212825805,,,,,
14,5/15/2008,2008,May,5,0.15,-0.22377667,0.042694362,5.468581066,0.88,,
5,6/17/2008,2008,June,6,0.28,-0.176322924,,,,,
7,6/18/2008,2008,June,6,0.45,-0.114268027,,,,,
14,6/18/2008,2008,June,6,0.22,-0.198224653,-0.162938535,5.305642531,0.316666667,,
5,7/15/2008,2008,July,7,0.21,-0.201874941,,,,,
7,7/16/2008,2008,July,7,0.66,-0.037611976,,,,,
14,7/16/2008,2008,July,7,0.13,-0.231077246,-0.156854721,5.14878781,0.333333333,,
5,8/12/2008,2008,August,8,0.15,-0.22377667,,,,,
7,8/12/2008,2008,August,8,0.26,-0.183623501,,,,,
14,8/12/2008,2008,August,8,0.74,-0.008409671,-0.138603281,5.01018453,0.383333333,,
5,9/16/2008,2008,September,9,0.54,-0.081415434,,,,,
7,9/18/2008,2008,September,9,2.77,0.732598814,,,,,
14,9/18/2008,2008,September,9,6.17,1.973696771,0.87496005,5.88514458,3.16,,
7,10/14/2008,2008,October,10,0.14,-0.227426958,,,,,
14,10/14/2008,2008,October,10,0.89,0.04634465,,,,,
5,10/16/2008,2008,October,10,0.11,-0.238377822,-0.139820043,5.745324537,0.38,,
5,11/11/2008,2008,November,11,1.1,0.1230007,,,,,
7,11/17/2008,2008,November,11,0.24,-0.190924077,,,,,
14,11/17/2008,2008,November,11,0.59,-0.063163993,-0.04369579,5.701628747,0.643333333,,
7,12/15/2008,2008,December,12,0.26,-0.183623501,,,,,
14,12/15/2008,2008,December,12,0.19,-0.209175517,,,,,
5,12/18/2008,2008,December,12,5.6,1.765630349,0.457610444,6.15923919,2.016666667,,
5,1/12/2009,2009,January,1,0.22,-0.198224653,,,,,
7,1/13/2009,2009,January,1,0.18,-0.212825805,,,,,
14,1/13/2009,2009,January,1,0.48,-0.103317162,-0.171455874,5.987783317,0.293333333,,
5,2/10/2009,2009,February,2,0.27,-0.179973212,,,,,
7,2/11/2009,2009,February,2,2.56,0.655942764,,,,,
14,2/11/2009,2009,February,2,0.18,-0.212825805,0.087714582,6.075497899,1.003333333,,
5,3/18/2009,2009,March,3,1.59,0.301864818,,,,,
7,3/16/2009,2009,March,3,0.17,-0.216476094,,,,,
14,3/16/2009,2009,March,3,0.16,-0.220126382,-0.044912552,6.030585346,0.64,,
5,4/17/2009,2009,April,4,0.93,0.060945803,,,,,
7,4/13/2009,2009,April,4,0.98,0.079197243,,,,,
14,4/13/2009,2009,April,4,0.09,-0.245678398,-0.035178451,5.995406896,0.666666667,,
5,5/12/2009,2009,May,5,0.62,-0.052213129,,,,,
7,5/13/2009,2009,May,5,0.22,-0.198224653,,,,,
14,5/13/2009,2009,May,5,0.27,-0.179973212,-0.143470331,5.851936564,0.37,,
5,6/16/2009,2009,June,6,0.29,-0.172672636,,,,,
7,6/19/2009,2009,June,6,0.37,-0.143470331,,,,,
14,6/19/2009,2009,June,6,0.55,-0.077765145,-0.131302704,5.72063386,0.403333333,,
5,7/13/2009,2009,July,7,0.34,-0.154421196,,,,,
7,7/13/2009,2009,July,7,0.36,-0.147120619,,,,,
14,7/13/2009,2009,July,7,0.54,-0.081415434,-0.127652416,5.592981444,0.413333333,,
5,8/18/2009,2009,August,8,0.49,-0.099666874,,,,,
7,8/17/2009,2009,August,8,0.35,-0.150770908,,,,,
14,8/17/2009,2009,August,8,0.54,-0.081415434,-0.110617738,5.482363705,0.46,,
5,9/14/2009,2009,September,9,2.68,0.699746221,,,,,
7,9/15/2009,2009,September,9,0.25,-0.187273789,,,,,
14,9/15/2009,2009,September,9,1.81,0.382171156,0.29821453,5.780578235,1.58,,
5,10/13/2009,2009,October,10,0.84,0.02809321,,,,,
7,10/14/2009,2009,October,10,0.64,-0.044912552,,,,,
14,10/14/2009,2009,October,10,0.25,-0.187273789,-0.068031044,5.712547191,0.576666667,,
5,11/16/2009,2009,November,11,3.04,0.831156593,,,,,
7,11/16/2009,2009,November,11,1.31,0.199656751,,,,,
14,11/16/2009,2009,November,11,1.76,0.363919715,0.46491102,6.177458211,2.036666667,,
5,12/14/2009,2009,December,12,7.91,2.608846901,,,,,
7,12/14/2009,2009,December,12,1.11,0.126650989,,,,,
14,12/14/2009,2009,December,12,1.06,0.108399548,0.947965813,7.125424023,3.36,,
5,1/19/2010,2010,January,1,0.22,-0.198224653,,,,,
7,1/19/2010,2010,January,1,0.25,-0.187273789,,,,,
14,1/19/2010,2010,January,1,0.19,-0.209175517,-0.198224653,6.92719937,0.22,,
5,2/17/2010,2010,February,2,,,,,,,
7,2/17/2010,2010,February,2,,,,,,,
14,2/17/2010,2010,February,2,,,,,,,
5,3/17/2010,2010,March,3,0.6,-0.055863417,,,,,
7,3/18/2010,2010,March,3,0.10,-0.24202811,,,,,
14,3/18/2010,2010,March,3,0.07,-0.252978975,-0.183623501,6.74357587,0.26,,
5,4/12/2010,2010,April,4,0.08,-0.249328686,,,,,
7,4/13/2010,2010,April,4,0.01,-0.274880703,,,,,
14,4/13/2010,2010,April,4,0.24,-0.190924077,-0.238377822,6.505198048,0.11,,
5,5/17/2010,2010,May,5,0.44,-0.117918315,,,,,
7,5/19/2010,2010,May,5,0.62,-0.052213129,,,,,
14,5/19/2010,2010,May,5,0.37,-0.143470331,-0.104533925,6.400664123,0.476666667,,
5,6/15/2010,2010,June,6,0.22,-0.198224653,,,,,
7,6/16/2010,2010,June,6,0.24,-0.190924077,,,,,
14,6/16/2010,2010,June,6,0.29,-0.172672636,-0.187273789,6.213390334,0.25,,
5,7/14/2010,2010,July,7,0.25,-0.187273789,,,,,
7,7/14/2010,2010,July,7,0.34,-0.154421196,,,,,
14,7/14/2010,2010,July,7,0.32,-0.161721772,-0.167805585,6.045584749,0.303333333,,
5,8/17/2010,2010,August,8,1.21,0.16315387,,,,,
7,8/19/2010,2010,August,8,0.29,-0.172672636,,,,,
14,8/19/2010,2010,August,8,0.61,-0.055863417,-0.021794061,6.023790687,0.703333333,,
5,9/15/2010,2010,September,9,1.21,0.16315387,,,,,
7,9/13/2010,2010,September,9,0.29,-0.172672636,,,,,
14,9/13/2010,2010,September,9,0.61,-0.055863417,-0.021794061,6.001996626,0.703333333,,
5,10/13/2010,2010,October,10,0.36,-0.147120619,,,,,
7,10/12/2010,2010,October,10,0.70,-0.023010824,,,,,
14,10/12/2010,2010,October,10,0.59,-0.063163993,-0.077765145,5.924231481,0.55,,
5,11/16/2010,2010,November,11,0.75,-0.003919817,,,,,
7,11/18/2010,2010,November,11,0.21,-0.200743352,,,,,
14,11/18/2010,2010,November,11,0.24,-0.190486042,-0.131716404,5.792515077,0.4022,,
5,12/8/2010,2010,December,12,0.58,-0.0657922,,,,,
7,12/9/2010,2010,December,12,0.56,-0.073968846,,,,,
14,12/9/2010,2010,December,12,0.27,-0.180739773,-0.106833606,5.685681471,0.470366667,,
5,1/19/2011,2011,January,1,0.37,-0.143397326,,,,,
7,1/20/2011,2011,January,1,0.20,-0.20464916,,,,,
14,1/20/2011,2011,January,1,0.24,-0.192311186,-0.180119224,5.505562247,0.2696,,
5,2/17/2011,2011,February,2,0.78,0.005972464,,,,,
7,2/24/2011,2011,February,2,0.40,-0.132446461,,,,,
14,2/24/2011,2011,February,2,0.47,-0.107113462,-0.077862486,5.42769976,0.549733333,,
5,3/17/2011,2011,March,3,1.61,0.308179816,,,,,
7,3/15/2011,2011,March,3,0.78,0.007432579,,,,,
14,3/15/2011,2011,March,3,0.32,-0.162342321,0.051090025,5.478789785,0.903,,
5,4/13/2011,2011,April,4,0.34,-0.154640213,,,,,
7,4/14/2011,2011,April,4,0.47,-0.106857942,,,,,
14,4/14/2011,2011,April,4,0.40,-0.131205363,-0.130901173,5.347888612,0.404433333,,
5,5/18/2011,2011,May,5,0.3,-0.169022348,,,,,
7,5/19/2011,2011,May,5,0.35,-0.150770908,,,,,
14,5/19/2011,2011,May,5,0.11,-0.238377822,-0.186057026,5.161831586,0.253333333,,
5,6/15/2011,2011,June,6,0.47,-0.10696745,,,,,
7,6/15/2011,2011,June,6,0.41,-0.128869179,,,,,
14,6/15/2011,2011,June,6,0.08,-0.249328686,-0.161721772,5.000109814,0.32,,
5,7/11/2011,2011,July,7,0.24,-0.190924077,,,,,
7,7/12/2011,2011,July,7,0.92,0.057295514,,,,,
14,7/12/2011,2011,July,7,0.97,0.075546955,-0.019360536,4.980749279,0.71,,
5,8/16/2011,2011,August,8,0.66,-0.037611976,,,,,
7,8/17/2011,2011,August,8,0.16,-0.220126382,,,,,
14,8/17/2011,2011,August,8,0.27,-0.179973212,-0.145903857,4.834845422,0.363333333,,
5,9/13/2011,2011,September,9,0.13,-0.231077246,,,,,
7,9/12/2011,2011,September,9,0.93,0.060945803,,,,,
14,9/12/2011,2011,September,9,0.12,-0.234727534,-0.134952992,4.699892429,0.393333333,,
5,10/11/2011,2011,October,10,1.46,0.254411072,,,,,
7,10/13/2011,2011,October,10,1.15,0.141252141,,,,,
14,10/13/2011,2011,October,10,0.66,-0.037611976,0.119350412,4.819242842,1.09,,
5,11/15/2011,2011,November,11,0.23,-0.194574365,,,,,
7,11/18/2011,2011,November,11,0.67,-0.033961688,,,,,
14,11/30/2011,2011,November,11,0.21,-0.201874941,-0.143470331,4.67577251,0.37,,
5,12/14/2011,2011,December,12,0.22,-0.198224653,,,,,
7,12/14/2011,2011,December,12,0.26,-0.183623501,,,,,
14,12/14/2011,2011,December,12,0.62,-0.052213129,-0.144687094,4.531085416,0.366666667,,
5,1/11/2012,2012,January,1,0.14,-0.227426958,,,,,
7,1/11/2012,2012,January,1,0.12,-0.234727534,,,,,
14,1/11/2012,2012,January,1,0.06,-0.256629263,-0.239594585,4.291490831,0.106666667,,
5,2/23/2012,2012,February,2,0.25,-0.187273789,,,,,
7,2/21/2012,2012,February,2,0.54,-0.081415434,,,,,
14,2/21/2012,2012,February,2,0.19,-0.209175517,-0.159288247,4.132202585,0.326666667,,
5,3/12/2012,2012,March,3,0.38,-0.139820043,,,,,
7,3/14/2012,2012,March,3,0.27,-0.179973212,,,,,
14,3/14/2012,2012,March,3,0.31,-0.16537206,-0.161721772,3.970480813,0.32,,
5,4/16/2012,2012,April,4,0.11,-0.238377822,,,,,
7,4/17/2012,2012,April,4,0.33,-0.158071484,,,,,
14,4/17/2012,2012,April,4,0.08,-0.249328686,-0.215259331,3.755221482,0.173333333,,
5,5/16/2012,2012,May,5,0.12,-0.234727534,,,,,
7,5/17/2012,2012,May,5,0.11,-0.238377822,,,,,
14,5/17/2012,2012,May,5,0.13,-0.231077246,-0.234727534,3.520493948,0.12,,
5,6/13/2012,2012,June,6,0.83,0.024442922,,,,,
7,6/20/2012,2012,June,6,0.65,-0.041262264,,,,,
14,6/20/2012,2012,June,6,0.20,-0.205525229,-0.074114857,3.446379091,0.56,,
5,7/17/2012,2012,July,7,0.19,-0.209175517,,,,,
7,7/16/2012,2012,July,7,0.30,-0.169022348,,,,,
14,7/16/2012,2012,July,7,0.10,-0.24202811,-0.206741992,3.239637099,0.196666667,,
5,8/14/2012,2012,August,8,0.25,-0.187273789,,,,,
7,8/16/2012,2012,August,8,0.29,-0.172672636,,,,,
14,8/16/2012,2012,August,8,0.47,-0.10696745,-0.155637958,3.08399914,0.336666667,,
5,9/12/2012,2012,September,9,0.08,-0.249328686,,,,,
7,9/11/2012,2012,September,9,0.27,-0.179973212,,,,,
14,9/11/2012,2012,September,9,0.23,-0.194574365,-0.207958755,2.876040386,0.193333333,,
5,10/17/2012,2012,October,10,0.31,-0.16537206,,,,,
7,10/17/2012,2012,October,10,1.20,0.159503581,,,,,
14,10/17/2012,2012,October,10,0.72,-0.015710248,-0.007192909,2.868847477,0.743333333,,
5,11/12/2012,2012,November,11,0.24,-0.190924077,,,,,
7,11/12/2012,2012,November,11,0.57,-0.070464569,,,,,
14,11/12/2012,2012,November,11,1.48,0.261711648,0.000107667,2.868955145,0.763333333,,
5,12/11/2012,2012,December,12,0.28,-0.176322924,,,,,
7,12/12/2012,2012,December,12,0.72,-0.015710248,,,,,
14,12/12/2012,2012,December,12,0.17,-0.216476094,-0.136169755,2.732785389,0.39,,
5,1/14/2013,2013,January,1,0.17,-0.216476094,,,,,
7,1/23/2013,2013,January,1,0.04,-0.263929839,,,,,
14,1/23/2013,2013,January,1,0.09,-0.245678398,-0.24202811,2.490757279,0.1,,
5,2/13/2013,2013,February,2,0.52,-0.08871601,,,,,
7,2/14/2013,2013,February,2,0.48,-0.103317162,,,,,
14,2/14/2013,2013,February,2,0.53,-0.085065722,-0.092366298,2.398390981,0.51,,
5,3/11/2013,2013,March,3,0.22,-0.198224653,,,,,
7,3/13/2013,2013,March,3,0.11,-0.238377822,,,,,
14,3/13/2013,2013,March,3,0.07,-0.252978975,-0.229860483,2.168530498,0.133333333,,
5,4/15/2013,2013,April,4,0.15,-0.22377667,,,,,
7,4/16/2013,2013,April,4,0.15,-0.22377667,,,,,
14,4/16/2013,2013,April,4,0.19,-0.209175517,-0.218909619,1.949620879,0.163333333,,
5,5/13/2013,2013,May,5,0.21,-0.201874941,,,,,
7,5/13/2013,2013,May,5,0.25,-0.187273789,,,,,
14,5/13/2013,2013,May,5,0.09,-0.245678398,-0.211609043,1.738011836,0.183333333,,
5,6/11/2013,2013,June,6,0.69,-0.026661112,,,,,
7,6/12/2013,2013,June,6,0.12,-0.234727534,,,,,
14,6/12/2013,2013,June,6,0.13,-0.231077246,-0.164155297,1.573856539,0.313333333,,
5,7/15/2013,2013,July,7,0.08,-0.249328686,,,,,
7,7/15/2013,2013,July,7,0.19,-0.209175517,,,,,
14,7/15/2013,2013,July,7,0.44,-0.117918315,-0.192140839,1.3817157,0.236666667,,
5,8/12/2013,2013,August,8,0.13,-0.231077246,,,,,
7,8/12/2013,2013,August,8,0.17,-0.216476094,,,,,
14,8/12/2013,2013,August,8,0.16,-0.220126382,-0.222559907,1.159155793,0.153333333,,
5,9/16/2013,2013,September,9,0.39,-0.136169755,,,,,
7,9/18/2013,2013,September,9,0.15,-0.22377667,,,,,
14,9/18/2013,2013,September,9,0.26,-0.183623501,-0.181189975,0.977965817,0.266666667,,
5,10/22/2013,2013,October,10,1.09,0.119350412,,,,,
7,10/21/3013,2013,October,10,0.70,-0.023010824,,,,,
14,10/21/3013,2013,October,10,1.02,0.093798396,0.063379328,1.041345145,0.936666667,,
5,11/19/2013,2013,November,11,0.14,-0.227426958,,,,,
7,11/21/2013,2013,November,11,0.24,-0.190924077,,,,,
14,11/21/2013,2013,November,11,0.25,-0.187273789,-0.201874941,0.839470204,0.21,,
5,12/16/2013,2013,December,12,0.15,-0.22377667,,,,,
7,12/19/2013,2013,December,12,1.12,0.130301277,,,,,
14,12/19/2013,2013,December,12,0.19,-0.209175517,-0.100883637,0.738586568,0.486666667,,
5,1/15/2014,2014,January,1,0.46,-0.110617738,,,,,
7,1/16/2014,2014,January,1,0.59,-0.063163993,,,,,
14,1/16/2014,2014,January,1,0.15,-0.22377667,-0.132519467,0.606067101,0.4,,
5,2/18/2014,2014,February,2,3.25,0.907812643,,,,,
7,2/20/2014,2014,February,2,0.25,-0.187273789,,,,,
14,2/20/2014,2014,February,2,0.16,-0.220126382,0.166804158,0.772871258,1.22,,
5,3/20/2014,2014,March,3,2.34,0.575636426,,,,,
7,3/20/2014,2014,March,3,0.47,-0.10696745,,,,,
14,3/20/2014,2014,March,3,0.23,-0.194574365,0.09136487,0.864236128,1.013333333,,
5,4/18/2014,2014,April,4,0.84 ,0.02809321,,,,,
7,4/21/2014,2014,April,4,0.32 ,-0.161721772,,,,,
14,4/21/2014,2014,April,4,0.16 ,-0.220126382,-0.117918315,0.746317814,0.44,,
5,5/13/2014,2014,May,5,0.15 ,-0.22377667,,,,,
7,5/12/2013,2014,May,5,0.11 ,-0.238377822,,,,,
14,5/12/2013,2014,May,5,0.06 ,-0.256629263,-0.239594585,0.506723229,0.106666667,,
5,6/18/2014,2014,June,6,0.10 ,-0.24202811,,,,,
7,6/17/2014,2014,June,6,0.21 ,-0.201874941,,,,,
14,6/17/2014,2014,June,6,0.17 ,-0.216476094,-0.220126382,0.286596847,0.16,,
5,7/14/2014,2014,July,7,0.41 ,-0.128869179,,,,,
7,7/17/2014,2014,July,7,0.33 ,-0.158071484,,,,,
14,7/17/2014,2014,July,7,0.36 ,-0.147120619,-0.144687094,0.141909753,0.366666667,,
5,8/13/2014,2014,August,8,0.64 ,-0.044912552,,,,,
7,8/11/2014,2014,August,8,0.18 ,-0.212825805,,,,,
14,8/11/2014,2014,August,8,0.12 ,-0.234727534,-0.164155297,-0.022245544,0.313333333,,
5,9/16/2014,2014,September,9,2.01 ,0.455176918,,,,,
7,9/15/2014,2014,September,9,4.12 ,1.225387709,,,,,
14,9/15/2014,2014,September,9,3.61 ,1.039223015,0.906595881,0.884350337,3.246666667,,
5,10/17/2014,2014,October,10,0.61,-0.055863417,,,,,
7,10/16/2014,2014,October,10,0.87,0.039044074,,,,,
14,10/16/2014,2014,October,10,0.19,-0.209175517,-0.07533162,0.809018716,0.556666667,,
5,11/10/2014,2014,November,11,0.37,-0.143470331,,,,,
7,11/12/2014,2014,November,11,0.19,-0.209175517,,,,,
14,11/12/2014,2014,November,11,0.39,-0.136169755,-0.162938535,0.646080182,0.316666667,,
5,12/15/2014,2014,December,12,1.21,0.16315387,,,,,
7,12/19/2014,2014,December,12,0.25,-0.187273789,,,,,
14,12/19/2014,2014,December,12,0.15,-0.22377667,-0.082632196,0.563447986,0.536666667,,
5,1/15/2015,2015,January,1,0.38 ,-0.139820043,,,,,
7,1/20/2015,2015,January,1,0.28 ,-0.176322924,,,,,
14,1/20/2015,2015,January,1,0.07 ,-0.252978975,-0.189707314,0.373740672,0.243333333,,
5,2/15/2015,2015,February,2,,,,,,,
7,2/15/2015,2015,February,2,,,,,,,
14,2/15/2015,2015,February,2,,,,,,,
5,3/16/2015,2015,March,3,0.64 ,-0.044912552,,,,,
7,3/17/2015,2015,March,3,0.18 ,-0.212825805,,,,,
14,3/17/2015,2015,March,3,0.12 ,-0.234727534,-0.164155297,0.209585374,0.313333333,,
5,4/24/2015,2015,April,4,1.24 ,0.174104734,,,,,
7,4/27/2015,2015,April,4,0.08 ,-0.249328686,,,,,
14,4/27/2015,2015,April,4,0.08 ,-0.249328686,-0.108184213,0.101401161,0.466666667,,
5,5/12/2015,2015,May,5,0.56 ,-0.074114857,,,,,
7,5/14/2015,2015,May,5,0.16 ,-0.220126382,,,,,
14,5/14/2015,2015,May,5,0.09 ,-0.245678398,-0.179973212,-0.078572051,0.27,,
5,6/15/2015,2015,June,6,0.27 ,-0.179973212,,,,,
7,6/16/2015,2015,June,6,0.09 ,-0.245678398,,,,,
14,6/16/2015,2015,June,6,0.11 ,-0.238377822,-0.221343144,-0.299915196,0.156666667,,
5,7/16/2015,2015,July,7,0.10 ,-0.24202811,,,,,
7,7/15/2015,2015,July,7,0.16 ,-0.220126382,,,,,
14,7/15/2015,2015,July,7,0.13 ,-0.231077246,-0.231077246,-0.530992442,0.13,,
5,8/12/2015,2015,August,8,0.23 ,-0.194574365,,,,,
7,8/12/2015,2015,August,8,1.71 ,0.345668275,,,,,
14,8/12/2015,2015,August,8,2.62 ,0.677844493,0.276312801,-0.254679641,1.52,,
5,9/14/2015,2015,September,9,1.63 ,0.31646597,,,,,
7,9/15/2015,2015,September,9,0.19 ,-0.209175517,,,,,
14,9/15/2015,2015,September,9,0.11 ,-0.238377822,-0.04369579,-0.29837543,0.643333333,,
5,10/14/2015,2015,October,10,2.02 ,0.458827206,,,,,
7,10/15/2015,2015,October,10,1.88 ,0.407723173,,,,,
14,10/15/2015,2015,October,10,3.11 ,0.85670861,0.574419663,0.276044233,2.336666667,,
5,11/16/2015,2015,November,11,0.54 ,-0.081415434,,,,,
7,11/16/2015,2015,November,11,0.48 ,-0.103317162,,,,,
14,11/16/2015,2015,November,11,0.39 ,-0.136169755,-0.10696745,0.169076782,0.47,,
5,12/14/2015,2015,December,12,0.18 ,-0.212825805,,,,,
7,12/15/2015,2015,December,12,0.55 ,-0.077765145,,,,,
14,12/15/2015,2015,December,12,0.15 ,-0.22377667,-0.171455874,-0.002379091,0.293333333,,
5,1/14/2016,2016,January,1,0.72 ,-0.015710248,,,,,
7,1/15/2016,2016,January,1,0.27 ,-0.179973212,,,,,
14,1/15/2016,2016,January,1,0.28 ,-0.176322924,-0.124002128,-0.126381219,0.423333333,,
5,2/17/2016,2016,February,2,7.04 ,2.291271836,,,,,
7,2/17/2016,2016,February,2,0.11 ,-0.238377822,,,,,
14,2/17/2016,2016,February,2,0.33 ,-0.158071484,0.63160751,0.505226291,2.493333333,,
5,3/15/2016,2016,March,3,0.19 ,-0.209175517,,,,,
7,3/16/2016,2016,March,3,0.17 ,-0.216476094,,,,,
14,3/16/2016,2016,March,3,0.16 ,-0.220126382,-0.215259331,0.28996696,0.173333333,,
5,4/14/2016,2016,April,4,0.39 ,-0.136169755,,,,,
7,4/15/2016,2016,April,4,0.01 ,-0.274880703,,,,,
14,4/15/2016,2016,April,4,0.10 ,-0.24202811,-0.217692856,0.072274104,0.166666667,,
5,5/17/2016,2016,May,5,0.11 ,-0.238377822,,,,,
7,5/19/2016,2016,May,5,0.11 ,-0.238377822,,,,,
14,5/19/2016,2016,May,5,0.08 ,-0.249328686,-0.24202811,-0.169754007,0.1,,
5,6/21/2016,2016,June,6,0.08 ,-0.249328686,,,,,
7,6/22/2016,2016,June,6,0.07 ,-0.252978975,,,,,
14,6/22/2016,2016,June,6,0.05 ,-0.260279551,-0.254195737,-0.423949744,0.066666667,,
5,7/19/2016,2016,July,7,0.12 ,-0.234727534,,,,,
7,7/19/2016,2016,July,7,0.13 ,-0.231077246,,,,,
14,7/19/2016,2016,July,7,0.08 ,-0.249328686,-0.238377822,-0.662327566,0.11,,
5,8/15/2016,2016,August,8,0.07 ,-0.252978975,,,,,
7,8/15/2016,2016,August,8,0.07 ,-0.252978975,,,,,
14,8/15/2016,2016,August,8,0.18 ,-0.212825805,-0.239594585,-0.901922151,0.106666667,,
5,9/13/2016,2016,September,9,0.08 ,-0.249328686,,,,,
7,9/13/2016,2016,September,9,0.06 ,-0.256629263,,,,,
14,9/13/2016,2016,September,9,1.68 ,0.334717411,-0.05708018,-0.959002331,0.606666667,,
5,10/12/2016,2016,October,10,9.79 ,3.295101065,,,,,
7,10/12/2016,2016,October,10,2.80 ,0.743549679,,,,,
14,10/12/2016,2016,October,10,3.02 ,0.823856017,1.620835587,0.661833256,5.203333333,,
5,11/14/2016,2016,November,11,0.32 ,-0.161721772,,,,,
7,11/15/2016,2016,November,11,0.20 ,-0.205525229,,,,,
14,11/15/2016,2016,November,11,0.43 ,-0.121568603,-0.162938535,0.498894722,0.316666667,,
5,12/13/16,2016,December,12,0.28 ,-0.176322924,,,,,
7,12/13/16,2016,December,12,1.26 ,0.18140531,,,,,
14,12/13/16,2016,December,12,0.22 ,-0.198224653,-0.064380756,0.434513966,0.586666667,,
5,1/15/2017,2017,January,1,0.64,-0.044912552,,,,,
7,1/16/2017,2017,January,1,0.19,-0.209175517,,,,,
14,1/16/2017,2017,January,1,0.20,-0.205525229,-0.153204433,0.281309533,0.343333333,,
5,2/18/2017,2017,February,2,6.96,2.262069531,,,,,
7,2/20/2017,2017,February,2,0.03,-0.267580127,,,,,
14,2/20/2017,2017,February,2,0.25,-0.187273789,0.602405205,0.883714738,2.413333333,,
5,3/23/2017,2017,March,3,0.35,-0.150770908,,,,,
7,3/29/2017,2017,March,3,0.2,-0.205525229,,,,,
14,3/29/2017,2017,March,3,0.25,-0.187273789,-0.181189975,0.702524763,0.266666667,,
5,,2017,April,4,,,,,,,
7,4/28/2017,2017,April,4,0.07,-0.252978975,,,,,
14,4/28/2017,2017,April,4,0.59,-0.063163993,-0.158071484,0.544453279,0.33,,
5,5/31/2017,2017,May,5,0.4,-0.132519467,,,,,
7,6/1/2017,2017,May,5,0.31,-0.16537206,,,,,
14,6/1/2017,2017,May,5,0.31,-0.16537206,-0.154421196,0.390032083,0.34,,
5,6/29/2017,2017,June,6,0.31,-0.16537206,,,,,
7,6/27/2017,2017,June,6,0.27,-0.179973212,,,,,
14,6/27/2017,2017,June,6,0.28,-0.176322924,-0.173889399,0.216142685,0.286666667,,
5,7/18/2017,2017,July,7,0.3,-0.169022348,,,,,
7,7/20/2017,2017,July,7,0.14,-0.227426958,,,,,
14,7/20/2017,2017,July,7,0.17,-0.216476094,-0.204308466,0.011834218,0.203333333,,
5,,2017,August,8,,,,,,,
7,,2017,August,8,,,,,,,
14,,2017,August,8,,,,,,,
5,10/2/2017,2017,September,9,0.46,-0.110617738,,,,,
7,10/3/2017,2017,September,9,0.87,0.039044074,,,,,
14,10/3/2017,2017,September,9,0.21,-0.201874941,-0.091149535,-0.079315317,0.513333333,,
5,,2017,October,10,,,,,,,
7,,2017,October,10,,,,,,,
14,,2017,October,10,,,,,,,
5,11/14/2017,2017,November,11,1.17,0.148552717,,,,,
7,11/15/2017,2017,November,11,0.31,-0.16537206,,,,,
14,11/15/2017,2017,November,11,0.63,-0.048562841,-0.021794061,-0.101109378,0.703333333,,
5,12/20/2017,2017,December,12,0.48,-0.103317162,,,,,
7,12/20/2017,2017,December,12,0.12,-0.234727534,,,,,
14,12/20/2017,2017,December,12,0.66,-0.037611976,-0.125218891,-0.226328269,0.42,,
5,1/26/2018,2018,January,1,0.28,-0.176322924,,,,,
7,1/26/2018,2018,January,1,0.35,-0.150770908,,,,,
14,1/26/2018,2018,January,1,0.28,-0.176322924,-0.167805585,-0.394133855,0.303333333,,
5,2/21/2018,2018,February,2,0.34,-0.154421196,,,,,
7,3/1/2018,2018,February,2,0.54,-0.081415434,,,,,
14,3/1/2018,2018,February,2,0.32,-0.161721772,-0.132519467,-0.526653322,0.4,,
5,3/27/2018,2018,March,3,0.32,-0.161721772,,,,,
7,3/29/2018,2018,March,3,0.35,-0.150770908,,,,,
14,3/29/2018,2018,March,3,0.24,-0.190924077,-0.167805585,-0.694458907,0.303333333,,
5,4/26/2018,2018,April,4,0.18,-0.212825805,,,,,
7,4/26/2018,2018,April,4,0.1,-0.24202811,,,,,
14,4/26/2018,2018,April,4,0.16,-0.220126382,-0.224993432,-0.919452339,0.146666667,,
5,5/23/2016,2018,May,5,0.2,-0.205525229,,,,,
7,5/23/2018,2018,May,5,1.55,0.287263665,,,,,
14,5/23/2018,2018,May,5,0.15,-0.22377667,-0.047346078,-0.966798417,0.633333333,,
5,6/21/2018,2018,June,6,0.29,-0.172672636,,,,,
7,6/20/2018,2018,June,6,0.31,-0.16537206,,,,,
14,6/20/2018,2018,June,6,0.65,-0.041262264,-0.126435654,-1.093234071,0.416666667,,
5,8/1/2018,2018,July,7,0.27,-0.179973212,,,,,
7,8/7/2018,2018,July,7,0.35,-0.150770908,,,,,
14,8/7/2018,2018,July,7,0.85,0.031743498,-0.099666874,-1.192900945,0.49,,
5,8/28/2018,2018,August,8,0.21,-0.201874941,,,,,
7,8/31/2018,2018,August,8,0.71,-0.019360536,,,,,
14,8/31/2018,2018,August,8,1.26,0.18140531,-0.013276722,-1.206177667,0.726666667,,
5,9/21/2018,2018,September,9,0.16,-0.220126382,,,,,
7,9/21/2018,2018,September,9,1.83,0.389471732,,,,,
14,9/21/2018,2018,September,9,8.36,2.773109866,0.980818406,-0.225359262,3.45,,
5,10/25/2018,2018,October,10,1.41,0.236159632,,,,,
7,10/25/2018,2018,October,10,0.39,-0.136169755,,,,,
14,10/25/2018,2018,October,10,0.45,-0.114268027,-0.004759383,-0.230118645,0.75,,
5,11/14/2018,2018,November,11,0.29,-0.172672636,,,,,
7,11/15/2018,2018,November,11,0.17,-0.216476094,,,,,
14,11/15/2018,2018,November,11,0.40,-0.132519467,-0.173889399,-0.404008044,0.286666667,,
5,12/6/2018,2018,December,12,0.11,-0.238377822,,,,,
7,,2018,December,12,,,,,,,
14,,2018,December,12,,,-0.238377822,-0.642385866,0.11,,
5,,2019,January,1,,,,,,,
7,,2019,January,1,,,,,,,
14,,2019,January,1,,,,,,,
5,,2019,February,2,,,,,,,
7,,2019,February,2,,,,,,,
14,,2019,February,2,,,,,,,
5,4/4/2019,2019,March,3,0.45,-0.114268027,,,,,
7,4/9/2019,2019,March,3,0.23,-0.194574365,,,,,
14,4/9/2019,2019,March,3,0.38,-0.139820043,-0.149554145,-0.791940011,0.353333333,,
5,4/30/2019,2019,April,4,0.61 ,-0.055863417,,,,,
7,5/1/2019,2019,April,4,0.18 ,-0.212825805,,,,,
14,5/1/2019,2019,April,4,0.57 ,-0.070464569,-0.113051264,-0.904991275,0.453333333,,
5,5/17/2019,2019,May,5,0.30 ,-0.169022348,,,,,
7,5/16/2019,2019,May,5,0.03 ,-0.267580127,,,,,
14,5/16/2019,2019,May,5,0.19 ,-0.209175517,-0.215259331,-1.120250606,0.173333333,,
5,6/26/2019,2019,June,6,0.06 ,-0.256629263,,,,,
7,6/26/2019,2019,June,6,0.10 ,-0.24202811,,,,,
14,6/26/2019,2019,June,6,0.12 ,-0.234727534,-0.244461636,-1.364712241,0.093333333,,
5,7/25/2019,2019,July,7,0.61 ,-0.055863417,,,,,
7,7/26/2019,2019,July,7,0.35 ,-0.150770908,,,,,
14,7/26/2019,2019,July,7,0.30 ,-0.169022348,-0.125218891,-1.489931132,0.42,,
5,9/3/2019,2019,August,8,0.86 ,0.035393786,,,,,
7,,2019,August,8,,,,,,,
14,,2019,August,8,,,0.035393786,-1.454537346,0.86,,
5,9/25/2019,2019,September,9,0.19 ,-0.209175517,,,,,
7,9/25/2019,2019,September,9,0.25 ,-0.187273789,,,,,
14,9/25/2019,2019,September,9,0.54 ,-0.081415434,-0.159288247,-1.613825593,0.326666667,,
5,10/29/2019,2019,October,10,0.59 ,-0.063163993,,,,,
7,10/29/2019,2019,October,10,0.80 ,0.013492057,,,,,
14,10/29/2019,2019,October,10,0.40 ,-0.132519467,-0.060730468,-1.67455606,0.596666667,,
5,,2019,November,11,,,,,,,
7,,2019,November,11,,,,,,,
14,,2019,November,11,,,,,,,
5,12/29/2019,2019,December,12,2.04 ,0.466127782,,,,,
7,12/29/2019,2019,December,12,0.31 ,-0.16537206,,,,,
14,12/29/2019,2019,December,12,1.93 ,0.425974613,0.242243445,-1.432312615,1.426666667,,
5,,2020,January,1,,,,,,,
7,,2020,January,1,,,,,,,
14,,2020,January,1,,,,,,,
5,,2020,February,2,,,,,,,
7,,2020,February,2,,,,,,,
14,,2020,February,2,,,,,,,
5,,2020,March,3,,,,,,,
7,,2020,March,3,,,,,,,
14,,2020,March,3,,,,,,,
5,,2020,April,4,,,,,,,
7,,2020,April,4,,,,,,,
14,,2020,April,4,,,,,,,
5,,2020,May,5,,,,,,,
7,,2020,May,5,,,,,,,
14,,2020,May,5,,,,,,,
5,6/23/20,2020,June,6,0.08 ,-0.249328686,,,,,
7,6/23/20,2020,June,6,0.10 ,-0.24202811,,,,,
14,6/23/20,2020,June,6,1.13 ,0.133951565,-0.119135077,-1.551447693,0.436666667,,
5,7/28/20,2020,July,7,0.54 ,-0.081415434,,,,,
7,7/28/20,2020,July,7,0.12 ,-0.234727534,,,,,
14,7/28/20,2020,July,7,3.35 ,0.944315524,0.209390852,-1.34205684,1.336666667,,
5,8/26/20,2020,August,8,2.93 ,0.791003424,,,,,
7,8/26/20,2020,August,8,0.44 ,-0.117918315,,,,,
14,8/26/20,2020,August,8,0.33 ,-0.158071484,0.171671209,-1.170385632,1.233333333,,
5,9/23/20,2020,September,9,0.44 ,-0.117918315,,,,,
7,9/23/20,2020,September,9,0.12 ,-0.234727534,,,,,
14,9/23/20,2020,September,9,0.26 ,-0.183623501,-0.17875645,-1.349142082,0.273333333,,
5,10/20/20,2020,October,10,0.14 ,-0.227426958,,,,,
7,10/20/20,2020,October,10,0.06 ,-0.256629263,,,,,
14,10/20/20,2020,October,10,0.22 ,-0.198224653,-0.227426958,-1.576569039,0.14,,
5,11/19/20,2020,November,11,0.97 ,0.075546955,,,,,
7,11/19/20,2020,November,11,0.38 ,-0.139820043,,,,,
14,11/19/20,2020,November,11,0.78 ,0.006191481,-0.019360536,-1.595929575,0.71,,
5,,2020,December,12,,,,,,,
7,,2020,Decemebr,12,,,,,,,
14,,2020,December,12,,,,,,,
5,,2021,January,1,,,,,,,
7,,2021,January,1,,,,,,,
14,,2021,January,1,,,,,,,
5,2/4/2021,2021,February,2,4.27,1.28014203,,,,,
7,2/4/2021,2021,February,2,0.44,-0.117918315,,,,,
14,2/4/2021,2021,February,2,0.23,-0.194574365,0.322549784,-1.273379792,1.646666667,,
5,3/26/2021,2021,March,3,0.57,-0.070464569,,,,,
7,3/26/2021,2021,March,3,1.00,0.086497819,,,,,
14,3/26/2021,2021,March,3,0.79,0.009841769,0.008625006,-1.264754785,0.786666667,,
5,4/28/2021,2021,April,4,0.12,-0.234727534,,,,,
7,4/28/2021,2021,April,4,2.26,0.546434121,,,,,
14,4/28/2021,2021,April,4,0.42,-0.125218891,0.062162565,-1.20259222,0.933333333,,
5,5/19/2021,2021,May,5,0.11,-0.238377822,,,,,
7,5/19/2021,2021,May,5,0.19,-0.209175517,,,,,
14,5/19/2021,2021,May,5,0.21,-0.201874941,-0.216476094,-1.419068313,0.17,,
5,6/30/2021,2021,June,6,0.78,0.006191481,,,,,
7,6/30/2021,2021,June,6,2.22,0.531832968,,,,,
14,6/30/2021,2021,June,6,0.60,-0.059513705,0.159503581,-1.259564732,1.2,,
5,7/28/2021,2021,July,7,1.54,0.283613377,,,,,
7,7/28/2021,2021,July,7,0.44,-0.117918315,,,,,
14,7/28/2021,2021,July,7,0.50,-0.096016586,0.023226159,-1.236338573,0.826666667,,
5,8/25/2021,2021,August,8,4.80,1.4736073,,,,,
7,8/25/2021,2021,August,8,2.97,0.805604576,,,,,
14,8/25/2021,2021,August,8,1.35,0.214257903,0.831156593,-0.40518198,3.04,,
5,9/29/2021,2021,September,9,0.58,-0.066814281,,,,,
7,9/29/2021,2021,September,9,0.64,-0.044912552,,,,,
14,9/29/2021,2021,September,9,0.18,-0.212825805,-0.108184213,-0.513366193,0.466666667,,
5,10/27/21,2021,October,10,1.04,0.101098972,,,,,
7,10/27/21,2021,October,10,1.25,0.177755022,,,,,
14,10/27/21,2021,October,10,2.11,0.491679799,0.256844598,-0.256521595,1.466666667,,
5,11/16/21,2021,November,11,0.53,-0.085065722,,,,,
7,11/16/21,2021,November,11,0.75,-0.004759383,,,,,
14,11/16/21,2021,November,11,0.88,0.042694362,-0.015710248,-0.272231843,0.72,,
5,12/15/21,2021,December,12,0.15,-0.22377667,,,,,
7,12/15/21,2021,December,12,1.12,0.130301277,,,,,
14,12/15/21,2021,December,12,0.19,-0.209175517,-0.100883637,-0.37311548,0.486666667,,
