11,Oct-99,1999,OCTOBER,10,4.107,1.292,,,,,,,,graphs not updated for 2020-2024 data
12,Oct-99,1999,OCTOBER,10,3.725,1.145,,,,,,,,
13,Oct-99,1999,OCTOBER,10,5.200,1.367,4.344,1.268,0.291916807288909,-0.572317533908561,-0.572317533908561,,,
11,Nov-99,1999,NOVEMBER,11,4.784,1.928,,,,,,,,
12,Nov-99,1999,NOVEMBER,11,3.370,1.178,,,,,,,,
13,Nov-99,1999,NOVEMBER,11,3.775,1.318,3.976,1.475,0.370941744743532,0.417249553388118,-0.155067980520443,,,
11,Dec-99,1999,DECEMBER,12,5.113,1.907,,,,,,,,
12,Dec-99,1999,DECEMBER,12,2.455,0.787,,,,,,,,
13,Dec-99,1999,DECEMBER,12,2.831,0.888,3.466,1.194,0.344397190408102,0.0848529939807468,-0.0702149865396965,,,
11,Jan-00,2000,JANUARY,1,4.739,1.783,,,,,,,,
12,Jan-00,2000,JANUARY,1,2.340,0.803,,,,,,,,
13,Jan-00,2000,JANUARY,1,3.082,1.058,3.387,1.214,0.358561722463842,0.262224279309089,0.192009292769392,,,
11,Feb-00,2000,FEBRUARY,2,5.568,2.189,,,,,,,,
12,Feb-00,2000,FEBRUARY,2,5.011,1.925,,,,,,,,
13,Feb-00,2000,FEBRUARY,2,4.330,1.743,4.970,1.952,0.392862621034671,0.691747432173145,0.883756724942538,,,
11,Mar-00,2000,MARCH,3,2.733,0.968,,,,,,,,
12,Mar-00,2000,MARCH,3,1.886,0.520,,,,,,,,
13,Mar-00,2000,MARCH,3,2.802,0.880,2.474,0.789,0.318924193451853,-0.234125295843108,0.64963142909943,,,
11,Apr-00,2000,APRIL,4,4.406,1.641,,,,,,,,
12,Apr-00,2000,APRIL,4,1.544,0.550,,,,,,,,
13,Apr-00,2000,APRIL,4,3.897,1.387,3.283,1.193,0.363319473753292,0.321801853644868,0.971433282744298,,,
11,May-00,2000,MAY,5,1.331,0.324,,,,,,,,
12,May-00,2000,MAY,5,1.433,0.368,,,,,,,,
13,May-00,2000,MAY,5,2.148,0.664,1.637,0.452,0.275978365479215,-0.771902094753334,0.199531187990964,,,
11,Jun-00,2000,JUNE,6,2.764,0.871,,,,,,,,
12,Jun-00,2000,JUNE,6,2.212,0.542,,,,,,,,
13,Jun-00,2000,JUNE,6,6.234,2.614,3.737,1.342,0.359243885850074,0.270766474430237,0.470297662421201,,,
11,Jul-00,2000,JULY,7,8.345,3.026,,,,,,,,
12,Jul-00,2000,JULY,7,8.184,3.031,,,,,,,,
13,Jul-00,2000,JULY,7,10.885,4.110,9.138,3.389,0.370886080537559,0.416552514352775,0.886850176773977,,,
11,Aug-00,2000,AUGUST,8,2.300,0.576,,,,,,,,
12,Aug-00,2000,AUGUST,8,5.106,1.761,,,,,,,,
13,Aug-00,2000,AUGUST,8,3.153,0.862,3.520,1.066,0.302935495561958,-0.434339174021183,0.452511002752793,,,
11,Sep-00,2000,SEPTEMBER,9,6.492,2.526,,,,,,,,
12,Sep-00,2000,SEPTEMBER,9,5.080,1.880,,,,,,,,
13,Sep-00,2000,SEPTEMBER,9,7.330,2.369,6.301,2.258,0.358453018901839,0.260863070168097,0.713374072920891,,,
11,Oct-00,2000,OCTOBER,10,5.608,1.917,,,,,,,,
12,Oct-00,2000,OCTOBER,10,2.315,0.628,,,,,,,,
13,Oct-00,2000,OCTOBER,10,4.072,1.086,3.998,1.210,0.302641176738585,-0.438024696973338,0.275349375947552,,,
11,Nov-00,2000,NOVEMBER,11,0.963,0.258,,,,,,,,
12,Nov-00,2000,NOVEMBER,11,1.196,0.343,,,,,,,,
13,Nov-00,2000,NOVEMBER,11,1.279,0.370,1.146,0.323,0.282239289598452,-0.693501470292021,-0.418152094344469,,,
11,Dec-00,2000,DECEMBER,12,5.037,1.836,,,,,,,,
12,Dec-00,2000,DECEMBER,12,3.671,1.252,,,,,,,,
13,Dec-00,2000,DECEMBER,12,4.058,1.354,4.255,1.481,0.347949513947299,0.129335945452064,-0.288816148892405,,,
11,Jan-01,2001,JANUARY,1,3.125,0.972,,,,,,,,
12,Jan-01,2001,JANUARY,1,3.231,0.942,,,,,,,,
13,Jan-01,2001,JANUARY,1,3.021,0.918,3.126,0.944,0.302002130286889,-0.446026972662781,-0.734843121555185,,,
11,Feb-01,2001,FEBRUARY,2,3.881,1.561,,,,,,,,
12,Feb-01,2001,FEBRUARY,2,3.760,1.486,,,,,,,,
13,Feb-01,2001,FEBRUARY,2,1.863,0.763,3.168,1.270,0.400968029323518,0.79324508000551,0.0584019584503249,,,
11,Mar-01,2001,MARCH,3,3.224,1.146,,,,,,,,
12,Mar-01,2001,MARCH,3,3.117,1.127,,,,,,,,
13,Mar-01,2001,MARCH,3,3.388,1.218,3.243,1.164,0.358820941746738,0.265470278344443,0.323872236794768,,,
11,Apr-01,2001,APRIL,4,0.773,0.209,,,,,,,,
12,Apr-01,2001,APRIL,4,0.808,0.189,,,,,,,,
13,Apr-01,2001,APRIL,4,1.545,0.378,1.042,0.259,0.248323413088685,-1.11820329495534,-0.794331058160576,,,
11,May-01,2001,MAY,5,0.564,0.108,,,,,,,,
12,May-01,2001,MAY,5,1.084,0.223,,,,,,,,
13,May-01,2001,MAY,5,1.508,0.373,1.052,0.235,0.223087605409092,-1.43421145017108,-2.22854250833165,,,
11,Jun-01,2001,JUNE,6,1.776,0.332,,,,,,,,
12,Jun-01,2001,JUNE,6,1.914,0.392,,,,,,,,
13,Jun-01,2001,JUNE,6,2.555,0.445,2.082,0.390,0.187301469333145,-1.88233306320762,-4.11087557153928,,,
11,Jul-01,2001,JULY,7,6.588,2.058,,,,,,,,
12,Jul-01,2001,JULY,7,5.785,1.631,,,,,,,,
13,Jul-01,2001,JULY,7,7.344,2.094,6.573,1.928,0.29329671603862,-0.555038022830541,-4.66591359436982,,,
11,Aug-01,2001,AUGUST,8,2.730,0.781,,,,,,,,
12,Aug-01,2001,AUGUST,8,4.796,1.357,,,,,,,,
13,Aug-01,2001,AUGUST,8,8.056,1.536,5.194,1.225,0.235771858085827,-1.2753765383047,-5.94129013267451,,,
11,Sep-01,2001,SEPTEMBER,9,3.782,1.170,,,,,,,,
12,Sep-01,2001,SEPTEMBER,9,6.746,2.188,,,,,,,,
13,Sep-01,2001,SEPTEMBER,9,7.186,2.160,5.904,1.839,0.311498123818389,-0.327116120435267,-6.26840625310978,,,
11,Oct-01,2001,OCTOBER,10,4.159,1.333,,,,,,,,
12,Oct-01,2001,OCTOBER,10,1.556,0.394,,,,,,,,
13,Oct-01,2001,OCTOBER,10,1.983,0.510,2.566,0.746,0.290521230276634,-0.589793246305404,-6.85819949941519,,,
11,Nov-01,2001,NOVEMBER,11,3.418,1.157,,,,,,,,
12,Nov-01,2001,NOVEMBER,11,1.180,0.310,,,,,,,,
13,Nov-01,2001,NOVEMBER,11,2.441,0.775,2.347,0.747,0.318362325169776,-0.241161130065174,-7.09936062948036,,,
11,Dec-01,2001,DECEMBER,12,4.808,1.890,,,,,,,,
12,Dec-01,2001,DECEMBER,12,1.572,0.520,,,,,,,,
13,Dec-01,2001,DECEMBER,12,4.685,1.746,3.688,1.385,0.375648585948392,0.476189620808433,-6.62317100867193,,,
11,Jan-02,2002,JANUARY,1,4.959,1.959,,,,,,,,
12,Jan-02,2002,JANUARY,1,3.801,1.279,,,,,,,,
13,Jan-02,2002,JANUARY,1,3.701,1.364,4.154,1.534,0.369262112534607,0.396216841357565,-6.22695416731436,,,
11,Feb-02,2002,FEBRUARY,2,4.263,1.508,,,,,,,,
12,Feb-02,2002,FEBRUARY,2,1.995,0.588,,,,,,,,
13,Feb-02,2002,FEBRUARY,2,2.216,0.704,2.825,0.933,0.33043630253436,-0.08996821555488,-6.31692238286924,,,
11,Mar-02,2002,MARCH,3,2.365,0.912,,,,,,,,
12,Mar-02,2002,MARCH,3,3.050,1.082,,,,,,,,
13,Mar-02,2002,MARCH,3,2.249,0.855,2.555,0.949,0.371669750573046,0.42636579734163,-5.89055658552761,,,
11,Apr-02,2002,APRIL,4,1.847,0.546,,,,,,,,
12,Apr-02,2002,APRIL,4,2.539,0.818,,,,,,,,
13,Apr-02,2002,APRIL,4,2.139,0.643,2.175,0.669,0.307614746601926,-0.375744596518226,-6.26630118204584,,,
11,May-02,2002,MAY,5,3.185,,,,,,,,,
12,May-02,2002,MAY,5,3.156,,,,,,,,,
13,May-02,2002,MAY,5,4.008,,3.449,#DIV/0!,,,,,,
11,Jun-02,2002,JUNE,6,5.614,,,,,,,,,
12,Jun-02,2002,JUNE,6,5.732,,,,,,,,,
13,Jun-02,2002,JUNE,6,7.993,,6.446,#DIV/0!,,,,,,
11,Jul-02,2002,JULY,7,7.835,,,,,,,,,
12,Jul-02,2002,JULY,7,6.769,,,,,,,,,
13,Jul-02,2002,JULY,7,7.137,,7.247,#DIV/0!,,,,,,
11,Aug-02,2002,AUGUST,8,9.049,,,,,,,,,
12,Aug-02,2002,AUGUST,8,6.400,,,,,,,,,
13,Aug-02,2002,AUGUST,8,8.023,,7.824,#DIV/0!,,,,,,
11,Sep-02,2002,SEPTEMBER,9,5.330,,,,,,,,,
12,Sep-02,2002,SEPTEMBER,9,5.591,,,,,,,,,
13,Sep-02,2002,SEPTEMBER,9,5.238,,5.386,#DIV/0!,,,,,,
11,Oct-02,2002,OCTOBER,10,2.617,0.819,,,,,,,,
12,Oct-02,2002,OCTOBER,10,1.786,0.573,,,,,,,,
13,Oct-02,2002,OCTOBER,10,6.164,1.744,3.522,1.046,0.296850102131203,-0.510541765839555,-6.77684294788539,,,
11,Nov-02,2002,NOVEMBER,11,1.276,0.390,,,,,,,,
12,Nov-02,2002,NOVEMBER,11,0.875,0.237,,,,,,,,
13,Nov-02,2002,NOVEMBER,11,2.767,0.589,1.639,0.405,0.247202376208478,-1.13224115738246,-7.90908410526785,,,
11,Dec-02,2002,DECEMBER,12,3.697,1.274,,,,,,,,
12,Dec-02,2002,DECEMBER,12,2.291,0.609,,,,,,,,
13,Dec-02,2002,DECEMBER,12,1.841,0.373,2.610,0.752,0.288060215605468,-0.620610595845713,-8.52969470111356,,,
11,Jan-03,2003,JANUARY,1,5.320,1.666,,,,,,,,
12,Jan-03,2003,JANUARY,1,4.636,1.446,,,,,,,,
13,Jan-03,2003,JANUARY,1,3.378,0.967,4.444,1.359,0.305881302144824,-0.397451156974417,-8.92714585808798,,,
11,Feb-03,2003,FEBRUARY,2,3.337,1.027,,,,,,,,
12,Feb-03,2003,FEBRUARY,2,4.008,1.363,,,,,,,,
13,Feb-03,2003,FEBRUARY,2,4.191,1.366,3.845,1.252,0.325537185652715,-0.151315999925856,-9.07846185801384,,,
11,Mar-03,2003,MARCH,3,5.020,1.661,,,,,,,,
12,Mar-03,2003,MARCH,3,4.905,1.484,,,,,,,,
13,Mar-03,2003,MARCH,3,6.969,2.065,5.631,1.737,0.308451569479945,-0.365265722321587,-9.44372758033542,,,
11,Apr-03,2003,APRIL,4,11.254,5.059,,,,,,,,
12,Apr-03,2003,APRIL,4,10.080,4.605,,,,,,,,
13,Apr-03,2003,APRIL,4,8.438,3.952,9.924,4.539,0.457353758451376,1.4993191818698,-7.94440839846562,,,
11,May-03,2003,MAY,5,5.484,1.803,,,,,,,,
12,May-03,2003,MAY,5,2.948,0.997,,,,,,,,
13,May-03,2003,MAY,5,3.266,0.950,3.899,1.250,0.320602070119805,-0.213114567070288,-8.15752296553591,,,
11,Jun-03,2003,JUNE,6,3.243,1.361,,,,,,,,
12,Jun-03,2003,JUNE,6,3.529,1.251,,,,,,,,
13,Jun-03,2003,JUNE,6,2.832,1.007,3.201,1.206,0.376728150327809,0.489708155753198,-7.66781480978272,,,
11,Jul-03,2003,JULY,7,6.505,1.524,,,,,,,,
12,Jul-03,2003,JULY,7,6.054,1.426,,,,,,,,
13,Jul-03,2003,JULY,7,6.583,1.535,6.381,1.495,0.234273454807094,-1.29413986309673,-8.96195467287944,,,
11,Aug-03,2003,AUGUST,8,4.541,1.330,,,,,,,,
12,Aug-03,2003,AUGUST,8,3.719,1.047,,,,,,,,
13,Aug-03,2003,AUGUST,8,10.711,3.580,6.324,1.986,0.313990744650343,-0.295902991822192,-9.25785766470163,,,
11,Sep-03,2003,SEPTEMBER,9,4.254,1.003,,,,,,,,
12,Sep-03,2003,SEPTEMBER,9,3.102,0.791,,,,,,,,
13,Sep-03,2003,SEPTEMBER,9,13.143,3.983,6.833,1.926,0.281861336639352,-0.698234277693309,-9.95609194239494,,,
11,Oct-03,2003,OCTOBER,10,3.807,0.931,,,,,,,,
12,Oct-03,2003,OCTOBER,10,3.687,0.810,,,,,,,,
13,Oct-03,2003,OCTOBER,10,3.174,0.614,3.556,0.785,0.22074651643178,-1.46352706464671,-11.4196190070417,,,
11,Nov-03,2003,NOVEMBER,11,4.841,1.317,,,,,,,,
12,Nov-03,2003,NOVEMBER,11,3.220,0.792,,,,,,,,
13,Nov-03,2003,NOVEMBER,11,5.569,1.334,4.543,1.148,0.252634743375123,-1.06421589944018,-12.4838349064818,,,
11,Dec-03,2003,DECEMBER,12,3.920,0.926,,,,,,,,
12,Dec-03,2003,DECEMBER,12,4.341,1.190,,,,,,,,
13,Dec-03,2003,DECEMBER,12,4.511,1.310,4.257,1.142,0.268282507307563,-0.868271268845288,-13.3521061753271,,,
11,Jan-04,2004,JANUARY,1,11.246,3.697,,,,,,,,
12,Jan-04,2004,JANUARY,1,8.622,2.754,,,,,,,,
13,Jan-04,2004,JANUARY,1,8.893,2.755,9.587,3.069,0.320075821296036,-0.219704366853802,-13.5718105421809,,,
11,Feb-04,2004,FEBRUARY,2,10.513,3.393,,,,,,,,
12,Feb-04,2004,FEBRUARY,2,7.744,2.449,,,,,,,,
13,Feb-04,2004,FEBRUARY,2,7.950,2.549,8.736,2.797,0.320154553576166,-0.218718464483817,-13.7905290066647,,,
11,Mar-04,2004,MARCH,3,7.363,3.002,,,,,,,,
12,Mar-04,2004,MARCH,3,7.060,2.791,,,,,,,,
13,Mar-04,2004,MARCH,3,5.525,2.088,6.649,2.627,0.395095146604106,0.719703592547581,-13.0708254141172,,,
11,Apr-04,2004,APRIL,4,2.261,0.640,,,,,,,,
12,Apr-04,2004,APRIL,4,1.802,0.407,,,,,,,,
13,Apr-04,2004,APRIL,4,3.460,1.104,2.508,0.717,0.285908792375953,-0.647551175456997,-13.7183765895742,,,
11,May-04,2004,MAY,5,4.937,1.610,,,,,,,,
12,May-04,2004,MAY,5,2.965,0.847,,,,,,,,
13,May-04,2004,MAY,5,2.929,0.851,3.610,1.103,0.305437924575355,-0.4030032252724,-14.1213798148466,,,
11,Jun-04,2004,JUNE,6,7.877,2.158,,,,,,,,
12,Jun-04,2004,JUNE,6,7.377,1.737,,,,,,,,
13,Jun-04,2004,JUNE,6,10.226,2.631,8.493,2.175,0.256145554249071,-1.02025277839909,-15.1416325932456,,,
11,Jul-04,2004,JULY,7,14.690,4.750,,,,,,,,
12,Jul-04,2004,JULY,7,8.727,2.806,,,,,,,,
13,Jul-04,2004,JULY,7,10.593,2.708,11.337,3.421,0.30177803444414,-0.448833148504574,-15.5904657417502,,,
11,Aug-04,2004,AUGUST,8,11.211,,,,,,,,,
12,Aug-04,2004,AUGUST,8,9.389,,,,,,,,,
13,Aug-04,2004,AUGUST,8,13.036,,11.212,#DIV/0!,,,,,,
11,Sep-04,2004,SEPTEMBER,9,4.352,1.615,,,,,,,,
12,Sep-04,2004,SEPTEMBER,9,5.063,1.778,,,,,,,,
13,Sep-04,2004,SEPTEMBER,9,2.525,0.752,3.980,1.382,0.34714940677919,0.119316833189878,-15.4711489085603,,,
11,Oct-04,2004,OCTOBER,10,7.829,2.105,,,,,,,,
12,Oct-04,2004,OCTOBER,10,4.153,1.080,,,,,,,,
13,Oct-04,2004,OCTOBER,10,5.645,1.211,5.876,1.465,0.249375031453877,-1.10503470594901,-16.5761836145094,,,
11,Nov-04,2004,NOVEMBER,11,5.316,1.722,,,,,,,,
12,Nov-04,2004,NOVEMBER,11,3.905,1.173,,,,,,,,
13,Nov-04,2004,NOVEMBER,11,4.265,1.340,4.495,1.412,0.314025590996475,-0.295466638458873,-16.8716502529682,,,
11,Dec-04,2004,DECEMBER,12,10.831,3.782,,,,,,,,
12,Dec-04,2004,DECEMBER,12,6.611,2.141,,,,,,,,
13,Dec-04,2004,DECEMBER,12,7.457,2.405,8.300,2.776,0.334454700042296,-0.0396489866429707,-16.9112992396112,,,
11,Jan-05,2005,JANUARY,1,8.183,3.175,,,,,,,,
12,Jan-05,2005,JANUARY,1,6.323,2.338,,,,,,,,
13,Jan-05,2005,JANUARY,1,4.994,1.758,6.500,2.423,0.372845645395169,0.441090602593944,-16.4702086370173,,,
11,Feb-05,2005,FEBRUARY,2,8.440,2.736,,,,,,,,
12,Feb-05,2005,FEBRUARY,2,8.541,2.744,,,,,,,,
13,Feb-05,2005,FEBRUARY,2,3.436,1.232,6.806,2.237,0.328733642495708,-0.111289286970758,-16.581497923988,,,
11,Mar-05,2005,MARCH,3,2.918,0.442,,,,,,,,
12,Mar-05,2005,MARCH,3,2.105,0.257,,,,,,,,
13,Mar-05,2005,MARCH,3,0.867,0.155,1.963,0.285,0.145096515949388,-2.41083247282041,-18.9923303968084,,,
11,Apr-05,2005,APRIL,4,5.620,1.890,,,,,,,,
12,Apr-05,2005,APRIL,4,3.675,1.196,,,,,,,,
13,Apr-05,2005,APRIL,4,4.292,1.514,4.529,1.534,0.338616775888657,0.012469413004686,-18.9798609838037,,,
11,May-05,2005,MAY,5,3.289,0.890,,,,,,,,
12,May-05,2005,MAY,5,1.829,0.437,,,,,,,,
13,May-05,2005,MAY,5,1.705,0.349,2.274,0.559,0.245695442820294,-1.15111129802067,-20.1309722818244,,,
11,Jun-05,2005,JUNE,6,6.025,2.309,,,,,,,,
12,Jun-05,2005,JUNE,6,6.755,2.443,,,,,,,,
13,Jun-05,2005,JUNE,6,6.413,2.409,6.398,2.387,0.373112777058728,0.444435682144111,-19.6865365996803,,,
11,Jul-05,2005,JULY,7,11.096,2.800,,,,,,,,
12,Jul-05,2005,JULY,7,16.865,3.957,,,,,,,,
13,Jul-05,2005,JULY,7,17.256,3.618,15.072,3.458,0.229458089214157,-1.354438896004,-21.0409754956843,,,
11,Aug-05,2005,AUGUST,8,10.531,3.845,,,,,,,,
12,Aug-05,2005,AUGUST,8,9.800,3.261,,,,,,,,
13,Aug-05,2005,AUGUST,8,11.509,3.799,10.613,3.635,0.342483494491838,0.060889286386338,-20.980086209298,,,
11,Sep-05,2005,SEPTEMBER,9,9.417,3.065,,,,,,,,
12,Sep-05,2005,SEPTEMBER,9,7.867,2.441,,,,,,,,
13,Sep-05,2005,SEPTEMBER,9,13.388,3.418,10.224,2.975,0.290939779694302,-0.584552081408944,-21.5646382907069,,,
11,Oct-05,2005,OCTOBER,10,5.613,1.883,,,,,,,,
12,Oct-05,2005,OCTOBER,10,5.622,1.778,,,,,,,,
13,Oct-05,2005,OCTOBER,10,6.060,1.879,5.765,1.847,0.320323341659728,-0.216604864174838,-21.7812431548817,,,
11,Nov-05,2005,NOVEMBER,11,4.703,1.179,,,,,,,,
12,Nov-05,2005,NOVEMBER,11,4.100,0.959,,,,,,,,
13,Nov-05,2005,NOVEMBER,11,3.342,0.769,4.048,0.969,0.239419339964429,-1.22970199385284,-23.0109451487346,,,
11,Dec-05,2005,DECEMBER,12,4.990,1.466,,,,,,,,
12,Dec-05,2005,DECEMBER,12,4.772,1.333,,,,,,,,
13,Dec-05,2005,DECEMBER,12,5.396,1.507,5.053,1.435,0.284047128984589,-0.670863320699459,-23.6818084694341,,,
11,Jan-06,2006,JANUARY,1,3.889,1.050,,,,,,,,
12,Jan-06,2006,JANUARY,1,4.352,1.227,,,,,,,,
13,Jan-06,2006,JANUARY,1,4.393,1.395,4.211,1.224,0.29064199270229,-0.588281033507005,-24.2700895029411,,,
11,Feb-06,2006,February,2,3.941,1.421,,,,,,,,
12,Feb-06,2006,February,2,3.230,1.143,,,,,,,,
13,Feb-06,2006,February,2,3.584,1.260,3.585,1.275,0.355540884830677,0.22439670748009,-24.045692795461,,,
11,Mar-06,2006,March,3,4.533,1.828,,,,,,,,
12,Mar-06,2006,March,3,4.024,1.528,,,,,,,,
13,Mar-06,2006,March,3,4.072,1.513,4.210,1.623,0.38556735314378,0.600394534842687,-23.4452982606183,,,
11,Apr-06,2006,April,4,4.033,1.414,,,,,,,,
12,Apr-06,2006,April,4,3.086,1.045,,,,,,,,
13,Apr-06,2006,April,4,2.515,0.821,3.211,1.093,0.340464401747994,0.0356057772832132,-23.4096924833351,,,
11,May-06,2006,May,5,5.113,1.835,,,,,,,,
12,May-06,2006,May,5,4.517,1.524,,,,,,,,
13,May-06,2006,May,5,5.269,1.771,4.967,1.710,0.344299923488906,0.0836349969152639,-23.3260574864198,,,
11,Jun-06,2006,June,6,10.574,4.618,,,,,,,,
12,Jun-06,2006,June,6,9.765,4.137,,,,,,,,
13,Jun-06,2006,June,6,8.584,3.557,9.641,4.104,0.425717002333823,1.10315698786947,-22.2229004985503,,,
11,Jul-06,2006,July,7,12.341,5.590,,,,,,,,
12,Jul-06,2006,July,7,9.638,3.807,,,,,,,,
13,Jul-06,2006,July,7,6.168,2.591,9.382,3.996,0.425938294939389,1.10592806097859,-21.1169724375717,,,
11,Aug-06,2006,August,8,9.038,3.553,,,,,,,,
12,Aug-06,2006,August,8,10.008,3.428,,,,,,,,
13,Aug-06,2006,August,8,10.607,3.582,9.884,3.521,0.356214737850261,0.232834838421206,-20.8841375991505,,,
11,Sep-06,2006,Septemeber,9,3.312,1.029,,,,,,,,
12,Sep-06,2006,Septemeber,9,2.620,0.860,,,,,,,,
13,Sep-06,2006,Septemeber,9,5.305,1.753,3.746,1.214,0.324060478237268,-0.169807644499855,-21.0539452436504,,,
11,Oct-06,2006,October,10,6.237,3.085,,,,,,,,
12,Oct-06,2006,October,10,2.208,0.502,,,,,,,,
13,Oct-06,2006,October,10,5.674,2.139,4.706,1.909,0.405552801189886,0.850656569186721,-20.2032886744637,,,
11,Nov-06,2006,November,11,4.780,1.735,,,,,,,,
12,Nov-06,2006,November,11,3.375,1.113,,,,,,,,
13,Nov-06,2006,November,11,3.223,0.949,3.793,1.266,0.333714185269819,-0.0489218702428033,-20.2522105447065,,,
11,Dec-06,2006,December,12,2.618,0.713,,,,,,,,
12,Dec-06,2006,December,12,3.334,0.933,,,,,,,,
13,Dec-06,2006,December,12,5.502,1.865,3.818,1.170,0.306530469704907,-0.389322142611484,-20.641532687318,,,
11,Jan-07,2007,January,1,2.627,0.760,,,,,,,,
12,Jan-07,2007,January,1,3.493,1.113,,,,,,,,
13,Jan-07,2007,January,1,4.421,1.500,3.514,1.124,0.319988615880846,-0.220796371624513,-20.8623290589425,,,
11,Feb-07,2007,February,2,4.931,1.824,,,,,,,,
12,Feb-07,2007,February,2,3.262,1.202,,,,,,,,
13,Feb-07,2007,February,2,1.911,0.617,3.368,1.214,0.360550277117973,0.287125383952784,-20.5752036749897,,,
11,Mar-07,2007,March,3,3.690,1.415,,,,,,,,
12,Mar-07,2007,March,3,2.731,1.115,,,,,,,,
13,Mar-07,2007,March,3,2.993,1.167,3.138,1.232,0.392712980667092,0.6898736036393,-19.8853300713504,,,
11,Apr-07,2007,April,4,4.233,1.677,,,,,,,,
12,Apr-07,2007,April,4,3.062,1.166,,,,,,,,
13,Apr-07,2007,April,4,2.748,1.031,3.348,1.291,0.385741312356865,0.60257288913623,-19.2827571822142,,,
11,May-07,2007,May,5,10.527,4.755,,,,,,,,
12,May-07,2007,May,5,12.195,5.725,,,,,,,,
13,May-07,2007,May,5,3.374,1.100,8.699,3.860,0.443746167995095,1.32892203779512,-17.953835144419,,,
11,Jun-07,2007,June,6,2.745,0.950,,,,,,,,
12,Jun-07,2007,June,6,3.775,1.189,,,,,,,,
13,Jun-07,2007,June,6,8.793,1.966,5.104,1.368,0.268072879252922,-0.870896275964908,-18.824731420384,,,
11,Jul-07,2007,July,7,8.226,2.726,,,,,,,,
12,Jul-07,2007,July,7,8.648,2.588,,,,,,,,
13,Jul-07,2007,July,7,10.461,2.776,9.112,2.697,0.295957563563197,-0.521718323765314,-19.3464497441493,,,
11,Aug-07,2007,August,8,13.513,4.957,,,,,,,,
12,Aug-07,2007,August,8,14.623,5.108,,,,,,,,
13,Aug-07,2007,August,8,17.205,6.249,15.114,5.438,0.359806797379855,0.277815372422105,-19.0686343717272,,,
11,Sep-07,2007,September,9,9.256,3.811,,,,,,,,
12,Sep-07,2007,September,9,8.805,3.531,,,,,,,,
13,Sep-07,2007,September,9,9.291,2.929,9.117,3.424,0.37551184556888,0.474477328670933,-18.5941570430562,,,
11,Oct-07,2007,October,10,6.575,1.977,,,,,,,,
12,Oct-07,2007,October,10,3.244,0.768,,,,,,,,
13,Oct-07,2007,October,10,4.617,1.079,4.812,1.275,0.264893322249931,-0.910711365526363,-19.5048684085826,,,
11,Nov-07,2007,November,11,2.919,0.907,,,,,,,,
12,Nov-07,2007,November,11,1.588,0.457,,,,,,,,
13,Nov-07,2007,November,11,2.207,0.611,2.238,0.658,0.29416145367888,-0.544209594039452,-20.049078002622,,,
11,Dec-07,2007,December,12,6.556,1.936,,,,,,,,
12,Dec-07,2007,December,12,5.607,1.705,,,,,,,,
13,Dec-07,2007,December,12,5.415,1.705,5.859,1.782,0.304130162703379,-0.419379297790925,-20.468457300413,,,
11,Jan-08,2008,January,1,3.371,1.167,,,,,,,,
12,Jan-08,2008,January,1,1.797,0.576,,,,,,,,
13,Jan-08,2008,January,1,2.057,0.691,2.408,0.811,0.336885813148789,-0.00920607086006434,-20.477663371273,,,
11,Feb-08,2008,February,2,2.914,0.929,,,,,,,,
12,Feb-08,2008,February,2,1.894,0.587,,,,,,,,
13,Feb-08,2008,February,2,2.540,0.833,2.449,0.783,0.319678824169842,-0.224675649368997,-20.702339020642,,,
11,Mar-08,2008,March,3,1.501,0.521,,,,,,,,
12,Mar-08,2008,March,3,2.431,0.772,,,,,,,,
13,Mar-08,2008,March,3,3.151,1.016,2.361,0.770,0.325991811379359,-0.145623079809547,-20.8479621004516,,,
11,Apr-08,2008,April,4,1.153,0.347,,,,,,,,
12,Apr-08,2008,April,4,1.347,0.379,,,,,,,,
13,Apr-08,2008,April,4,2.635,0.690,1.712,0.472,0.275754625121714,-0.774703819133189,-21.6226659195848,,,
11,May-08,2008,May,5,1.796,0.549,,,,,,,,
12,May-08,2008,May,5,2.333,0.667,,,,,,,,
13,May-08,2008,May,5,2.107,0.612,2.079,0.609,0.293136626042335,-0.557042703839247,-22.179708623424,,,
11,Jun-08,2008,June,6,2.118,0.500,,,,,,,,
12,Jun-08,2008,June,6,2.484,0.534,,,,,,,,
13,Jun-08,2008,June,6,8.838,2.886,4.480,1.307,0.291666666666667,-0.575449848022811,-22.7551584714468,,,
11,Jul-08,2008,July,7,1.850,0.554,,,,,,,,
12,Jul-08,2008,July,7,3.040,0.948,,,,,,,,
13,Jul-08,2008,July,7,9.894,3.760,4.928,1.754,0.355925324675325,0.229210745042943,-22.5259477264039,,,
11,Aug-08,2008,August,8,5.279,1.665,,,,,,,,
12,Aug-08,2008,August,8,5.004,1.676,,,,,,,,
13,Aug-08,2008,August,8,20.182,7.262,10.155,3.534,0.348038732972263,0.130453165072975,-22.3954945613309,,,
11,Sep-08,2008,September,9,9.520,5.131,,,,,,,,
12,Sep-08,2008,September,9,19.345,10.523,,,,,,,,
13,Sep-08,2008,September,9,22.426,11.792,17.097,9.149,0.535103624417539,2.4729195525885,-19.9225750087424,,,
11,Oct-08,2008,October,10,8.777,3.379,,,,,,,,
12,Oct-08,2008,October,10,5.412,2.049,,,,,,,,
13,Oct-08,2008,October,10,5.589,1.906,6.593,2.445,0.370816058246537,0.41567568032032,-19.5068993284221,,,
11,Nov-08,2008,November,11,2.835,0.980,,,,,,,,
12,Nov-08,2008,November,11,1.167,0.340,,,,,,,,
13,Nov-08,2008,November,11,2.299,0.681,2.100,0.667,0.317568639898429,-0.25109982596921,-19.7579991543913,,,
11,Dec-08,2008,December,12,5.185,1.711,,,,,,,,
12,Dec-08,2008,December,12,4.309,1.394,,,,,,,,
13,Dec-08,2008,December,12,4.513,1.426,4.669,1.510,0.323481116584565,-0.177062534432361,-19.9350616888237,,,
11,Jan-09,2009,January,1,4.407,1.669,,,,,,,,
12,Jan-09,2009,January,1,4.083,1.421,,,,,,,,
13,Jan-09,2009,January,1,3.765,1.268,4.085,1.453,0.355609955120359,0.225261620349126,-19.7098000684745,,,
11,Feb-09,2009,February,2,4.828,2.370,,,,,,,,
12,Feb-09,2009,February,2,3.970,1.915,,,,,,,,
13,Feb-09,2009,February,2,2.053,0.852,3.617,1.712,0.473412588701502,1.70041127239039,-18.0093887960841,,,
11,Mar-09,2009,March,3,5.677,2.414,,,,,,,,
12,Mar-09,2009,March,3,5.387,2.301,,,,,,,,
13,Mar-09,2009,March,3,5.391,2.394,5.485,2.370,0.432026739592829,1.18216886085687,-16.8272199352273,,,
11,Apr-09,2009,April,4,1.388,0.465,,,,,,,,
12,Apr-09,2009,April,4,0.766,0.218,,,,,,,,
13,Apr-09,2009,April,4,0.743,0.202,0.966,0.295,0.305488436313428,-0.402370706536812,-17.2295906417641,,,
11,May-09,2009,May,5,1.453,0.361,,,,,,,,
12,May-09,2009,May,5,0.981,0.220,,,,,,,,
13,May-09,2009,May,5,1.733,0.315,1.389,0.299,0.215022798176146,-1.53520068293951,-18.7647913247036,,,
11,Jun-09,2009,June,6,2.092,0.530,,,,,,,,
12,Jun-09,2009,June,6,2.607,0.570,,,,,,,,
13,Jun-09,2009,June,6,5.784,1.781,3.494,0.960,0.274825908613946,-0.786333404921135,-19.5511247296247,,,
11,Jul-09,2009,July,7,6.292,1.679,,,,,,,,
12,Jul-09,2009,July,7,6.100,1.547,,,,,,,,
13,Jul-09,2009,July,7,8.936,2.480,7.109,1.902,0.267535633908477,-0.87762377652094,-20.4287485061457,,,
11,Aug-09,2009,August,8,8.410,2.337,,,,,,,,
12,Aug-09,2009,August,8,6.885,2.134,,,,,,,,
13,Aug-09,2009,August,8,14.277,4.648,9.857,3.040,0.30836602191262,-0.366336967168466,-20.7950854733141,,,
11,Sep-09,2009,September,9,4.640,1.247,,,,,,,,
12,Sep-09,2009,September,9,4.350,1.330,,,,,,,,
13,Sep-09,2009,September,9,20.911,7.479,9.967,3.352,0.336309822413966,-0.016418749441376,-20.8115042227555,,,
11,Oct-09,2009,October,10,5.325,1.694,,,,,,,,
12,Oct-09,2009,October,10,4.283,1.315,,,,,,,,
13,Oct-09,2009,October,10,5.326,1.169,4.978,1.393,0.279764296236775,-0.724493863970272,-21.5359980867258,,,
11,Nov-09,2009,November,11,3.314,1.050,,,,,,,,
12,Nov-09,2009,November,11,3.054,1.014,,,,,,,,
13,Nov-09,2009,November,11,2.409,0.750,2.926,0.938,0.320610687022901,-0.213006664375612,-21.7490047511014,,,
11,Dec-09,2009,December,12,3.170,1.005,,,,,,,,
12,Dec-09,2009,December,12,3.009,0.898,,,,,,,,
13,Dec-09,2009,December,12,3.752,1.012,3.310,0.972,0.293525324740711,-0.552175336003507,-22.3011800871049,,,
11,Jan-10,2010,January,1,6.298,2.777,,,,,,,,
11,Jan-10,2010,January,1,6.298,2.957,,,,,,,,
12,Jan-10,2010,January,1,5.344,2.322,,,,,,,,
13,Jan-10,2010,January,1,4.014,1.728,5.489,2.446,0.445661770064681,1.35290961464714,-20.9482704724578,,,
11,Feb-10,2010,February,2,8.090,1.088,,,,,,,,
12,Feb-10,2010,February,2,5.618,0.666,,,,,,,,
13,Feb-10,2010,February,2,11.273,2.641,8.327,1.465,0.175898898162604,-2.02511848644702,-22.9733889589048,,,
11,Mar-10,2010,March,3,9.875,5.009,,,,,,,,
12,Mar-10,2010,March,3,7.360,3.595,,,,,,,,
13,Mar-10,2010,March,3,7.241,3.704,8.159,4.102,0.502821416898186,2.06867487875024,-20.9047140801545,,,
11,Apr-10,2010,April,4,7.196,3.840,,,,,,,,
12,Apr-10,2010,April,4,2.206,1.084,,,,,,,,
13,Apr-10,2010,April,4,3.167,1.711,4.190,2.212,0.527882389211552,2.3824937082963,-18.5222203718582,,,
11,May-10,2010,May,5,2.110,0.945,,,,,,,,
12,May-10,2010,May,5,1.224,0.481,,,,,,,,
13,May-10,2010,May,5,2.804,0.784,2.046,0.737,0.360105673672206,0.281557964970864,-18.2406624068874,,,
11,Jun-10,2010,June,6,7.009,1.483,,,,,,,,
12,Jun-10,2010,June,6,7.449,3.089,,,,,,,,
13,Jun-10,2010,June,6,9.287,3.375,7.915,2.649,0.334680753842914,-0.0368182928359911,-18.2774806997234,,,
11,Jul-10,2010,July,7,9.111,3.974,,,,,,,,
12,Jul-10,2010,July,7,9.879,3.980,,,,,,,,
13,Jul-10,2010,July,7,11.994,3.232,10.328,3.728,0.360995997934418,0.292706794888159,-17.9847739048352,,,
11,Aug-10,2010,August,8,8.529,4.217,,,,,,,,
12,Aug-10,2010,August,8,4.714,2.111,,,,,,,,
13,Aug-10,2010,August,8,14.830,5.982,9.358,4.103,0.438486437146012,1.26305856856706,-16.7217153362681,,,
11,Sep-10,2010,September,9,7.556,3.654,,,,,,,,
11,Sep-10,2010,September,9,7.556,3.655,,,,,,,,
12,Sep-10,2010,September,9,7.072,2.966,,,,,,,,
13,Sep-10,2010,September,9,6.401,2.738,7.146,3.254,0.455283321672206,1.47339273182772,-15.2483226044404,,,
11,Oct-10,2010,October,10,4.139,1.146,,,,,,,,
12,Oct-10,2010,October,10,4.903,1.354,,,,,,,,
13,Oct-10,2010,October,10,4.696,0.787,4.579,1.096,0.239260181613044,-1.23169500860581,-16.4800176130462,,,
11,Nov-10,2010,November,11,1.873,0.575,,,,,,,,
12,Nov-10,2010,November,11,2.181,0.602,,,,,,,,
13,Nov-10,2010,November,11,2.247,0.606,,,,,,,,
13,Nov-10,2010,November,11,2.247,0.515,2.137,0.574,0.268805276087974,-0.861725046905432,-17.3417426599517,,,
11,Dec-10,2010,December,12,3.871,1.332,,,,,,,,
12,Dec-10,2010,December,12,2.985,0.980,,,,,,,,
13,Dec-10,2010,December,12,3.015,1.001,3.290,1.104,0.335592645122075,-0.0253993961419176,-17.3671420560936,,,
11,Jan-11,2011,January,1,4.737,2.366,,,,,,,,
12,Jan-11,2011,January,1,4.465,2.008,,,,,,,,
13,Jan-11,2011,January,1,2.935,1.322,4.046,1.899,0.469273502512977,1.64858075413151,-15.7185613019621,,,
11,Feb-11,2011,February,2,4.572,1.952,,,,,,,,
12,Feb-11,2011,February,2,4.812,2.035,,,,,,,,
13,Feb-11,2011,February,2,3.635,1.585,4.340,1.857,0.428003725324526,1.13179181988896,-14.5867694820731,,,
11,Mar-11,2011,March,3,4.766,2.197,,,,,,,,
12,Mar-11,2011,March,3,3.752,1.733,,,,,,,,
13,Mar-11,2011,March,3,4.410,2.057,4.309,1.996,0.46310975208849,1.57139695935931,-13.0153725227138,,,
11,Apr-11,2011,April,4,4.559,1.817,,,,,,,,
11,Apr-11,2011,April,4,4.559,1.750,,,,,,,,
12,Apr-11,2011,April,4,3.853,1.483,,,,,,,,
13,Apr-11,2011,April,4,2.294,0.700,3.816,1.438,0.376741696691779,0.48987778620618,-12.5254947365076,,,
11,May-11,2011,May,5,2.020,0.588,,,,,,,,
12,May-11,2011,May,5,1.592,0.421,,,,,,,,
13,May-11,2011,May,5,2.578,0.627,2.063,0.546,0.264391558966074,-0.91699455216733,-13.4424892886749,,,
11,Jun-11,2011,June,6,4.022,1.583,,,,,,,,
12,Jun-11,2011,June,6,4.200,1.493,,,,,,,,
13,Jun-11,2011,June,6,7.654,3.301,5.292,2.126,0.401725340136054,0.802728287194009,-12.6397610014809,,,
11,Jul-11,2011,July,7,7.407,2.385,,,,,,,,
12,Jul-11,2011,July,7,8.068,2.990,,,,,,,,
13,Jul-11,2011,July,7,8.901,2.878,8.125,2.751,0.338563910198556,0.0118074175807551,-12.6279535839002,,,
11,Aug-11,2011,August,8,14.527,6.806,,,,,,,,
12,Aug-11,2011,August,8,11.543,4.611,,,,,,,,
13,Aug-11,2011,August,8,10.285,4.102,12.118,5.173,0.426869313024343,1.11758646760596,-11.5103671162942,,,
11,Sep-11,2011,September,9,6.118,2.532,,,,,,,,
12,Sep-11,2011,September,9,5.444,1.962,,,,,,,,
13,Sep-11,2011,September,9,7.492,2.025,6.351,2.173,0.34212237587908,0.0563672822531409,-11.4539998340411,,,
11,Oct-11,2011,October,10,4.230,1.382,,,,,,,,
12,Oct-11,2011,October,10,4.702,1.673,,,,,,,,
13,Oct-11,2011,October,10,2.564,0.923,3.832,1.326,0.346043917449548,0.105473660500239,-11.3485261735408,,,
11,Nov-11,2011,November,11,5.247,2.205,,,,,,,,
12,Nov-11,2011,November,11,3.901,1.506,,,,,,,,
12,Nov-11,2011,November,11,3.901,1.520,,,,,,,,
13,Nov-11,2011,November,11,4.969,1.729,4.505,1.740,0.386258137695638,0.609044686034818,-10.739481487506,,,
11,Dec-11,2011,December,12,5.828,2.101,,,,,,,,
12,Dec-11,2011,December,12,3.768,1.266,,,,,,,,
13,Dec-11,2011,December,12,2.890,0.915,4.162,1.428,0.343021664263976,0.0676283628226959,-10.6718531246833,,,
11,Jan-12,2012,January,1,3.166,1.370,,,,,,,,
12,Jan-12,2012,January,1,1.868,0.671,,,,,,,,
13,Jan-12,2012,January,1,1.752,0.620,2.262,0.887,0.392093832891247,0.682120503404316,-9.98973262127902,,,
11,Feb-12,2012,February,2,10.074,6.183,,,,,,,,
12,Feb-12,2012,February,2,3.772,1.970,,,,,,,,
13,Feb-12,2012,February,2,2.944,1.523,5.597,3.226,0.576328141751042,2.98914173329381,-7.00059088798521,,,
11,Mar-12,2012,March,3,4.539,2.887,,,,,,,,
12,Mar-12,2012,March,3,4.182,2.641,,,,,,,,
13,Mar-12,2012,March,3,4.262,2.815,4.328,2.781,0.64255323307402,3.8184264228776,-3.18216446510761,,,
11,Apr-12,2012,April,4,2.231,0.963,,,,,,,,
12,Apr-12,2012,April,4,3.352,1.503,,,,,,,,
13,Apr-12,2012,April,4,3.385,1.484,2.989,1.317,0.440469446922391,1.28789023907131,-1.8942742260363,,,
11,May-12,2012,May,5,4.116,1.948,,,,,,,,
12,May-12,2012,May,5,3.065,1.284,,,,,,,,
13,May-12,2012,May,5,3.484,1.580,3.555,1.604,0.451141385372715,1.42152652387268,-0.472747702163622,,,
11,Jun-12,2012,June,6,6.065,2.949,,,,,,,,
12,Jun-12,2012,June,6,7.391,3.460,,,,,,,,
13,Jun-12,2012,June,6,3.951,1.969,5.802,2.792,0.481264218417878,1.79873105092141,1.32598334875778,,,
11,Jul-12,2012,July,7,11.896,5.629,,,,,,,,
12,Jul-12,2012,July,7,14.033,6.072,,,,,,,,
13,Jul-12,2012,July,7,17.782,7.587,14.570,6.429,0.441270509711514,1.29792131782325,2.62390466658104,,,
11,Aug-12,2012,August,8,7.746,3.887,,,,,,,,
12,Aug-12,2012,August,8,9.829,4.900,,,,,,,,
13,Aug-12,2012,August,8,11.077,4.755,9.551,4.514,0.472646713143934,1.6908208156416,4.31472548222264,,,
11,Sep-12,2012,September,9,17.580,2.636,,,,,,,,
12,Sep-12,2012,September,9,11.578,5.124,,,,,,,,
13,Sep-12,2012,September,9,11.763,5.236,13.640,4.332,0.317584614256739,-0.250899791654307,4.06382569056833,,,
11,Oct-12,2012,October,10,4.938,2.286,,,,,,,,
11,Oct-12,2012,October,10,4.938,3.120,,,,,,,,
12,Oct-12,2012,October,10,7.007,3.113,,,,,,,,
13,Oct-12,2012,October,10,3.952,1.367,5.209,2.471,0.474486909047276,1.71386414042969,5.77768983099802,,,
11,Nov-12,2012,November,11,3.091,1.067,,,,,,,,
12,Nov-12,2012,November,11,2.972,1.084,,,,,,,,
13,Nov-12,2012,November,11,3.557,0.985,3.207,1.045,0.325922804054054,-0.146487204225253,5.63120262677277,,,
11,Dec-12,2012,December,12,4.949,2.357,,,,,,,,
12,Dec-12,2012,December,12,3.136,1.375,,,,,,,,
12,Dec-12,2012,December,12,3.136,1.325,,,,,,,,
13,Dec-12,2012,December,12,3.497,1.412,3.680,1.617,0.439568759342302,1.27661163748172,6.90781426425449,,,
11,Jan-13,2013,January,1,4.662,2.040,,,,,,,,
12,Jan-13,2013,January,1,2.779,1.025,,,,,,,,
13,Jan-13,2013,January,1,5.946,2.353,4.462,1.806,0.40469649660118,0.839933740862171,7.74774800511666,,,
11,Feb-13,2013,February,2,7.484,3.098,,,,,,,,
12,Feb-13,2013,February,2,4.582,1.923,,,,,,,,
13,Feb-13,2013,February,2,1.888,0.719,4.651,1.913,0.411364438512255,0.923431128746776,8.67117913386344,,,
11,Mar-13,2013,March,3,13.848,7.286,,,,,,,,
12,Mar-13,2013,March,3,9.689,5.680,,,,,,,,
13,Mar-13,2013,March,3,5.937,3.320,9.825,5.428,0.552528745674153,2.69112062990793,11.3622997637714,,,
11,Apr-13,2013,April,4,1.549,0.635,,,,,,,,
12,Apr-13,2013,April,4,2.619,1.347,,,,,,,,
13,Apr-13,2013,April,4,2.412,1.330,2.193,1.104,0.503272131458967,2.07431882241511,13.4366185861865,,,
11,May-13,2013,May,5,2.394,1.014,,,,,,,,
12,May-13,2013,May,5,2.320,0.735,,,,,,,,
13,May-13,2013,May,5,5.344,1.885,3.353,1.211,0.361276446609664,0.296218632893206,13.7328372190797,,,
11,Jun-13,2013,June,6,5.205,2.258,,,,,,,,
12,Jun-13,2013,June,6,8.955,3.864,,,,,,,,
13,Jun-13,2013,June,6,9.271,4.209,7.810,3.443,0.440866256241731,1.29285916982911,15.0256963889088,,,
11,Jul-13,2013,July,7,8.009,3.141,,,,,,,,
12,Jul-13,2013,July,7,14.608,6.784,,,,,,,,
13,Jul-13,2013,July,7,14.583,7.065,12.400,5.663,0.456731233198925,1.49152378815385,16.5172201770626,,,
11,Aug-13,2013,August,8,7.483,3.206,,,,,,,,
11,Aug-13,2013,August,8,7.483,3.643,,,,,,,,
12,Aug-13,2013,August,8,11.888,5.069,,,,,,,,
13,Aug-13,2013,August,8,14.918,4.921,10.443,4.210,0.403132564875994,0.820349854915883,17.3375700319785,,,
11,Sep-13,2013,September,9,8.304,4.798,,,,,,,,
12,Sep-13,2013,September,9,8.327,4.705,,,,,,,,
12,Sep-13,2013,September,9,8.327,4.576,,,,,,,,
13,Sep-13,2013,September,9,10.844,6.101,8.951,5.045,0.56365230294397,2.83041218169423,20.1679822136728,,,
11,Oct-13,2013,October,10,4.217,1.546,,,,,,,,
12,Oct-13,2013,October,10,3.310,1.050,,,,,,,,
13,Oct-13,2013,October,10,2.388,0.872,3.305,1.156,0.349733963691377,0.151681204968259,20.319663418641,,,
11,Nov-13,2013,November,11,7.863,3.887,,,,,,,,
12,Nov-13,2013,November,11,2.558,1.172,,,,,,,,
13,Nov-13,2013,November,11,3.818,1.730,4.746,2.263,0.476825883137861,1.74315327184357,22.0628166904846,,,
11,Dec-13,2013,December,12,6.587,3.215,,,,,,,,
12,Dec-13,2013,December,12,4.481,2.131,,,,,,,,
13,Dec-13,2013,December,12,4.640,2.141,5.236,2.496,0.476694566462949,1.74150889648952,23.8043255869741,,,
11,Jan-14,2014,January,1,8.546,4.424,,,,,,,,
12,Jan-14,2014,January,1,5.734,2.737,,,,,,,,
13,Jan-14,2014,January,1,5.601,2.677,6.627,3.279,0.494856515014335,1.96893668202807,25.7732622690022,,,
11,Feb-14,2014,February,2,10.320,4.833,,,,,,,,
12,Feb-14,2014,February,2,11.166,5.064,,,,,,,,
13,Feb-14,2014,February,2,8.500,4.020,9.995,4.639,0.46411364470086,1.58396791633036,27.3572301853325,,,
11,Mar-14,2014,March,3,6.422,3.194,,,,,,,,
12,Mar-14,2014,March,3,3.379,1.681,,,,,,,,
13,Mar-14,2014,March,3,2.870,1.500,4.224,2.125,0.503108485912714,2.07226961805291,29.4294998033855,,,
11,Apr-14,2014,April,4,3.498,1.759,,,,,,,,
12,Apr-14,2014,April,4,3.829,1.975,,,,,,,,
13,Apr-14,2014,April,4,2.515,1.231,3.281,1.655,0.504416200975411,2.08864510441569,31.5181449078011,,,
11,May-13,2014,May,5,3.577,1.200,,,,,,,,
11,May-13,2014,May,5,3.577,1.061,,,,,,,,
12,May-13,2014,May,5,3.381,1.306,,,,,,,,
13,May-13,2014,May,5,4.517,1.801,3.763,1.342,0.356597163167685,0.237623649645378,31.7557685574465,,,
11,Jun-14,2014,June,6,6.201,2.971,,,,,,,,
12,Jun-14,2014,June,6,8.029,3.943,,,,,,,,
13,Jun-14,2014,June,6,4.383,2.156,6.204,3.023,0.487283484661258,1.87410558402427,33.6298741414708,,,
11,Jul-14,2014,July,7,9.379,4.151,,,,,,,,
12,Jul-14,2014,July,7,11.090,5.159,,,,,,,,
13,Jul-14,2014,July,7,8.776,2.838,9.748,4.049,0.415383843392033,0.973762972183313,34.6036371136541,,,
11,Aug-14,2014,August,8,5.738,2.859,,,,,,,,
12,Aug-14,2014,August,8,7.403,3.374,,,,,,,,
13,Aug-14,2014,August,8,5.235,2.307,6.125,2.847,0.464750421745755,1.59194177402479,36.1955788876789,,,
11,Sep-14,2014,September,9,4.769,2.226,,,,,,,,
12,Sep-14,2014,September,9,3.356,1.541,,,,,,,,
13,Sep-14,2014,September,9,6.662,2.866,4.929,2.211,0.448556062757828,1.3891525638021,37.584731451481,,,
11,Oct-14,2014,October,10,2.281,0.857,,,,,,,,
12,Oct-14,2014,October,10,3.640,1.506,,,,,,,,
13,Oct-14,2014,October,10,6.168,2.351,,,,,,,,
13,Oct-14,2014,October,10,6.168,2.507,4.564,1.805,0.395491558032535,0.724667540830704,38.3093989923117,,,
11,Nov-14,2014,November,11,6.045,2.508,,,,,,,,
12,Nov-14,2014,November,11,4.632,1.881,,,,,,,,
13,Nov-14,2014,November,11,5.871,2.325,5.516,2.238,0.405770123277737,0.853377922627892,39.1627769149396,,,
11,Dec-14,,December,12,,,,,,,,,,
12,Dec-14,,December,12,,,,,,,,,,
13,Dec-14,,December,12,,,,,,,,,,
11,Jan-15,,,1,13.555,4.912,,,,,,,,
12,Jan-15,,,1,10.689,3.692,,,,,,,,
13,Jan-15,,,1,7.840,2.605,10.695,3.736,0.349364169056227,0.14705055783598,39.3098274727756,,,
11,Feb-15,,,2,,,,,,,,,,
12,Feb-15,,,2,,,,,,,,,,
13,Feb-15,,,2,,,,,,,,,,
11,Mar-15,,,3,6.041,2.257,,,,,,,,
12,Mar-15,,,3,8.991,3.381,,,,,,,,
13,Mar-15,,,3,5.225,1.997,6.752,2.545,0.376906748284544,0.491944597382082,39.8017720701577,,,
11,Apr-15,,,4,3.560,1.289,,,,,,,,
12,Apr-15,,,4,2.726,0.945,,,,,,,,
13,Apr-15,,,4,1.620,0.441,2.635,0.892,0.338350619782444,0.00913654959124576,39.8109086197489,,,
11,May-15,,,5,7.978,2.758,,,,,,,,
12,May-15,,,5,6.307,2.013,,,,,,,,
13,May-15,,,5,7.580,1.919,7.288,2.230,0.30596844271667,-0.396359964185849,39.414548655563,,,
11,Jun-15,,,6,7.241,2.074,,,,,,,,
12,Jun-15,,,6,7.249,2.054,,,,,,,,
13,Jun-15,,,6,12.542,3.458,9.011,2.529,0.280630364013022,-0.713648778933236,38.7008998766298,,,
11,Jul-15,,,7,11.587,4.042,,,,,,,,
12,Jul-15,,,7,9.764,3.177,,,,,,,,
13,Jul-15,,,7,12.468,3.736,11.273,3.652,0.323930335018776,-0.171437325582839,38.529462551047,,,
11,Aug-15,,,8,8.310,2.774,,,,,,,,
12,Aug-15,,,8,3.102,1.064,,,,,,,,
13,Aug-15,,,8,7.084,2.427,6.165,2.088,0.338721885813149,0.0137856218518589,38.5432481728988,,,
11,Sep-15,,,9,3.824,1.058,,,,,,,,
12,Sep-15,,,9,4.850,1.396,,,,,,,,
13,Sep-15,,,9,6.004,1.873,4.893,1.442,0.294794931189535,-0.536277053815081,38.0069711190838,,,
11,Oct-15,,,10,5.885,1.550,,,,,,,,
12,Oct-15,,,10,3.806,1.013,,,,,,,,
13,Oct-15,,,10,5.209,1.350,4.967,1.304,0.26261744966443,-0.939210326462409,37.0677607926213,,,
11,Nov-15,,,11,1.725,0.428,,,,,,,,
12,Nov-15,,,11,1.406,0.353,,,,,,,,
13,Nov-15,,,11,0.945,0.258,1.359,0.346,0.254906771344455,-1.03576508160612,36.0319957110152,,,
11,Dec-15,,,12,3.400,1.082,,,,,,,,
12,Dec-15,,,12,4.452,1.446,,,,,,,,
13,Dec-15,,,12,5.818,1.789,4.557,1.439,0.315801024140454,-0.273234286728305,35.7587614242869,,,
11,Jan-16,,,1,5.215,1.708,,,,,,,,
12,Jan-16,,,1,8.075,2.766,,,,,,,,
13,Jan-16,,,1,6.215,2.193,6.502,2.222,0.341809792360933,0.0524530449053717,35.8112144691923,,,
11,Feb-16,,,2,5.535,1.689,,,,,,,,
12,Feb-16,,,2,6.856,2.219,,,,,,,,
13,Feb-16,,,2,7.143,2.288,6.511,2.065,0.317190539572028,-0.255834478735206,35.5553799904571,,,
11,Mar-16,,,3,5.614,2.276,,,,,,,,
12,Mar-16,,,3,4.273,1.697,,,,,,,,
13,Mar-16,,,3,2.732,1.042,4.206,1.672,0.397416594024883,0.748773251271571,36.3041532417287,,,
11,Apr-16,,,4,4.489,1.792,,,,,,,,
12,Apr-16,,,4,4.502,1.78,,,,,,,,
13,Apr-16,,,4,3.602,1.347,4.198,1.640,0.390613833081871,0.663587630772755,36.9677408725014,,,
11,May-16,,,5,7.366,3.038,,,,,,,,
12,May-16,,,5,7.154,3.152,,,,,,,,
13,May-16,,,5,8.922,3.778,7.814,3.323,0.425219691152632,1.09692955140571,38.0646704239071,,,
11,Jun-16,,,6,5.786,1.877,,,,,,,,
12,Jun-16,,,6,7.003,2.282,,,,,,,,
13,Jun-16,,,6,7.808,2.472,6.866,2.210,0.321940088362383,-0.196359617839005,37.8683108060681,,,
11,Jul-16,,,7,8.672,2.797,,,,,,,,
12,Jul-16,,,7,8.919,2.479,,,,,,,,
13,Jul-16,,,7,18.025,5.563,11.872,3.613,0.304329514824798,-0.416882968094343,37.4514278379738,,,
11,Aug-16,,,8,7.416,2.856,,,,,,,,
12,Aug-16,,,8,7.963,2.887,,,,,,,,
13,Aug-16,,,8,14.641,5.467,10.007,3.737,0.373417721518987,0.448254261583028,37.8996820995568,,,
11,Sep-16,,,9,6.089,2.401,,,,,,,,
12,Sep-16,,,9,7.117,2.553,,,,,,,,
13,Sep-16,,,9,10.36,3.598,7.855,2.851,0.362895697190868,0.316495233329188,38.216177332886,,,
11,Oct-16,,,10,2.234,0.768,,,,,,,,
12,Oct-16,,,10,3.147,1.039,,,,,,,,
13,Oct-16,,,10,5.171,1.526,3.517,1.111,0.315864291129644,-0.272442044023262,37.9437352888627,,,
11,Nov-16,,,11,4.285,1.577,,,,,,,,
12,Nov-16,,,11,5.68,2.152,,,,,,,,
13,Nov-16,,,11,2.091,0.586,4.019,1.438,0.357913072329131,0.254101744256794,38.1978370331195,,,
11,Dec-16,,,12,6.109,1.776,,,,,,,,
12,Dec-16,,,12,3.918,0.958,,,,,,,,
13,Dec-16,,,12,3.784,1.011,4.604,1.248,0.271160669031931,-0.832230315114858,37.3656067180047,,,
11,Jan-17,,,1,,,,,,,,,,
12,Jan-17,,,1,,,,,,,,,,
13,Jan-17,,,1,,,,,,,,,,
11,Feb-17,,,2,,,,,,,,,,
12,Feb-17,,,2,,,,,,,,,,
13,Feb-17,,,2,,,,,,,,,,
11,Mar-17,,,3,4.887,2.333,,,,,,,,
12,Mar-17,,,3,5.099,2.35,,,,,,,,
13,Mar-17,,,3,4.291,2.03,4.759,2.238,0.470196820060237,1.66014273298681,39.0257494509915,,,
11,Apr-17,,,4,1.144,0.466,,,,,,,,
12,Apr-17,,,4,1.263,0.468,,,,,,,,
13,Apr-17,,,4,1.915,0.702,1.441,0.545,0.378528459046738,0.512252004728066,39.5380014557195,,,
11,May-17,,,5,3.423,0.644,,,,,,,,
12,May-17,,,5,4.082,1.103,,,,,,,,
13,May-17,,,5,4.61,1.173,4.038,0.973,0.241023524556335,-1.20961405294166,38.3283874027779,,,
11,Jun-17,,,6,4.776,1.504,,,,,,,,
12,Jun-17,,,6,4.581,1.369,,,,,,,,
13,Jun-17,,,6,3.612,1.109,4.323,1.327,0.307039864291773,-0.382943395169902,37.945444007608,,,
11,Jul-17,,,7,3.966,1.134,,,,,,,,
12,Jul-17,,,7,3.403,1.064,,,,,,,,
13,Jul-17,,,7,8.162,2.401,5.177,1.533,0.296117442534286,-0.519716285259035,37.4257277223489,,,
11,Aug-17,,,8,,,,,,,,,,
12,Aug-17,,,8,,,,,,,,,,
13,Aug-17,,,8,,,,,,,,,,
11,Sep-17,,,9,3.472,1.01,,,,,,,,
12,Sep-17,,,9,1.677,0.504,,,,,,,,
13,Sep-17,,,9,2.499,0.722,2.549,0.745,0.292364016736402,-0.566717482018345,36.8590102403306,,,
11,Oct-17,,,10,,,,,,,,,,
12,Oct-17,,,10,,,,,,,,,,
13,Oct-17,,,10,,,,,,,,,,
11,Nov-17,,,11,2.278,0.466,,,,,,,,
12,Nov-17,,,11,0.954,0.206,,,,,,,,
13,Nov-17,,,11,0.904,0.122,1.379,0.265,0.191972920696325,-1.82383615491757,35.035174085413,,,
11,Dec-17,,,12,1.851,0.571,,,,,,,,
12,Dec-17,,,12,1.342,0.389,,,,,,,,
13,Dec-17,,,12,1.829,0.539,1.674,0.500,0.298486658701713,-0.490048456121905,34.5451256292911,,,
11,Jan-18,,,1,16.562,5.992,,,,,,,,
12,Jan-18,,,1,11.834,0.069,,,,,,,,
13,Jan-18,,,1,6.98,0.03,11.792,2.03033333333333,0.172178878335595,-2.07170136652855,32.4734242627626,,,
11,Feb-18,,,2,4.88,1.959,,,,,,,,
12,Feb-18,,,2,4.646,1.827,,,,,,,,
13,Feb-18,,,2,5.078,1.999,4.868,1.92833333333333,0.39612434949329,0.732591490192186,33.2060157529547,,,
11,Mar-18,,,3,10.883,3.953,,,,,,,,
12,Mar-18,,,3,7.585,2.719,,,,,,,,
13,Mar-18,,,3,3.06,1.189,7.176,2.62033333333333,0.365152359717577,0.344753641820168,33.5507693947749,,,
11,Apr-18,,,4,2.572,0.584,,,,,,,,
12,Apr-18,,,4,1.689,0.325,,,,,,,,
13,Apr-18,,,4,2.376,0.524,2.21233333333333,0.477666666666667,0.215910803073678,-1.52408089660041,32.0266884981745,,,
11,May-18,,,5,6.671,1.856,,,,,,,,
12,May-18,,,5,6.763,1.699,,,,,,,,
13,May-18,,,5,6.694,1.675,6.70933333333333,1.74333333333333,0.259837042925278,-0.974027171460761,31.0526613267137,,,
11,Jun-18,,,6,6.862,1.401,,,,,,,,
12,Jun-18,,,6,3.905,0.892,,,,,,,,
13,Jun-18,,,6,7.604,1.613,6.12366666666667,1.302,0.212617712699363,-1.5653176752032,29.4873436515105,,,
11,Jul-18,,,7,7.431,2.086,,,,,,,,
12,Jul-18,,,7,7.037,1.922,,,,,,,,
13,Jul-18,,,7,6.384,1.522,6.95066666666667,1.84333333333333,0.265202378668713,-0.906841295267589,28.5805023562429,,,
11,Aug-18,,,8,5.214,1.327,,,,,,,,
12,Aug-18,,,8,6.221,1.581,,,,,,,,
13,Aug-18,,,8,6.89,1.77,6.10833333333333,1.55933333333333,0.255279672578445,-1.03109553298193,27.549406823261,,,
11,Sep-18,,,9,3.496,0.833,,,,,,,,
12,Sep-18,,,9,5.05,1.294,,,,,,,,
13,Sep-18,,,9,4.213,1.01,4.253,1.04566666666667,0.245865663453249,-1.14897975902328,26.4004270642377,,,
11,Oct-18,,,10,0.528,0.088,,,,,,,,
12,Oct-18,,,10,0.907,0.181,,,,,,,,
13,Oct-18,,,10,1.72,0.393,1.05166666666667,0.220666666666667,0.209825673534073,-1.60028018391763,24.8001468803201,,,
11,Nov-18,,,11,,,,,,,,,,
12,Nov-18,,,11,,,,,,,,,,
13,Nov-18,,,11,,,,,,,,,,
11,Dec-18,,,12,,,,,,,,,,
12,Dec-18,,,12,,,,,,,,,,
13,Dec-18,,,12,,,,,,,,,,
11,Jan-19,,,1,,,,,,,,,,
12,Jan-19,,,1,,,,,,,,,,
13,Jan-19,,,1,,,,,,,,,,
11,Feb-19,,,2,,,,,,,,,,
12,Feb-19,,,2,,,,,,,,,,
13,Feb-19,,,2,,,,,,,,,,
11,Mar-19,,,3,2.323,0.793,,,,,,,,
12,Mar-19,,,3,2.004,0.675,,,,,,,,
13,Mar-19,,,3,1.974,0.561,2.100,0.676,0.322012378987462,-0.195454379244671,24.6046925010754,,,
11,Apr-19,,,4,3.576,1.039,,,,,,,,
12,Apr-19,,,4,2.449,0.621,,,,,,,,
13,Apr-19,,,4,2.714,0.702,2.913,0.787,0.270282641034443,-0.843225168588015,23.7614673324874,,,
11,May-19,,,5,2.378,0.632,,,,,,,,
12,May-19,,,5,2.951,0.754,,,,,,,,
13,May-19,,,5,2.593,0.621,2.641,0.669,0.253345114869982,-1.05532047637869,22.7061468561087,,,
11,Jun-19,,,6,4.956,1.23,,,,,,,,
12,Jun-19,,,6,4.57,0.973,,,,,,,,
13,Jun-19,,,6,5.279,1.251,4.935,1.151,0.233299560959135,-1.30633516915457,21.3998116869542,,,
11,Jul-19,,,7,5.939,1.547,,,,,,,,
12,Jul-19,,,7,6.395,1.677,,,,,,,,
13,Jul-19,,,7,7.703,1.735,6.679,1.653,0.247492139541848,-1.12861267924575,20.2711990077084,,,
11,Aug-19,,,8,,,,,,,,,,
12,Aug-19,,,8,,,,,,,,,,
13,Aug-19,,,8,,,,,,,,,,
11,Sep-19,,,9,,,,,,,,,,
12,Sep-19,,,9,,,,,,,,,,
13,Sep-19,,,9,,,,,,,,,,
11,Oct-19,,,10,3.259,0.886,,,,,,,,
12,Oct-19,,,10,2.676,0.747,,,,,,,,
13,Oct-19,,,10,2.246,0.5,2.727,0.711,0.260726072607261,-0.962894552552649,19.3083044551558,,,
11,Nov-19,,,11,,,,,,,,,,
12,Nov-19,,,11,,,,,,,,,,
13,Nov-19,,,11,,,,,,,,,,
11,Dec-19,,,12,1.533,0.364,,,,,,,,
12,Dec-19,,,12,1.458,0.372,,,,,,,,
13,Dec-19,,,12,2.193,0.62,1.728,0.452,0.261574074074074,-0.952275697687756,18.356028757468,,,
11,Jan-20,2020,January,1,,,,,,,,,,
12,Jan-20,2020,January,1,,,,,,,,,,
13,Jan-20,2020,January,1,,,,,,,,,,
11,Feb-20,2020,February,2,3.319,1.195,,,,,,,,
12,Feb-20,2020,February,2,2.327,0.827,,,,,,,,
13,Feb-20,2020,February,2,2.064,0.696,2.570,0.906,0.352529182879377,0.186683534603938,18.5427122920719,,,
11,Mar-20,2020,March,3,,,,,,,,,,
12,Mar-20,2020,March,3,,,,,,,,,,
13,Mar-20,2020,March,3,,,,,,,,,,
11,Apr-20,2020,April,4,,,,,,,,,,
12,Apr-20,2020,April,4,,,,,,,,,,
13,Apr-20,2020,April,4,,,,,,,,,,
11,May-20,2020,May,5,,,,,,,,,,
12,May-20,2020,May,5,,,,,,,,,,
13,May-20,2020,May,5,,,,,,,,,,
11,Jun-20,2020,June,6,4.779,1.010,,,,,,,,
12,Jun-20,2020,June,6,6.116,1.441,,,,,,,,
13,Jun-20,2020,June,6,6.056,1.331,5.650,1.261,0.223113680608814,-1.43388493097005,17.1088273611019,,,
11,Jul-20,2020,July,7,8.254,2.193,,,,,,,,
12,Jul-20,2020,July,7,8.388,2.461,,,,,,,,
13,Jul-20,2020,July,7,9.016,2.664,8.553,2.439,0.285213188868969,-0.656261670630943,16.452565690471,,,
11,Aug-20,2020,August,8,5.327,1.471,,,,,,,,
12,Aug-20,2020,August,8,4.392,1.486,,,,,,,,
13,Aug-20,2020,August,8,5.849,1.826,5.189,1.594,0.307232785200411,-0.38052759848864,16.0720380919823,,,
11,Sep-20,2020,September,9,1.492,0.338,,,,,,,,
12,Sep-20,2020,September,9,3.505,0.990,,,,,,,,
13,Sep-20,2020,September,9,4.734,1.068,3.244,0.799,0.246223409721509,-1.1444999841057,14.9275381078766,,,
11,Oct-20,2020,October,10,2.233,0.578,,,,,,,,
12,Oct-20,2020,October,10,3.413,0.957,,,,,,,,
13,Oct-20,2020,October,10,3.637,0.856,3.094,0.797,0.257567596682107,-1.0024456603703,13.9250924475063,,,
11,Nov-20,2020,November,11,1.639,0.529,,,,,,,,
12,Nov-20,2020,November,11,1.468,0.452,,,,,,,,
13,Nov-20,2020,November,11,1.540,0.481,1.549,0.487,0.314611577361739,-0.2881287924656,13.6369636550407,,,
11,Dec-20,2020,December,12,,,,,,,,,,
12,Dec-20,2020,December,12,,,,,,,,,,
13,Dec-20,2020,December,12,,,,,,,,,,
11,Jan-21,2021,January,1,,,,,,,,,,
12,Jan-21,2021,January,1,,,,,,,,,,
13,Jan-21,2021,January,1,,,,,,,,,,
11,Feb-21,2021,February,2,4.201,1.300,,,,,,,,
12,Feb-21,2021,February,2,2.609,0.726,,,,,,,,
13,Feb-21,2021,February,2,3.862,1.164,3.557,1.063,0.298913043478261,-0.484709175193795,13.1522544798469,,,
11,Mar-21,2021,March,3,4.039,1.369,,,,,,,,
12,Mar-21,2021,March,3,2.865,0.979,,,,,,,,
13,Mar-21,2021,March,3,2.631,0.931,3.178,1.093,0.343890928159413,0.0785134703445291,13.2307679501915,,,
11,Apr-21,2021,April,4,4.244,1.474,,,,,,,,
12,Apr-21,2021,April,4,2.375,0.772,,,,,,,,
13,Apr-21,2021,April,4,3.040,1.052,3.220,1.099,0.341443213583187,0.0478626674239899,13.2786306176154,,,
11,May-21,2021,May,5,4.924,1.529,,,,,,,,
12,May-21,2021,May,5,5.173,1.625,,,,,,,,
13,May-21,2021,May,5,6.799,2.107,5.632,1.754,0.311375473484848,-0.328651974018039,12.9499786435974,,,
11,Jun-21,2021,June,6,6.560,1.575,,,,,,,,
12,Jun-21,2021,June,6,10.156,2.961,,,,,,,,
13,Jun-21,2021,June,6,9.198,2.657,8.638,2.398,0.277571968819943,-0.751946654521623,12.1980319890758,,,
11,Jul-21,2021,July,7,,,,,,,,,,
12,Jul-21,2021,July,7,,,,,,,,,,
13,Jul-21,2021,July,7,,,,,,,,,,
11,Aug-21,2021,August,8,3.887,1.311,,,,,,,,
12,Aug-21,2021,August,8,6.116,1.995,,,,,,,,
13,Aug-21,2021,August,8,3.469,1.085,4.491,1.464,0.325935273159145,-0.146331063437251,12.0517009256385,,,
11,Sep-21,2021,September,9,3.416,1.003,,,,,,,,
12,Sep-21,2021,September,9,3.673,1.016,,,,,,,,
13,Sep-21,2021,September,9,4.320,1.097,3.803,1.039,0.273117714085371,-0.80772378039785,11.2439771452407,,,
11,Oct-21,2021,October,10,5.613,1.445,,,,,,,,
12,Oct-21,2021,October,10,4.907,1.207,,,,,,,,
13,Oct-21,2021,October,10,1.738,0.299,4.086,0.984,0.240740740740741,-1.21315513207118,10.0308220131695,,,
11,Nov-21,2021,November,11,3.187,0.471,,,,,,,,
12,Nov-21,2021,November,11,1.943,0.608,,,,,,,,
13,Nov-21,2021,November,11,1.001,0.202,2.044,0.427,0.208938183004404,-1.61139352923286,8.41942848393663,,,
11,Dec-21,2021,December,12,4.892,1.835,,,,,,,,
12,Dec-21,2021,December,12,5.669,2.130,,,,,,,,
13,Dec-21,2021,December,12,12.211,3.511,7.591,2.492,0.328297909713684,-0.116745625613173,8.30268285832346,,,
11,Jan-22,2022,January,1,,,,,,,,,,
12,Jan-22,2022,January,1,,,,,,,,,,
13,Jan-22,2022,January,1,,,,,,,,,,
11,Feb-22,2022,February,2,,,,,,,,,,
12,Feb-22,2022,February,2,,,,,,,,,,
13,Feb-22,2022,February,2,,,,,,,,,,
11,Mar-22,2022,March,3,,,,,,,,,,
12,Mar-22,2022,March,3,,,,,,,,,,
13,Mar-22,2022,March,3,,,,,,,,,,
11,Apr-22,2022,April,4,,,,,,,,,,
12,Apr-22,2022,April,4,,,,,,,,,,
13,Apr-22,2022,April,4,,,,,,,,,,
11,May-22,2022,May,5,,,,,,,,,,
12,May-22,2022,May,5,,,,,,,,,,
13,May-22,2022,May,5,,,,,,,,,,
11,Jun-22,2022,June,6,,,,,,,,,,
12,Jun-22,2022,June,6,,,,,,,,,,
13,Jun-22,2022,June,6,,,,,,,,,,
11,Jul-22,2022,July,7,,,,,,,,,,
12,Jul-22,2022,July,7,,,,,,,,,,
13,Jul-22,2022,July,7,,,,,,,,,,
11,Aug-22,2022,August,8,,,,,,,,,,
12,Aug-22,2022,August,8,,,,,,,,,,
13,Aug-22,2022,August,8,,,,,,,,,,
11,Sep-22,2022,September,9,,,,,,,,,,
12,Sep-22,2022,September,9,,,,,,,,,,
13,Sep-22,2022,September,9,,,,,,,,,,
11,Oct-22,2022,October,10,,,,,,,,,,
12,Oct-22,2022,October,10,,,,,,,,,,
13,Oct-22,2022,October,10,,,,,,,,,,
11,Nov-22,2022,November,11,,,,,,,,,,
12,Nov-22,2022,November,11,,,,,,,,,,
13,Nov-22,2022,November,11,,,,,,,,,,
11,Dec-22,2022,December,12,,,,,,,,,,
12,Dec-22,2022,December,12,,,,,,,,,,
13,Dec-22,2022,December,12,,,,,,,,,,
11,Jan-23,2023,January,1,2.135,0.578,,,,,,,,
12,Jan-23,2023,January,1,2.186,0.602,,,,,,,,
13,Jan-23,2023,January,1,2.402,0.676,2.241,0.619,0.276067231890525,-0.770789290635657,7.5318935676878,,,
11,Feb-23,2023,February,2,5.916,1.856,,,,,,,,
12,Feb-23,2023,February,2,4.52,1.457,,,,,,,,
13,Feb-23,2023,February,2,1.662,0.572,4.033,1.295,0.321127459084146,-0.206535534629555,7.32535803305825,,,
11,Mar-23,2023,March,3,3.274,1.164,,,,,,,,
12,Mar-23,2023,March,3,3.307,1.223,,,,,,,,
13,Mar-23,2023,March,3,2.429,0.855,3.003,1.081,0.359822419533851,0.278010996359629,7.60336902941788,,,
11,Apr-23,2023,April,4,3.097,1.16,,,,,,,,
12,Apr-23,2023,April,4,2.92,1.04,,,,,,,,
13,Apr-23,2023,April,4,2.773,0.961,2.930,1.054,0.359613196814562,0.27539106493555,7.87876009435343,,,
11,May-23,2023,May,5,4.18,1.519,,,,,,,,
12,May-23,2023,May,5,6.695,2.521,,,,,,,,
13,May-23,2023,May,5,6.107,2.251,5.661,2.097,0.370451065834413,0.411105167646925,8.28986526200035,,,
11,Jun-23,2023,June,6,4.387,1.114,,,,,,,,
12,Jun-23,2023,June,6,5.094,1.306,,,,,,,,
13,Jun-23,2023,June,6,6.288,1.474,5.256,1.298,0.246940199124865,-1.13552419462795,7.1543410673724,,,
11,Jul-23,2023,July,7,8.686,2.967,,,,,,,,
12,Jul-23,2023,July,7,9.916,3.43,,,,,,,,
13,Jul-23,2023,July,7,9.573,2.858,9.392,3.085,0.328482697426797,-0.114431674537428,7.03990939283498,,,
11,Aug-23,2023,August,8,5.768,1.697,,,,,,,,
12,Aug-23,2023,August,8,7.024,2.135,,,,,,,,
13,Aug-23,2023,August,8,10.022,3.109,7.605,2.314,0.304243008678881,-0.417966216466376,6.6219431763686,,,
11,Sep-23,2023,September,9,1.725,0.376,,,,,,,,
12,Sep-23,2023,September,9,2.271,0.567,,,,,,,,
13,Sep-23,2023,September,9,2.905,0.728,2.300,0.557,0.242138820460803,-1.19564808023473,5.42629509613387,,,
11,Oct-23,2023,October,10,3.623,1.058,,,,,,,,
12,Oct-23,2023,October,10,1.376,0.312,,,,,,,,
13,Oct-23,2023,October,10,1.711,0.291,2.237,0.554,0.247540983606557,-1.12800104347098,4.29829405266289,,,
11,Nov-23,2023,November,11,4.521,1.057,,,,,,,,
12,Nov-23,2023,November,11,2.919,0.613,,,,,,,,
13,Nov-23,2023,November,11,3.276,0.752,3.572,0.807,0.22601717058604,-1.39752681146621,2.90076724119668,,,
11,Dec-23,2023,December,12,1.452,0.415,,,,,,,,
12,Dec-23,2023,December,12,1.127,0.343,,,,,,,,
13,Dec-23,2023,December,12,1.229,0.361,1.269,0.373,0.293855042016807,-0.548046546091779,2.3527206951049,,,
11,Jan-24,2024,January,1,0.829,0.21,,,,,,,,
12,Jan-24,2024,January,1,1.495,0.371,,,,,,,,
13,Jan-24,2024,January,1,3.053,0.844,1.792,0.475,0.265017667844523,-0.909154283523869,1.44356641158103,,,
11,Feb-24,2024,February,2,,,,,,,,,,
12,Feb-24,2024,February,2,,,,,,,,,,
13,Feb-24,2024,February,2,,,,,,,,,,
11,Mar-24,2024,March,3,0.957,0.239,,,,,,,,
12,Mar-24,2024,March,3,1.077,0.267,,,,,,,,
13,Mar-24,2024,March,3,1.827,0.529,1.287,0.345,0.268065268065268,-0.870991584876759,0.572574826704271,,,
11,Apr-24,2024,April,4,4.247,1.238,,,,,,,,
12,Apr-24,2024,April,4,5.33,1.557,,,,,,,,
13,Apr-24,2024,April,4,4.034,1.178,4.537,1.324,0.291896260377636,-0.572574826704942,-6.70463684571132E-13,,,
11,May-24,2024,May,5,,,,,,,,,,
12,May-24,2024,May,5,,,,,,,,,,
13,May-24,2024,May,5,,,,,,,,,,
11,Jun-24,2024,June,6,,,,,,,,,,
12,Jun-24,2024,June,6,,,,,,,,,,
13,Jun-24,2024,June,6,,,,,,,,,,
11,Jul-24,2024,July,7,,,,,,,,,,
12,Jul-24,2024,July,7,,,,,,,,,,
13,Jul-24,2024,July,7,,,,,,,,,,
11,Aug-24,2024,August,8,,,,,,,,,,
12,Aug-24,2024,August,8,,,,,,,,,,
13,Aug-24,2024,August,8,,,,,,,,,,
11,Sep-24,2024,September,9,,,,,,,,,,
12,Sep-24,2024,September,9,,,,,,,,,,
13,Sep-24,2024,September,9,,,,,,,,,,
11,Oct-24,2024,October,10,,,,,,,,,,
12,Oct-24,2024,October,10,,,,,,,,,,
13,Oct-24,2024,October,10,,,,,,,,,,
11,Nov-24,2024,November,11,,,,,,,,,,
12,Nov-24,2024,November,11,,,,,,,,,,
13,Nov-24,2024,November,11,,,,,,,,,,
11,Dec-24,2024,December,12,,,,,,,,,,
12,Dec-24,2024,December,12,,,,,,,,,,
13,Dec-24,2024,December,12,,,,,,,,,,
