5,Oct-99,1999,OCTOBER,10,6.186,0.149,,,,,,,,
7,Oct-99,1999,OCTOBER,10,3.562,0.166,,,,,,,,
14,Oct-99,1999,OCTOBER,10,1.757,0.071,3.835,0.128,0.0334760445699115,-0.303181750492374,-0.303181750492374,,,graphs not updated for 2020-2024 data
5,Nov-99,1999,NOVEMBER,11,1.070,0.009,,,,,,,,
7,Nov-99,1999,NOVEMBER,11,0.485,0.000,,,,,,,,
14,Nov-99,1999,NOVEMBER,11,0.756,0.000,0.770,0.003,0.00383538371893044,-0.86267753785524,-1.16585928834761,,,
5,Dec-99,1999,DECEMBER,12,1.296,0.069,,,,,,,,
7,Dec-99,1999,DECEMBER,12,1.489,0.097,,,,,,,,
14,Dec-99,1999,DECEMBER,12,1.862,0.116,1.549,0.094,0.0607237027182252,0.211143824977394,-0.954715463370219,,,
5,Jan-00,2000,JANUARY,1,3.215,0.052,,,,,,,,
7,Jan-00,2000,JANUARY,1,3.460,0.231,,,,,,,,
14,Jan-00,2000,JANUARY,1,3.180,0.127,3.285,0.137,0.0416288511726666,-0.149289738018074,-1.10400520138829,,,
5,Feb-00,2000,FEBRUARY,2,4.856,0.276,,,,,,,,
7,Feb-00,2000,FEBRUARY,2,2.313,0.101,,,,,,,,
14,Feb-00,2000,FEBRUARY,2,3.241,0.044,3.470,0.141,0.0404920931450594,-0.170747131660364,-1.27475233304866,,,
5,Mar-00,2000,MARCH,3,3.672,0.046,,,,,,,,
7,Mar-00,2000,MARCH,3,2.682,0.000,,,,,,,,
14,Mar-00,2000,MARCH,3,3.101,0.043,3.152,0.030,0.00946505684225755,-0.756412079990888,-2.03116441303955,,,
5,Apr-00,2000,APRIL,4,3.903,0.074,,,,,,,,
7,Apr-00,2000,APRIL,4,8.590,0.103,,,,,,,,
14,Apr-00,2000,APRIL,4,1.384,0.031,4.625,0.069,0.0149778700385607,-0.652352464877822,-2.68351687791737,,,
5,May-00,2000,MAY,5,7.377,0.000,,,,,,,,
7,May-00,2000,MAY,5,2.985,0.034,,,,,,,,
14,May-00,2000,MAY,5,0.561,0.000,3.641,0.011,0.00307342525420793,-0.877060231726372,-3.56057710964374,,,
5,Jun-00,2000,JUNE,6,23.290,0.231,,,,,,,,
7,Jun-00,2000,JUNE,6,21.743,0.143,,,,,,,,
14,Jun-00,2000,JUNE,6,11.069,0.048,18.701,0.141,0.00752596266652862,-0.793014334848654,-4.35359144449239,,,
5,Jul-00,2000,JULY,7,10.902,0.463,,,,,,,,
7,Jul-00,2000,JULY,7,20.149,5.067,,,,,,,,
14,Jul-00,2000,JULY,7,7.816,0.273,12.956,1.934,0.149287745622258,1.88287473427628,-2.47071671021611,,,
5,Aug-00,2000,AUGUST,8,9.949,0.240,,,,,,,,
7,Aug-00,2000,AUGUST,8,22.319,1.716,,,,,,,,
14,Aug-00,2000,AUGUST,8,3.970,0.047,12.079,0.668,0.0552672254526903,0.108147604371637,-2.36256910584447,,,
5,Sep-00,2000,SEPTEMBER,9,8.584,0.231,,,,,,,,
7,Sep-00,2000,SEPTEMBER,9,21.080,0.672,,,,,,,,
14,Sep-00,2000,SEPTEMBER,9,4.814,0.256,11.493,0.387,0.0336346109957663,-0.300188657736142,-2.66275776358062,,,
5,Oct-00,2000,OCTOBER,10,4.428,0.399,,,,,,,,
7,Oct-00,2000,OCTOBER,10,14.989,0.163,,,,,,,,
14,Oct-00,2000,OCTOBER,10,1.130,0.018,6.849,0.193,0.0281947387570969,-0.402871442598107,-3.06562920617872,,,
5,Nov-00,2000,NOVEMBER,11,0.933,0.088,,,,,,,,
7,Nov-00,2000,NOVEMBER,11,1.883,0.052,,,,,,,,
14,Nov-00,2000,NOVEMBER,11,1.240,0.167,1.352,0.102,0.0755663124867781,0.49131226254114,-2.57431694363758,,,
5,Dec-00,2000,DECEMBER,12,1.412,0.135,,,,,,,,
7,Dec-00,2000,DECEMBER,12,3.898,0.529,,,,,,,,
14,Dec-00,2000,DECEMBER,12,1.662,0.163,2.324,0.275,0.118534421525215,1.30237636528897,-1.27194057834861,,,
5,Jan-01,2001,JANUARY,1,2.651,0.206,,,,,,,,
7,Jan-01,2001,JANUARY,1,7.545,0.839,,,,,,,,
14,Jan-01,2001,JANUARY,1,5.286,0.440,5.161,0.495,0.0959708275368461,0.876466975220814,-0.395473603127797,,,
5,Feb-01,2001,FEBRUARY,2,1.882,0.227,,,,,,,,
7,Feb-01,2001,FEBRUARY,2,4.474,0.320,,,,,,,,
14,Feb-01,2001,FEBRUARY,2,5.875,0.507,4.077,0.351,0.0861995772377768,0.692025291984305,0.296551688856508,,,
5,Mar-01,2001,MARCH,3,5.014,0.000,,,,,,,,
7,Mar-01,2001,MARCH,3,5.456,0.000,,,,,,,,
14,Mar-01,2001,MARCH,3,6.998,0.000,5.823,0.000,0,-0.935074069243327,-0.638522380386819,,,
5,Apr-01,2001,APRIL,4,1.519,0.000,,,,,,,,
7,Apr-01,2001,APRIL,4,2.367,0.034,,,,,,,,
14,Apr-01,2001,APRIL,4,1.628,0.000,1.838,0.011,0.00624685613097404,-0.817158692554747,-1.45568107294157,,,
5,May-01,2001,MAY,5,4.506,0.040,,,,,,,,
7,May-01,2001,MAY,5,2.531,0.015,,,,,,,,
14,May-01,2001,MAY,5,2.160,0.032,3.066,0.029,0.00940637817363404,-0.757519695913082,-2.21320076885465,,,
5,Jun-01,2001,JUNE,6,24.073,0.100,,,,,,,,
7,Jun-01,2001,JUNE,6,6.342,0.074,,,,,,,,
14,Jun-01,2001,JUNE,6,2.281,0.021,10.899,0.065,0.00598121193404746,-0.822172980524406,-3.03537374937906,,,
5,Jul-01,2001,JULY,7,11.878,0.147,,,,,,,,
7,Jul-01,2001,JULY,7,13.195,2.443,,,,,,,,
14,Jul-01,2001,JULY,7,6.711,1.607,10.595,1.399,0.132074176465043,1.55795217342783,-1.47742157595123,,,
5,Aug-01,2001,AUGUST,8,24.299,0.133,,,,,,,,
7,Aug-01,2001,AUGUST,8,19.393,0.502,,,,,,,,
14,Aug-01,2001,AUGUST,8,2.755,0.221,15.483,0.286,0.0184465067250789,-0.586878634056166,-2.06430021000739,,,
5,Sep-01,2001,SEPTEMBER,9,3.641,0.037,,,,,,,,
7,Sep-01,2001,SEPTEMBER,9,29.587,4.701,,,,,,,,
14,Sep-01,2001,SEPTEMBER,9,7.522,1.430,13.584,2.056,0.151359648643902,1.92198388296437,-0.142316327043025,,,
5,Oct-01,2001,OCTOBER,10,2.998,0.000,,,,,,,,
7,Oct-01,2001,OCTOBER,10,5.135,0.377,,,,,,,,
14,Oct-01,2001,OCTOBER,10,1.596,0.030,3.243,0.136,0.0418450709505465,-0.145208383169862,-0.287524710212887,,,
5,Nov-01,2001,NOVEMBER,11,0.768,0.000,,,,,,,,
7,Nov-01,2001,NOVEMBER,11,1.407,0.029,,,,,,,,
14,Nov-01,2001,NOVEMBER,11,2.101,0.023,1.425,0.017,0.0121041040012839,-0.706597543953702,-0.994122254166589,,,
5,Dec-01,2001,DECEMBER,12,1.133,0.091,,,,,,,,
7,Dec-01,2001,DECEMBER,12,1.530,0.091,,,,,,,,
14,Dec-01,2001,DECEMBER,12,1.160,0.000,1.274,0.061,0.0477486077448308,-0.0337734869119944,-1.02789574107858,,,
5,Jan-02,2002,JANUARY,1,2.549,0.070,,,,,,,,
7,Jan-02,2002,JANUARY,1,6.006,0.308,,,,,,,,
14,Jan-02,2002,JANUARY,1,4.400,0.074,4.319,0.151,0.0349474078217288,-0.27540836361645,-1.30330410469503,,,
5,Feb-02,2002,FEBRUARY,2,1.855,0.041,,,,,,,,
7,Feb-02,2002,FEBRUARY,2,0.850,0.047,,,,,,,,
14,Feb-02,2002,FEBRUARY,2,1.608,0.068,1.438,0.052,0.0362549126647498,-0.250727960729867,-1.5540320654249,,,
5,Mar-02,2002,MARCH,3,3.610,0.045,,,,,,,,
7,Mar-02,2002,MARCH,3,2.592,0.295,,,,,,,,
14,Mar-02,2002,MARCH,3,2.119,0.027,2.774,0.122,0.044116905839125,-0.102325329511443,-1.65635739493634,,,
5,Apr-02,2002,APRIL,4,1.976,0.035,,,,,,,,
7,Apr-02,2002,APRIL,4,2.936,0.273,,,,,,,,
14,Apr-02,2002,APRIL,4,1.153,0.000,2.022,0.103,0.0507532720872827,0.0229424227127269,-1.63341497222362,,,
5,May-02,2002,MAY,5,2.860,,,,,,,,,
7,May-02,2002,MAY,5,2.999,,,,,,,,,
14,May-02,2002,MAY,5,sample lost,,2.929,#DIV/0!,,,,,,
5,Jun-02,2002,JUNE,6,25.529,,,,,,,,,
7,Jun-02,2002,JUNE,6,10.037,,,,,,,,,
14,Jun-02,2002,JUNE,6,7.977,,14.514,#DIV/0!,,,,,,
5,Jul-02,2002,JULY,7,16.788,,,,,,,,,
7,Jul-02,2002,JULY,7,10.100,,,,,,,,,
14,Jul-02,2002,JULY,7,4.800,,10.563,#DIV/0!,,,,,,
5,Aug-02,2002,AUGUST,8,13.335,,,,,,,,,
7,Aug-02,2002,AUGUST,8,23.279,,,,,,,,,
14,Aug-02,2002,AUGUST,8,9.459,,15.358,#DIV/0!,,,,,,
5,Sep-02,2002,SEPTEMBER,9,3.730,,,,,,,,,
7,Sep-02,2002,SEPTEMBER,9,15.587,,,,,,,,,
14,Sep-02,2002,SEPTEMBER,9,3.076,,7.464,#DIV/0!,,,,,,
5,Oct-02,2002,OCTOBER,10,7.979,0.814,,,,,,,,
7,Oct-02,2002,OCTOBER,10,6.526,0.475,,,,,,,,
14,Oct-02,2002,OCTOBER,10,2.688,0.138,5.731,0.476,0.0830093179862477,0.631806101163975,-1.00160887105964,,,
5,Nov-02,2002,NOVEMBER,11,1.791,0.157,,,,,,,,
7,Nov-02,2002,NOVEMBER,11,6.552,0.115,,,,,,,,
14,Nov-02,2002,NOVEMBER,11,1.810,0.025,3.384,0.099,0.0292422542810457,-0.383098586459943,-1.38470745751958,,,
5,Dec-02,2002,DECEMBER,12,4.615,0.235,,,,,,,,
7,Dec-02,2002,DECEMBER,12,6.384,0.519,,,,,,,,
14,Dec-02,2002,DECEMBER,12,6.003,0.316,5.667,0.356,0.0629003686369876,0.252230473421792,-1.13247698409779,,,
5,Jan-03,2003,JANUARY,1,4.526,0.189,,,,,,,,
7,Jan-03,2003,JANUARY,1,2.970,0.583,,,,,,,,
14,Jan-03,2003,JANUARY,1,4.410,0.450,3.969,0.407,0.102666111545377,1.00284685645234,-0.129630127645451,,,
5,Feb-03,2003,FEBRUARY,2,7.055,0.387,,,,,,,,
7,Feb-03,2003,FEBRUARY,2,3.973,0.362,,,,,,,,
14,Feb-03,2003,FEBRUARY,2,5.264,0.188,5.431,0.313,0.0575429436457761,0.151103959112101,0.0214738314666504,,,
5,Mar-03,2003,MARCH,3,5.142,0.502,,,,,,,,
7,Mar-03,2003,MARCH,3,7.957,0.320,,,,,,,,
14,Mar-03,2003,MARCH,3,6.999,0.142,6.699,0.321,0.0479676175902518,-0.0296394668737727,-0.00816563540712227,,,
5,Apr-03,2003,APRIL,4,5.427,0.083,,,,,,,,
7,Apr-03,2003,APRIL,4,7.586,0.166,,,,,,,,
14,Apr-03,2003,APRIL,4,6.400,0.051,6.471,0.100,0.0154688410570525,-0.643084917911023,-0.651250553318145,,,
5,May-03,2003,MAY,5,5.706,0.097,,,,,,,,
7,May-03,2003,MAY,5,6.638,0.244,,,,,,,,
14,May-03,2003,MAY,5,3.010,0.048,5.118,0.130,0.025338576084663,-0.456784241347225,-1.10803479466537,,,
5,Jun-03,2003,JUNE,6,25.721,0.000,,,,,,,,
7,Jun-03,2003,JUNE,6,24.047,0.192,,,,,,,,
14,Jun-03,2003,JUNE,6,19.345,0.084,23.038,0.092,0.00399563904250714,-0.859652565541214,-1.96768736020658,,,
5,Jul-03,2003,JULY,7,23.605,0.128,,,,,,,,
7,Jul-03,2003,JULY,7,12.457,0.077,,,,,,,,
14,Jul-03,2003,JULY,7,9.251,0.037,15.104,0.081,0.00534039456806961,-0.8342690204385,-2.80195638064508,,,
5,Aug-03,2003,AUGUST,8,7.240,0.161,,,,,,,,
7,Aug-03,2003,AUGUST,8,9.731,0.449,,,,,,,,
14,Aug-03,2003,AUGUST,8,7.751,0.245,8.241,0.285,0.0345875129298036,-0.282201723485783,-3.08415810413087,,,
5,Sep-03,2003,SEPTEMBER,9,5.326,0.071,,,,,,,,
7,Sep-03,2003,SEPTEMBER,9,16.280,0.640,,,,,,,,
14,Sep-03,2003,SEPTEMBER,9,12.119,0.473,11.242,0.395,0.0351109775474205,-0.272320828796471,-3.35647893292734,,,
5,Oct-03,2003,OCTOBER,10,5.100,0.431,,,,,,,,
7,Oct-03,2003,OCTOBER,10,3.209,0.232,,,,,,,,
14,Oct-03,2003,OCTOBER,10,2.172,0.158,3.494,0.274,0.0783610833968449,0.544066233132012,-2.81241269979533,,,
5,Nov-03,2003,NOVEMBER,11,2.371,0.061,,,,,,,,
7,Nov-03,2003,NOVEMBER,11,3.573,0.102,,,,,,,,
14,Nov-03,2003,NOVEMBER,11,1.211,0.021,2.385,0.061,0.0257035861605093,-0.44989432749518,-3.26230702729051,,,
5,Dec-03,2003,DECEMBER,12,7.572,0.163,,,,,,,,
7,Dec-03,2003,DECEMBER,12,1.445,0.144,,,,,,,,
14,Dec-03,2003,DECEMBER,12,1.210,0.077,3.409,0.128,0.0375230516275382,-0.226790626436346,-3.48909765372685,,,
5,Jan-04,2004,JANUARY,1,8.574,0.027,,,,,,,,
7,,2004,JANUARY,1,,,,,,,,,,
14,,2004,JANUARY,1,,,8.574,0.027,0.00314312412156483,-0.875744599026204,-4.36484225275306,,,
5,Feb-04,2004,FEBRUARY,2,7.151,0.033,,,,,,,,
7,Feb-04,2004,FEBRUARY,2,4.007,0.104,,,,,,,,
14,Feb-04,2004,FEBRUARY,2,7.322,0.021,6.160,0.052,0.00850632110886406,-0.774509132776745,-5.1393513855298,,,
5,Mar-04,2004,MARCH,3,5.083,0.030,,,,,,,,
7,Mar-04,2004,MARCH,3,8.226,0.187,,,,,,,,
14,Mar-04,2004,MARCH,3,9.552,0.000,7.620,0.072,0.00950618153862135,-0.755635812063266,-5.89498719759307,,,
5,Apr-04,2004,APRIL,4,1.915,0.111,,,,,,,,
7,Apr-04,2004,APRIL,4,2.055,0.131,,,,,,,,
14,Apr-04,2004,APRIL,4,1.305,0.033,1.758,0.091,0.0520072019437824,0.0466115465520128,-5.84837565104106,,,
5,May-04,2004,MAY,5,5.883,0.024,,,,,,,,
7,May-04,2004,MAY,5,4.532,0.037,,,,,,,,
14,May-04,2004,MAY,5,3.913,0.020,4.776,0.027,0.00567274704881217,-0.827995549889718,-6.67637120093077,,,
5,Jun-04,2004,JUNE,6,20.198,0.049,,,,,,,,
7,Jun-04,2004,JUNE,6,12.244,0.611,,,,,,,,
14,Jun-04,2004,JUNE,6,14.904,0.114,15.782,0.258,0.0163262311704873,-0.626900860510783,-7.30327206144156,,,
5,Jul-04,2004,JULY,7,19.365,0.145,,,,,,,,
7,Jul-04,2004,JULY,7,19.140,2.574,,,,,,,,
14,Jul-04,2004,JULY,7,9.096,0.497,15.867,1.072,0.0675532156612744,0.34005740556815,-6.96321465587341,,,
5,Aug-04,2004,AUGUST,8,21.066,0.253,,,,,,,,
7,Aug-04,2004,AUGUST,8,30.953,7.556,,,,,,,,
14,Aug-04,2004,AUGUST,8,25.722,,25.914,3.904,0.150671788436626,1.90899986448381,-5.0542147913896,,,
5,Sep-04,2004,SEPTEMBER,9,17.081,0.720,,,,,,,,
7,Sep-04,2004,SEPTEMBER,9,18.361,1.806,,,,,,,,
14,Sep-04,2004,SEPTEMBER,9,4.844,0.199,13.429,0.908,0.0676438238313333,0.341767721330118,-4.71244707005948,,,
5,Oct-04,2004,OCTOBER,10,2.690,0.056,,,,,,,,
7,Oct-04,2004,OCTOBER,10,3.755,0.081,,,,,,,,
14,Oct-04,2004,OCTOBER,10,2.864,0.055,3.103,0.064,0.0207374691758628,-0.543634529389799,-5.25608159944928,,,
5,Nov-04,2004,NOVEMBER,11,2.594,0.059,,,,,,,,
7,Nov-04,2004,NOVEMBER,11,2.293,0.242,,,,,,,,
14,Nov-04,2004,NOVEMBER,11,1.350,0.114,2.079,0.138,0.0665771700885009,0.321633613029027,-4.93444798642025,,,
5,Dec-04,2004,DECEMBER,12,2.542,0.191,,,,,,,,
7,Dec-04,2004,DECEMBER,12,1.826,0.059,,,,,,,,
14,Dec-04,2004,DECEMBER,12,1.596,0.075,1.988,0.109,0.0545879724747166,0.095326055566076,-4.83912193085418,,,
5,Jan-05,2005,JANUARY,1,4.573,0.347,,,,,,,,
7,Jan-05,2005,JANUARY,1,4.634,0.814,,,,,,,,
14,Jan-05,2005,JANUARY,1,3.451,0.400,4.219,0.520,0.123324415867796,1.39279208407608,-3.4463298467781,,,
5,Feb-05,2005,FEBRUARY,2,4.767,0.193,,,,,,,,
7,Feb-05,2005,FEBRUARY,2,3.897,0.111,,,,,,,,
14,Feb-05,2005,FEBRUARY,2,5.800,0.060,4.821,0.121,0.0251754735872241,-0.459862956787621,-3.90619280356572,,,
5,Mar-05,2005,MARCH,3,1.008,0.041,,,,,,,,
7,Mar-05,2005,MARCH,3,2.619,0.040,,,,,,,,
14,Mar-05,2005,MARCH,3,2.313,0.048,1.980,0.043,0.0216773922592054,-0.525892583344156,-4.43208538690987,,,
5,Apr-05,2005,APRIL,4,3.392,0.026,,,,,,,,
7,Apr-05,2005,APRIL,4,3.817,0.060,,,,,,,,
14,Apr-05,2005,APRIL,4,2.172,0.000,3.127,0.029,0.00914603969672178,-0.762433833349261,-5.19451922025914,,,
5,May-05,2005,MAY,5,5.482,0.000,,,,,,,,
7,May-05,2005,MAY,5,3.971,0.029,,,,,,,,
14,May-05,2005,MAY,5,1.720,0.000,3.724,0.010,0.00255355434289519,-0.886873291776359,-6.08139251203549,,,
5,Jun-05,2005,JUNE,6,11.365,0.053,,,,,,,,
7,Jun-05,2005,JUNE,6,8.947,0.832,,,,,,,,
14,Jun-05,2005,JUNE,6,5.756,0.037,8.690,0.307,0.0353657151103325,-0.267512413962238,-6.34890492599773,,,
5,Jul-05,2005,JULY,7,12.595,0.431,,,,,,,,
7,Jul-05,2005,JULY,7,14.109,1.161,,,,,,,,
14,Jul-05,2005,JULY,7,11.157,0.320,12.620,0.637,0.0505092871213751,0.0183369734182108,-6.33056795257952,,,
5,Aug-05,2005,AUGUST,8,19.658,0.394,,,,,,,,
7,Aug-05,2005,AUGUST,8,56.409,0.396,,,,,,,,
14,Aug-05,2005,AUGUST,8,18.495,0.253,31.521,0.348,0.0110283626312007,-0.726903189899974,-7.0574711424795,,,
5,Sep-05,2005,SEPTEMBER,9,13.083,0.050,,,,,,,,
7,Sep-05,2005,SEPTEMBER,9,31.277,0.299,,,,,,,,
14,Sep-05,2005,SEPTEMBER,9,20.563,0.122,21.641,0.157,0.00724987998667543,-0.798225659154758,-7.85569680163425,,,
5,Oct-05,2005,OCTOBER,10,5.442,0.037,,,,,,,,
7,Oct-05,2005,OCTOBER,10,9.286,0.101,,,,,,,,
14,Oct-05,2005,OCTOBER,10,6.974,0.027,7.234,0.055,0.00756161959662146,-0.792341276232399,-8.64803807786665,,,
5,Nov-05,2005,NOVEMBER,11,3.446,0.000,,,,,,,,
7,Nov-05,2005,NOVEMBER,11,4.015,0.000,,,,,,,,
14,Nov-05,2005,NOVEMBER,11,2.728,0.000,3.396,0.000,2.94438064953037E-05,-0.93451828926997,-9.58255636713662,,,
5,Dec-05,2005,DECEMBER,12,4.155,0.036,,,,,,,,
7,Dec-05,2005,DECEMBER,12,2.152,0.118,,,,,,,,
14,Dec-05,2005,DECEMBER,12,1.698,0.022,2.668,0.059,0.0219629203937834,-0.52050296705749,-10.1030593341941,,,
5,Jan-06,2006,JANUARY,1,5.706,0.094,,,,,,,,
7,Jan-06,2006,JANUARY,1,2.717,0.110,,,,,,,,
14,Jan-06,2006,JANUARY,1,2.297,0.084,3.574,0.096,0.0268830744834663,-0.427630358710682,-10.5306896929048,,,
5,Feb-06,2006,February,2,9.393,0.067,,,,,,,,
7,Feb-06,2006,February,2,3.484,0.193,,,,,,,,
14,Feb-06,2006,February,2,3.266,0.082,5.381,0.114,0.0211546800470792,-0.535759275661106,-11.0664489685659,,,
5,Mar-06,2006,March,3,4.107,0.035,,,,,,,,
7,Mar-06,2006,March,3,0.914,0.032,,,,,,,,
14,Mar-06,2006,March,3,1.122,0.017,2.047,0.028,0.0135781967373254,-0.678772635455749,-11.7452216040217,,,
5,Apr-06,2006,April,4,6.909,0.643,,,,,,,,
7,Apr-06,2006,April,4,3.527,1.243,,,,,,,,
14,Apr-06,2006,April,4,1.291,0.172,3.909,0.686,0.175436801309764,2.37646313887464,-9.36875846514701,,,
5,May-06,2006,May,5,9.049,0.113,,,,,,,,
7,May-06,2006,May,5,11.606,0.043,,,,,,,,
14,May-06,2006,May,5,6.812,0.027,9.156,0.061,0.00662620555072142,-0.809998109889122,-10.1787565750361,,,
5,Jun-06,2006,June,6,17.287,0.025,,,,,,,,
7,Jun-06,2006,June,6,23.984,0.054,,,,,,,,
14,Jun-06,2006,June,6,14.320,0.037,18.530,0.039,0.0020794957402717,-0.89582160073831,-11.0745781757744,,,
5,Jul-06,2006,July,7,14.955,0.068,,,,,,,,
7,Jul-06,2006,July,7,26.539,0.288,,,,,,,,
14,Jul-06,2006,July,7,13.442,0.102,18.312,0.153,0.00832800886864682,-0.777874946640962,-11.8524531224154,,,
5,Aug-06,2006,August,8,18.302,0.080,,,,,,,,
7,Aug-06,2006,August,8,33.060,0.164,,,,,,,,
14,Aug-06,2006,August,8,16.911,0.081,22.757,0.108,0.00475890555425357,-0.845245181033013,-12.6976983034484,,,
5,Sep-06,2006,Septemeber,9,17.919,0.056,,,,,,,,
7,Sep-06,2006,Septemeber,9,26.758,0.826,,,,,,,,
14,Sep-06,2006,Septemeber,9,15.142,0.143,19.940,0.342,0.017136752994042,-0.611601486852265,-13.3092997903007,,,
5,Oct-06,2006,October,10,3.982,0.050,,,,,,,,
7,Oct-06,2006,October,10,10.034,0.241,,,,,,,,
14,Oct-06,2006,October,10,3.974,0.377,5.997,0.223,0.0371317398554753,-0.234177009928786,-13.5434768002295,,,
5,Nov-06,2006,November,11,10.615,0.043,,,,,,,,
7,Nov-06,2006,November,11,4.316,0.466,,,,,,,,
14,Nov-06,2006,November,11,1.875,0.048,5.602,0.186,0.0331429251457813,-0.309469697830208,-13.8529464980597,,,
5,Dec-06,2006,December,12,9.140,0.203,,,,,,,,
7,Dec-06,2006,December,12,7.170,0.602,,,,,,,,
14,Dec-06,2006,December,12,2.901,0.234,6.404,0.346,0.054083597938681,0.0858055044021262,-13.7671409936575,,,
5,Jan-07,2007,January,1,8.252,0.072,,,,,,,,
7,Jan-07,2007,January,1,3.898,0.348,,,,,,,,
14,Jan-07,2007,January,1,1.804,0.084,4.651,0.168,0.0361186756485596,-0.253299564548842,-14.0204405582064,,,
5,Feb-07,2007,February,2,6.829,0.099,,,,,,,,
7,Feb-07,2007,February,2,7.515,0.379,,,,,,,,
14,Feb-07,2007,February,2,5.334,0.104,6.559,0.194,0.0295761764406952,-0.37679548672238,-14.3972360449288,,,
5,Mar-07,2007,March,3,3.709,0.069,,,,,,,,
7,Mar-07,2007,March,3,2.549,0.186,,,,,,,,
14,Mar-07,2007,March,3,1.814,0.052,2.691,0.102,0.0380327056491576,-0.217170419938853,-14.6144064648676,,,
5,Apr-07,2007,April,4,5.014,0.099,,,,,,,,
7,Apr-07,2007,April,4,3.159,0.079,,,,,,,,
14,Apr-07,2007,April,4,2.445,0.016,3.539,0.065,0.018270860802411,-0.590194118629678,-15.2046005834973,,,
5,May-07,2007,May,5,12.028,0.059,,,,,,,,
7,May-07,2007,May,5,12.683,0.185,,,,,,,,
14,May-07,2007,May,5,9.635,0.104,11.449,0.116,0.0101321842427066,-0.743819413043882,-15.9484199965412,,,
5,Jun-07,2007,June,6,36.761,0.036,,,,,,,,
7,Jun-07,2007,June,6,25.888,0.117,,,,,,,,
14,Mar-07,2007,June,6,30.686,0.087,31.112,0.080,0.00257138265388118,-0.88653676537627,-16.8349567619175,,,
5,Jul-07,2007,July,7,20.345,0.127,,,,,,,,
7,Jul-07,2007,July,7,24.135,0.297,,,,,,,,
14,Jul-07,2007,July,7,9.307,0.101,17.929,0.175,0.00976072285124658,-0.750831101640661,-17.5857878635581,,,
5,Aug-07,2007,August,8,21.534,0.206,,,,,,,,
7,Aug-07,2007,August,8,24.722,0.562,,,,,,,,
14,Aug-07,2007,August,8,14.334,0.736,20.197,0.501,0.0248225779831655,-0.466524198412506,-18.0523120619706,,,
5,Sep-07,2007,September,9,17.701,0.121,,,,,,,,
7,Sep-07,2007,September,9,29.951,0.001,,,,,,,,
14,Sep-07,2007,September,9,15.657,0.040,21.103,0.054,0.0025588763051067,-0.886772834655892,-18.9390848966265,,,
5,Oct-07,2007,October,10,5.655,0.001,,,,,,,,
7,Oct-07,2007,October,10,5.054,0.019,,,,,,,,
14,Oct-07,2007,October,10,3.088,0.001,4.599,0.007,0.00152205551931579,-0.906343817395336,-19.8454287140218,,,
5,Nov-07,2007,November,11,6.415,0.040,,,,,,,,
7,Nov-07,2007,November,11,3.041,0.039,,,,,,,,
14,Nov-07,2007,November,11,2.314,0.001,3.923,0.027,0.00679693288020391,-0.806775468460397,-20.6522041824822,,,
5,Dec-07,2007,December,12,3.546,0.103,,,,,,,,
7,Dec-07,2007,December,12,2.734,0.460,,,,,,,,
14,Dec-07,2007,December,12,0.924,0.043,2.401,0.202,0.0841199333703498,0.652770027437736,-19.9994341550445,,,
5,Jan-08,2008,January,1,4.669,0.190,,,,,,,,
7,Jan-08,2008,January,1,1.601,0.096,,,,,,,,
14,Jan-08,2008,January,1,1.253,0.064,2.508,0.117,0.0465239930878639,-0.0568892583571883,-20.0563234134017,,,
5,Feb-08,2008,February,2,3.900,0.201,,,,,,,,
7,Feb-08,2008,February,2,1.791,0.204,,,,,,,,
14,Feb-08,2008,February,2,2.513,0.139,2.735,0.181,0.0663091175036567,0.316573864436847,-19.7397495489649,,,
5,Mar-08,2008,March,3,1.997,0.041,,,,,,,,
7,Mar-08,2008,March,3,2.080,0.035,,,,,,,,
14,Mar-08,2008,March,3,1.872,0.040,1.983,0.039,0.0194990754748697,-0.567010393453214,-20.3067599424181,,,
5,Apr-08,2008,April,4,3.934,0.111,,,,,,,,
7,Apr-08,2008,April,4,5.797,0.738,,,,,,,,
14,Apr-08,2008,April,4,1.417,0.117,3.716,0.322,0.0866523143164693,0.700571136814991,-19.6061888056031,,,
5,May-08,2008,May,5,6.690,0.081,,,,,,,,
7,May-08,2008,May,5,3.639,0.756,,,,,,,,
14,May-08,2008,May,5,1.901,0.102,4.077,0.313,0.076778413736713,0.51419183147536,-19.0919969741277,,,
5,Jun-08,2008,June,6,11.015,0.075,,,,,,,,
7,Jun-08,2008,June,6,22.237,3.242,,,,,,,,
14,Jun-08,2008,June,6,9.881,0.201,14.378,1.173,0.081561681311293,0.604480576090793,-18.4875163980369,,,
5,Jul-08,2008,July,7,15.352,0.266,,,,,,,,
7,Jul-08,2008,July,7,32.878,1.986,,,,,,,,
14,Jul-08,2008,July,7,14.779,3.059,21.003,1.770,0.0842895459378819,0.655971626669787,-17.8315447713671,,,
5,Aug-08,2008,August,8,15.361,0.281,,,,,,,,
7,Aug-08,2008,August,8,40.704,2.693,,,,,,,,
14,Aug-08,2008,August,8,20.457,2.366,25.507,1.780,0.069783853009592,0.382162816300807,-17.4493819550663,,,
5,Sep-08,2008,September,9,30.481,0.167,,,,,,,,
7,Sep-08,2008,September,9,13.150,0.549,,,,,,,,
14,Sep-08,2008,September,9,3.095,0.163,15.575,0.293,0.018811796430253,-0.579983441933444,-18.0293653969998,,,
5,Oct-08,2008,October,10,10.756,0.019,,,,,,,,
7,Oct-08,2008,October,10,19.639,0.131,,,,,,,,
14,Oct-08,2008,October,10,2.291,0.021,10.895,0.057,0.00523159762589488,-0.836322666648709,-18.8656880636485,,,
5,Nov-08,2008,November,11,1.775,0.012,,,,,,,,
7,Nov-08,2008,November,11,4.777,0.113,,,,,,,,
14,Nov-08,2008,November,11,1.095,0.021,2.549,0.049,0.0190924545573427,-0.574685751690122,-19.4403738153386,,,
5,Dec-07,2008,December,12,3.830,0.132,,,,,,,,
7,Dec-08,2008,December,12,2.895,0.390,,,,,,,,
14,Dec-08,2008,December,12,2.363,0.221,3.029,0.248,0.081756161971831,0.608151584333208,-18.8322222310054,,,
5,Jan-09,2009,January,1,4.410,0.119,,,,,,,,
7,Jan-09,2009,January,1,4.982,0.209,,,,,,,,
14,Jan-09,2009,January,1,2.997,0.107,4.130,0.145,0.0351117927193478,-0.272305441647662,-19.1045276726531,,,
5,Feb-09,2009,February,2,3.547,0.029,,,,,,,,
7,Feb-09,2009,February,2,4.491,0.112,,,,,,,,
14,Feb-09,2009,February,2,3.957,0.016,3.998,0.052,0.0130887869945811,-0.688010711851429,-19.7925383845045,,,
5,Mar-09,2009,March,3,6.473,0.037,,,,,,,,
7,Mar-09,2009,March,3,4.806,0.146,,,,,,,,
14,Mar-09,2009,March,3,2.104,0.080,4.461,0.088,0.0196517970559665,-0.564127627724992,-20.3566660122295,,,
5,Apr-09,2009,April,4,2.018,0.019,,,,,,,,
7,Apr-09,2009,April,4,2.216,0.126,,,,,,,,
14,Apr-09,2009,April,4,1.155,0.014,1.796,0.053,0.0295045462980145,-0.378147574089108,-20.7348135863186,,,
5,May-09,2009,May,5,2.884,0.177,,,,,,,,
7,May-09,2009,May,5,2.205,0.067,,,,,,,,
14,May-09,2009,May,5,0.944,0.012,2.011,0.085,0.0424332836068291,-0.134105307401134,-20.8689188937197,,,
5,Jun-09,2009,June,6,22.057,0.026,,,,,,,,
7,Jun-09,2009,June,6,5.612,0.241,,,,,,,,
14,Jun-09,2009,June,6,4.719,0.174,10.796,0.147,0.0136161541311597,-0.678056153388891,-21.5469750471086,,,
5,Jul-09,2009,July,7,13.251,0.243,,,,,,,,
7,Jul-09,2009,July,7,9.622,1.512,,,,,,,,
14,Jul-09,2009,July,7,5.037,0.399,9.303,0.718,0.0771766391974203,0.521708717445161,-21.0252663296635,,,
5,Aug-09,2009,August,8,13.522,0.171,,,,,,,,
7,Aug-09,2009,August,8,73.146,21.587,,,,,,,,
14,Aug-09,2009,August,8,16.118,2.313,34.262,8.024,0.234185589477166,3.48540263444081,-17.5398636952226,,,
5,Sep-09,2009,September,9,7.631,0.073,,,,,,,,
7,Sep-09,2009,September,9,18.936,0.627,,,,,,,,
14,Sep-09,2009,September,9,15.296,0.157,13.954,0.286,0.0204715381124143,-0.548654232239083,-18.0885179274617,,,
5,Oct-09,2009,October,10,6.761,0.235,,,,,,,,
7,Oct-09,2009,October,10,4.146,0.532,,,,,,,,
14,Oct-09,2009,October,10,0.841,0.028,3.916,0.265,0.0676710929519918,0.34228245203097,-17.7462354754308,,,
5,Nov-09,2009,November,11,3.416,0.153,,,,,,,,
7,Nov-09,2009,November,11,1.850,0.053,,,,,,,,
14,Nov-09,2009,November,11,2.537,0.243,2.601,0.150,0.0575419710367807,0.151085600188244,-17.5951498752425,,,
5,Dec-09,2009,December,12,2.408,0.142,,,,,,,,
7,Dec-09,2009,December,12,33.402,0.914,,,,,,,,
14,Dec-09,2009,December,12,2.804,0.122,12.871,0.393,0.0305070699746206,-0.35922398204733,-17.9543738572898,,,
5,Jan-10,2010,January,1,5.458,0.108,,,,,,,,
7,Jan-10,2010,January,1,5.963,0.938,,,,,,,,
14,Jan-10,2010,January,1,5.695,0.402,5.705,0.483,0.084661866090208,0.662999525198232,-17.2913743320916,,,
5,Feb-10,2010,February,2,0.833,0.000,,,,,,,,
7,Feb-10,2010,February,2,1.646,0.028,,,,,,,,
14,Feb-10,2010,February,2,5.359,0.061,,,,,,,,
14,Feb-10,2010,February,2,5.359,0.000,3.299,0.022,0.00678159809047511,-0.807064927264858,-18.0984392593565,,,
5,Mar-10,2010,March,3,8.899,0.000,,,,,,,,
7,Mar-10,2010,March,3,6.426,0.241,,,,,,,,
14,Mar-10,2010,March,3,6.869,0.058,7.398,0.100,0.0134516817608363,-0.681160726488532,-18.779599985845,,,
5,Apr-10,2010,April,4,4.750,0.000,,,,,,,,
7,Apr-10,2010,April,4,3.358,0.000,,,,,,,,
14,Apr-10,2010,April,4,1.888,0.000,3.332,0.000,0,-0.935074069243327,-19.7146740550883,,,
5,May-10,2010,May,5,10.982,0.110,,,,,,,,
7,May-10,2010,May,5,5.184,0.022,,,,,,,,
14,May-10,2010,May,5,5.593,0.000,7.253,0.044,0.00609487453467531,-0.820027490363046,-20.5347015454514,,,
5,Jun-10,2010,June,6,12.043,0.218,,,,,,,,
7,Jun-10,2010,June,6,20.409,1.352,,,,,,,,
14,Jun-10,2010,June,6,9.240,0.291,13.897,0.620,0.0446247691403627,-0.0927389245717137,-20.6274404700231,,,
5,Jul-10,2010,July,7,19.992,0.464,,,,,,,,
7,Jul-10,2010,July,7,18.753,2.527,,,,,,,,
7,Jul-10,2010,July,7,18.753,2.415,,,,,,,,
14,Jul-10,2010,July,7,11.590,1.782,17.272,1.797,0.104037302064034,1.02872938730136,-19.5987110827217,,,
5,Aug-10,2010,August,8,22.229,0.226,,,,,,,,
7,Aug-10,2010,August,8,27.542,0.805,,,,,,,,
14,Aug-10,2010,August,8,10.205,0.147,19.992,0.393,0.0196448725323463,-0.564258334722872,-20.1629694174446,,,
5,Sep-10,2010,September,9,12.015,0.034,,,,,,,,
7,Sep-10,2010,September,9,13.039,0.117,,,,,,,,
14,Sep-10,2010,September,9,9.499,0.109,11.518,0.087,0.00752368101177901,-0.793057403261569,-20.9560268207062,,,
5,Oct-10,2010,October,10,9.340,0.000,,,,,,,,
7,Oct-10,2010,October,10,6.448,0.105,,,,,,,,
14,Oct-10,2010,October,10,4.769,0.190,6.852,0.098,0.0143485613173128,-0.664231268129174,-21.6202580888353,,,
5,Nov-10,2010,November,11,2.137,0.056,,,,,,,,
7,Nov-10,2010,November,11,3.373,0.000,,,,,,,,
14,Nov-10,2010,November,11,2.300,0.021,2.603,0.026,0.0099497919334187,-0.747262242109232,-22.3675203309446,,,
5,Dec-10,2010,December,12,1.663,0.040,,,,,,,,
7,Dec-10,2010,December,12,0.938,0.072,,,,,,,,
14,Dec-10,2010,December,12,0.928,0.051,1.176,0.054,0.0458643029186738,-0.0693415404598767,-22.4368618714045,,,
5,Jan-11,2011,January,1,4.215,0.074,,,,,,,,
7,Jan-11,2011,January,1,3.499,0.200,,,,,,,,
14,Jan-11,2011,January,1,2.980,0.092,3.565,0.122,0.0342705021507387,-0.288185604760466,-22.7250474761649,,,
5,Feb-11,2011,February,2,1.840,0.079,,,,,,,,
7,Feb-11,2011,February,2,2.857,0.039,,,,,,,,
14,Feb-11,2011,February,2,3.611,0.069,,,,,,,,
14,Feb-11,2011,February,2,3.611,0.057,2.980,0.061,0.0204716943535531,-0.548651283038341,-23.2736987592033,,,
5,Mar-11,2011,March,3,1.313,0.000,,,,,,,,
7,Mar-11,2011,March,3,1.318,0.030,,,,,,,,
14,Mar-11,2011,March,3,0.772,0.000,1.134,0.010,0.00881079194828093,-0.768761954841509,-24.0424607140448,,,
5,Apr-11,2011,April,4,1.140,0.036,,,,,,,,
7,Apr-11,2011,April,4,4.404,0.036,,,,,,,,
14,Apr-11,2011,April,4,0.467,0.000,2.004,0.024,0.0118903884545001,-0.710631629047846,-24.7530923430926,,,
5,May-11,2011,May,5,6.064,0.116,,,,,,,,
7,May-11,2011,May,5,5.212,0.116,,,,,,,,
14,May-11,2011,May,5,4.598,0.050,5.291,0.094,0.0177982471336777,-0.599115153084199,-25.3522074961768,,,
5,Jun-11,2011,June,6,10.510,0.086,,,,,,,,
7,Jun-11,2011,June,6,7.739,0.303,,,,,,,,
14,Jun-11,2011,June,6,6.599,0.177,8.283,0.189,0.0227649961767547,-0.505363020482941,-25.8575705166598,,,
5,Jul-11,2011,July,7,7.095,0.144,,,,,,,,
7,Jul-11,2011,July,7,9.656,1.106,,,,,,,,
14,Jul-11,2011,July,7,5.927,0.412,7.559,0.554,0.0732741313166946,0.44804515338383,-25.4095253632759,,,
5,Aug-11,2011,August,8,9.578,0.121,,,,,,,,
7,Aug-11,2011,August,8,11.447,0.287,,,,,,,,
7,Aug-11,2011,August,8,11.447,0.309,,,,,,,,
14,Aug-11,2011,August,8,14.853,0.127,11.831,0.211,0.0178325277337559,-0.598468074011689,-26.0079934372876,,,
5,Sep-11,2011,September,9,7.485,0.170,,,,,,,,
7,Sep-11,2011,September,9,3.518,0.456,,,,,,,,
14,Sep-11,2011,September,9,5.443,0.084,5.482,0.237,0.04324000516843,-0.118877667317138,-26.1268711046048,,,
5,Oct-11,2011,October,10,2.770,0.208,,,,,,,,
7,Oct-11,2011,October,10,2.016,0.477,,,,,,,,
14,Oct-11,2011,October,10,1.399,0.087,2.062,0.257,0.1248683912692,1.42193609463711,-24.7049350099676,,,
5,Nov-11,2011,November,11,4.565,0.093,,,,,,,,
7,Nov-11,2011,November,11,1.521,0.264,,,,,,,,
14,Nov-11,2011,November,11,1.043,0.226,2.376,0.194,0.0817700589142937,0.608413902397039,-24.0965211075706,,,
5,Dec-11,2011,December,12,2.329,0.199,,,,,,,,
7,Dec-11,2011,December,12,1.361,0.272,,,,,,,,
14,Dec-11,2011,December,12,0.531,0.042,1.407,0.171,0.121399461028192,1.35645672269406,-22.7400643848765,,,
5,Jan-12,2012,January,1,11.461,0.157,,,,,,,,
7,Jan-12,2012,January,1,2.474,0.372,,,,,,,,
7,Jan-12,2012,January,1,2.474,0.359,,,,,,,,
14,Jan-12,2012,January,1,1.694,0.210,4.526,0.275,0.0606539730983815,0.209827611794661,-22.5302367730819,,,
5,Feb-12,2012,February,2,3.382,0.045,,,,,,,,
7,Feb-12,2012,February,2,1.637,0.391,,,,,,,,
14,Feb-12,2012,February,2,1.046,0.056,,,,,,,,
14,Feb-12,2012,February,2,1.046,0.053,1.778,0.136,0.0767073548024188,0.512850526212566,-22.0173862468693,,,
5,Mar-12,2012,March,3,3.185,0.107,,,,,,,,
7,Mar-12,2012,March,3,2.816,1.273,,,,,,,,
14,Mar-12,2012,March,3,1.192,0.108,2.060,0.385,0.187034773637577,2.59538594535275,-19.4220003015166,,,
5,Apr-12,2012,April,4,1.676,0.000,,,,,,,,
7,Apr-12,2012,April,4,1.776,0.043,,,,,,,,
14,Apr-12,2012,April,4,1.015,0.018,1.489,0.020,0.0134830702932617,-0.680568237955573,-20.1025685394721,,,
5,May-12,2012,May,5,3.453,0.059,,,,,,,,
7,May-12,2012,May,5,6.641,0.260,,,,,,,,
14,May-12,2012,May,5,4.230,0.000,4.775,0.106,0.0222265690449595,-0.515526346920087,-20.6180948863922,,,
5,Jun-12,2012,June,6,8.724,0.021,,,,,,,,
7,Jun-12,2012,June,6,6.561,0.189,,,,,,,,
7,Jun-12,2012,June,6,6.561,0.165,,,,,,,,
14,Jun-12,2012,June,6,1.976,0.056,5.956,0.108,0.018122428847284,-0.592995913570118,-21.2110907999623,,,
5,Jul-12,2012,July,7,13.636,0.245,,,,,,,,
7,Jul-12,2012,July,7,10.025,1.558,,,,,,,,
14,Jul-12,2012,July,7,7.094,1.412,10.252,1.072,0.104558758738417,1.03857238014406,-20.1725184198183,,,
5,Aug-12,2012,August,8,57.398,15.261,,,,,,,,
7,Aug-12,2012,August,8,21.313,9.891,,,,,,,,
14,Aug-12,2012,August,8,3.710,1.122,27.474,8.758,0.318779786098203,5.08219890301151,-15.0903195168068,,,
5,Sep-12,2012,September,9,13.070,5.436,,,,,,,,
7,Sep-12,2012,September,9,20.485,5.486,,,,,,,,
14,Sep-12,2012,September,9,2.747,0.346,12.101,3.756,0.310397639937193,4.92397788730195,-10.1663416295048,,,
5,Oct-12,2012,October,10,3.697,0.244,,,,,,,,
7,Oct-12,2012,October,10,1.903,0.073,,,,,,,,
14,Oct-12,2012,October,10,1.704,0.112,2.435,0.143,0.0587281284227821,0.173475453908227,-9.99286617559658,,,
5,Nov-12,2012,November,11,4.745,0.045,,,,,,,,
7,Nov-12,2012,November,11,4.239,0.000,,,,,,,,
14,Nov-12,2012,November,11,1.831,0.000,,,,,,,,
14,Nov-12,2012,November,11,1.831,0.000,3.162,0.011,0.00357862169856081,-0.867524166257819,-10.8603903418544,,,
5,Dec-12,2012,December,12,2.211,0.099,,,,,,,,
7,Dec-12,2012,December,12,3.383,0.506,,,,,,,,
14,Dec-12,2012,December,12,1.192,0.123,2.262,0.243,0.107216548776894,1.08874070593473,-9.77164963591967,,,
5,Jan-13,2013,January,1,2.349,0.000,,,,,,,,
7,Jan-13,2013,January,1,2.668,0.175,,,,,,,,
7,Jan-13,2013,January,1,2.668,0.187,,,,,,,,
14,Jan-13,2013,January,1,1.380,0.026,2.266,0.097,0.0427255239933811,-0.12858899094668,-9.90023862686635,,,
5,Feb-13,2013,February,2,8.337,0.000,,,,,,,,
7,Feb-13,2013,February,2,5.288,0.118,,,,,,,,
14,Feb-13,2013,February,2,6.039,0.038,,,,,,,,
14,Feb-13,2013,February,2,6.039,0.043,6.426,0.050,0.0077267245068669,-0.789224763337505,-10.6894633902039,,,
5,Mar-13,2013,March,3,6.865,0.055,,,,,,,,
7,Mar-13,2013,March,3,10.744,0.158,,,,,,,,
14,Mar-13,2013,March,3,8.976,0.000,8.862,0.071,0.00802925992100809,-0.783514118403134,-11.472977508607,,,
5,Apr-13,2013,April,4,2.543,0.000,,,,,,,,
7,Apr-13,2013,April,4,5.241,0.074,,,,,,,,
14,Apr-13,2013,April,4,0.433,0.000,2.739,0.025,0.00898040647438238,-0.76556031863959,-12.2385378272466,,,
5,May-13,2013,May,5,1.237,0.056,,,,,,,,
7,May-13,2013,May,5,1.239,0.000,,,,,,,,
14,May-13,2013,May,5,0.636,0.000,1.037,0.019,0.0179254498714653,-0.596714079899934,-12.8352519071465,,,
5,Jun-13,2013,June,6,6.915,0.065,,,,,,,,
5,Jun-13,2013,June,6,6.915,0.050,,,,,,,,
7,Jun-13,2013,June,6,7.186,0.369,,,,,,,,
14,Jun-13,2013,June,6,5.277,0.199,6.573,0.171,0.0259639590385274,-0.444979540705267,-13.2802314478518,,,
5,Jul-13,2013,July,7,6.603,0.345,,,,,,,,
7,Jul-13,2013,July,7,9.822,0.711,,,,,,,,
14,Jul-13,2013,July,7,4.432,0.190,6.952,0.415,0.0597046195521887,0.191907656754412,-13.0883237910974,,,
5,Aug-13,2013,August,8,6.929,0.280,,,,,,,,
7,Aug-13,2013,August,8,5.913,1.712,,,,,,,,
14,Aug-13,2013,August,8,4.397,1.661,5.746,1.218,0.211946864667324,3.0656254604438,-10.0226983306536,,,
5,Sep-13,2013,September,9,3.400,0.046,,,,,,,,
7,Sep-13,2013,September,9,7.870,3.716,,,,,,,,
14,Sep-13,2013,September,9,0.883,0.144,4.051,1.302,0.321359612852794,5.13089559734556,-4.89180273330802,,,
5,Oct-13,2013,October,10,2.643,0.041,,,,,,,,
7,Oct-13,2013,October,10,3.212,0.133,,,,,,,,
14,Oct-13,2013,October,10,1.133,0.061,2.329,0.078,0.0335855394962793,-0.301114929163779,-5.1929176624718,,,
5,Nov-13,2013,November,11,0.708,0.000,,,,,,,,
7,Nov-13,2013,November,11,0.648,0.038,,,,,,,,
14,Nov-13,2013,November,11,0.482,0.014,,,,,,,,
14,Nov-13,2013,November,11,0.482,0.000,0.580,0.013,0.0223839439655172,-0.512555744964507,-5.7054734074363,,,
5,Dec-13,2013,December,12,3.255,0.078,,,,,,,,
7,Dec-13,2013,December,12,6.699,2.624,,,,,,,,
14,Dec-13,2013,December,12,2.052,0.293,,,,,,,,
14,Dec-13,2013,December,12,2.052,0.274,3.515,0.817,0.232503787878788,3.45365702275545,-2.25181638468086,,,
5,Jan-14,2014,January,1,2.716,0.000,,,,,,,,
7,Jan-14,2014,January,1,4.199,0.404,,,,,,,,
14,Jan-14,2014,January,1,2.839,0.141,2.952,0.205,0.0693120023716754,0.373256184781825,-1.87856019989903,,,
5,Feb-14,2014,February,2,2.921,0.032,,,,,,,,
7,Feb-14,2014,February,2,3.815,0.139,,,,,,,,
7,Feb-14,2014,February,2,3.815,0.158,,,,,,,,
14,Feb-14,2014,February,2,4.590,0.069,3.785,0.099,0.0262666518063536,-0.439265925569781,-2.31782612546881,,,
5,Mar-14,2014,March,3,5.923,0.154,,,,,,,,
7,Mar-14,2014,March,3,3.707,0.172,,,,,,,,
14,Mar-14,2014,March,3,5.329,0.163,4.887,0.140,0.028560936620799,-0.395959108115665,-2.71378523358448,,,
5,Apr-14,2014,April,4,5.723,0.137,,,,,,,,
7,Apr-14,2014,April,4,2.221,0.018,,,,,,,,
7,Apr-14,2014,April,4,2.221,0.023,3.874,0.085,0.0220331015231703,-0.519178231200833,-3.23296346478531,,,
14,Apr-14,2014,April,4,2.358,0.063,,,,,,,,
5,May-14,2014,May,5,1.140,0.000,,,,,,,,
7,May-13,2014,May,5,2.476,0.000,2.049,0.021,0.0104783658735001,-0.737284904077798,-3.97024836886311,,,
14,May-13,2014,May,5,1.574,0.027,,,,,,,,
5,Jun-14,2014,June,6,4.274,0.091,,,,,,,,
7,Jun-14,2014,June,6,1.589,0.238,,,,,,,,
14,Jun-14,2014,June,6,1.023,0.046,2.115,0.101,0.0475641252955083,-0.0372557693670732,-4.00750413823018,,,
5,Jul-14,2014,July,7,10.998,0.436,,,,,,,,
5,Jul-14,2014,July,7,10.998,0.467,,,,,,,,
7,Jul-14,2014,July,7,5.353,0.808,,,,,,,,
14,Jul-14,2014,July,7,3.346,0.246,7.674,0.489,0.0637371925395015,0.268026323945334,-3.73947781428485,,,
5,Aug-14,2014,August,8,3.715,0.222,,,,,,,,
7,Aug-14,2014,August,8,9.328,2.270,,,,,,,,
14,Aug-14,2014,August,8,2.954,0.228,,,,,,,,
14,Aug-14,2014,August,8,2.954,0.284,4.738,0.751,0.158556784602396,2.05783669913806,-1.68164111514679,,,
5,Sep-14,2014,September,9,4.335,0.093,,,,,,,,
7,Sep-14,2014,September,9,1.879,0.294,,,,,,,,
14,Sep-14,2014,September,9,1.118,0.047,2.572,0.180,0.0698604778339491,0.383609183055271,-1.29803193209151,,,
5,Oct-14,2014,October,10,1.516,0.047,,,,,,,,
7,Oct-14,2014,October,10,1.382,0.061,,,,,,,,
14,Oct-14,2014,October,10,1.580,0.043,1.399,0.050,0.0354007103288063,-0.266851845784882,-1.5648837778764,,,
5,Nov-14,2014,November,11,1.988,0.045,,,,,,,,
7,Nov-14,2014,November,11,1.781,0.150,,,,,,,,
14,Nov-14,2014,November,11,1.137,0.135,1.622,0.093,0.0574726140918902,0.149776421601246,-1.41510735627515,,,
5,Dec-14,2014,December,12,3.316,0.119,,,,,,,,
7,Dec-14,2014,December,12,1.273,0.099,,,,,,,,
14,Dec-14,2014,December,12,1.286,0.100,1.753,0.113,0.0644161794067313,0.280842849656406,-1.13426450661875,,,
5,Jan-15,,,1,4.435,0.011,,,,,,,,
7,Jan-15,,,1,5.681,0.660,,,,,,,,
14,Jan-15,,,1,3.412,0.143,4.509,0.271,0.0601714961561207,0.200720398630562,-0.933544107988184,,,
5,Feb-15,,,2,,,,,,,,,,
7,Feb-15,,,2,,,,,,,,,,
14,Feb-15,,,2,,,,,,,,,,
5,Mar-15,,,3,9.515,0.072,,,,,,,,
7,Mar-15,,,3,3.000,0.084,,,,,,,,
14,Mar-15,,,3,4.807,0.067,5.774,0.074,0.012873802101374,-0.692068757071836,-1.62561286506002,,,
5,Apr-15,,,4,3.861,0.057,,,,,,,,
7,Apr-15,,,4,1.174,0.001,,,,,,,,
14,Apr-15,,,4,1.194,0.007,2.076,0.022,0.0104350457537325,-0.738102612719311,-2.36371547777933,,,
5,May-15,,,5,4.507,0.148,,,,,,,,
7,May-15,,,5,3.887,0.001,,,,,,,,
14,May-15,,,5,2.588,0.016,3.661,0.055,0.0150245765798579,-0.651470834295107,-3.01518631207444,,,
5,Jun-15,,,6,6.416,0.298,,,,,,,,
7,Jun-15,,,6,4.387,0.307,,,,,,,,
14,Jun-15,,,6,2.858,0.313,4.554,0.306,0.0671985945391992,0.333363593142425,-2.68182271893201,,,
5,Jul-15,,,7,8.353,0.209,,,,,,,,
7,Jul-15,,,7,15.036,3.258,,,,,,,,
14,Jul-15,,,7,6.805,0.402,10.065,1.290,0.128138040670332,1.48365385036746,-1.19816886856455,,,
5,Aug-15,,,8,12.521,0.027,,,,,,,,
7,Aug-15,,,8,25.341,1.293,,,,,,,,
14,Aug-15,,,8,10.223,0.193,16.028,0.504,0.0314651138608714,-0.341139988537168,-1.53930885710172,,,
5,Sep-15,,,9,2.331,0.099,,,,,,,,
7,Sep-15,,,9,16.768,0.356,,,,,,,,
14,Sep-15,,,9,6.837,0.105,8.645,0.187,0.0215916101172116,-0.527511803216404,-2.06682066031812,,,
5,Oct-15,,,10,4.462,0.123,,,,,,,,
7,Oct-15,,,10,5.477,0.344,,,,,,,,
14,Oct-15,,,10,1.685,0.124,3.875,0.197,0.0508430832759807,0.0246376946902056,-2.04218296562792,,,
5,Nov-15,,,11,0.396,0.021,,,,,,,,
7,Nov-15,,,11,1.890,0.013,,,,,,,,
14,Nov-15,,,11,0.785,0.012,,,,,,,,
5,Dec-15,,,12,1.883,0.112,1.519,0.046,0.0300570425625274,-0.367718679332583,-2.4099016449605,,,
7,Dec-15,,,12,1.699,0.107,,,,,,,,
14,Dec-15,,,12,1.491,0.107,,,,,,,,
5,Jan-16,,,1,1.357,0.009,1.516,0.074,0.0490433252694084,-0.00933445687592528,-2.41923610183642,,,
7,Jan-16,,,1,1.921,0.018,,,,,,,,
14,Jan-16,,,1,1.569,0.009,,,,,,,,
5,Feb-16,,,2,6.251,1.125,3.247,0.384,0.118263012011087,1.29725325144991,-1.12198285038652,,,
7,Feb-16,,,2,5.287,1.059,,,,,,,,
14,Feb-16,,,2,3.102,0.16,,,,,,,,
5,Mar-16,,,3,4.021,0.216,4.137,0.478,0.11563255439162,1.24760085117692,0.125618000790408,,,
7,Mar-16,,,3,3.9,0.683,,,,,,,,
14,Mar-16,,,3,1.583,0.026,,,,,,,,
5,Apr-16,,,4,3.683,0.014,3.055,0.241,0.0788784638882828,0.553832284127925,0.679450284918332,,,
7,Apr-16,,,4,4.112,0.148,,,,,,,,
14,Apr-16,,,4,1.421,0.053,,,,,,,,
5,May-16,,,5,9.234,0.017,,,,,,,,
7,May-16,,,5,10.819,0.8,7.158,0.290,0.0405141100866164,-0.170331540857121,0.509118744061211,,,
14,May-16,,,5,4.843,0.26,,,,,,,,
5,Jun-16,,,6,10.271,0.053,,,,,,,,
7,Jun-16,,,6,10.773,0.277,8.629,0.197,0.022791362459922,-0.504865331702158,0.00425341235905363,,,
14,Jun-16,,,6,11.181,0.43,,,,,,,,
5,Jul-16,,,7,10.353,0.038,,,,,,,,
7,Jul-16,,,7,14.101,0.988,11.878,0.485,0.0408587063280483,-0.163826957629658,-0.159573545270604,,,
14,Jul-16,,,7,5.905,0.742,,,,,,,,
5,Aug-16,,,8,14.886,0.361,,,,,,,,
7,Aug-16,,,8,11.77,0.157,10.854,0.420,0.0386966002272657,-0.204638775601636,-0.36421232087224,,,
14,Aug-16,,,8,2.694,0.221,,,,,,,,
5,Sep-16,,,9,8.543,0.044,,,,,,,,
7,Sep-16,,,9,22.083,0.492,11.107,0.252,0.022719087635054,-0.506229588060992,-0.870441908933232,,,
14,Sep-16,,,9,1.566,0.066,,,,,,,,
5,Oct-16,,,10,1.851,0.019,,,,,,,,
7,Oct-16,,,10,2.515,0.084,,,,,,,,
14,Oct-16,,,10,1.171,0.013,1.846,0.039,0.0209499729095178,-0.539623318426028,-1.41006522735926,,,
5,Nov-16,,,11,0.311,0.0009999,,,,,,,,
7,Nov-16,,,11,1.727,0.022,,,,,,,,
14,Nov-16,,,11,0.384,0.009,0.807,0.011,0.0132121800165153,-0.685681550693071,-2.09574677805233,,,
5,Dec-16,,,12,1.561,0.112,,,,,,,,
7,Dec-16,,,12,2.318,0.012,,,,,,,,
14,Dec-16,,,12,1.152,0.026,1.677,0.050,0.0298151460942159,-0.372284706239969,-2.4680314842923,,,
5,Jan-17,,,1,,,,,,,,,,
7,Jan-17,,,1,,,,,,,,,,
14,Jan-17,,,1,,,#DIV/0!,#DIV/0!,,,,,,
5,Feb-17,,,2,,,,,,,,,,
7,Feb-17,,,2,,,,,,,,,,
14,Feb-17,,,2,,,#DIV/0!,#DIV/0!,,,,,,
5,Mar-17,,,3,1.772,0.024,,,,,,,,
7,Mar-17,,,3,2.405,0.087,,,,,,,,
14,Mar-17,,,3,0.744,0.038,1.640,0.050,0.0302783986994513,-0.363540370800986,-2.83157185509329,,,
5,Apr-17,,,4,,,,,,,,,,
7,Apr-17,,,4,2.437,0.047,,,,,,,,
14,Apr-17,,,4,0.609,0.023,1.523,0.035,0.0229809586342745,-0.501286522802328,-3.33285837789561,,,
5,May-17,,,5,16.996,0.026,,,,,,,,
7,May-17,,,5,3.274,0.235,,,,,,,,
14,May-17,,,5,2.775,0.343,7.682,0.201,0.0262095899327403,-0.440343022941738,-3.77320140083735,,,
5,Jun-17,,,6,12.574,0.143,,,,,,,,
7,Jun-17,,,6,6.647,0.92,,,,,,,,
14,Jun-17,,,6,2.396,0.241,7.206,0.435,0.0603228940185965,0.20357817790535,-3.569623222932,,,
5,Jul-17,,,7,6.591,0.042,,,,,,,,
7,Jul-17,,,7,8.494,1.613,,,,,,,,
14,Jul-17,,,7,1.457,0.275,5.514,0.643,0.116672711884899,1.26723481745755,-2.30238840547445,,,
5,Aug-17,,,8,,,,,,,,,,
7,Aug-17,,,8,,,,,,,,,,
14,Aug-17,,,8,,,,,,,,,,
5,Sep-17,,,9,1.898,0.027,,,,,,,,
7,Sep-17,,,9,3.137,0.305,,,,,,,,
14,Sep-17,,,9,0.668,0.029,1.901,0.120,0.0633000175346309,0.259774228123477,-2.04261417735097,,,
5,Oct-17,,,10,,,,,,,,,,
7,Oct-17,,,10,,,,,,,,,,
14,Oct-17,,,10,,,,,,,,,,
5,Nov-17,,,11,0.704,0.022,,,,,,,,
7,Nov-17,,,11,0.969,0.029,,,,,,,,
14,Nov-17,,,11,0.406,0.016,0.693,0.022,0.0322270322270322,-0.32675805156469,-2.36937222891566,,,
5,Dec-17,,,12,1.896,0.147,,,,,,,,
7,Dec-17,,,12,3.827,0.725,,,,,,,,
14,Dec-17,,,12,1.651,0.227,2.458,0.366,0.149037157580689,1.87814464562117,-0.491227583294495,,,
5,Jan-18,,,1,3.125,0.027,,,,,,,,
7,Jan-18,,,1,5.294,0.021,,,,,,,,
14,Jan-18,,,1,5.208,0.0009999,4.54233333333333,0.0163333,0.00359579511264402,-0.86720000166235,-1.35842758495684,,,
5,Feb-18,,,2,3.33,0.06,,,,,,,,
7,Feb-18,,,2,3.649,0.507,,,,,,,,
14,Feb-18,,,2,0.867,0.02,2.61533333333333,0.195666666666667,0.074815192454754,0.477134154440442,-0.881293430516403,,,
5,Mar-18,,,3,5.389,0.025,,,,,,,,
7,Mar-18,,,3,3.491,0.067,,,,,,,,
14,Mar-18,,,3,2.07,0.012,3.65,0.0346666666666667,0.00949771689497717,-0.755795590297775,-1.63708902081418,,,
5,Apr-18,,,4,1.431,0.0009999,,,,,,,,
7,Apr-18,,,4,2.318,0.0009999,,,,,,,,
14,Apr-18,,,4,0.888,0.0009999,1.54566666666667,0.0009999,0.000646905326719862,-0.922863113254794,-2.55995213406897,,,
5,May-18,,,5,17.451,0.077,,,,,,,,
7,May-18,,,5,6.167,0.154,,,,,,,,
14,May-18,,,5,1.347,0.038,8.32166666666667,0.0896666666666667,0.0107750851191668,-0.73168404487919,-3.29163617894816,,,
5,Jun-18,,,6,5.943,0.041,,,,,,,,
7,Jun-18,,,6,13.451,2.76,,,,,,,,
14,Jun-18,,,6,2.3,0.198,7.23133333333333,0.999666666666667,0.138240988291694,1.67435663741118,-1.61727954153699,,,
5,Jul-18,,,7,19.793,0.669,,,,,,,,
7,Jul-18,,,7,15.863,1.313,,,,,,,,
14,Jul-18,,,7,3.943,0.166,13.1996666666667,0.716,0.0542437940352029,0.0888293587489178,-1.52845018278807,,,
5,Aug-18,,,8,7.844,0.015,,,,,,,,
7,Aug-18,,,8,14.576,0.436,,,,,,,,
14,Aug-18,,,8,3.74,0.305,8.72,0.252,0.0288990825688073,-0.389576280338118,-1.91802646312619,,,
5,Sep-18,,,9,11.524,0.106,,,,,,,,
7,Sep-18,,,9,15.547,0.29,,,,,,,,
14,Sep-18,,,9,1.572,0.034,9.54766666666667,0.143333333333333,0.0150123939531474,-0.651700793011542,-2.56972725613773,,,
5,Oct-18,,,10,0.592,0.0009999,,,,,,,,
7,Oct-18,,,10,1.481,0.097,,,,,,,,
14,Oct-18,,,10,0.397,0.044,0.823333333333333,0.0473333,0.0574898380566802,0.150101540389592,-2.41962571574814,,,
5,Nov-18,,,11,1.294,0.067,1.294,0.067,0.0517774343122102,0.042274463023973,-2.37735125272416,,,
7,Nov-18,,,11,,,,,,,,,,
14,Nov-18,,,11,,,,,,,,,,
5,Dec-18,,,12,,,,,,,,,,
7,Dec-18,,,12,,,,,,,,,,
14,Dec-18,,,12,,,,,,,,,,
5,Jan-19,,,1,,,,,,,,,,
7,Jan-19,,,1,,,,,,,,,,
14,Jan-19,,,1,,,,,,,,,,
5,Feb-19,,,2,,,,,,,,,,
7,Feb-19,,,2,,,,,,,,,,
14,Feb-19,,,2,,,,,,,,,,
5,Mar-19,,,3,0.612,0.041,,,,,,,,
7,Mar-19,,,3,1.581,0.101,,,,,,,,
14,Mar-19,,,3,0.525,0.017,0.906,0.053,0.0584988962472406,0.169148477624255,-2.20820277509991,,,
5,Apr-19,,,4,1.144,0.011,,,,,,,,
7,Apr-19,,,4,2.078,0.015,,,,,,,,
14,Apr-19,,,4,0.91,0.001,1.377,0.009,0.0065343417231365,-0.811732127386343,-3.01993490248625,,,
5,May-19,,,5,4.585,0.044,,,,,,,,
7,May-19,,,5,1.437,0.001,,,,,,,,
14,May-19,,,5,0.255,0.001,2.092,0.015,0.00732830970208698,-0.796745223357545,-3.8166801258438,,,
5,Jun-19,,,6,10.612,0.115,,,,,,,,
7,Jun-19,,,6,6.093,0.091,,,,,,,,
14,Jun-19,,,6,2.728,0.49,6.478,0.232,0.0358153656151907,-0.25902483116108,-4.07570495700488,,,
5,Jul-19,,,7,8.696,0.643,,,,,,,,
7,Jul-19,,,7,7.12,0.204,,,,,,,,
14,Jul-19,,,7,2.173,0.077,5.996,0.308,0.0513647228862083,0.0344841406217324,-4.04122081638315,,,
5,Aug-19,,,8,3.775,0.716,,,,,,,,
7,Aug-19,,,8,,,,,,,,,,
14,Aug-19,,,8,,,3.775,0.716,0.189668874172185,2.64510710912885,-1.3961137072543,,,
5,Sep-19,,,9,2.104,0.016,,,,,,,,
7,Sep-19,,,9,6.958,0.236,,,,,,,,
14,Sep-19,,,9,0.699,0.001,3.254,0.084,0.0259194754635795,-0.445819210674681,-1.84193291792898,,,
5,Oct-19,,,10,2.677,0.037,,,,,,,,
7,Oct-19,,,10,2.366,0.077,,,,,,,,
14,Oct-19,,,10,2.455,0.024,2.499,0.046,0.0184049079754601,-0.587663850191806,-2.42959676812078,,,
5,Nov-19,,,11,,,,,,,,,,
7,Nov-19,,,11,,,,,,,,,,
14,Nov-19,,,11,,,,,,,,,,
5,Dec-19,,,12,0.691,0.021,,,,,,,,
7,Dec-19,,,12,1.225,0.021,,,,,,,,
14,Dec-19,,,12,1.129,0.001,1.015,0.014,0.0141215106732348,-0.668517065922899,-3.09811383404368,,,
5,Jan-20,2020,January,1,,,,,,,,,,
7,Jan-20,2020,January,1,,,,,,,,,,
14,Jan-20,2020,January,1,,,,,,,,,,
5,Feb-20,2020,February,2,0.373,0.001,,,,,,,,
7,Feb-20,2020,February,2,0.805,0.001,,,,,,,,
14,Feb-20,2020,February,2,,,0.589,0.001,0.00169762308998302,-0.90302981179068,-4.00114364583436,,,
5,Mar-20,2020,March,3,,,,,,,,,,
7,Mar-20,2020,March,3,,,,,,,,,,
14,Mar-20,2020,March,3,,,,,,,,,,
5,Apr-20,2020,April,4,,,,,,,,,,
7,Apr-20,2020,April,4,,,,,,,,,,
14,Apr-20,2020,April,4,,,,,,,,,,
5,May-20,2020,May,5,,,,,,,,,,
7,May-20,2020,May,5,,,,,,,,,,
14,May-20,2020,May,5,,,,,,,,,,
5,Jun-20,2020,June,6,1.644,0.012,,,,,,,,
7,Jun-20,2020,June,6,6.144,0.145,,,,,,,,
14,Jun-20,2020,June,6,2.043,0.130,3.277,0.096,0.029193367917811,-0.384021363263969,-4.38516500909833,,,
5,Jul-20,2020,July,7,15.592,0.018,,,,,,,,
7,Jul-20,2020,July,7,10.538,1.154,,,,,,,,
14,Jul-20,2020,July,7,5.346,1.400,10.492,0.857,0.0817003431185665,0.607097950157711,-3.77806705894062,,,
5,Aug-20,2020,August,8,3.669,0.381,,,,,,,,
7,Aug-20,2020,August,8,17.403,2.940,,,,,,,,
14,Aug-20,2020,August,8,5.072,0.878,8.715,1.400,0.160610465116279,2.09660188058539,-1.68146517835523,,,
5,Sep-20,2020,September,9,1.829,0.096,,,,,,,,
7,Sep-20,2020,September,9,2.294,0.144,,,,,,,,
14,Sep-20,2020,September,9,0.782,0.029,1.635,0.090,0.054841997961264,0.100121029278728,-1.58134414907651,,,
5,Oct-20,2020,October,10,1.798,0.082,,,,,,,,
7,Oct-20,2020,October,10,4.499,0.569,,,,,,,,
14,Oct-20,2020,October,10,1.040,0.024,2.446,0.225,0.0919994548180455,0.801503521558708,-0.779840627517798,,,
5,Nov-20,2020,November,11,0.880,0.001,,,,,,,,
7,Nov-20,2020,November,11,2.176,0.121,,,,,,,,
14,Nov-20,2020,November,11,0.855,0.001,1.304,0.041,0.0314497059575556,-0.341430827430423,-1.12127145494822,,,
5,Dec-20,2020,December,12,,,,,,,,,,
7,Dec-20,2020,December,12,,,,,,,,,,
14,Dec-20,2020,December,12,,,,,,,,,,
5,Jan-21,2021,January,1,,,,,,,,,,
7,Jan-21,2021,January,1,,,,,,,,,,
14,Jan-21,2021,January,1,,,,,,,,,,
5,Feb-21,2021,February,2,4.738,0.062,,,,,,,,
7,Feb-21,2021,February,2,2.716,0.170,,,,,,,,
14,Feb-21,2021,February,2,2.941,0.054,3.465,0.095,0.0275132275132275,-0.415735618329625,-1.53700707327785,,,
5,Mar-21,2021,March,3,2.929,0.037,,,,,,,,
7,Mar-21,2021,March,3,1.354,0.040,,,,,,,,
14,Mar-21,2021,March,3,1.390,0.001,1.891,0.026,0.0137493213467301,-0.675542494988996,-2.21254956826684,,,
5,Apr-21,2021,April,4,1.061,0.050,,,,,,,,
7,Apr-21,2021,April,4,1.305,0.021,,,,,,,,
14,Apr-21,2021,April,4,0.662,0.043,1.009,0.038,0.0376486129458388,-0.224420536612838,-2.43697010487968,,,
5,May-21,2021,May,5,1.105,0.019,,,,,,,,
7,May-21,2021,May,5,3.736,0.468,,,,,,,,
14,May-21,2021,May,5,0.892,0.070,1.911,0.186,0.0971568114425257,0.898853554334011,-1.53811655054567,,,
5,Jun-21,2021,June,6,5.896,0.137,,,,,,,,
7,Jun-21,2021,June,6,11.476,1.039,,,,,,,,
14,Jun-21,2021,June,6,3.063,0.127,6.812,0.434,0.0637631514558356,0.268516323288007,-1.26960022725766,,,
5,Jul-21,2021,July,7,,,,,,,,,,
7,Jul-21,2021,July,7,,,,,,,,,,
14,Jul-21,2021,July,7,,,,,,,,,,
5,Aug-21,2021,August,8,4.233,0.091,,,,,,,,
7,Aug-21,2021,August,8,10.930,1.656,,,,,,,,
14,Aug-21,2021,August,8,2.148,0.179,5.770,0.642,0.111258737219109,1.16504087402196,-0.104559353235699,,,
5,Sep-21,2021,September,9,1.406,0.166,,,,,,,,
7,Sep-21,2021,September,9,3.769,0.559,,,,,,,,
14,Sep-21,2021,September,9,1.557,0.094,2.244,0.273,0.121657754010695,1.36133224946933,1.25677289623363,,,
5,Oct-21,2021,October,10,2.265,0.048,,,,,,,,
7,Oct-21,2021,October,10,2.258,0.052,,,,,,,,
14,Oct-21,2021,October,10,2.251,0.053,2.258,0.051,0.0225863596102746,-0.508734956315177,0.748037939918458,,,
5,Nov-21,2021,November,11,0.859,0.028,,,,,,,,
7,Nov-21,2021,November,11,0.832,0.024,,,,,,,,
14,Nov-21,2021,November,11,0.397,0.011,0.696,0.021,0.0301724137931034,-0.365540937148808,0.38249700276965,,,
5,Dec-21,2021,December,12,0.739,0.100,,,,,,,,
7,Dec-21,2021,December,12,0.719,0.097,,,,,,,,
14,Dec-21,2021,December,12,0.729,0.095,0.729,0.097,0.133516232281664,1.58517235446894,1.96766935723859,,,
5,Jan-22,2022,January,1,,,,,,,,,,
7,Jan-22,2022,January,1,,,,,,,,,,
14,Jan-22,2022,January,1,,,,,,,,,,
5,Feb-22,2022,February,2,,,,,,,,,,
7,Feb-22,2022,February,2,,,,,,,,,,
14,Feb-22,2022,February,2,,,,,,,,,,
5,Mar-22,2022,March,3,,,,,,,,,,
7,Mar-22,2022,March,3,,,,,,,,,,
14,Mar-22,2022,March,3,,,,,,,,,,
5,Apr-22,2022,April,4,,,,,,,,,,
7,Apr-22,2022,April,4,,,,,,,,,,
14,Apr-22,2022,April,4,,,,,,,,,,
5,May-22,2022,May,5,,,,,,,,,,
7,May-22,2022,May,5,,,,,,,,,,
14,May-22,2022,May,5,,,,,,,,,,
5,Jun-22,2022,June,6,,,,,,,,,,
7,Jun-22,2022,June,6,,,,,,,,,,
14,Jun-22,2022,June,6,,,,,,,,,,
5,Jul-22,2022,July,7,,,,,,,,,,
7,Jul-22,2022,July,7,,,,,,,,,,
14,Jul-22,2022,July,7,,,,,,,,,,
5,Aug-22,2022,August,8,,,,,,,,,,
7,Aug-22,2022,August,8,,,,,,,,,,
14,Aug-22,2022,August,8,,,,,,,,,,
5,Sep-22,2022,September,9,,,,,,,,,,
7,Sep-22,2022,September,9,,,,,,,,,,
14,Sep-22,2022,September,9,,,,,,,,,,
5,Oct-22,2022,October,10,,,,,,,,,,
7,Oct-22,2022,October,10,,,,,,,,,,
14,Oct-22,2022,October,10,,,,,,,,,,
5,Nov-22,2022,November,11,,,,,,,,,,
7,Nov-22,2022,November,11,,,,,,,,,,
14,Nov-22,2022,November,11,,,,,,,,,,
5,Dec-22,2022,December,12,,,,,,,,,,
7,Dec-22,2022,December,12,,,,,,,,,,
14,Dec-22,2022,December,12,,,,,,,,,,
5,Jan-23,2023,January,1,6.394,0.024,,,,,,,,
7,Jan-23,2023,January,1,7.255,0.145,,,,,,,,
14,Jan-23,2023,January,1,5.670,0.126,6.440,0.098,0.0152699415083596,-0.646839336888437,1.32083002035015,,,
5,Feb-23,2023,February,2,0.93,0.01,,,,,,,,
7,Feb-23,2023,February,2,1.798,0.315,,,,,,,,
14,Feb-23,2023,February,2,1.34,0.163,1.356,0.163,0.119960668633235,1.3292981418542,2.65012816220435,,,
5,Mar-23,2023,March,3,0.799,0.021,,,,,,,,
7,Mar-23,2023,March,3,1.361,0.015,,,,,,,,
14,Mar-23,2023,March,3,2.032,0.024,1.397,0.020,0.0143129770992366,-0.664902954236658,1.98522520796769,,,
5,Apr-23,2023,April,4,0.825,0.019,,,,,,,,
7,Apr-23,2023,April,4,1.524,0.024,,,,,,,,
14,Apr-23,2023,April,4,1.94,0.028,1.430,0.024,0.0165539752856144,-0.622601972788579,1.36262323517911,,,
5,May-23,2023,May,5,3.706,0.339,,,,,,,,
7,May-23,2023,May,5,2.559,0.110,,,,,,,,
14,May-23,2023,May,5,3.876,0.042,3.380,0.164,0.0484173158465635,-0.0211509827183174,1.3414722524608,,,
5,Jun-23,2023,June,6,3.691,0.083,,,,,,,,
7,Jun-23,2023,June,6,15.792,0.371,,,,,,,,
14,Jun-23,2023,June,6,16.487,0.338,11.990,0.264,0.0220183486238532,-0.51945670626793,0.822015546192867,,,
5,Jul-23,2023,July,7,5.482,0.270,,,,,,,,
7,Jul-23,2023,July,7,14.909,2.285,,,,,,,,
14,Jul-23,2023,July,7,4.381,0.346,8.257,0.967,0.11710802518973,1.27545177191281,2.09746731810567,,,
5,Aug-23,2023,August,8,3.033,0.091,,,,,,,,
7,Aug-23,2023,August,8,12.757,0.293,,,,,,,,
14,Aug-23,2023,August,8,3.696,0.058,6.495,0.147,0.0226829518628759,-0.506911685279013,1.59055563282666,,,
5,Sep-23,2023,September,9,4.776,1.440,,,,,,,,
7,Sep-23,2023,September,9,4.346,0.308,,,,,,,,
14,Sep-23,2023,September,9,2.02,0.041,3.714,0.596,0.160563633099982,2.09571788154219,3.68627351436886,,,
5,Oct-23,2023,October,10,1.401,0.001,,,,,,,,
7,Oct-23,2023,October,10,1.259,0.101,,,,,,,,
14,Oct-23,2023,October,10,1.16,0.024,1.273,0.042,0.0329842670157068,-0.312464521591184,3.37380899277767,,,
5,Nov-23,2023,November,11,2.088,0.024,,,,,,,,
7,Nov-23,2023,November,11,0.88,0.001,,,,,,,,
14,Nov-23,2023,November,11,0.664,0.001,1.211,0.009,0.00715853524229075,-0.799949878460728,2.57385911431694,,,
5,Dec-23,2023,December,12,0.638,0.037,,,,,,,,
7,Dec-23,2023,December,12,1.714,0.011,,,,,,,,
14,Dec-23,2023,December,12,1.41,0.001,1.254,0.016,0.0130249867091972,-0.689215003182323,1.88464411113462,,,
5,Jan-24,2024,January,1,0.824,0.013,,,,,,,,
7,Jan-24,2024,January,1,0.795,0.019,,,,,,,,
14,Jan-24,2024,January,1,0.4,0.009,0.673,0.014,0.020307082714215,-0.55175848497367,1.33288562616095,,,
5,Feb-24,2024,February,2,,,,,,,,,,
7,Feb-24,2024,February,2,,,,,,,,,,
14,Feb-24,2024,February,2,,,,,,,,,,
5,Mar-24,2024,March,3,0.368,0.001,,,,,,,,
7,Mar-24,2024,March,3,0.785,0.017,,,,,,,,
14,Mar-24,2024,March,3,0.669,0.031,0.607,0.016,0.026893468715697,-0.42743415764839,0.905451468512561,,,
5,Apr-24,2024,April,4,0.588,0.025,,,,,,,,
7,Apr-24,2024,April,4,2.588,0.019,,,,,,,,
14,Apr-24,2024,April,4,,,1.588,0.022,0.0138539042821159,-0.673568392182296,0.231883076330265,,,
5,May-24,2024,May,5,0.577,0.015,,,,,,,,
7,May-24,2024,May,5,1.876,0.057,,,,,,,,
14,May-24,2024,May,5,1.144,0.062,1.199,0.045,0.0372532666110648,-0.231883076330407,-1.41997524849558E-13,,,
5,Jun-24,2024,June,6,,,,,,,,,,
7,Jun-24,2024,June,6,,,,,,,,,,
14,Jun-24,2024,June,6,,,,,,,,,,
5,Jul-24,2024,July,7,,,,,,,,,,
7,Jul-24,2024,July,7,,,,,,,,,,
14,Jul-24,2024,July,7,,,,,,,,,,
5,Aug-24,2024,August,8,,,,,,,,,,
7,Aug-24,2024,August,8,,,,,,,,,,
14,Aug-24,2024,August,8,,,,,,,,,,
5,Sep-24,2024,September,9,,,,,,,,,,
7,Sep-24,2024,September,9,,,,,,,,,,
14,Sep-24,2024,September,9,,,,,,,,,,
5,Oct-24,2024,October,10,,,,,,,,,,
7,Oct-24,2024,October,10,,,,,,,,,,
14,Oct-24,2024,October,10,,,,,,,,,,
5,Nov-24,2024,November,11,,,,,,,,,,
7,Nov-24,2024,November,11,,,,,,,,,,
14,Nov-24,2024,November,11,,,,,,,,,,
5,Dec-24,2024,December,12,,,,,,,,,,
7,Dec-24,2024,December,12,,,,,,,,,,
14,Dec-24,2024,December,12,,,,,,,,,,
