9,Oct-99,1999,OCTOBER,10,0.815,0.085,,,,,
10,Oct-99,1999,OCTOBER,10,1.056,0.182,0.935,0.134,0.14279359,-1.064287516,-1.064287516
9,Nov-99,1999,NOVEMBER,11,0.501,0.193,,,,,
10,Nov-99,1999,NOVEMBER,11,0.606,0.141,0.554,0.167,0.301970797,0.580072741,-0.484214776
9,Dec-99,1999,DECEMBER,12,0.343,0.077,,,,,
10,Dec-99,1999,DECEMBER,12,0.571,0.131,0.457,0.104,0.228113233,-0.182903597,-0.667118372
9,Jan-00,2000,JANUARY,1,0.689,0.148,,,,,
10,Jan-00,2000,JANUARY,1,1.349,0.242,1.019,0.195,0.19133687,-0.562817225,-1.229935597
9,Feb-00,2000,FEBRUARY,2,4.912,1.818,,,,,
10,Feb-00,2000,FEBRUARY,2,4.529,1.362,4.721,1.590,0.336879073,0.94068833,-0.289247267
9,Mar-00,2000,MARCH,3,0.854,0.212,,,,,
10,Mar-00,2000,MARCH,3,1.856,0.321,1.355,0.267,0.19696595,-0.50466671,-0.793913977
9,Apr-00,2000,APRIL,4,0.989,0.200,,,,,
10,Apr-00,2000,APRIL,4,1.456,0.362,1.223,0.281,0.229799014,-0.165488851,-0.959402828
9,May-00,2000,MAY,5,2.061,0.446,,,,,
10,May-00,2000,MAY,5,2.268,0.335,2.165,0.391,0.180481783,-0.674954342,-1.63435717
9,Jun-00,2000,JUNE,6,3.116,0.870,,,,,
10,Jun-00,2000,JUNE,6,5.029,1.211,4.073,1.041,0.255586174,0.100902189,-1.533454981
9,Jul-00,2000,JULY,7,5.816,1.014,,,,,
10,Jul-00,2000,JULY,7,6.692,0.850,6.254,0.932,0.148991196,-1.000263921,-2.533718902
9,Aug-00,2000,AUGUST,8,0.846,0.087,,,,,
10,Aug-00,2000,AUGUST,8,3.577,0.882,2.211,0.485,0.219171219,-0.275277958,-2.808996859
9,Sep-00,2000,SEPTEMBER,9,1.206,0.285,,,,,
10,Sep-00,2000,SEPTEMBER,9,1.800,0.402,1.503,0.343,0.228474608,-0.179170462,-2.988167321
9,Oct-00,2000,OCTOBER,10,0.440,0.084,,,,,
10,Oct-00,2000,OCTOBER,10,1.562,0.107,1.001,0.095,0.095314971,-1.554759462,-4.542926783
9,Nov-00,2000,NOVEMBER,11,0.395,0.050,,,,,
10,Nov-00,2000,NOVEMBER,11,0.540,0.068,0.468,0.059,0.126778491,-1.229729493,-5.772656276
9,Dec-00,2000,DECEMBER,12,3.302,0.813,,,,,
10,Dec-00,2000,DECEMBER,12,3.391,0.609,3.347,0.711,0.212428544,-0.344932319,-6.117588595
9,Jan-01,2001,JANUARY,1,3.918,1.126,,,,,
10,Jan-01,2001,JANUARY,1,3.824,1.050,3.871,1.088,0.281126715,0.364745554,-5.752843041
9,Feb-01,2001,FEBRUARY,2,3.886,0.980,,,,,
10,Feb-01,2001,FEBRUARY,2,2.356,0.738,3.121,0.859,0.275282551,0.304373156,-5.448469886
9,Mar-01,2001,MARCH,3,5.607,2.162,,,,,
10,Mar-01,2001,MARCH,3,8.920,3.469,7.264,2.815,0.387591202,1.464563646,-3.98390624
9,Apr-01,2001,APRIL,4,0.823,0.099,,,,,
10,Apr-01,2001,APRIL,4,1.609,0.092,1.216,0.095,0.078543942,-1.728010476,-5.711916716
9,May-01,2001,MAY,5,0.283,0.019,,,,,
10,May-01,2001,MAY,5,0.653,0.058,0.468,0.039,0.082674966,-1.68533545,-7.397252166
9,Jun-01,2001,JUNE,6,1.663,0.204,,,,,
10,Jun-01,2001,JUNE,6,3.569,0.724,2.616,0.464,0.177382178,-0.706974423,-8.104226588
9,Jul-01,2001,JULY,7,4.999,0.708,,,,,
10,Jul-01,2001,JULY,7,3.929,0.562,4.464,0.635,0.142303411,-1.069351245,-9.173577833
9,Aug-01,2001,AUGUST,8,3.304,0.548,,,,,
10,Aug-01,2001,AUGUST,8,1.665,0.229,2.485,0.389,0.156395737,-0.923772238,-10.09735007
9,Sep-01,2001,SEPTEMBER,9,2.935,0.830,,,,,
10,Sep-01,2001,SEPTEMBER,9,2.794,0.472,2.865,0.651,0.227208066,-0.192254313,-10.28960438
9,Oct-01,2001,OCTOBER,10,0.472,0.069,,,,,
10,Oct-01,2001,OCTOBER,10,1.211,0.222,0.842,0.145,0.172712032,-0.755218789,-11.04482317
9,Nov-01,2001,NOVEMBER,11,0.479,0.081,,,,,
10,Nov-01,2001,NOVEMBER,11,0.310,0.033,0.394,0.057,0.144406473,-1.04762583,-12.092449
9,Dec-01,2001,DECEMBER,12,0.419,0.067,,,,,
10,Dec-01,2001,DECEMBER,12,0.757,0.099,0.588,0.083,0.141253359,-1.080198676,-13.17264768
9,Jan-02,2002,JANUARY,1,1.148,0.315,,,,,
10,Jan-02,2002,JANUARY,1,1.682,0.304,1.415,0.310,0.219001674,-0.27702942,-13.4496771
9,Feb-02,2002,FEBRUARY,2,0.713,0.225,,,,,
10,Feb-02,2002,FEBRUARY,2,0.954,0.226,0.833,0.225,0.270165687,0.251514023,-13.19816308
9,Mar-02,2002,MARCH,3,1.348,0.212,,,,,
10,Mar-02,2002,MARCH,3,1.289,0.309,1.318,0.261,0.197698928,-0.497094778,-13.69525785
9,Apr-02,2002,APRIL,4,0.858,0.078,,,,,
10,Apr-02,2002,APRIL,4,1.103,0.199,0.980,0.138,0.141094526,-1.08183948,-14.77709733
9,May-02,2002,MAY,5,1.940,,,,,,
10,May-02,2002,MAY,5,2.434,,2.187,,,,
9,Jun-02,2002,JUNE,6,5.315,,,,,,
10,Jun-02,2002,JUNE,6,4.261,,4.788,,,,
9,Jul-02,2002,JULY,7,10.683,,,,,,
10,Jul-02,2002,JULY,7,8.476,,9.580,,,,
9,Aug-02,2002,AUGUST,8,7.968,,,,,,
10,Aug-02,2002,AUGUST,8,4.655,,6.311,,,,
9,Sep-02,2002,SEPTEMBER,9,1.909,,,,,,
10,Sep-02,2002,SEPTEMBER,9,1.782,,1.845,,,,
9,Oct-02,2002,OCTOBER,10,1.293,0.344,,,,,
10,Oct-02,2002,OCTOBER,10,2.499,0.573,1.896,0.459,0.242033879,-0.039098107,-14.81619544
9,Nov-02,2002,NOVEMBER,11,1.087,0.341,,,,,
10,Nov-02,2002,NOVEMBER,11,1.077,0.125,1.082,0.233,0.215413175,-0.314099959,-15.1302954
9,Dec-02,2002,DECEMBER,12,2.589,0.589,,,,,
10,Dec-02,2002,DECEMBER,12,2.842,0.640,2.716,0.615,0.22631843,-0.201444582,-15.33173998
9,Jan-03,2003,JANUARY,1,3.126,1.161,,,,,
10,Jan-03,2003,JANUARY,1,3.298,0.877,3.212,1.019,0.317144865,0.736826556,-14.59491343
9,Feb-03,2003,FEBRUARY,2,3.171,1.143,,,,,
10,Feb-03,2003,FEBRUARY,2,4.037,1.143,3.604,1.143,0.317059404,0.735943711,-13.85896972
9,Mar-03,2003,MARCH,3,5.039,1.682,,,,,
10,Mar-03,2003,MARCH,3,7.641,2.389,6.340,2.035,0.321047535,0.777142605,-13.08182711
9,Apr-03,2003,APRIL,4,12.053,5.962,,,,,
10,Apr-03,2003,APRIL,4,13.397,5.796,12.725,5.879,0.462009232,2.233329812,-10.8484973
9,May-03,2003,MAY,5,1.848,0.641,,,,,
10,May-03,2003,MAY,5,4.152,0.788,3.000,0.715,0.238203684,-0.078665459,-10.92716276
9,Jun-03,2003,JUNE,6,25.687,12.851,,,,,
10,Jun-03,2003,JUNE,6,23.762,12.108,24.724,12.480,0.504747694,2.674834153,-8.252328604
9,Jul-03,2003,JULY,7,17.656,3.467,,,,,
10,Jul-03,2003,JULY,7,16.888,2.736,17.272,3.101,0.17956607,-0.684414003,-8.936742607
9,Aug-03,2003,AUGUST,8,24.114,8.431,,,,,
10,Aug-03,2003,AUGUST,8,18.958,5.696,21.536,7.064,0.327994299,0.848905276,-8.08783733
9,Sep-03,2003,SEPTEMBER,9,13.356,2.993,,,,,
10,Sep-03,2003,SEPTEMBER,9,11.568,1.846,12.462,2.419,0.194139619,-0.533863776,-8.621701106
9,Oct-03,2003,OCTOBER,10,1.773,0.159,,,,,
10,Oct-03,2003,OCTOBER,10,2.172,0.128,1.973,0.144,0.072829463,-1.787043193,-10.4087443
9,Nov-03,2003,NOVEMBER,11,0.869,0.125,,,,,
10,Nov-03,2003,NOVEMBER,11,1.308,0.178,1.089,0.151,0.138796052,-1.105583577,-11.51432788
9,Dec-03,2003,DECEMBER,12,3.505,0.625,,,,,
10,Dec-03,2003,DECEMBER,12,4.654,0.979,4.080,0.802,0.196508499,-0.50939235,-12.02372023
9,Jan-04,2004,JANUARY,1,5.776,1.685,,,,,
10,Jan-04,2004,JANUARY,1,5.898,1.717,5.837,1.701,0.291388323,0.470751813,-11.55296841
9,Feb-04,2004,FEBRUARY,2,13.942,4.036,,,,,
10,Feb-04,2004,FEBRUARY,2,27.691,7.483,20.817,5.759,0.276671154,0.318717946,-11.23425047
9,Mar-04,2004,MARCH,3,10.276,4.604,,,,,
10,Mar-04,2004,MARCH,3,9.898,4.267,10.087,4.435,0.439696939,2.002835447,-9.231415019
9,Apr-04,2004,APRIL,4,1.617,0.359,,,,,
10,Apr-04,2004,APRIL,4,1.271,0.269,1.444,0.314,0.217510782,-0.292430894,-9.523845913
9,May-04,2004,MAY,5,2.191,0.684,,,,,
10,May-04,2004,MAY,5,2.065,0.423,2.128,0.553,0.259997915,0.146477126,-9.377368788
9,Jun-04,2004,JUNE,6,26.335,6.989,,,,,
10,Jun-04,2004,JUNE,6,21.082,8.829,23.708,7.909,0.333589674,0.906707603,-8.470661185
9,Jul-04,2004,JULY,7,14.373,2.838,,,,,
10,Jul-04,2004,JULY,7,11.047,2.166,12.710,2.502,0.196872704,-0.50562998,-8.976291165
9,Aug-04,2004,AUGUST,8,20.988,7.040,,,,,
10,Aug-04,2004,AUGUST,8,21.952,5.106,21.470,6.073,0.282861103,0.382662436,-8.593628729
9,Sep-04,2004,SEPTEMBER,9,3.903,1.297,,,,,
10,Sep-04,2004,SEPTEMBER,9,3.912,0.879,3.907,1.088,0.27843995,0.336990268,-8.256638461
9,Oct-04,2004,OCTOBER,10,1.806,0.168,,,,,
10,Oct-04,2004,OCTOBER,10,1.280,0.177,1.543,0.172,0.111755469,-1.384922945,-9.641561406
9,Nov-04,2004,NOVEMBER,11,1.703,0.300,,,,,
10,Nov-04,2004,NOVEMBER,11,1.307,0.296,1.505,0.298,0.197907799,-0.494937061,-10.13649847
9,Dec-04,2004,DECEMBER,12,3.148,0.656,,,,,
10,Dec-04,2004,DECEMBER,12,2.372,0.427,2.760,0.541,0.196110761,-0.513501138,-10.64999961
9,Jan-05,2005,JANUARY,1,4.342,1.399,,,,,
10,Jan-05,2005,JANUARY,1,2.039,0.628,3.190,1.013,0.317636555,0.741905902,-9.908093703
9,Feb-05,2005,FEBRUARY,2,4.792,1.106,,,,,
10,Feb-05,2005,FEBRUARY,2,5.613,1.154,5.202,1.130,0.2172086,-0.295552545,-10.20364625
9,Mar-05,2005,MARCH,3,3.039,0.928,,,,,
10,Mar-05,2005,MARCH,3,2.036,0.386,2.537,0.657,0.258806987,0.134174399,-10.06947185
9,Apr-05,2005,APRIL,4,3.697,1.499,,,,,
10,Apr-05,2005,APRIL,4,3.004,0.888,3.350,1.194,0.356262971,1.140931266,-8.928540583
9,May-05,2005,MAY,5,6.005,1.967,,,,,
10,May-05,2005,MAY,5,4.002,0.791,5.004,1.379,0.275642454,0.308091079,-8.620449503
9,Jun-05,2005,JUNE,6,15.885,4.306,,,,,
10,Jun-05,2005,JUNE,6,6.559,0.882,11.222,2.594,0.231133477,-0.151703345,-8.772152848
9,Jul-05,2005,JULY,7,15.474,3.432,,,,,
10,Jul-05,2005,JULY,7,17.421,2.551,16.448,2.991,0.181860861,-0.660707948,-9.432860796
9,Aug-05,2005,AUGUST,8,23.905,6.173,,,,,
10,Aug-05,2005,AUGUST,8,39.265,9.521,31.585,7.847,0.248443373,0.027114373,-9.405746422
9,Sep-05,2005,SEPTEMBER,9,20.783,7.655,,,,,
10,Sep-05,2005,SEPTEMBER,9,17.379,5.407,19.081,6.531,0.342273703,0.996416876,-8.409329546
9,Oct-05,2005,OCTOBER,10,3.851,0.866,,,,,
10,Oct-05,2005,OCTOBER,10,3.902,0.483,3.876,0.675,0.174023528,-0.741670537,-9.151000083
9,Nov-05,2005,NOVEMBER,11,0.923,0.097,,,,,
10,Nov-05,2005,NOVEMBER,11,1.599,0.129,1.261,0.113,0.08928359,-1.617065882,-10.76806597
9,Dec-05,2005,DECEMBER,12,1.649,0.412,,,,,
10,Dec-05,2005,DECEMBER,12,2.767,0.617,2.208,0.514,0.232955189,-0.132884378,-10.90095034
9,Jan-06,2006,JANUARY,1,4.621,1.577,,,,,
10,Jan-06,2006,JANUARY,1,3.340,0.731,3.980,1.154,0.289904408,0.455422417,-10.44552793
9,Feb-06,2006,February,2,2.934,0.944,,,,,
10,Feb-06,2006,February,2,6.067,1.688,4.501,1.316,0.292389734,0.481096774,-9.964431153
9,Mar-06,2006,March,3,0.813,0.232,,,,,
10,Mar-06,2006,March,3,1.302,0.347,1.057,0.289,0.273324821,0.284149071,-9.680282082
9,Apr-06,2006,April,4,1.154,0.092,,,,,
10,Apr-06,2006,April,4,0.942,0.055,1.048,0.074,0.070215608,-1.814045295,-11.49432738
9,May-06,2006,May,5,1.729,0.252,,,,,
10,May-06,2006,May,5,4.934,1.046,3.331,0.649,0.194735025,-0.527713003,-12.02204038
9,Jun-06,2006,June,6,14.876,5.429,,,,,
10,Jun-06,2006,June,6,18.332,6.889,16.604,6.159,0.370935734,1.292506408,-10.72953397
9,Jul-06,2006,July,7,15.461,4.152,,,,,
10,Jul-06,2006,July,7,15.345,4.322,15.403,4.237,0.275092273,0.302407509,-10.42712646
9,Aug-06,2006,August,8,15.323,4.897,,,,,
10,Aug-06,2006,August,8,10.604,2.748,12.963,3.822,0.29486774,0.5066955,-9.920430963
9,Sep-06,2006,Septemeber,9,9.823,2.619,,,,,
10,Sep-06,2006,Septemeber,9,5.909,1.568,7.866,2.093,0.266118319,0.209703193,-9.71072777
9,Oct-06,2006,October,10,1.724,0.179,,,,,
10,Oct-06,2006,October,10,1.370,0.116,1.547,0.148,0.095345831,-1.554440666,-11.26516844
9,Nov-06,2006,November,11,1.140,0.140,,,,,
10,Nov-06,2006,November,11,0.896,0.118,1.018,0.129,0.126719057,-1.230343469,-12.49551191
9,Dec-06,2006,December,12,2.003,0.417,,,,,
10,Dec-06,2006,December,12,0.763,0.169,1.383,0.293,0.211858279,-0.350823368,-12.84633527
9,Jan-07,2007,January,1,0.985,0.221,,,,,
10,Jan-07,2007,January,1,2.019,0.396,1.502,0.309,0.20539281,-0.417614094,-13.26394937
9,Feb-07,2007,February,2,6.253,1.945,,,,,
10,Feb-07,2007,February,2,5.253,1.604,5.753,1.775,0.308447766,0.646982267,-12.6169671
9,Mar-07,2007,March,3,1.662,0.636,,,,,
10,Mar-07,2007,March,3,3.250,0.866,2.456,0.751,0.305781759,0.61944141,-11.99752569
9,Apr-07,2007,April,4,1.630,0.497,,,,,
10,Apr-07,2007,April,4,1.372,0.435,1.501,0.466,0.310459694,0.667766229,-11.32975946
9,May-07,2007,May,5,10.595,5.454,,,,,
10,May-07,2007,May,5,10.764,5.332,10.680,5.393,0.504986188,2.67729789,-8.652461572
9,Jun-07,2007,June,6,25.084,11.399,,,,,
10,Jun-07,2007,June,6,17.117,6.791,21.101,9.095,0.43103244,1.913327928,-6.739133644
9,Jul-07,2007,July,7,18.766,4.519,,,,,
10,Jul-07,2007,July,7,18.003,3.371,18.385,3.945,0.214582937,-0.322676633,-7.061810277
9,Aug-07,2007,August,8,10.600,3.614,,,,,
10,Aug-07,2007,August,8,11.553,4.058,11.077,3.836,0.346318783,1.038204074,-6.023606203
9,Sep-07,2007,September,9,13.128,4.307,,,,,
10,Sep-07,2007,September,9,8.681,1.387,10.905,2.847,0.261084873,0.157705814,-5.865900389
9,Oct-07,2007,October,10,1.598,0.158,,,,,
10,Oct-07,2007,October,10,1.010,0.136,1.304,0.147,0.112730061,-1.374855042,-7.240755431
9,Nov-07,2007,November,11,1.105,0.150,,,,,
10,Nov-07,2007,November,11,1.290,0.090,1.198,0.120,0.100208768,-1.504204696,-8.744960126
9,Dec-07,2007,December,12,2.456,0.492,,,,,
10,Dec-07,2007,December,12,2.827,0.513,2.642,0.503,0.190232822,-0.574222449,-9.319182576
9,Jan-08,2008,January,1,1.515,0.284,,,,,
10,Jan-08,2008,January,1,1.718,0.405,1.617,0.345,0.213114754,-0.33784351,-9.657026086
9,Feb-08,2008,February,2,1.886,0.503,,,,,
10,Feb-08,2008,February,2,1.662,0.443,1.774,0.473,0.266629087,0.21497962,-9.442046466
9,Mar-08,2008,March,3,1.875,0.344,,,,,
10,Mar-08,2008,March,3,1.525,0.254,1.700,0.299,0.175882353,-0.72246818,-10.16451465
9,Apr-08,2008,April,4,1.222,0.134,,,,,
10,Apr-08,2008,April,4,1.135,0.067,1.179,0.101,0.085277896,-1.658446211,-11.82296086
9,May-08,2008,May,5,3.517,1.113,,,,,
10,May-08,2008,May,5,3.001,0.483,3.259,0.798,0.244860387,-0.009899218,-11.83286008
9,Jun-08,2008,June,6,10.605,2.416,,,,,
10,Jun-08,2008,June,6,4.043,0.508,7.324,1.462,0.199617695,-0.477273191,-12.31013327
9,Jul-08,2008,July,7,10.544,3.092,,,,,
10,Jul-08,2008,July,7,4.607,0.247,7.576,1.670,0.220381493,-0.262775372,-12.57290864
9,Aug-08,2008,August,8,10.703,3.283,,,,,
10,Aug-08,2008,August,8,8.690,1.858,9.697,2.571,0.265095653,0.199138674,-12.37376996
9,Sep-08,2008,September,9,1.730,0.315,,,,,
10,Sep-08,2008,September,9,1.797,0.313,1.764,0.314,0.178055004,-0.700023877,-13.07379384
9,Oct-08,2008,October,10,3.992,1.718,,,,,
10,Oct-08,2008,October,10,1.312,0.171,2.652,0.945,0.356146305,1.139726059,-11.93406778
9,Nov-08,2008,November,11,0.627,0.103,,,,,
10,Nov-08,2008,November,11,0.772,0.095,0.700,0.099,0.141529664,-1.077344343,-13.01141213
9,Dec-08,2008,December,12,1.215,0.341,,,,,
10,Dec-08,2008,December,12,4.312,0.966,2.764,0.654,0.236475484,-0.096518408,-13.10793053
9,Jan-09,2009,January,1,2.718,0.730,,,,,
10,Jan-09,2009,January,1,2.084,0.587,2.401,0.659,0.274260725,0.293817302,-12.81411323
9,Feb-09,2009,February,2,2.077,0.762,,,,,
10,Feb-09,2009,February,2,1.731,0.606,1.904,0.684,0.359243697,1.171723289,-11.64238994
9,Mar-09,2009,March,3,3.859,1.414,,,,,
10,Mar-09,2009,March,3,3.526,1.184,3.693,1.299,0.351794177,1.094766952,-10.54762299
9,Apr-09,2009,April,4,0.665,0.098,,,,,
10,Apr-09,2009,April,4,0.528,0.060,0.597,0.079,0.132439229,-1.171251948,-11.71887494
9,May-09,2009,May,5,0.596,0.073,,,,,
10,May-09,2009,May,5,0.852,0.101,0.724,0.087,0.120165746,-1.298041631,-13.01691657
9,Jun-09,2009,June,6,3.119,1.042,,,,,
10,Jun-09,2009,June,6,2.516,0.640,2.818,0.841,0.298491571,0.544131029,-12.47278554
9,Jul-09,2009,July,7,4.570,0.957,,,,,
10,Jul-09,2009,July,7,3.239,0.453,3.905,0.705,0.180560891,-0.674137124,-13.14692267
9,Aug-09,2009,August,8,5.719,1.538,,,,,
10,Aug-09,2009,August,8,13.336,2.918,9.528,2.228,0.233849383,-0.123647012,-13.27056968
9,Sep-09,2009,September,9,3.095,0.456,,,,,
10,Sep-09,2009,September,9,3.554,0.427,3.325,0.442,0.132801925,-1.16750516,-14.43807484
9,Oct-09,2009,October,10,0.786,0.196,,,,,
10,Oct-09,2009,October,10,1.147,0.214,0.967,0.205,0.212105535,-0.348269118,-14.78634396
9,Nov-09,2009,November,11,1.613,0.476,,,,,
10,Nov-09,2009,November,11,1.095,0.335,1.354,0.406,0.299483013,0.554373005,-14.23197095
9,Dec-09,2009,December,12,1.868,0.461,,,,,
10,Dec-09,2009,December,12,1.395,0.337,1.632,0.399,0.244560221,-0.013000045,-14.244971
9,Jan-10,2010,January,1,9.447,3.796,,,,,
10,Jan-10,2010,January,1,7.715,3.393,8.581,3.594,0.418856259,1.787543415,-12.45742758
9,Feb-10,2010,February,2,5.395,1.333,,,,,
10,Feb-10,2010,February,2,3.267,0.823,4.331,1.078,0.248942493,0.032270473,-12.42515711
9,Mar-10,2010,March,3,9.594,4.647,,,,,
10,Mar-10,2010,March,3,8.558,4.197,9.076,4.422,0.487202402,2.493584704,-9.931572403
9,Apr-10,2010,April,4,2.259,0.913,,,,,
10,Apr-10,2010,April,4,2.421,0.651,2.340,0.782,0.334162447,0.912624559,-9.018947845
9,May-10,2010,May,5,2.922,1.387,,,,,
10,May-10,2010,May,5,3.617,1.018,3.270,1.203,0.367850149,1.260631163,-7.758316682
9,Jun-10,2010,June,6,7.138,3.071,,,,,
10,Jun-10,2010,June,6,9.115,3.629,8.127,3.350,0.412224574,1.719035616,-6.039281066
9,Jul-10,2010,July,7,6.094,2.469,,,,,
10,Jul-10,2010,July,7,12.361,4.982,9.228,3.725,0.403718491,1.631164588,-4.408116478
9,Aug-10,2010,August,8,4.220,1.603,,,,,
10,Aug-10,2010,August,8,8.138,2.884,6.179,2.244,0.363086442,1.211420281,-3.196696197
9,Sep-10,2010,September,9,2.308,0.946,,,,,
10,Sep-10,2010,September,9,1.877,0.443,2.093,0.694,0.331869056,0.888932976,-2.307763221
9,Oct-10,2010,October,10,1.004,0.113,,,,,
10,Oct-10,2010,October,10,0.586,0.088,0.795,0.101,0.126453381,-1.233088007,-3.540851228
9,Nov-10,2010,November,11,0.454,0.072,,,,,
10,Nov-10,2010,November,11,1.268,0.092,0.861,0.082,0.095293409,-1.554982203,-5.095833431
9,Dec-10,2010,December,12,4.319,2.325,,,,,
10,Dec-10,2010,December,12,0.813,0.139,2.566,1.232,0.480034879,2.419541506,-2.676291925
9,Jan-11,2011,January,1,4.494,1.586,,,,,
10,Jan-11,2011,January,1,5.173,1.937,4.834,1.761,0.364402413,1.225014754,-1.451277171
9,Feb-11,2011,February,2,5.968,2.340,,,,,
10,Feb-11,2011,February,2,7.669,2.945,6.819,2.643,0.387584375,1.464493121,0.01321595
9,Mar-11,2011,March,3,3.025,1.301,,,,,
10,Mar-11,2011,March,3,6.466,2.330,4.746,1.816,0.382603111,1.413034791,1.426250741
9,Apr-11,2011,April,4,0.822,0.108,,,,,
10,Apr-11,2011,April,4,1.183,0.294,1.003,0.201,0.200154988,-0.47172276,0.954527981
9,May-11,2011,May,5,4.089,1.523,,,,,
10,May-11,2011,May,5,2.357,0.554,3.223,1.039,0.322326365,0.790353398,1.744881379
9,Jun-11,2011,June,6,2.949,0.650,,,,,
10,Jun-11,2011,June,6,3.826,0.879,3.388,0.765,0.225715074,-0.207677481,1.537203898
9,Jul-11,2011,July,7,12.976,3.639,,,,,
10,Jul-11,2011,July,7,10.025,2.048,11.501,2.844,0.247255147,0.01483955,1.552043447
9,Aug-11,2011,August,8,4.316,1.173,,,,,
10,Aug-11,2011,August,8,6.459,1.832,5.388,1.502,0.278857715,0.341305933,1.89334938
9,Sep-11,2011,September,9,1.679,0.494,,,,,
10,Sep-11,2011,September,9,2.711,0.765,2.195,0.629,0.28676324,0.422972978,2.316322358
9,Oct-11,2011,October,10,1.693,0.574,,,,,
10,Oct-11,2011,October,10,1.528,0.445,1.611,0.509,0.31623145,0.727390637,3.043712995
9,Nov-11,2011,November,11,0.927,0.261,,,,,
10,Nov-11,2011,November,11,0.666,0.152,0.797,0.207,0.259639281,0.142772307,3.186485302
9,Dec-11,2011,December,12,0.368,0.063,,,,,
10,Dec-11,2011,December,12,0.413,0.100,0.391,0.082,0.209162132,-0.378675581,2.807809721
9,Jan-12,2012,January,1,1.243,0.365,,,,,
10,Jan-12,2012,January,1,1.210,0.371,1.227,0.368,0.300020077,0.559921079,3.3677308
9,Feb-12,2012,February,2,1.022,0.359,,,,,
10,Feb-12,2012,February,2,2.654,0.938,1.838,0.648,0.352750884,1.104650091,4.472380891
9,Mar-12,2012,March,3,0.807,0.181,,,,,
10,Mar-12,2012,March,3,1.095,0.194,0.951,0.187,0.197125,-0.503023668,3.969357223
9,Apr-12,2012,April,4,1.558,0.435,,,,,
10,Apr-12,2012,April,4,0.849,0.201,1.204,0.318,0.264290195,0.190817993,4.160175216
9,May-12,2012,May,5,3.210,0.998,,,,,
10,May-12,2012,May,5,3.669,0.712,3.440,0.855,0.248656963,0.029320842,4.189496059
9,Jun-12,2012,June,6,5.196,1.710,,,,,
10,Jun-12,2012,June,6,3.335,0.396,4.266,1.053,0.246793869,0.010074384,4.199570443
9,Jul-12,2012,July,7,8.501,3.485,,,,,
10,Jul-12,2012,July,7,4.301,1.368,6.401,2.426,0.379064424,1.376478824,5.576049267
9,Aug-12,2012,August,8,4.918,2.080,,,,,
10,Aug-12,2012,August,8,2.959,1.002,3.939,1.541,0.391186714,1.501706637,7.077755903
9,Sep-12,2012,September,9,5.354,1.455,,,,,
10,Sep-12,2012,September,9,2.870,0.873,4.112,1.164,0.283112202,0.385256384,7.463012287
9,Oct-12,2012,October,10,0.819,0.274,,,,,
10,Oct-12,2012,October,10,0.449,0.116,0.634,0.195,0.307589905,0.638120241,8.101132528
9,Nov-12,2012,November,11,0.961,0.182,,,,,
10,Nov-12,2012,November,11,1.843,0.298,1.402,0.240,0.171090629,-0.771968481,7.329164046
9,Dec-12,2012,December,12,0.899,0.357,,,,,
10,Dec-12,2012,December,12,1.251,0.321,1.075,0.339,0.315229302,0.717038077,8.046202123
9,Jan-13,2013,January,1,1.665,0.432,,,,,
10,Jan-13,2013,January,1,1.169,0.293,1.417,0.362,0.255770819,0.102809637,8.14901176
9,Feb-13,2013,February,2,2.944,1.244,,,,,
10,Feb-13,2013,February,2,2.371,0.997,2.658,1.120,0.421605268,1.815941706,9.964953466
9,Mar-13,2013,March,3,8.384,5.469,,,,,
10,Mar-13,2013,March,3,8.671,5.441,8.528,5.455,0.639733047,4.069283488,14.03423695
9,Apr-13,2013,April,4,0.495,0.130,,,,,
10,Apr-13,2013,April,4,0.755,0.158,,,,,
10,Apr-13,2013,April,4,0.755,0.159,0.668,0.149,0.222906421,-0.236691914,13.79754504
9,May-13,2013,May,5,0.659,0.100,,,,,
10,May-13,2013,May,5,2.657,0.512,1.658,0.306,0.184593637,-0.632477349,13.16506769
9,Jun-13,2013,June,6,4.781,2.207,,,,,
10,Jun-13,2013,June,6,3.680,1.194,4.231,1.700,0.401938896,1.612780706,14.7778484
9,Jul-13,2013,July,7,7.825,2.729,,,,,
10,Jul-13,2013,July,7,10.163,1.848,8.994,2.289,0.254460481,0.089273354,14.86712175
9,Aug-13,2013,August,8,3.544,1.313,,,,,
10,Aug-13,2013,August,8,3.451,0.763,3.498,1.038,0.296797409,0.526629703,15.39375145
9,Sep-13,2013,September,9,1.628,0.658,,,,,
10,Sep-13,2013,September,9,1.265,0.493,1.447,0.575,0.397745636,1.569462756,16.96321421
9,Oct-13,2013,October,10,0.601,0.054,,,,,
10,Oct-13,2013,October,10,0.930,0.123,0.766,0.089,0.116011104,-1.340960642,15.62225357
9,Nov-13,2013,November,11,0.249,0.072,,,,,
10,Nov-13,2013,November,11,0.366,0.122,0.308,0.097,0.314203862,0.706444891,16.32869846
9,Dec-13,2013,December,12,0.960,0.309,,,,,
10,Dec-13,2013,December,12,1.035,0.324,0.998,0.316,0.317215038,0.737551467,17.06624993
9,Jan-14,2014,January,1,1.985,0.716,,,,,
10,Jan-14,2014,January,1,1.813,0.603,1.899,0.659,0.347254772,1.047873194,18.11412312
9,Feb-14,2014,February,2,3.096,1.223,,,,,
10,Feb-14,2014,February,2,4.509,1.731,3.803,1.477,0.388483941,1.473785978,19.5879091
9,Mar-14,2014,March,3,6.693,3.207,,,,,
10,Mar-14,2014,March,3,4.542,2.059,5.618,2.633,0.468679606,2.302237276,21.89014638
9,Apr-14,2014,April,4,2.200,0.502,,,,,
10,Apr-14,2014,April,4,1.270,0.445,1.735,0.473,0.272876621,0.279518992,22.16966537
9,May-13,2014,May,5,0.907,0.102,,,,,
10,May-13,2014,May,5,3.200,0.710,2.054,0.406,0.197819698,-0.495847176,21.67381819
9,Jun-14,2014,June,6,3.644,1.660,,,,,
10,Jun-14,2014,June,6,5.594,2.711,4.619,2.186,0.473159829,2.348519658,24.02233785
9,Jul-14,2014,July,7,5.219,2.153,,,,,
10,Jul-14,2014,July,7,6.884,2.883,6.052,2.518,0.416025655,1.758302207,25.78064006
9,Aug-14,2014,August,8,9.948,3.847,,,,,
10,Aug-14,2014,August,8,6.989,2.461,8.469,3.154,0.372463571,1.30828954,27.0889296
9,Sep-14,2014,September,9,1.971,0.463,,,,,
10,Sep-14,2014,September,9,2.074,0.528,2.023,0.496,0.245028337,-0.008164223,27.08076537
9,Oct-14,2014,October,10,1.563,0.588,,,,,
10,Oct-14,2014,October,10,1.704,0.382,1.634,0.485,0.296702785,0.525652208,27.60641758
9,Nov-14,2014,November,11,0.517,0.134,,,,,
10,Nov-14,2014,November,11,0.579,0.178,0.548,0.156,0.284553832,0.400148963,28.00656654
9,Dec-14,2014,December,12,0.725,0.131,,,,,
10,Dec-14,2014,December,12,1.506,0.186,1.116,0.159,0.142189153,-1.070531576,26.93603497
9,Jan-15,2015,January,1,3.976,1.199,,,,,
10,Jan-15,2015,January,1,6.220,1.760,5.098,1.480,0.290211848,0.458598387,27.39463336
9,Feb-15,2015,February,2,,,,,,,
10,Feb-15,2015,February,2,,,,,,,
9,Mar-15,2015,March,3,9.702,3.545,,,,,
10,Mar-15,2015,March,3,9.532,3.383,9.617,3.464,0.360195487,1.181555633,28.57618899
9,Apr-15,2015,April,4,1.241,0.445,,,,,
10,Apr-15,2015,April,4,1.594,0.534,1.418,0.490,0.345326279,1.027951132,29.60414012
9,May-15,2015,May,5,2.585,0.743,,,,,
10,May-15,2015,May,5,1.622,0.367,2.104,0.555,0.263845971,0.18622899,29.79036911
9,Jun-15,2015,June,6,5.152,1.121,,,,,
10,Jun-15,2015,June,6,4.380,0.809,4.766,0.965,0.202475871,-0.447747166,29.34262194
9,Jul-15,2015,July,7,11.953,2.754,,,,,
10,Jul-15,2015,July,7,4.716,0.790,8.335,1.772,0.212610235,-0.343055386,28.99956656
9,Aug-15,2015,August,8,7.184,2.220,,,,,
10,Aug-15,2015,August,8,3.668,1.001,5.426,1.611,0.296811648,0.526776795,29.52634335
9,Sep-15,2015,September,9,3.682,1.032,,,,,
10,Sep-15,2015,September,9,1.704,0.300,2.693,0.666,0.247307835,0.015383843,29.5417272
9,Oct-15,2015,October,10,1.911,0.169,,,,,
10,Oct-15,2015,October,10,1.555,0.228,1.733,0.199,0.114541258,-1.356144701,28.18558249
9,Nov-15,2015,November,11,0.356,0.054,,,,,
10,Nov-15,2015,November,11,0.478,0.037,0.417,0.046,0.10911271,-1.41222364,26.77335885
9,Dec-15,2015,December,12,1.258,0.200,,,,,
10,Dec-15,2015,December,12,2.394,0.311,1.826,0.256,0.13992333,-1.093938379,25.67942048
9,Jan-16,2016,January,1,1.826,0.493,,,,,
10,Jan-16,2016,January,1,3.114,0.871,2.470,0.682,0.27611336,0.312955723,25.9923762
9,Feb-16,2016,February,2,6.765,1.794,,,,,
10,Feb-16,2016,February,2,4.335,1.047,5.550,1.421,0.255945946,0.104618768,26.09699497
9,Mar-16,2016,March,3,2.052,0.61,,,,,
10,Mar-16,2016,March,3,1.521,0.493,1.787,0.552,0.30870417,0.649631014,26.74662598
9,Apr-16,2016,April,4,1.613,0.446,,,,,
10,Apr-16,2016,April,4,1.442,0.393,1.528,0.420,0.274631751,0.297650146,27.04427613
9,May-16,2016,May,5,1.478,0.465,,,,,
10,May-16,2016,May,5,1.682,0.479,1.580,0.472,0.298734177,0.546637247,27.59091337
9,Jun-16,2016,June,6,1.738,0.311,,,,,
10,Jun-16,2016,June,6,1.972,0.244,1.855,0.278,0.149595687,-0.994019297,26.59689408
9,Jul-16,2016,July,7,7.685,1.921,,,,,
10,Jul-16,2016,July,7,8.951,2.615,8.318,2.268,0.272661698,0.277298752,26.87419283
9,Aug-16,2016,August,8,4.257,1.304,,,,,
10,Aug-16,2016,August,8,3.775,0.886,4.016,1.095,0.272659363,0.277274631,27.15146746
9,Sep-16,2016,September,9,1.189,0.339,,,,,
10,Sep-16,2016,September,9,3.073,0.679,2.131,0.509,0.238854998,-0.071937139,27.07953032
9,Oct-16,2016,October,10,0.741,0.157,,,,,
10,Oct-16,2016,October,10,0.859,0.168,0.800,0.163,0.203125,-0.441041417,26.6384889
9,Nov-16,2016,November,11,0.249,0.056,,,,,
10,Nov-16,2016,November,11,0.196,0.051,0.223,0.054,0.240449438,-0.05546597,26.58302293
9,Dec-16,2016,December,12,0.745,0.214,,,,,
10,Dec-16,2016,December,12,1.111,0.195,0.928,0.205,0.220366379,-0.262931502,26.32009143
9,Jan-17,2017,January,1,,,,,,,
10,Jan-17,2017,January,1,,,,,,,
9,Feb-17,2017,February,2,,,,,,,
10,Feb-17,2017,February,2,,,,,,,
9,Mar-17,2017,March,3,0.531,0.202,,,,,
10,Mar-17,2017,March,3,0.54,0.197,0.536,0.200,0.37254902,1.309172257,27.62926369
9,Apr-17,2017,April,4,0.716,0.125,,,,,
10,Apr-17,2017,April,4,0.83,0.102,0.773,0.114,0.14683053,-1.022584405,26.60667928
9,May-17,2017,May,5,0.941,0.078,,,,,
10,May-17,2017,May,5,2.545,0.223,1.743,0.151,0.086345382,-1.647418681,24.9592606
9,Jun-17,2017,June,6,2.71,0.199,,,,,
10,Jun-17,2017,June,6,2.599,0.259,2.655,0.229,0.0862686,-1.648211858,23.31104874
9,Jul-17,2017,July,7,1.377,0.226,,,,,
10,Jul-17,2017,July,7,1.393,0.224,1.385,0.225,0.162454874,-0.861179078,22.44986967
9,Aug-17,2017,August,8,,,,,,,
10,Aug-17,2017,August,8,,,,,,,
9,Sep-17,2017,September,9,0.416,0.1,,,,,
10,Sep-17,2017,September,9,0.785,0.134,0.601,0.117,0.194837635,-0.526653003,21.92321666
9,Oct-17,2017,October,10,,,,,,,
10,Oct-17,2017,October,10,,,,,,,
9,Nov-17,2017,November,11,0.198,0.046,,,,,
10,Nov-17,2017,November,11,0.178,0.033,0.188,0.040,0.210106383,-0.368921112,21.55429555
9,Dec-17,2017,December,12,0.893,0.116,,,,,
10,Dec-17,2017,December,12,1.59,0.18,1.242,0.148,0.119210632,-1.307908313,20.24638724
9,Jan-18,2018,January,1,7.323,2.367,,,,,
10,Jan-18,2018,January,1,8.65,2.685,7.9865,2.526,0.316283729,0.727930698,20.97431793
9,Feb-18,2018,February,2,1.143,0.351,,,,,
10,Feb-18,2018,February,2,1.004,0.315,1.0735,0.333,0.310200279,0.665086384,21.63940432
9,Mar-18,2018,March,3,3.394,1.341,,,,,
10,Mar-18,2018,March,3,3.253,1.24,3.3235,1.2905,0.388295472,1.471839014,23.11124333
9,Apr-18,2018,April,4,0.541,0.052,,,,,
10,Apr-18,2018,April,4,1.148,0.097,0.8445,0.0745,0.08821788,-1.628075065,21.48316827
9,May-18,2018,May,5,1.667,0.127,,,,,
10,May-18,2018,May,5,2.024,0.085,1.8455,0.106,0.057437009,-1.946053014,19.53711525
9,Jun-18,2018,June,6,3.161,0.358,,,,,
10,Jun-18,2018,June,6,2.011,0.146,2.586,0.252,0.097447796,-1.532726577,18.00438868
9,Jul-18,2018,July,7,6.191,1.554,,,,,
10,Jul-18,2018,July,7,8.585,1.916,7.388,1.735,0.234840282,-0.113410662,17.89097801
9,Aug-18,2018,August,8,1.928,0.297,,,,,
10,Aug-18,2018,August,8,3.03,0.504,2.479,0.4005,0.161557079,-0.870453629,17.02052438
9,Sep-18,2018,September,9,2.299,0.184,,,,,
10,Sep-18,2018,September,9,2.401,0.189,2.35,0.1865,0.079361702,-1.719562709,15.30096168
9,Oct-18,2018,October,10,0.408,0.035,,,,,
10,Oct-18,2018,October,10,0.917,0.112,0.6625,0.0735,0.110943396,-1.393311962,13.90764971
9,Nov-18,2018,November,11,,,,,,,
10,Nov-18,2018,November,11,,,,,,,
9,Dec-18,2018,December,12,,,,,,,
10,Dec-18,2018,December,12,,,,,,,
9,Jan-19,2019,January,1,,,,,,,
10,Jan-19,2019,January,1,,,,,,,
9,Feb-19,2019,February,2,,,,,,,
10,Feb-19,2019,February,2,,,,,,,
9,Mar-19,2019,March,3,0.444,0.061,,,,,
10,Mar-19,2019,March,3,0.702,0.043,0.573,0.052,0.090750436,-1.601912813,12.3057369
9,Apr-19,2019,April,4,1.586,0.266,,,,,
10,Apr-19,2019,April,4,1.992,0.273,1.789,0.270,0.150642817,-0.983202052,11.32253485
9,May-19,2019,May,5,0.507,0.071,,,,,
10,May-19,2019,May,5,0.747,0.098,0.627,0.085,0.13476874,-1.147187224,10.17534762
9,Jun-19,2019,June,6,1.654,0.223,,,,,
10,Jun-19,2019,June,6,2.087,0.157,1.871,0.190,0.101577118,-1.490069126,8.685278498
9,Jul-19,2019,July,7,6.538,1.179,,,,,
10,Jul-19,2019,July,7,4.418,0.92,5.478,1.050,0.19158452,-0.560258906,8.125019593
9,Aug-19,2019,August,8,,,,,,,
10,Aug-19,2019,August,8,,,,,,,
9,Sep-19,2019,September,9,,,,,,,
10,Sep-19,2019,September,9,,,,,,,
9,Oct-19,2019,October,10,3.479,1.257,,,,,
10,Oct-19,2019,October,10,1.141,0.279,2.310,0.768,0.332467532,0.89511546,9.020135053
9,Nov-19,2019,November,11,,,,,,,
10,Nov-19,2019,November,11,,,,,,,
9,Dec-19,2019,December,12,2.309,0.684,,,,,
10,Dec-19,2019,December,12,2.286,0.617,2.298,0.651,0.283133841,0.385479923,9.405614977
9,Jan-20,2020,January,1,,,,,,,
10,Jan-20,2020,January,1,,,,,,,
9,Feb-20,2020,February,2,0.321,0.107,,,,,
10,Feb-20,2020,February,2,0.101,0.028,0.211,0.068,0.319905213,0.765341991,10.17095697
9,Mar-20,2020,March,3,,,,,,,
10,Mar-20,2020,March,3,,,,,,,
9,Apr-20,2020,April,4,,,,,,,
10,Apr-20,2020,April,4,,,,,,,
9,May-20,2020,May,5,,,,,,,
10,May-20,2020,May,5,,,,,,,
9,Jun-20,2020,June,6,2.269,0.333,,,,,
10,Jun-20,2020,June,6,2.159,0.303,2.214,0.318,0.143631436,-1.055632247,9.115324721
9,Jul-20,2020,July,7,7.376,2.279,,,,,
10,Jul-20,2020,July,7,4.771,1.286,6.074,1.783,0.293488104,0.492443343,9.607768064
9,Aug-20,2020,August,8,2.957,0.773,,,,,
10,Aug-20,2020,August,8,1.817,0.305,2.387,0.539,0.225806452,-0.206733514,9.40103455
9,Sep-20,2020,September,9,0.899,0.105,,,,,
10,Sep-20,2020,September,9,2.043,0.476,1.471,0.291,0.197484704,-0.499307788,8.901726762
9,Oct-20,2020,October,10,0.850,0.270,,,,,
10,Oct-20,2020,October,10,1.034,0.114,0.942,0.192,0.203821656,-0.433844699,8.467882063
9,Nov-20,2020,November,11,0.477,0.137,,,,,
10,Nov-20,2020,November,11,0.367,0.069,0.422,0.103,0.242890995,-0.03024377,8.437638293
9,Dec-20,2020,December,12,,,,,,,
10,Dec-20,2020,December,12,,,,,,,
9,Jan-21,2021,January,1,,,,,,,
10,Jan-21,2021,January,1,,,,,,,
9,Feb-21,2021,February,2,1.814,0.431,,,,,
10,Feb-21,2021,February,2,3.079,0.817,2.447,0.624,0.255058246,0.095448499,8.533086792
9,Mar-21,2021,March,3,1.944,0.553,,,,,
10,Mar-21,2021,March,3,2.294,0.610,2.119,0.582,0.274421897,0.295482274,8.828569066
9,Apr-21,2021,April,4,0.491,0.118,,,,,
10,Apr-21,2021,April,4,0.929,0.161,0.710,0.140,0.196478873,-0.5096984,8.318870666
9,May-21,2021,May,5,1.102,0.286,,,,,
10,May-21,2021,May,5,1.237,0.192,1.170,0.239,0.204360838,-0.428274748,7.890595918
9,Jun-21,2021,June,6,4.428,1.176,,,,,
10,Jun-21,2021,June,6,7.256,1.872,5.842,1.524,0.260869565,0.155481602,8.04607752
9,Jul-21,2021,July,7,,,,,,,
10,Jul-21,2021,July,7,,,,,,,
9,Aug-21,2021,August,8,1.791,0.180,,,,,
10,Aug-21,2021,August,8,2.581,0.429,2.186,0.305,0.139295517,-1.100423921,6.9456536
9,Sep-21,2021,September,9,1.242,0.252,,,,,
10,Sep-21,2021,September,9,1.141,0.202,1.192,0.227,0.190516156,-0.571295505,6.374358095
9,Oct-21,2021,October,10,1.868,0.299,,,,,
10,Oct-21,2021,October,10,1.801,0.263,1.835,0.281,0.153175252,-0.95704105,5.417317045
9,Nov-21,2021,November,11,1.008,0.200,,,,,
10,Nov-21,2021,November,11,1.512,0.293,1.260,0.247,0.195634921,-0.518416747,4.898900299
9,Dec-21,2021,December,12,12.759,3.733,,,,,
10,Dec-21,2021,December,12,12.851,3.722,12.805,3.728,0.291097228,0.467744693,5.366644992
9,Jan-22,2022,January,1,,,,,,,
10,Jan-22,2022,January,1,,,,,,,
9,Feb-22,2022,February,2,,,,,,,
10,Feb-22,2022,February,2,,,,,,,
9,Mar-22,2022,March,3,,,,,,,
10,Mar-22,2022,March,3,,,,,,,
9,Apr-22,2022,April,4,,,,,,,
10,Apr-22,2022,April,4,,,,,,,
9,May-22,2022,May,5,,,,,,,
10,May-22,2022,May,5,,,,,,,
9,Jun-22,2022,June,6,,,,,,,
10,Jun-22,2022,June,6,,,,,,,
9,Jul-22,2022,July,7,,,,,,,
10,Jul-22,2022,July,7,,,,,,,
9,Aug-22,2022,August,8,,,,,,,
10,Aug-22,2022,August,8,,,,,,,
9,Sep-22,2022,September,9,,,,,,,
10,Sep-22,2022,September,9,,,,,,,
9,Oct-22,2022,October,10,,,,,,,
10,Oct-22,2022,October,10,,,,,,,
9,Nov-22,2022,November,11,,,,,,,
10,Nov-22,2022,November,11,,,,,,,
9,Dec-22,2022,December,12,,,,,,,
10,Dec-22,2022,December,12,,,,,,,
9,Jan-23,2023,January,1,1.141,0.215,,,,,
10,Jan-23,2023,January,1,3.279,0.322,2.210,0.269,0.121493213,-1.284328401,4.082316591
9,Feb-23,2023,February,2,8.746,2.26,,,,,
10,Feb-23,2023,February,2,1.136,0.359,4.941,1.310,0.265027322,0.198432793,4.280749384
9,Mar-23,2023,March,3,3.051,0.907,,,,,
10,Mar-23,2023,March,3,2.555,0.693,2.803,0.800,0.285408491,0.408977909,4.689727292
9,Apr-23,2023,April,4,2.9,0.921,,,,,
10,Apr-23,2023,April,4,2.529,0.674,2.715,0.798,0.293792595,0.495588852,5.185316145
9,May-23,2023,May,5,5.089,1.849,,,,,
10,May-23,2023,May,5,5.17,1.501,5.130,1.675,0.326542548,0.833908148,6.019224293
9,Jun-23,2023,June,6,4.707,0.914,,,,,
10,Jun-23,2023,June,6,4.938,0.64,4.823,0.777,0.161119751,-0.874971394,5.144252899
9,Jul-23,2023,July,7,6.767,1.873,,,,,
10,Jul-23,2023,July,7,7.281,1.643,7.024,1.758,0.250284738,0.046136367,5.190389265
9,Aug-23,2023,August,8,4.741,1.271,,,,,
10,Aug-23,2023,August,8,4.601,1.248,4.671,1.260,0.269642475,0.246109049,5.436498314
9,Sep-23,2023,September,9,1.428,0.16,,,,,
10,Sep-23,2023,September,9,1.58,0.194,1.504,0.177,0.11768617,-1.323656578,4.112841736
9,Oct-23,2023,October,10,0.932,0.16,,,,,
10,Oct-23,2023,October,10,0.715,0.156,0.824,0.158,0.191863995,-0.557371822,3.555469915
9,Nov-23,2023,November,11,0.54,0.089,,,,,
10,Nov-23,2023,November,11,0.312,0.047,0.426,0.068,0.159624413,-0.890418797,2.665051118
9,Dec-23,2023,December,12,0.716,0.152,,,,,
10,Dec-23,2023,December,12,0.616,0.125,0.666,0.139,0.207957958,-0.391115149,2.273935969
9,Jan-24,2024,January,1,1.423,0.346,,,,,
10,Jan-24,2024,January,1,1.786,0.459,1.605,0.403,0.250856965,0.052047683,2.325983652
9,Feb-24,2024,February,2,,,,,,,
10,Feb-24,2024,February,2,,,,,,,
9,Mar-24,2024,March,3,0.32,0.06,,,,,
10,Mar-24,2024,March,3,0.513,0.081,0.417,0.071,0.169267707,-0.790799953,1.535183699
9,Apr-24,2024,April,4,0.919,0.095,,,,,
10,Apr-24,2024,April,4,1.327,0.237,1.123,0.166,0.147818344,-1.012379923,0.522803776
9,May-24,2024,May,5,3.297,0.764,,,,,
10,May-24,2024,May,5,3.885,0.638,3.591,0.701,0.195210248,-0.522803776,5.13922E-13
9,Jun-24,2024,June,6,,,,,,,
10,Jun-24,2024,June,6,,,,,,,
9,Jul-24,2024,July,7,,,,,,,
10,Jul-24,2024,July,7,,,,,,,
9,Aug-24,2024,August,8,,,,,,,
10,Aug-24,2024,August,8,,,,,,,
9,Sep-24,2024,September,9,,,,,,,
10,Sep-24,2024,September,9,,,,,,,
9,Oct-24,2024,October,10,,,,,,,
10,Oct-24,2024,October,10,,,,,,,
9,Nov-24,2024,November,11,,,,,,,
10,Nov-24,2024,November,11,,,,,,,
9,Dec-24,2024,December,12,,,,,,,
10,Dec-24,2024,December,12,,,,,,,
