1,Oct-99,1999,OCTOBER,10,4.105,0.000,,,,,
17,Oct-99,1999,OCTOBER,10,1.315,0.000,,,,,
18,Oct-99,1999,OCTOBER,10,1.794,0.000,2.405,0.000,0,-0.444347431097976,-0.444347431097976
1,Nov-99,1999,NOVEMBER,11,7.226,0.043,,,,,
17,Nov-99,1999,NOVEMBER,11,6.715,0.017,,,,,
18,Nov-99,1999,NOVEMBER,11,2.388,0.000,5.443,0.020,0.00367256002477917,-0.214914096620391,-0.659261527718368
1,Dec-99,1999,DECEMBER,12,3.787,0.016,,,,,
17,Dec-99,1999,DECEMBER,12,6.142,0.054,,,,,
18,Dec-99,1999,DECEMBER,12,2.413,0.010,4.114,0.027,0.00649202617280962,-0.0387755133365976,-0.698037041054965
1,Jan-00,2000,JANUARY,1,7.481,0.028,,,,,
17,Jan-00,2000,JANUARY,1,9.694,0.035,,,,,
18,Jan-00,2000,JANUARY,1,3.942,0.027,7.039,0.030,0.00421464339378237,-0.181048892491365,-0.879085933546331
1,Feb-00,2000,FEBRUARY,2,3.368,0.000,,,,,
17,Feb-00,2000,FEBRUARY,2,4.541,0.000,,,,,
18,Feb-00,2000,FEBRUARY,2,3.849,0.000,3.919,0.000,0,-0.444347431097976,-1.32343336464431
1,Mar-00,2000,MARCH,3,1.072,0.000,,,,,
17,Mar-00,2000,MARCH,3,1.380,0.000,,,,,
18,Mar-00,2000,MARCH,3,1.537,0.000,1.330,0.000,0,-0.444347431097976,-1.76778079574228
1,Apr-00,2000,APRIL,4,3.688,0.049,,,,,
17,Apr-00,2000,APRIL,4,6.186,0.096,,,,,
18,Apr-00,2000,APRIL,4,1.613,0.026,3.829,0.057,0.0149350518872893,0.488679866475624,-1.27910092926666
1,May-00,2000,MAY,5,2.478,0.022,,,,,
17,May-00,2000,MAY,5,0.752,0.016,,,,,
18,May-00,2000,MAY,5,0.833,0.000,1.354,0.013,0.00945533503519199,0.146349257612312,-1.13275167165435
1,Jun-00,2000,JUNE,6,3.724,0.029,,,,,
17,Jun-00,2000,JUNE,6,4.239,0.000,,,,,
18,Jun-00,2000,JUNE,6,2.658,0.000,3.540,0.010,0.00272747091382837,-0.273956003257965,-1.40670767491231
1,Jul-00,2000,JULY,7,4.136,0.029,,,,,
17,Jul-00,2000,JULY,7,3.722,0.015,,,,,
18,Jul-00,2000,JULY,7,4.875,0.021,4.244,0.022,0.00511687140415786,-0.124684618120663,-1.53139229303298
1,Aug-00,2000,AUGUST,8,3.792,0.000,,,,,
17,Aug-00,2000,AUGUST,8,3.880,0.000,,,,,
18,Aug-00,2000,AUGUST,8,4.650,0.000,4.107,0.000,0,-0.444347431097976,-1.97573972413095
1,Sep-00,2000,SEPTEMBER,9,4.455,0.000,,,,,
17,Sep-00,2000,SEPTEMBER,9,16.336,0.016,,,,,
18,Sep-00,2000,SEPTEMBER,9,2.018,0.000,7.603,0.005,0.000704354641264974,-0.40034476459019,-2.37608448872114
1,Oct-00,2000,OCTOBER,10,2.010,0.000,,,,,
17,Oct-00,2000,OCTOBER,10,2.772,0.027,,,,,
18,Oct-00,2000,OCTOBER,10,2.352,0.022,2.378,0.016,0.00678572305788382,-0.0204275883976969,-2.39651207711884
1,Nov-00,2000,NOVEMBER,11,2.362,0.000,,,,,
17,Nov-00,2000,NOVEMBER,11,5.487,0.021,,,,,
18,Nov-00,2000,NOVEMBER,11,4.923,0.000,4.258,0.007,0.00161764931797984,-0.343289129930572,-2.73980120704941
1,Dec-00,2000,DECEMBER,12,3.165,0.015,,,,,
17,Dec-00,2000,DECEMBER,12,1.773,,,,,,
18,Dec-00,2000,DECEMBER,12,2.127,0.000,2.355,0.008,0.00326241790562287,-0.240536625148946,-2.98033783219836
1,Jan-01,2001,JANUARY,1,3.146,0.000,,,,,
17,Jan-01,2001,JANUARY,1,3.577,0.000,,,,,
18,Jan-01,2001,JANUARY,1,2.668,0.000,3.131,0.000,0,-0.444347431097976,-3.42468526329633
1,Feb-01,2001,FEBRUARY,2,6.337,0.000,,,,,
17,Feb-01,2001,FEBRUARY,2,6.462,0.010,,,,,
18,Feb-01,2001,FEBRUARY,2,5.989,0.000,6.262,0.003,0.000528796283769437,-0.411312301971156,-3.83599756526749
1,Mar-01,2001,MARCH,3,3.780,0.000,,,,,
17,Mar-01,2001,MARCH,3,7.482,0.092,,,,,
18,Mar-01,2001,MARCH,3,3.246,0.000,4.836,0.031,0.00631027281602912,-0.0501300666773974,-3.88612763194489
1,Apr-01,2001,APRIL,4,1.626,0.071,,,,,
17,Apr-01,2001,APRIL,4,0.604,0.021,,,,,
18,Apr-01,2001,APRIL,4,0.260,0.000,0.830,0.031,0.0368586190262595,1.85829590498805,-2.02783172695684
1,May-01,2001,MAY,5,4.078,0.019,,,,,
17,May-01,2001,MAY,5,0.929,0.000,,,,,
18,May-01,2001,MAY,5,0.647,0.000,1.884,0.006,0.00343353776893586,-0.229846370784047,-2.25767809774089
1,Jun-01,2001,JUNE,6,8.716,0.695,,,,,
17,Jun-01,2001,JUNE,6,2.733,0.086,,,,,
18,Jun-01,2001,JUNE,6,25.313,4.460,12.254,1.747,0.142547134113698,8.46090233453266,6.20322423679177
1,Jul-01,2001,JULY,7,16.402,0.062,,,,,
17,Jul-01,2001,JULY,7,9.777,0.020,,,,,
18,Jul-01,2001,JULY,7,6.510,0.000,10.896,0.028,0.00252421971194471,-0.286653576795256,5.91657065999651
1,Aug-01,2001,AUGUST,8,8.281,0.000,,,,,
17,Aug-01,2001,AUGUST,8,5.082,0.000,,,,,
18,Aug-01,2001,AUGUST,8,2.540,0.000,5.301,0.000,0,-0.444347431097976,5.47222322889854
1,Sep-01,2001,SEPTEMBER,9,5.507,0.000,,,,,
17,Sep-01,2001,SEPTEMBER,9,6.398,0.046,,,,,
18,Sep-01,2001,SEPTEMBER,9,1.527,0.000,4.477,0.015,0.00344757952293817,-0.228969149875219,5.24325407902332
1,Oct-01,2001,OCTOBER,10,3.658,0.017,,,,,
17,Oct-01,2001,OCTOBER,10,3.678,0.035,,,,,
18,Oct-01,2001,OCTOBER,10,2.434,0.033,3.257,0.028,0.00870730425907026,0.0996180417575671,5.34287212078088
1,Nov-01,2001,NOVEMBER,11,5.314,0.015,,,,,
17,Nov-01,2001,NOVEMBER,11,5.233,0.026,,,,,
18,Nov-01,2001,NOVEMBER,11,5.507,0.031,5.352,0.024,0.0045400415812049,-0.160720513739325,5.18215160704156
1,Dec-01,2001,DECEMBER,12,6.456,0.048,,,,,
17,Dec-01,2001,DECEMBER,12,6.938,0.079,,,,,
18,Dec-01,2001,DECEMBER,12,7.354,0.053,6.916,0.060,0.00867971259536764,0.0978943265931137,5.28004593363467
1,Jan-02,2002,JANUARY,1,2.176,0.011,,,,,
17,Jan-02,2002,JANUARY,1,2.868,0.014,,,,,
18,Jan-02,2002,JANUARY,1,3.632,0.022,2.892,0.016,0.00542482400180875,-0.105446105785027,5.17459982784965
1,Feb-02,2002,FEBRUARY,2,3.347,0.023,,,,,
17,Feb-02,2002,FEBRUARY,2,3.825,0.045,,,,,
18,Feb-02,2002,FEBRUARY,2,4.259,0.065,3.810,0.045,0.0117289485206414,0.2883871602634,5.46298698811305
1,Mar-02,2002,MARCH,3,2.536,0.023,,,,,
17,Mar-02,2002,MARCH,3,3.288,0.056,,,,,
18,Mar-02,2002,MARCH,3,3.202,0.052,3.009,0.044,0.0145340550901607,0.463628667404865,5.92661565551791
1,Apr-02,2002,APRIL,4,2.149,0.028,,,,,
17,Apr-02,2002,APRIL,4,3.524,0.066,,,,,
18,Apr-02,2002,APRIL,4,2.046,0.056,2.573,0.050,0.0192925605006149,0.760903526381687,6.6875191818996
1,May-02,2002,MAY,5,6.664,0.171,,,,,
17,May-02,2002,MAY,5,4.280,0.088,,,,,
18,May-02,2002,MAY,5,3.025,0.119,4.656,0.126,0.0270011835390037,1.24247906932591,7.9299982512255
1,Jun-02,2002,JUNE,6,10.142,0.704,,,,,
17,Jun-02,2002,JUNE,6,7.042,0.515,,,,,
18,Jun-02,2002,JUNE,6,8.696,1.087,8.627,0.769,0.0891326742805684,5.12397726151884,13.0539755127443
1,Jul-02,2002,JULY,7,10.765,0.050,,,,,
17,Jul-02,2002,JULY,7,3.965,0.000,,,,,
18,Jul-02,2002,JULY,7,2.692,0.000,5.807,0.017,0.00289131013984931,-0.263720587174747,12.7902549255696
1,Aug-02,2002,AUGUST,8,13.532,0.022,,,,,
17,Aug-02,2002,AUGUST,8,8.282,0.000,,,,,
18,Aug-02,2002,AUGUST,8,9.785,0.027,10.533,0.016,0.00155393910186995,-0.347269254754606,12.442985670815
1,Sep-02,2002,SEPTEMBER,9,3.396,0.013,,,,,
17,Sep-02,2002,SEPTEMBER,9,7.244,0.000,,,,,
18,Sep-02,2002,SEPTEMBER,9,3.341,0.000,4.660,0.004,0.000919719069743426,-0.386890449719831,12.0560952210952
1,Oct-02,2002,OCTOBER,10,3.569,0.000,,,,,
17,Oct-02,2002,OCTOBER,10,4.246,0.000,,,,,
18,Oct-02,2002,OCTOBER,10,3.044,0.021,3.620,0.007,0.00192536347068382,-0.324065513803272,11.7320297072919
1,Nov-02,2002,NOVEMBER,11,2.833,0.000,,,,,
17,Nov-02,2002,NOVEMBER,11,0.668,0.000,,,,,
18,Nov-02,2002,NOVEMBER,11,0.597,0.000,1.366,0.000,0,-0.444347431097976,11.2876822761939
1,Dec-02,2002,DECEMBER,12,4.381,0.000,,,,,
17,Dec-02,2002,DECEMBER,12,3.050,0.000,,,,,
18,Dec-02,2002,DECEMBER,12,2.751,0.000,3.394,0.000,0,-0.444347431097976,10.8433348450959
1,Jan-03,2003,JANUARY,1,14.452,0.000,,,,,
17,Jan-03,2003,JANUARY,1,14.678,0.000,,,,,
18,Jan-03,2003,JANUARY,1,4.986,0.000,11.372,0.000,0,-0.444347431097976,10.398987413998
1,Feb-03,2003,FEBRUARY,2,7.999,0.000,,,,,
17,Feb-03,2003,FEBRUARY,2,6.102,0.000,,,,,
18,Feb-03,2003,FEBRUARY,2,7.828,0.000,7.310,0.000,0,-0.444347431097976,9.95463998289999
1,Mar-03,2003,MARCH,3,5.011,0.000,,,,,
17,Mar-03,2003,MARCH,3,6.663,0.000,,,,,
18,Mar-03,2003,MARCH,3,9.436,0.000,7.037,0.000,0,-0.444347431097976,9.51029255180201
1,Apr-03,2003,APRIL,4,11.622,0.133,,,,,
17,Apr-03,2003,APRIL,4,10.151,0.108,,,,,
18,Apr-03,2003,APRIL,4,8.633,0.124,10.135,0.122,0.0120186832062661,0.306487557421835,9.81678010922385
1,May-03,2003,MAY,5,3.526,0.000,,,,,
17,May-03,2003,MAY,5,1.405,0.000,,,,,
18,May-03,2003,MAY,5,0.748,0.000,1.893,0.000,0,-0.444347431097976,9.37243267812587
1,Jun-03,2003,JUNE,6,4.478,0.049,,,,,
17,Jun-03,2003,JUNE,6,3.951,0.000,,,,,
18,Jun-03,2003,JUNE,6,4.447,0.061,4.292,0.037,0.008575443964593,0.0913804236266193,9.46381310175249
1,Jul-03,2003,JULY,7,11.897,0.105,,,,,
17,Jul-03,2003,JULY,7,5.059,0.089,,,,,
18,Jul-03,2003,JULY,7,11.931,0.070,9.629,0.088,0.00914913377592945,0.127220155443842,9.59103325719633
1,Aug-03,2003,AUGUST,8,9.820,0.000,,,,,
17,Aug-03,2003,AUGUST,8,17.786,0.000,,,,,
18,Aug-03,2003,AUGUST,8,19.843,0.000,15.816,0.000,0,-0.444347431097976,9.14668582609836
1,Sep-03,2003,SEPTEMBER,9,3.530,0.000,,,,,
17,Sep-03,2003,SEPTEMBER,9,3.652,0.000,,,,,
18,Sep-03,2003,SEPTEMBER,9,3.578,0.000,3.587,0.000,0,-0.444347431097976,8.70233839500038
1,Oct-03,2003,OCTOBER,10,5.318,0.000,,,,,
17,Oct-03,2003,OCTOBER,10,5.184,0.000,,,,,
18,Oct-03,2003,OCTOBER,10,5.035,0.000,5.179,0.000,0,-0.444347431097976,8.25799096390241
1,Nov-03,2003,NOVEMBER,11,3.793,0.000,,,,,
17,Nov-03,2003,NOVEMBER,11,3.977,0.000,,,,,
18,Nov-03,2003,NOVEMBER,11,3.405,0.000,3.725,0.000,0,-0.444347431097976,7.81364353280443
1,Dec-03,2003,DECEMBER,12,2.765,0.000,,,,,
17,Dec-03,2003,DECEMBER,12,3.277,0.000,,,,,
18,Dec-03,2003,DECEMBER,12,6.230,0.000,4.091,0.000,0,-0.444347431097976,7.36929610170645
1,Jan-04,2004,JANUARY,1,4.720,0.000,,,,,
17,Jan-04,2004,JANUARY,1,4.234,0.000,,,,,
18,Jan-04,2004,JANUARY,1,4.586,0.000,4.513,0.000,0,-0.444347431097976,6.92494867060848
1,Feb-04,2004,FEBRUARY,2,6.502,0.000,,,,,
17,Feb-04,2004,FEBRUARY,2,7.707,0.000,,,,,
18,Feb-04,2004,FEBRUARY,2,10.610,0.000,8.273,0.000,0,-0.444347431097976,6.4806012395105
1,Mar-04,2004,MARCH,3,7.571,0.022,,,,,
17,Mar-04,2004,MARCH,3,7.132,0.000,,,,,
18,Mar-04,2004,MARCH,3,6.170,0.000,6.958,0.007,0.00106510672008194,-0.377807746323845,6.10279349318665
1,Apr-04,2004,APRIL,4,7.885,0.127,,,,,
17,Apr-04,2004,APRIL,4,3.646,0.063,,,,,
18,Apr-04,2004,APRIL,4,3.863,0.000,5.131,0.063,0.0123285812660446,0.325847607284437,6.42864110047109
1,May-04,2004,MAY,5,1.311,0.000,,,,,
17,May-04,2004,MAY,5,1.441,0.009,,,,,
18,May-04,2004,MAY,5,2.204,0.019,1.652,0.009,0.00553342604688561,-0.0986614843860709,6.32997961608502
1,Jun-04,2004,JUNE,6,17.126,0.646,,,,,
17,Jun-04,2004,JUNE,6,18.147,1.074,,,,,
18,Jun-04,2004,JUNE,6,7.318,0.230,14.197,0.650,0.0458006729245431,2.41692673174624,8.74690634783126
1,Jul-04,2004,JULY,7,17.850,0.000,,,,,
17,Jul-04,2004,JULY,7,17.636,0.000,,,,,
18,Jul-04,2004,JULY,7,23.803,0.000,19.763,0.000,0,-0.444347431097976,8.30255891673329
1,Aug-04,2004,AUGUST,8,5.311,,,,,,
17,Aug-04,2004,AUGUST,8,9.396,,,,,,
18,Aug-04,2004,AUGUST,8,11.386,,8.698,#DIV/0!,,,
1,Sep-04,2004,SEPTEMBER,9,12.622,0.000,,,,,
17,Sep-04,2004,SEPTEMBER,9,7.491,0.000,,,,,
18,Sep-04,2004,SEPTEMBER,9,7.697,0.000,9.270,0.000,0,-0.444347431097976,7.85821148563531
1,Oct-04,2004,OCTOBER,10,8.435,0.000,,,,,
17,Oct-04,2004,OCTOBER,10,11.815,0.000,,,,,
18,Oct-04,2004,OCTOBER,10,7.418,0.000,9.223,0.000,0,-0.444347431097976,7.41386405453733
1,Nov-04,2004,NOVEMBER,11,6.243,0.000,,,,,
17,Nov-04,2004,NOVEMBER,11,6.324,0.000,,,,,
18,Nov-04,2004,NOVEMBER,11,11.340,0.000,7.969,0.000,0,-0.444347431097976,6.96951662343936
1,Dec-04,2004,DECEMBER,12,4.479,0.000,,,,,
17,Dec-04,2004,DECEMBER,12,7.133,0.000,,,,,
18,Dec-04,2004,DECEMBER,12,4.102,0.000,5.238,0.000,0,-0.444347431097976,6.52516919234138
1,Jan-05,2005,JANUARY,1,13.157,0.000,,,,,
17,Jan-05,2005,JANUARY,1,18.033,0.000,,,,,
18,Jan-05,2005,JANUARY,1,12.540,0.000,14.577,0.000,0,-0.444347431097976,6.0808217612434
1,Feb-05,2005,FEBRUARY,2,3.984,0.000,,,,,
17,Feb-05,2005,FEBRUARY,2,3.126,0.000,,,,,
18,Feb-05,2005,FEBRUARY,2,2.701,0.000,3.270,0.000,0,-0.444347431097976,5.63647433014543
1,Mar-05,2005,MARCH,3,1.697,0.000,,,,,
17,Mar-05,2005,MARCH,3,1.893,0.000,,,,,
18,Mar-05,2005,MARCH,3,0.676,0.000,1.422,0.000,0,-0.444347431097976,5.19212689904745
1,Apr-05,2005,APRIL,4,2.163,0.042,,,,,
17,Apr-05,2005,APRIL,4,2.634,0.043,,,,,
18,Apr-05,2005,APRIL,4,3.073,0.062,2.623,0.049,0.0187794498428171,0.728848314654651,5.9209752137021
1,May-05,2005,MAY,5,0.901,0.000,,,,,
17,May-05,2005,MAY,5,0.999,0.016,,,,,
18,May-05,2005,MAY,5,1.586,0.113,1.162,0.043,0.0370314162182969,1.86909094596492,7.79006615966702
1,Jun-05,2005,JUNE,6,25.624,2.209,,,,,
17,Jun-05,2005,JUNE,6,2.896,0.034,,,,,
18,Jun-05,2005,JUNE,6,37.089,3.362,21.869,1.868,0.0854307208953388,4.89270765570624,12.6827738153733
1,Jul-05,2005,JULY,7,11.215,0.000,,,,,
17,Jul-05,2005,JULY,7,2.973,0.000,,,,,
18,Jul-05,2005,JULY,7,11.133,0.000,8.440,0.000,0,-0.444347431097976,12.2384263842753
1,Aug-05,2005,AUGUST,8,8.157,0.046,,,,,
17,Aug-05,2005,AUGUST,8,5.803,0.043,,,,,
18,Aug-05,2005,AUGUST,8,10.558,0.059,8.173,0.049,0.006038912918617,-0.0670825482397651,12.1713438360355
1,Sep-05,2005,SEPTEMBER,9,13.195,0.000,,,,,
17,Sep-05,2005,SEPTEMBER,9,8.359,0.028,,,,,
18,Sep-05,2005,SEPTEMBER,9,12.321,0.036,11.292,0.021,0.00189652853218479,-0.325866899225063,11.8454769368105
1,Oct-05,2005,OCTOBER,10,2.497,0.000,,,,,
17,Oct-05,2005,OCTOBER,10,2.610,0.000,,,,,
18,Oct-05,2005,OCTOBER,10,2.699,0.000,2.602,0.000,3.84339448601004E-05,-0.441946373506845,11.4035305633036
1,Nov-05,2005,NOVEMBER,11,3.026,0.000,,,,,
17,Nov-05,2005,NOVEMBER,11,4.867,0.000,,,,,
18,Nov-05,2005,NOVEMBER,11,4.355,0.000,4.083,0.000,2.44927950361269E-05,-0.442817309439542,10.9607132538641
1,Dec-05,2005,DECEMBER,12,8.578,0.000,,,,,
17,Dec-05,2005,DECEMBER,12,10.255,0.000,,,,,
18,Dec-05,2005,DECEMBER,12,9.879,0.000,9.571,0.000,1.04483381918106E-05,-0.443694699201174,10.5170185546629
1,Jan-06,2006,JANUARY,1,12.008,0.000,,,,,
17,Jan-06,2006,JANUARY,1,22.816,0.000,,,,,
18,Jan-06,2006,JANUARY,1,12.891,0.000,15.905,0.000,6.28730467440145E-06,-0.443954648606583,10.0730639060563
1,Feb-06,2006,February,2,8.375,0.000,,,,,
17,Feb-06,2006,February,2,11.707,0.000,,,,,
18,Feb-06,2006,February,2,9.481,0.000,9.855,0.000,1.01476482825105E-05,-0.443713483996539,9.62935042205977
1,Mar-06,2006,March,3,7.208,0.042,,,,,
17,Mar-06,2006,March,3,9.478,0.000,,,,,
18,Mar-06,2006,March,3,7.796,0.088,8.161,0.043,0.00529368515644147,-0.113638653318397,9.51571176874137
1,Apr-06,2006,April,4,3.912,0.043,,,,,
17,Apr-06,2006,April,4,3.333,0.045,,,,,
18,Apr-06,2006,April,4,2.932,0.035,3.392,0.041,0.0120561243539607,0.308826592673618,9.82453836141499
1,May-06,2006,May,5,1.904,0.000,,,,,
17,May-06,2006,May,5,2.704,0.000,,,,,
18,May-06,2006,May,5,2.100,0.000,2.236,0.000,4.47247193523861E-05,-0.441553374247889,9.3829849871671
1,Jun-06,2006,June,6,3.314,0.079,,,,,
17,Jun-06,2006,June,6,2.230,0.027,,,,,
18,Jun-06,2006,June,6,3.662,0.176,3.068,0.094,0.0306236624553246,1.46878372091461,10.8517687080817
1,Jul-06,2006,July,7,5.559,0.000,,,,,
17,Jul-06,2006,July,7,6.945,0.000,,,,,
18,Jul-06,2006,July,7,9.774,0.000,7.426,0.000,1.34662602848563E-05,-0.44350616261516,10.4082625454666
1,Aug-06,2006,August,8,11.595,0.000,,,,,
17,Aug-06,2006,August,8,10.716,0.000,,,,,
18,Aug-06,2006,August,8,13.874,0.000,12.062,0.000,8.2904990880451E-06,-0.443829504409939,9.96443304105662
1,Sep-06,2006,Septemeber,9,5.051,0.000,,,,,
17,Sep-06,2006,Septemeber,9,4.743,0.000,,,,,
18,Sep-06,2006,Septemeber,9,5.048,0.000,4.947,0.000,2.02125007579688E-05,-0.443084709341016,9.5213483317156
1,Oct-06,2006,October,10,2.004,0.001,,,,,
17,Oct-06,2006,October,10,3.064,0.033,,,,,
18,Oct-06,2006,October,10,1.566,0.001,2.211,0.012,0.00527582152547483,-0.1147546357369,9.4065936959787
1,Nov-06,2006,November,11,3.616,0.001,,,,,
17,Nov-06,2006,November,11,2.468,0.001,,,,,
18,Nov-06,2006,November,11,1.903,0.001,2.662,0.001,0.00037557280580944,-0.42088452767514,8.98570916830356
1,Dec-06,2006,December,12,7.621,0.001,,,,,
17,Dec-06,2006,December,12,7.748,0.001,,,,,
18,Dec-06,2006,December,12,8.112,0.001,7.827,0.001,0.000127750095822154,-0.4363665866008,8.54934258170276
1,Jan-07,2007,January,1,10.079,0.153,,,,,
17,Jan-07,2007,January,1,9.800,0.102,,,,,
18,Jan-07,2007,January,1,11.838,0.381,10.572,0.212,0.0200523378629757,0.80836857869693,9.35771116039969
1,Feb-07,2007,February,2,6.955,0.001,,,,,
17,Feb-07,2007,February,2,11.650,0.081,,,,,
18,Feb-07,2007,February,2,6.587,0.001,8.397,0.028,0.00329468879009209,-0.238520588220929,9.11919057217876
1,Mar-07,2007,March,3,6.092,0.001,,,,,
17,Mar-07,2007,March,3,4.660,0.001,,,,,
18,Mar-07,2007,March,3,3.376,0.010,4.709,0.004,0.000849292185730464,-0.391290180351036,8.72790039182773
1,Apr-07,2007,April,4,4.539,0.001,,,,,
17,Apr-07,2007,April,4,8.149,0.001,,,,,
18,Apr-07,2007,April,4,8.923,0.001,7.204,0.001,0.000138804312618574,-0.435676004063679,8.29222438776405
1,May-07,2007,May,5,2.217,0.001,,,,,
17,May-07,2007,May,5,4.056,0.352,,,,,
18,May-07,2007,May,5,4.134,0.547,3.469,0.300,0.0864802440664937,4.95827380007008,13.2504981878341
1,Jun-07,2007,June,6,7.123,0.620,,,,,
17,Jun-07,2007,June,6,1.950,0.062,,,,,
18,Jun-07,2007,June,6,5.218,0.270,4.764,0.317,0.0666153523196417,3.7172679834829,16.967766171317
1,Jul-07,2007,July,7,6.216,0.001,,,,,
17,Jul-07,2007,July,7,4.500,0.030,,,,,
18,Jul-07,2007,July,7,12.505,0.041,7.740,0.024,0.00310063735411912,-0.250643431064898,16.7171227402521
1,Aug-07,2007,August,8,12.325,0.248,,,,,
17,Aug-07,2007,August,8,8.417,0.214,,,,,
18,Aug-07,2007,August,8,8.868,0.279,9.870,0.247,0.0250253292806484,1.1190428755326,17.8361656157847
1,Sep-07,2007,September,9,7.356,0.001,,,,,
17,Sep-07,2007,September,9,9.281,0.001,,,,,
18,Sep-07,2007,September,9,9.665,0.001,8.767,0.001,0.000114048361341343,-0.437222565702258,17.3989430500825
1,Oct-07,2007,October,10,5.296,0.001,,,,,
17,Oct-07,2007,October,10,4.963,0.001,,,,,
18,Oct-07,2007,October,10,2.474,0.001,4.244,0.001,0.000235584701170188,-0.429629908939947,16.9693131411425
1,Nov-07,2007,November,11,2.092,0.001,,,,,
17,Nov-07,2007,November,11,2.459,0.001,,,,,
18,Nov-07,2007,November,11,2.485,0.001,2.345,0.001,0.000426335986355884,-0.417713234162474,16.5515999069801
1,Dec-07,2007,December,12,6.293,0.001,,,,,
17,Dec-07,2007,December,12,6.372,0.001,,,,,
18,Dec-07,2007,December,12,6.355,0.001,6.340,0.001,0.000157712933753943,-0.434494738687977,16.1171051682921
1,Jan-08,2008,January,1,10.820,0.001,,,,,
17,Jan-08,2008,January,1,11.284,0.001,,,,,
18,Jan-08,2008,January,1,9.698,0.001,10.601,0.001,9.43242563360795E-05,-0.438454776244879,15.6786503920472
1,Feb-08,2008,February,2,4.099,0.072,,,,,
17,Feb-08,2008,February,2,6.917,0.001,,,,,
18,Feb-08,2008,February,2,6.483,0.001,5.833,0.025,0.00422880164580833,-0.18016439368106,15.4984859983661
1,Mar-08,2008,March,3,2.497,0.001,,,,,
17,Mar-08,2008,March,3,2.227,0.001,,,,,
18,Mar-08,2008,March,3,1.371,0.001,2.032,0.001,0.000492157506152584,-0.413601211305,15.0848847870611
1,Apr-08,2008,April,4,2.879,0.001,,,,,
17,Apr-08,2008,April,4,2.583,0.001,,,,,
18,Apr-08,2008,April,4,0.946,0.001,2.136,0.001,0.00046811797752809,-0.415103016360431,14.6697817707007
1,May-08,2008,May,5,1.467,0.001,,,,,
17,May-08,2008,May,5,0.979,0.001,,,,,
18,May-08,2008,May,5,0.957,0.001,1.134,0.001,0.000881486923302968,-0.389278900496098,14.2805028702046
1,Jun-08,2008,June,6,1.905,0.001,,,,,
17,Jun-08,2008,June,6,4.139,0.001,,,,,
18,Jun-08,2008,June,6,9.196,0.001,5.080,0.001,0.000196830708661417,-0.432050960649276,13.8484519095553
1,Jul-08,2008,July,7,4.861,0.061,,,,,
17,Jul-08,2008,July,7,2.134,0.001,,,,,
18,Jul-08,2008,July,7,5.020,0.001,4.005,0.021,0.00524342904702455,-0.116778268922661,13.7316736406327
1,Aug-08,2008,August,8,14.098,0.292,,,,,
17,Aug-08,2008,August,8,6.371,0.001,,,,,
18,Aug-08,2008,August,8,4.137,0.001,8.202,0.098,0.0119482971632935,0.302090378225054,14.0337640188577
1,Sep-08,2008,September,9,16.371,0.533,,,,,
17,Sep-08,2008,September,9,12.108,0.238,,,,,
18,Sep-08,2008,September,9,6.841,0.192,11.773,0.321,0.0272650056625142,1.25896064868678,15.2927246675445
1,Oct-08,2008,October,10,5.700,0.041,,,,,
17,Oct-08,2008,October,10,7.429,0.201,,,,,
18,Oct-08,2008,October,10,6.222,0.145,6.450,0.129,0.0199989664616816,0.805034343590619,16.0977590111351
1,Nov-08,2008,November,11,2.107,0.001,,,,,
17,Nov-08,2008,November,11,2.181,0.001,,,,,
18,Nov-08,2008,November,11,0.648,0.001,1.645,0.001,0.000607718800648298,-0.406381829469493,15.6913771816656
1,Dec-08,2008,December,12,6.300,0.001,,,,,
17,Dec-08,2008,December,12,10.686,0.001,,,,,
18,Dec-08,2008,December,12,9.779,0.001,8.922,0.001,0.000112075471698113,-0.437345816689675,15.254031364976
1,Jan-09,2009,January,1,8.794,0.020,,,,,
17,Jan-09,2009,January,1,15.559,0.001,,,,,
18,Jan-09,2009,January,1,14.285,0.001,12.879,0.007,0.000569382473212899,-0.408776788673913,14.845254576302
1,Feb-09,2009,February,2,11.236,0.001,,,,,
17,Feb-09,2009,February,2,9.369,0.001,,,,,
18,Feb-09,2009,February,2,7.892,0.001,9.499,0.001,0.00010527423939362,-0.437770705430947,14.4074838708711
1,Mar-09,2009,March,3,5.310,0.001,,,,,
17,Mar-09,2009,March,3,6.157,0.001,,,,,
18,Mar-09,2009,March,3,4.360,0.001,5.276,0.001,0.000189549504012131,-0.432505834375077,13.974978036496
1,Apr-09,2009,April,4,2.098,0.001,,,,,
17,Apr-09,2009,April,4,5.343,0.001,,,,,
18,Apr-09,2009,April,4,2.637,0.001,3.359,0.001,0.000297678110736257,-0.425750789767025,13.549227246729
1,May-09,2009,May,5,1.427,0.001,,,,,
17,May-09,2009,May,5,2.487,0.001,,,,,
18,May-09,2009,May,5,0.583,0.001,1.499,0.001,0.00066706693351123,-0.402674214093328,13.1465530326357
1,Jun-09,2009,June,6,3.859,0.001,,,,,
17,Jun-09,2009,June,6,2.550,0.045,,,,,
18,Jun-09,2009,June,6,1.454,0.001,2.621,0.016,0.00597736232989953,-0.0709277561364983,13.0756252764992
1,Jul-09,2009,July,7,6.591,0.001,,,,,
17,Jul-09,2009,July,7,7.666,0.001,,,,,
18,Jul-09,2009,July,7,7.889,0.021,7.382,0.008,0.00103856226858123,-0.379466039715537,12.6961592367836
1,Aug-09,2009,August,8,10.965,0.001,,,,,
17,Aug-09,2009,August,8,13.443,0.001,,,,,
18,Aug-09,2009,August,8,8.105,0.001,10.838,0.001,9.22677083012948E-05,-0.438583253565863,12.2575759832178
1,Sep-09,2009,September,9,5.467,0.001,,,,,
17,Sep-09,2009,September,9,8.143,0.001,,,,,
18,Sep-09,2009,September,9,5.987,0.001,6.532,0.001,0.000153069347349084,-0.434784834290394,11.8227911489274
1,Oct-09,2009,October,10,3.480,0.001,,,,,
17,Oct-09,2009,October,10,2.729,0.001,,,,,
18,Oct-09,2009,October,10,1.459,0.001,2.556,0.001,0.000391197183098592,-0.419908436622469,11.4028827123049
1,Nov-09,2009,November,11,4.897,0.001,,,,,
17,Nov-09,2009,November,11,5.073,0.001,,,,,
18,Nov-09,2009,November,11,2.769,0.001,4.246,0.001,0.000235489441871419,-0.429635860009067,10.9732468522958
1,Dec-09,2009,December,12,5.539,0.001,,,,,
17,Dec-09,2009,December,12,5.221,0.001,,,,,
18,Dec-09,2009,December,12,5.211,0.001,5.324,0.001,0.00018782167678918,-0.432613775745263,10.5406330765506
1,Jan-10,2010,January,1,3.964,0.000,,,,,
17,Jan-10,2010,January,1,8.778,0.000,,,,,
18,Jan-10,2010,January,1,7.070,0.000,6.604,0.000,0,-0.444347431097976,10.0962856454526
1,Feb-10,2010,February,2,6.870,0.000,,,,,
17,Feb-10,2010,February,2,17.589,0.000,,,,,
18,Feb-10,2010,February,2,6.347,0.000,10.269,0.000,0,-0.444347431097976,9.65193821435463
1,Mar-10,2010,March,3,1.570,0.000,,,,,
17,Mar-10,2010,March,3,2.869,0.000,,,,,
18,Mar-10,2010,March,3,3.183,0.000,2.541,0.000,0,-0.444347431097976,9.20759078325665
1,Apr-10,2010,April,4,3.337,0.000,,,,,
17,Apr-10,2010,April,4,4.626,0.000,,,,,
18,Apr-10,2010,April,4,3.170,0.000,3.711,0.000,0,-0.444347431097976,8.76324335215868
1,May-10,2010,May,5,0.672,0.000,,,,,
17,May-10,2010,May,5,1.710,0.000,,,,,
18,May-10,2010,May,5,0.433,0.000,0.938,0.000,0,-0.444347431097976,8.3188959210607
1,Jun-10,2010,June,6,2.618,0.000,,,,,
17,Jun-10,2010,June,6,2.075,0.000,,,,,
18,Jun-10,2010,June,6,3.076,0.000,2.590,0.000,0,-0.444347431097976,7.87454848996272
1,Jul-10,2010,July,7,7.690,0.000,,,,,
17,Jul-10,2010,July,7,5.401,0.016,,,,,
18,Jul-10,2010,July,7,4.920,0.000,6.004,0.005,0.000911831658430959,-0.38738319458053,7.48716529538219
1,Aug-10,2010,August,8,11.997,0.000,,,,,
17,Aug-10,2010,August,8,12.503,0.000,,,,,
18,Aug-10,2010,August,8,8.465,0.000,10.988,0.000,0,-0.444347431097976,7.04281786428422
1,Sep-10,2010,September,9,9.196,0.000,,,,,
17,Sep-10,2010,September,9,6.921,0.051,,,,,
18,Sep-10,2010,September,9,7.959,0.000,8.025,0.017,0.00212366049177604,-0.311677439419411,6.73114042486481
1,Oct-10,2010,October,10,4.504,0.000,,,,,
17,Oct-10,2010,October,10,6.158,0.000,,,,,
18,Oct-10,2010,October,10,4.714,0.000,5.125,0.000,0,-0.444347431097976,6.28679299376683
1,Nov-10,2010,November,11,1.141,0.014,,,,,
17,Nov-10,2010,November,11,1.087,0.000,,,,,
18,Nov-10,2010,November,11,0.952,0.000,1.060,0.005,0.00439091981132076,-0.170036496235697,6.11675649753113
1,Dec-10,2010,December,12,2.466,0.000,,,,,
17,Dec-10,2010,December,12,7.185,0.000,,,,,
18,Dec-10,2010,December,12,8.927,0.000,6.193,0.000,0,-0.444347431097976,5.67240906643316
1,Jan-11,2011,January,1,6.386,0.000,,,,,
17,Jan-11,2011,January,1,13.541,0.113,,,,,
18,Jan-11,2011,January,1,15.566,0.000,11.831,0.038,0.00318777294114332,-0.245199869040659,5.4272091973925
1,Feb-11,2011,February,2,4.093,0.000,,,,,
17,Feb-11,2011,February,2,3.527,0.000,,,,,
18,Feb-11,2011,February,2,3.747,0.000,3.789,0.000,0,-0.444347431097976,4.98286176629452
1,Mar-11,2011,March,3,7.682,0.000,,,,,
17,Mar-11,2011,March,3,8.231,0.000,,,,,
18,Mar-11,2011,March,3,7.882,0.000,7.932,0.000,0,-0.444347431097976,4.53851433519654
1,Apr-11,2011,April,4,4.576,0.000,,,,,
17,Apr-11,2011,April,4,3.106,0.000,,,,,
18,Apr-11,2011,April,4,2.575,0.000,3.419,0.000,0,-0.444347431097976,4.09416690409857
1,May-11,2011,May,5,1.440,0.000,,,,,
17,May-11,2011,May,5,1.978,0.000,,,,,
18,May-11,2011,May,5,1.799,0.000,1.739,0.000,0,-0.444347431097976,3.64981947300059
1,Jun-11,2011,June,6,3.720,0.000,,,,,
17,Jun-11,2011,June,6,2.914,0.000,,,,,
18,Jun-11,2011,June,6,3.825,0.000,3.486,0.000,0,-0.444347431097976,3.20547204190261
1,Jul-11,2011,July,7,13.347,0.000,,,,,
17,Jul-11,2011,July,7,8.255,0.000,,,,,
18,Jul-11,2011,July,7,5.244,0.000,8.949,0.000,0,-0.444347431097976,2.76112461080464
1,Aug-11,2011,August,8,12.743,0.000,,,,,
17,Aug-11,2011,August,8,6.654,0.000,,,,,
18,Aug-11,2011,August,8,8.760,0.000,9.386,0.000,0,-0.444347431097976,2.31677717970666
1,Sep-11,2011,September,9,9.215,0.000,,,,,
17,Sep-11,2011,September,9,5.711,0.000,,,,,
18,Sep-11,2011,September,9,5.661,0.000,6.862,0.000,0,-0.444347431097976,1.87242974860868
1,Oct-11,2011,October,10,19.387,0.000,,,,,
17,Oct-11,2011,October,10,30.336,0.000,,,,,
18,Oct-11,2011,October,10,9.034,0.000,19.586,0.000,0,-0.444347431097976,1.42808231751071
1,Nov-11,2011,November,11,2.791,0.000,,,,,
17,Nov-11,2011,November,11,5.745,0.057,,,,,
18,Nov-11,2011,November,11,5.653,0.036,4.730,0.031,0.00653355592360279,-0.0361810535755011,1.39190126393521
1,Dec-11,2011,December,12,2.329,0.000,,,,,
17,Dec-11,2011,December,12,4.002,0.000,,,,,
18,Dec-11,2011,December,12,1.975,0.000,2.769,0.000,0,-0.444347431097976,0.947553832837231
1,Jan-12,2012,January,1,4.746,0.000,,,,,
17,Jan-12,2012,January,1,10.285,0.051,,,,,
18,Jan-12,2012,January,1,3.994,0.000,6.342,0.017,0.00269086070959264,-0.276243127546482,0.671310705290748
1,Feb-12,2012,February,2,11.262,0.142,,,,,
17,Feb-12,2012,February,2,22.804,0.454,,,,,
18,Feb-12,2012,February,2,16.109,0.276,16.725,0.291,0.0173829687759508,0.641606906605723,1.31291761189647
1,Mar-12,2012,March,3,5.296,0.049,,,,,
17,Mar-12,2012,March,3,12.057,0.094,,,,,
18,Mar-12,2012,March,3,3.456,0.000,6.936,0.048,0.00686585732135134,-0.0154214152788892,1.29749619661758
1,Apr-12,2012,April,4,1.608,0.000,,,,,
17,Apr-12,2012,April,4,1.493,0.000,,,,,
18,Apr-12,2012,April,4,1.509,0.000,1.537,0.000,0,-0.444347431097976,0.853148765519606
1,May-12,2012,May,5,4.413,0.108,,,,,
17,May-12,2012,May,5,4.450,0.258,,,,,
18,May-12,2012,May,5,5.343,0.156,4.735,0.174,0.0367080722933972,1.84889090175263,2.70203966727224
1,Jun-12,2012,June,6,5.751,0.044,,,,,
17,Jun-12,2012,June,6,5.897,0.080,,,,,
18,Jun-12,2012,June,6,8.243,0.000,6.630,0.041,0.0062527776381278,-0.0537219236636082,2.64831774360863
1,Jul-12,2012,July,7,8.254,0.000,,,,,
17,Jul-12,2012,July,7,8.085,0.000,,,,,
18,Jul-12,2012,July,7,5.482,0.000,7.274,0.000,0,-0.444347431097976,2.20397031251065
1,Aug-12,2012,August,8,11.004,0.000,,,,,
17,Aug-12,2012,August,8,11.524,0.000,,,,,
18,Aug-12,2012,August,8,12.270,0.000,11.599,0.000,0,-0.444347431097976,1.75962288141267
1,Sep-12,2012,September,9,9.972,0.000,,,,,
17,Sep-12,2012,September,9,12.736,0.000,,,,,
18,Sep-12,2012,September,9,9.218,0.000,10.642,0.000,0,-0.444347431097976,1.3152754503147
1,Oct-12,2012,October,10,3.069,0.000,,,,,
17,Oct-12,2012,October,10,7.125,0.070,,,,,
18,Oct-12,2012,October,10,2.956,0.000,4.383,0.023,0.00529777566539924,-0.113383109745641,1.20189234056906
1,Nov-12,2012,November,11,1.710,0.000,,,,,
17,Nov-12,2012,November,11,2.616,0.000,,,,,
18,Nov-12,2012,November,11,3.024,0.000,2.450,0.000,0,-0.444347431097976,0.75754490947108
1,Dec-12,2012,December,12,7.401,0.000,,,,,
17,Dec-12,2012,December,12,8.895,0.000,,,,,
18,Dec-12,2012,December,12,2.596,0.000,6.297,0.000,0,-0.444347431097976,0.313197478373103
1,Jan-13,2013,January,1,3.752,0.000,,,,,
17,Jan-13,2013,January,1,8.471,0.000,,,,,
18,Jan-13,2013,January,1,5.609,0.000,5.944,0.000,0,-0.444347431097976,-0.131149952724873
1,Feb-13,2013,February,2,6.144,0.000,,,,,
17,Feb-13,2013,February,2,7.355,0.000,,,,,
18,Feb-13,2013,February,2,7.877,0.000,7.125,0.000,0,-0.444347431097976,-0.575497383822849
1,Mar-13,2013,March,3,6.521,0.000,,,,,
17,Mar-13,2013,March,3,8.843,0.000,,,,,
18,Mar-13,2013,March,3,8.536,0.000,7.967,0.000,0,-0.444347431097976,-1.01984481492083
1,Apr-13,2013,April,4,0.471,0.000,,,,,
17,Apr-13,2013,April,4,0.599,0.000,,,,,
18,Apr-13,2013,April,4,0.454,0.000,0.508,0.000,0,-0.444347431097976,-1.4641922460188
1,May-13,2013,May,5,0.883,0.000,,,,,
17,May-13,2013,May,5,2.568,0.000,,,,,
18,May-13,2013,May,5,0.847,0.000,1.433,0.000,0,-0.444347431097976,-1.90853967711678
1,Jun-13,2013,June,6,3.645,0.000,,,,,
17,Jun-13,2013,June,6,4.263,0.000,,,,,
18,Jun-13,2013,June,6,5.809,0.023,4.572,0.008,0.00170115550047386,-0.338072305217067,-2.24661198233385
1,Jul-13,2013,July,7,5.066,0.000,,,,,
17,Jul-13,2013,July,7,15.305,0.000,,,,,
18,Jul-13,2013,July,7,11.466,0.000,10.612,0.000,0,-0.444347431097976,-2.69095941343182
1,Aug-13,2013,August,8,5.714,0.000,,,,,
17,Aug-13,2013,August,8,6.368,0.000,,,,,
18,Aug-13,2013,August,8,8.715,0.000,6.932,0.000,0,-0.444347431097976,-3.1353068445298
1,Sep-13,2013,September,9,3.138,0.000,,,,,
17,Sep-13,2013,September,9,3.146,0.000,,,,,
18,Sep-13,2013,September,9,3.032,0.000,3.105,0.000,0,-0.444347431097976,-3.57965427562778
1,Oct-13,2013,October,10,1.300,0.000,,,,,
17,Oct-13,2013,October,10,3.704,0.000,,,,,
18,Oct-13,2013,October,10,3.765,0.000,2.923,0.000,0,-0.444347431097976,-4.02400170672575
1,Nov-13,2013,November,11,2.091,0.000,,,,,
17,Nov-13,2013,November,11,6.453,0.000,,,,,
18,Nov-13,2013,November,11,6.676,0.000,5.073,0.000,0,-0.444347431097976,-4.46834913782373
1,Dec-13,2013,December,12,2.355,0.000,,,,,
17,Dec-13,2013,December,12,11.252,0.000,,,,,
18,Dec-13,2013,December,12,2.573,0.000,5.393,0.000,0,-0.444347431097976,-4.9126965689217
1,Jan-14,2014,January,1,2.026,0.000,,,,,
17,Jan-14,2014,January,1,6.667,0.000,,,,,
18,Jan-14,2014,January,1,3.919,0.000,4.204,0.000,0,-0.444347431097976,-5.35704400001968
1,Feb-14,2014,February,2,6.284,0.000,,,,,
17,Feb-14,2014,February,2,12.170,0.000,,,,,
18,Feb-14,2014,February,2,8.290,0.000,8.915,0.000,0,-0.444347431097976,-5.80139143111766
1,Mar-14,2014,March,3,2.223,0.000,,,,,
17,Mar-14,2014,March,3,3.360,0.000,,,,,
18,Mar-14,2014,March,3,1.478,0.000,2.354,0.000,0,-0.444347431097976,-6.24573886221563
1,Apr-14,2014,April,4,1.765,0.046,,,,,
17,Apr-14,2014,April,4,10.796,0.128,,,,,
18,Apr-14,2014,April,4,7.571,0.093,6.711,0.089,0.0132768540135108,0.385088403071967,-5.86065045914367
1,May-14,2014,May,5,0.578,0.000,,,,,
17,May-14,2014,May,5,2.113,0.000,,,,,
18,May-14,2014,May,5,2.515,0.000,1.735,0.000,0,-0.444347431097976,-6.30499789024164
1,Jun-14,2014,June,6,5.779,0.000,,,,,
17,Jun-14,2014,June,6,3.677,0.072,,,,,
18,Jun-14,2014,June,6,5.616,0.000,5.024,0.024,0.00475358280254777,-0.1473800988433,-6.45237798908494
1,Jul-14,2014,July,7,5.887,0.000,,,,,
17,Jul-14,2014,July,7,5.673,0.130,,,,,
18,Jul-14,2014,July,7,10.291,0.000,7.284,0.043,0.00593562079538694,-0.0735354465172731,-6.52591343560222
1,Aug-14,2014,August,8,3.184,0.000,,,,,
17,Aug-14,2014,August,8,3.071,0.000,,,,,
18,Aug-14,2014,August,8,4.324,0.000,3.526,0.000,0,-0.444347431097976,-6.97026086670019
1,Sep-14,2014,September,9,5.444,0.000,,,,,
17,Sep-14,2014,September,9,6.381,0.000,,,,,
18,Sep-14,2014,September,9,4.137,0.000,5.321,0.000,0,-0.444347431097976,-7.41460829779817
1,Oct-14,2014,October,10,5.167,0.000,,,,,
17,Oct-14,2014,October,10,5.853,0.000,,,,,
18,Oct-14,2014,October,10,1.976,0.000,4.332,0.000,0,-0.444347431097976,-7.85895572889615
1,Nov-14,2014,November,11,1.482,0.000,,,,,
17,Nov-14,2014,November,11,2.737,0.000,,,,,
18,Nov-14,2014,November,11,2.847,0.000,2.355,0.000,0,-0.444347431097976,-8.30330315999412
1,Dec-14,2014,December,12,2.580,0.000,,,,,
17,Dec-14,2014,December,12,3.414,0.000,,,,,
18,Dec-14,2014,December,12,2.956,0.000,2.983,0.000,0,-0.444347431097976,-8.7476505910921
1,Jan-15,2015,January,1,5.639,0.024,,,,,
17,Jan-15,2015,January,1,10.254,0.067,,,,,
18,Jan-15,2015,January,1,8.518,0.037,8.137,0.043,0.00524353774937528,-0.116771478034935,-8.86442206912703
1,Feb-15,2015,February,2,,,,,,,
17,Feb-15,2015,February,2,,,,,,,
18,Feb-15,2015,February,2,,,,,,,
1,Mar-15,2015,March,3,5.465,0.028,,,,,
17,Mar-15,2015,March,3,8.943,0.042,,,,,
18,Mar-15,2015,March,3,7.508,0.032,7.305,0.034,0.0046541339660522,-0.153592898093182,-9.01801496722022
1,Apr-15,2015,April,4,1.930,0.134,,,,,
17,Apr-15,2015,April,4,6.766,0.225,,,,,
18,Apr-15,2015,April,4,1.290,0.024,3.329,0.128,0.0383536951732425,1.95169677614763,-7.06631819107259
1,May-15,2015,May,5,4.357,0.010,,,,,
17,May-15,2015,May,5,4.969,0.011,,,,,
18,May-15,2015,May,5,3.461,0.006,4.262,0.009,0.00211151951200438,-0.312435914557746,-7.37875410563034
1,Jun-15,2015,June,6,5.963,0.019,,,,,
17,Jun-15,2015,June,6,5.179,0.027,,,,,
18,Jun-15,2015,June,6,6.415,0.008,5.852,0.018,0.0030756963034687,-0.252201556290215,-7.63095566192055
1,Jul-15,2015,July,7,5.868,0.024,,,,,
17,Jul-15,2015,July,7,4.614,0.026,,,,,
18,Jul-15,2015,July,7,5.911,0.027,5.464,0.026,0.00469712682242421,-0.150907034736398,-7.78186269665695
1,Aug-15,2015,August,8,5.353,0.028,,,,,
17,Aug-15,2015,August,8,10.668,0.049,,,,,
18,Aug-15,2015,August,8,3.588,0.036,6.536,0.038,0.00576266000305982,-0.0843407079833216,-7.86620340464027
1,Sep-15,2015,September,9,8.479,0.345,,,,,
17,Sep-15,2015,September,9,9.799,0.672,,,,,
18,Sep-15,2015,September,9,4.393,0.043,7.557,0.353,0.0467557672797847,2.47659368917793,-5.38960971546234
1,Oct-15,2015,October,10,3.443,0.015,,,,,
17,Oct-15,2015,October,10,6.534,0.025,,,,,
18,Oct-15,2015,October,10,6.967,0.028,5.648,0.023,0.00401322001888574,-0.193632277441497,-5.58324199290384
1,Nov-15,2015,November,11,2.740,0.010,,,,,
17,Nov-15,2015,November,11,3.309,0.032,,,,,
18,Nov-15,2015,November,11,2.741,0.019,2.930,0.020,0.00693970420932878,-0.0108080290754938,-5.59405002197933
1,Dec-15,2015,December,12,2.152,0.009,,,,,
17,Dec-15,2015,December,12,2.638,0.031,,,,,
18,Dec-15,2015,December,12,2.252,0.025,2.347,0.022,0.00923033229196251,0.132292814886411,-5.46175720709292
1,Jan-16,2016,January,1,3.944,0.019,,,,,
17,Jan-16,2016,January,1,19.608,0.088,,,,,
18,Jan-16,2016,January,1,3.284,0.027,8.945,0.045,0.00499329259204054,-0.13240487285947,-5.59416207995239
1,Feb-16,2016,February,2,3.388,0.028,,,,,
17,Feb-16,2016,February,2,4.304,0.022,,,,,
18,Feb-16,2016,February,2,3.485,0.011,3.726,0.020,0.00545763621723182,-0.103396250657999,-5.69755833061039
1,Mar-16,2016,March,3,7.046,0.017,,,,,
17,Mar-16,2016,March,3,8.272,0.025,,,,,
18,Mar-16,2016,March,3,6.73,0.018,7.349,0.020,0.00272133526850508,-0.274339311238283,-5.97189764184867
1,Apr-16,2016,April,4,4.557,0.009,,,,,
17,Apr-16,2016,April,4,2.92,0.008,,,,,
18,Apr-16,2016,April,4,2.402,0.0009999,3.293,0.006,0.00182203664338496,-0.330520580124371,-6.30241822197305
1,May-16,2016,May,5,4.89,0.17,,,,,
17,May-16,2016,May,5,7.297,0.333,,,,,
18,May-16,2016,May,5,6.008,0.42,6.065,0.308,0.0507282220390217,2.72476214260651,-3.57765607936653
1,Jun-16,2016,June,6,4.22,0.089,,,,,
17,Jun-16,2016,June,6,4.822,0.02,,,,,
18,Jun-16,2016,June,6,11.075,0.799,6.706,0.303,0.0451359546652085,2.37540024185955,-1.20225583750698
1,Jul-16,2016,July,7,4.209,0.023,,,,,
17,Jul-16,2016,July,7,2.555,0.037,,,,,
18,Jul-16,2016,July,7,6.322,0.041,4.362,0.034,0.0077181720923124,0.037824663371072,-1.16443117413591
1,Aug-16,2016,August,8,5.847,0.155,,,,,
17,Aug-16,2016,August,8,4.239,0.166,,,,,
18,Aug-16,2016,August,8,5.701,0.084,5.262,0.135,0.0256540191296636,1.15831858714482,-0.00611258699109141
1,Sep-16,2016,September,9,5.162,0.035,,,,,
17,Sep-16,2016,September,9,5.417,0.018,,,,,
18,Sep-16,2016,September,9,5.427,0.028,5.335,0.027,0.00506060227414719,-0.128199881054256,-0.134312468045347
1,Oct-16,2016,October,10,2.483,0.005,,,,,
17,Oct-16,2016,October,10,4.515,0.011,,,,,
18,Oct-16,2016,October,10,2.005,0.007,3.001,0.008,0.0025547039875597,-0.284749153462133,-0.41906162150748
1,Nov-16,2016,November,11,2.766,0.018,,,,,
17,Nov-16,2016,November,11,2.71,0.013,,,,,
18,Nov-16,2016,November,11,3.286,0.013,2.921,0.015,0.0050216845469071,-0.130631161651643,-0.549692783159123
1,Dec-16,2016,December,12,4.58,0.032,,,,,
17,Dec-16,2016,December,12,6.342,0.066,,,,,
18,Dec-16,2016,December,12,7.303,0.074,6.075,0.057,0.00943758573388203,0.145240417632376,-0.404452365526747
1,Jan-17,2017,January,1,,,,,,,
17,Jan-17,2017,January,1,,,,,,,
18,Jan-17,2017,January,1,,,,,,,
1,Feb-17,2017,February,2,,,,,,,
17,Feb-17,2017,February,2,,,,,,,
18,Feb-17,2017,February,2,,,,,,,
1,Mar-17,2017,March,3,6.641,0.053,,,,,
17,Mar-17,2017,March,3,17.423,0.102,,,,,
18,Mar-17,2017,March,3,11.77,0.094,11.945,0.083,0.00694870793101524,-0.0102455457191174,-0.414697911245864
1,Apr-17,2017,April,4,,,,,,,
17,Apr-17,2017,April,4,,,,,,,
18,Apr-17,2017,April,4,,,,,,,
1,May-17,2017,May,5,5.169,0.07,,,,,
17,May-17,2017,May,5,5.033,0.023,,,,,
18,May-17,2017,May,5,4.53,0.01,4.911,0.034,0.00699158294868314,-0.00756704401922387,-0.422264955265088
1,Jun-17,2017,June,6,4.735,0.0009999,,,,,
17,Jun-17,2017,June,6,8.449,0.0009999,,,,,
18,Jun-17,2017,June,6,6.491,0.011,6.558,0.004,0.000660726810673443,-0.403070296257774,-0.825335251522862
1,Jul-17,2017,July,7,8.937,0.015,,,,,
17,Jul-17,2017,July,7,17.248,0.013,,,,,
18,Jul-17,2017,July,7,24.001,0.011,16.729,0.013,0.000777109153947316,-0.395799621602634,-1.2211348731255
1,Aug-17,2017,August,8,,,,,,,
17,Aug-17,2017,August,8,,,,,,,
18,Aug-17,2017,August,8,,,,,,,
1,Sep-17,2017,September,9,2.262,0.006,,,,,
17,Sep-17,2017,September,9,1.503,0.006,,,,,
18,Sep-17,2017,September,9,2.94,0.021,2.235,0.011,0.00492170022371365,-0.136877413996323,-1.35801228712182
1,Oct-17,2017,October,10,,,,,,,
17,Oct-17,2017,October,10,,,,,,,
18,Oct-17,2017,October,10,,,,,,,
1,Nov-17,2017,November,11,1.755,0.006,,,,,
17,Nov-17,2017,November,11,2.822,0.011,,,,,
18,Nov-17,2017,November,11,1.225,0.0009999,1.934,0.006,0.00310236125473975,-0.250535734998658,-1.60854802212048
1,Dec-17,2017,December,12,2.664,0.0009999,,,,,
17,Dec-17,2017,December,12,6.514,0.012,,,,,
18,Dec-17,2017,December,12,6.564,0.012,5.247,0.008,0.00158810189302503,-0.345135026032165,-1.95368304815264
1,Jan-18,2018,January,1,3.177,0.013,,,,,
17,Jan-18,2018,January,1,3.938,0.015,,,,,
18,Jan-18,2018,January,1,3.112,0.009,3.409,0.0123333333333333,0.00361787425442456,-0.21833044340745,-2.17201349156009
1,Feb-18,2018,February,2,7.063,0.015,,,,,
17,Feb-18,2018,February,2,19.203,0.026,,,,,
18,Feb-18,2018,February,2,3.625,0.007,9.96366666666667,0.016,0.00160583453213342,-0.344027226978569,-2.51604071853866
1,Mar-18,2018,March,3,11.032,0.039,,,,,
17,Mar-18,2018,March,3,15.913,0.046,,,,,
18,Mar-18,2018,March,3,13.197,0.033,13.3806666666667,0.0393333333333333,0.00293956454586219,-0.260706022620302,-2.77674674115896
1,Apr-18,2018,April,4,1.731,0.021,,,,,
17,Apr-18,2018,April,4,2.281,0.031,,,,,
18,Apr-18,2018,April,4,0.983,0.016,1.665,0.0226666666666667,0.0136136136136136,0.406126555599798,-2.37062018555917
1,May-18,2018,May,5,7.786,0.047,,,,,
17,May-18,2018,May,5,7.888,0.032,,,,,
18,May-18,2018,May,5,10.387,0.326,8.687,0.135,0.0155404627604466,0.52650128652602,-1.84411889903315
1,Jun-18,2018,June,6,14.133,0.019,,,,,
17,Jun-18,2018,June,6,7.467,0.02,,,,,
18,Jun-18,2018,June,6,4.814,0.017,8.80466666666667,0.0186666666666667,0.00212008783221019,-0.311900631740739,-2.15601953077388
1,Jul-18,2018,July,7,24.436,0.034,,,,,
17,Jul-18,2018,July,7,19.725,0.04,,,,,
18,Jul-18,2018,July,7,17.449,0.043,20.5366666666667,0.039,0.00189904236325272,-0.325709854373424,-2.48172938514731
1,Aug-18,2018,August,8,7.996,0.009,,,,,
17,Aug-18,2018,August,8,6.989,0.015,,,,,
18,Aug-18,2018,August,8,8.894,0.021,7.95966666666667,0.015,0.00188450102600611,-0.326618285405113,-2.80834767055242
1,Sep-18,2018,September,9,3.689,0.011,,,,,
17,Sep-18,2018,September,9,5.095,0.024,,,,,
18,Sep-18,2018,September,9,10.03,0.022,6.27133333333333,0.019,0.00302965876474965,-0.255077628008087,-3.06342529856051
1,Oct-18,2018,October,10,1.636,0.01,,,,,
17,Oct-18,2018,October,10,3.307,0.022,,,,,
18,Oct-18,2018,October,10,2.284,0.009,2.409,0.0136666666666667,0.0056731700567317,-0.0899313522885878,-3.15335665084909
1,Nov-18,2018,November,11,3.88,0.012,,,,,
17,Nov-18,2018,November,11,7.869,0.076,,,,,
18,Nov-18,2018,November,11,5.104,0.03,5.61766666666667,0.0393333333333333,0.00700172076188216,-0.00693371133824152,-3.16029036218734
1,Dec-18,2018,December,12,,,,,,,
17,Dec-18,2018,December,12,,,,,,,
18,Dec-18,2018,December,12,,,,,,,
1,Jan-19,2019,January,1,,,,,,,
17,Jan-19,2019,January,1,,,,,,,
18,Jan-19,2019,January,1,,,,,,,
1,Feb-19,2019,February,2,,,,,,,
17,Feb-19,2019,February,2,,,,,,,
18,Feb-19,2019,February,2,,,,,,,
1,Mar-19,2019,March,3,3.442,0.310,,,,,
17,Mar-19,2019,March,3,3.880,0.247,,,,,
18,Mar-19,2019,March,3,2.616,0.249,3.313,0.269,0.0811028375930771,4.62233475762747,1.46204439544014
1,Apr-19,2019,April,4,3.071,0.014,,,,,
17,Apr-19,2019,April,4,2.834,0.010,,,,,
18,Apr-19,2019,April,4,2.623,0.013,2.843,0.012,0.00433864915572233,-0.173301965207848,1.28874243023229
1,May-19,2019,May,5,5.878,0.039,,,,,
17,May-19,2019,May,5,6.811,0.033,,,,,
18,May-19,2019,May,5,3.913,0.091,5.534,0.054,0.00981809420551741,0.169011663535845,1.45775409376813
1,Jun-19,2019,June,6,5.207,0.021,,,,,
17,Jun-19,2019,June,6,4.352,0.028,,,,,
18,Jun-19,2019,June,6,6.503,0.014,5.354,0.021,0.0039223010833022,-0.199312194016676,1.25844189975146
1,Jul-19,2019,July,7,1.741,0.008,,,,,
17,Jul-19,2019,July,7,3.846,0.0009999,,,,,
18,Jul-19,2019,July,7,3.38,0.0009999,2.989,0.003,0.00111517787442846,-0.37467968529139,0.883762214460067
1,Aug-19,2019,August,8,,,,,,,
17,Aug-19,2019,August,8,,,,,,,
18,Aug-19,2019,August,8,,,,,,,
1,Sep-19,2019,September,9,4.394,0.012,,,,,
17,Sep-19,2019,September,9,7.677,0.012,,,,,
18,Sep-19,2019,September,9,4.37,0.009,5.480,0.011,0.00200717717900371,-0.318954421873076,0.564807792586991
1,Oct-19,2019,October,10,1.605,0.0009999,,,,,
17,Oct-19,2019,October,10,2.254,0.018,,,,,
18,Oct-19,2019,October,10,2.471,0.024,2.110,0.014,0.00679303317535545,-0.0199709084208899,0.544836884166101
1,Nov-19,2019,November,11,,,,,,,
17,Nov-19,2019,November,11,,,,,,,
18,Nov-19,2019,November,11,,,,,,,
1,Dec-19,2019,December,12,1.072,0.0009999,,,,,
17,Dec-19,2019,December,12,1.008,0.0009999,,,,,
18,Dec-19,2019,December,12,0.77,0.0009999,0.950,0.001,0.00105252631578947,-0.37859367333019,0.166243210835911
1,Jan-20,2020,January,1,,,,,,,
17,Jan-20,2020,January,1,,,,,,,
18,Jan-20,2020,January,1,,,,,,,
1,Feb-20,2020,February,2,3.013,0.010,,,,,
17,Feb-20,2020,February,2,4.560,0.013,,,,,
18,Feb-20,2020,February,2,2.519,0.013,-3.364,-0.012,0.00356718192627824,-0.221497310606507,-0.0552540997705961
1,Mar-20,2020,March,3,,,,,,,
17,Mar-20,2020,March,3,,,,,,,
18,Mar-20,2020,March,3,,,,,,,
1,Apr-20,2020,April,4,,,,,,,
17,Apr-20,2020,April,4,,,,,,,
18,Apr-20,2020,April,4,,,,,,,
1,May-20,2020,May,5,,,,,,,
17,May-20,2020,May,5,,,,,,,
18,May-20,2020,May,5,,,,,,,
1,Jun-20,2020,June,6,4.143,0.007,,,,,
17,Jun-20,2020,June,6,4.735,0.016,,,,,
18,Jun-20,2020,June,6,4.961,0.0095,4.613,0.011,0.00234843558060554,-0.297635218791377,-0.352889318561973
1,Jul-20,2020,July,7,3.556,0.016,,,,,
17,Jul-20,2020,July,7,6.768,0.033,,,,,
18,Jul-20,2020,July,7,7.654,0.019,5.993,0.023,0.00378240071198131,-0.208052094377797,-0.56094141293977
1,Aug-20,2020,August,8,6.825,0.013,,,,,
17,Aug-20,2020,August,8,6.422,0.032,,,,,
18,Aug-20,2020,August,8,6.140,0.028,6.462,0.024,0.00376540981069789,-0.209113555350779,-0.770054968290549
1,Sep-20,2020,September,9,8.071,0.013,,,,,
17,Sep-20,2020,September,9,8.179,0.037,,,,,
18,Sep-20,2020,September,9,7.846,0.032,8.032,0.027,0.00340305444887118,-0.231750734421727,-1.00180570271228
1,Oct-20,2020,October,10,4.915,0.018,,,,,
17,Oct-20,2020,October,10,1.959,0.016,,,,,
18,Oct-20,2020,October,10,1.035,0.009,2.636,0.014,0.00543684410165634,-0.104695182295641,-1.10650088500792
1,Nov-20,2020,November,11,1.322,0.001,,,,,
17,Nov-20,2020,November,11,1.082,0.001,,,,,
18,Nov-20,2020,November,11,1.601,0.001,1.335,0.001,0.000749013732833958,-0.397554807659798,-1.50405569266772
1,Dec-20,2020,December,12,,,,,,,
17,Dec-20,2020,December,12,,,,,,,
18,Dec-20,2020,December,12,,,,,,,
1,Jan-21,2021,January,1,,,,,,,
17,Jan-21,2021,January,1,,,,,,,
18,Jan-21,2021,January,1,,,,,,,
1,Feb-21,2021,February,2,6.330,0.022,,,,,
17,Feb-21,2021,February,2,11.078,0.118,,,,,
18,Feb-21,2021,February,2,7.741,0.022,8.383,0.054,0.00644160801622331,-0.041925252403015,-1.54598094507073
1,Mar-21,2021,March,3,4.376,0.032,,,,,
17,Mar-21,2021,March,3,10.173,0.064,,,,,
18,Mar-21,2021,March,3,3.874,0.038,6.141,0.045,0.00727351679965261,0.0100460169228968,-1.53593492814783
1,Apr-21,2021,April,4,0.769,0.013,,,,,
17,Apr-21,2021,April,4,3.604,0.031,,,,,
18,Apr-21,2021,April,4,0.929,0.010,1.767,0.018,0.010184835910977,0.191922867657184,-1.34401206049065
1,May-21,2021,May,5,2.744,0.032,,,,,
17,May-21,2021,May,5,3.029,0.031,,,,,
18,May-21,2021,May,5,4.306,0.021,3.360,0.028,0.00833416013493402,0.0763068637063811,-1.26770519678427
1,Jun-21,2021,June,6,6.822,0.017,,,,,
17,Jun-21,2021,June,6,5.680,0.039,,,,,
18,Jun-21,2021,June,6,6.358,0.026,6.287,0.027,0.00434782608695652,-0.172728661049678,-1.44043385783395
1,Jul-21,2021,July,7,,,,,,,
17,Jul-21,2021,July,7,,,,,,,
18,Jul-21,2021,July,7,,,,,,,
1,Aug-21,2021,August,8,4.893,0.014,,,,,
17,Aug-21,2021,August,8,4.895,0.027,,,,,
18,Aug-21,2021,August,8,4.514,0.023,4.767,0.021,0.00447489861557824,-0.164790145745512,-1.60522400357946
1,Sep-21,2021,September,9,5.414,0.013,,,,,
17,Sep-21,2021,September,9,7.355,0.027,,,,,
18,Sep-21,2021,September,9,3.311,0.016,5.360,0.019,0.00348258706467662,-0.226782147626454,-1.83200615120591
1,Oct-21,2021,October,10,0.986,0.001,,,,,
17,Oct-21,2021,October,10,1.036,0.001,,,,,
18,Oct-21,2021,October,10,1.010,0.001,1.011,0.001,0.000989346965699208,-0.382540633723902,-2.21454678492982
1,Nov-21,2021,November,11,0.965,0.001,,,,,
17,Nov-21,2021,November,11,1.066,0.001,,,,,
18,Nov-21,2021,November,11,0.888,0.001,0.973,0.001,0.00102764645426516,-0.380147975929017,-2.59469476085883
1,Dec-21,2021,December,12,1.120,0.015,,,,,
17,Dec-21,2021,December,12,0.849,0.011,,,,,
18,Dec-21,2021,December,12,1.142,0.015,1.037,0.014,0.0131790421086467,0.378977866734056,-2.21571689412478
1,Jan-22,2022,January,1,,,,,,,
17,Jan-22,2022,January,1,,,,,,,
18,Jan-22,2022,January,1,,,,,,,
1,Feb-22,2022,February,2,,,,,,,
17,Feb-22,2022,February,2,,,,,,,
18,Feb-22,2022,February,2,,,,,,,
1,Mar-22,2022,March,3,,,,,,,
17,Mar-22,2022,March,3,,,,,,,
18,Mar-22,2022,March,3,,,,,,,
1,Apr-22,2022,April,4,,,,,,,
17,Apr-22,2022,April,4,,,,,,,
18,Apr-22,2022,April,4,,,,,,,
1,May-22,2022,May,5,,,,,,,
17,May-22,2022,May,5,,,,,,,
18,May-22,2022,May,5,,,,,,,
1,Jun-22,2022,June,6,,,,,,,
17,Jun-22,2022,June,6,,,,,,,
18,Jun-22,2022,June,6,,,,,,,
1,Jul-22,2022,July,7,,,,,,,
17,Jul-22,2022,July,7,,,,,,,
18,Jul-22,2022,July,7,,,,,,,
1,Aug-22,2022,August,8,,,,,,,
17,Aug-22,2022,August,8,,,,,,,
18,Aug-22,2022,August,8,,,,,,,
1,Sep-22,2022,September,9,,,,,,,
17,Sep-22,2022,September,9,,,,,,,
18,Sep-22,2022,September,9,,,,,,,
1,Oct-22,2022,October,10,,,,,,,
17,Oct-22,2022,October,10,,,,,,,
18,Oct-22,2022,October,10,,,,,,,
1,Nov-22,2022,November,11,,,,,,,
17,Nov-22,2022,November,11,,,,,,,
18,Nov-22,2022,November,11,,,,,,,
1,Dec-22,2022,December,12,,,,,,,
17,Dec-22,2022,December,12,,,,,,,
18,Dec-22,2022,December,12,,,,,,,
1,Jan-23,2023,January,1,3.770,0.001,,,,,
17,Jan-23,2023,January,1,3.877,0.008,,,,,
18,Jan-23,2023,January,1,3.271,0.009,3.639,0.006,0.00164864444037369,-0.341352792815485,-2.55706968694026
1,Feb-23,2023,February,2,2.943,0.031,,,,,
17,Feb-23,2023,February,2,2.625,0.029,,,,,
18,Feb-23,2023,February,2,2.398,0.024,2.65533333333333,0.028,0.0105448154657294,0.21441162455519,-2.34265806238507
1,Mar-23,2023,March,3,1.398,0.001,,,,,
17,Mar-23,2023,March,3,1.9,0.057,,,,,
18,Mar-23,2023,March,3,2.268,0.052,1.85533333333333,0.0366666666666667,0.0197628458498024,0.790283341848833,-1.55237472053624
1,Apr-23,2023,April,4,1.302,0.001,,,,,
17,Apr-23,2023,April,4,3.205,0.089,,,,,
18,Apr-23,2023,April,4,2.061,0.042,2.18933333333333,0.044,0.0200974421437272,0.811186347627105,-0.741188372909135
1,May-23,2023,May,5,1.445,0.001,,,,,
17,May-23,2023,May,5,3.404,0.026,,,,,
18,May-23,2023,May,5,3.332,0.046,2.727,0.0243333,0.00892310231023102,0.113099446041642,-0.628088926867493
1,Jun-23,2023,June,6,3.513,0.025,,,,,
17,Jun-23,2023,June,6,2.95,0.051,,,,,
18,Jun-23,2023,June,6,5.883,0.016,4.11533333333333,0.0306666666666667,0.00745180625303742,0.0211841721923191,-0.606904754675174
1,Jul-23,2023,July,7,7.683,0.045,,,,,
17,Jul-23,2023,July,7,3.771,0.079,,,,,
18,Jul-23,2023,July,7,6.312,0.026,5.922,0.05,0.00844309354947653,0.0831121865236764,-0.523792568151497
1,Aug-23,2023,August,8,5.445,0.037,,,,,
17,Aug-23,2023,August,8,2.98,0.037,,,,,
18,Aug-23,2023,August,8,2.691,0.022,3.70533333333333,0.032,0.00863620007196833,0.095175998433008,-0.428616569718489
1,Sep-23,2023,September,9,1.971,0.011,,,,,
17,Sep-23,2023,September,9,2.63,0.014,,,,,
18,Sep-23,2023,September,9,1.394,0.001,1.99833333333333,0.00866663333333333,0.00433693077564637,-0.17340931639287,-0.60202588611136
1,Oct-23,2023,October,10,0.832,0.011,,,,,
17,Oct-23,2023,October,10,2.814,0.016,,,,,
18,Oct-23,2023,October,10,0.463,0.001,1.36966666666667,0.0093333,0.00681428571428572,-0.0186432130694222,-0.620669099180782
1,Nov-23,2023,November,11,2.142,0.033,,,,,
17,Nov-23,2023,November,11,5.028,0.046,,,,,
18,Nov-23,2023,November,11,0.878,0.001,2.68266666666667,0.0266666333333333,0.00994034542743539,0.176648980638725,-0.444020118542057
1,Dec-23,2023,December,12,0.938,0.11,,,,,
17,Dec-23,2023,December,12,6.039,0.084,,,,,
18,Dec-23,2023,December,12,5.206,0.071,4.061,0.0883333333333333,0.0217516211113847,0.914526740653133,0.470506622111077
1,Jan-24,2024,January,1,4.838,0.012,,,,,
17,Jan-24,2024,January,1,8.413,0.033,,,,,
18,Jan-24,2024,January,1,3.944,0.011,5.73166666666667,0.0186666666666667,0.003256760686246,-0.240890044751825,0.229616577359252
1,Feb-24,2024,February,2,2.024,0.012,,,,,
17,Feb-24,2024,February,2,5.121,0.035,,,,,
18,Feb-24,2024,February,2,5.274,0.026,4.13966666666667,0.0243333333333333,0.00587809002335132,-0.0771295271515294,0.152487050207723
1,Mar-24,2024,March,3,,,,,,,
17,Mar-24,2024,March,3,,,,,,,
18,Mar-24,2024,March,3,,,,,,,
1,Apr-24,2024,April,4,1.026,0.006,,,,,
17,Apr-24,2024,April,4,1.849,0.014,,,,,
18,Apr-24,2024,April,4,1.62,0.001,1.49833333333333,0.00699996666666667,0.00467183537263626,-0.15248705020775,-2.72004641033163E-14
1,May-24,2024,May,5,,,,,,,
17,May-24,2024,May,5,,,,,,,
18,May-24,2024,May,5,,,,,,,
1,Jun-24,2024,June,6,,,,,,,
17,Jun-24,2024,June,6,,,,,,,
18,Jun-24,2024,June,6,,,,,,,
1,Jul-24,2024,July,7,,,,,,,
17,Jul-24,2024,July,7,,,,,,,
18,Jul-24,2024,July,7,,,,,,,
1,Aug-24,2024,August,8,,,,,,,
17,Aug-24,2024,August,8,,,,,,,
18,Aug-24,2024,August,8,,,,,,,
1,Sep-24,2024,September,9,,,,,,,
17,Sep-24,2024,September,9,,,,,,,
18,Sep-24,2024,September,9,,,,,,,
1,Oct-24,2024,October,10,,,,,,,
17,Oct-24,2024,October,10,,,,,,,
18,Oct-24,2024,October,10,,,,,,,
1,Nov-24,2024,November,11,,,,,,,
17,Nov-24,2024,November,11,,,,,,,
18,Nov-24,2024,November,11,,,,,,,
1,Dec-24,2024,December,12,,,,,,,
17,Dec-24,2024,December,12,,,,,,,
18,Dec-24,2024,December,12,,,,,,,
