11,1/25/1995,1995,JANUARY,1,0.80,-0.630178628,,,,,,
12,1/25/1995,1995,JANUARY,1,0.67,-0.653765677,,,,,,
13,1/25/1995,1995,JANUARY,1,0.96,-0.601148414,-0.628364239,,0.81,,,
11,2/15/1995,1995,FEBRUARY,2,0.90,-0.612034744,,,,,,
12,2/15/1995,1995,FEBRUARY,2,2.27,-0.363463536,,,,,,
13,2/15/1995,1995,FEBRUARY,2,1.71,-0.465069285,-0.480189188,-1.108553428,1.626666667,,,
11,3/23/1995,1995,MARCH,3,1.14,-0.568489423,,,,,,
12,3/23/1995,1995,MARCH,3,1.33,-0.534016044,,,,,,
13,3/23/1995,1995,MARCH,3,0.82,-0.626549851,-0.576351773,-1.6849052,1.096666667,,,
11,4/25/1995,1995,APRIL,4,1.70,-0.466883674,,,,,,
12,4/25/1995,1995,APRIL,4,1.39,-0.523129713,,,,,,
13,4/25/1995,1995,APRIL,4,0.96,-0.601148414,-0.530387267,-2.215292467,1.35,,,
11,5/20/1995,1995,MAY,5,2.49,-0.323546991,,,,,,
12,5/20/1995,1995,MAY,5,1.56,-0.492285111,,,,,,
13,5/20/1995,1995,MAY,5,1.07,-0.581190142,-0.465674081,-2.680966548,1.706666667,,,
11,6/14/1995,1995,JUNE,6,2.84,-0.260043398,,,,,,
12,6/14/1995,1995,JUNE,6,3.02,-0.227384407,,,,,,
13,6/14/1995,1995,JUNE,6,1.84,-0.441482236,-0.309636681,-2.990603229,2.566666667,,,
11,7/6/1995,1995,JULY,7,0.47,-0.690053444,,,,,,
12,7/6/1995,1995,JULY,7,1.33,-0.534016044,,,,,,
13,7/6/1995,1995,JULY,7,0.91,-0.610220356,-0.611429948,-3.602033177,0.903333333,,,
11,8/22/1995,1995,AUGUST,8,3.24,-0.187467863,,,,,,
12,8/22/1995,1995,AUGUST,8,10.90,1.202353637,,,,,,
13,8/22/1995,1995,AUGUST,8,1.25,-0.548531151,0.155451541,-3.446581636,5.13,,,
11,9/21/1995,1995,SEPTEMBER,9,2.21,-0.374349866,,,,,,
12,9/21/1995,1995,SEPTEMBER,9,3.40,-0.158437649,,,,,,
13,9/21/1995,1995,SEPTEMBER,9,0.26,-0.7281556,-0.420314372,-3.866896007,1.956666667,,,
11,10/12/1995,1995,OCTOBER,10,2.58,-0.307217496,,,,,,
12,10/12/1995,1995,OCTOBER,10,2.76,-0.274558505,,,,,,
13,10/12/1995,1995,OCTOBER,10,2.83,-0.261857786,-0.281211263,-4.14810727,2.723333333,,,
11,12/8/1995,1995,DECEMBER,12,0.82,-0.626549851,,,,,,
12,12/8/1995,1995,DECEMBER,12,2.20,-0.376164254,,,,,,
13,12/8/1995,1995,DECEMBER,12,2.24,-0.368906701,-0.457206935,-4.605314205,1.753333333,1.965757576,,
11,1/23/1996,1996,JANUARY,1,0.65,-0.657394454,,,,,,
12,1/23/1996,1996,JANUARY,1,0.33,-0.715454882,,,,,,
13,1/23/1996,1996,JANUARY,1,0.41,-0.700939775,-0.691263037,-5.296577242,0.463333333,,,
11,2/12/1996,1996,FEBRUARY,2,0.82,-0.626549851,,,,,,
12,2/12/1996,1996,FEBRUARY,2,2.82,-0.263672175,,,,,,
13,2/12/1996,1996,FEBRUARY,2,1.93,-0.425152741,-0.438458256,-5.735035498,1.856666667,,,
11,3/19/1996,1996,MARCH,3,0.92,-0.608405967,,,,,,
12,3/19/1996,1996,MARCH,3,0.61,-0.664652007,,,,,,
13,3/19/1996,1996,MARCH,3,0.83,-0.624735463,-0.632597812,-6.36763331,0.786666667,,,
11,4/18/1996,1996,APRIL,4,0.00,-0.775329698,,,,,,
12,4/18/1996,1996,APRIL,4,0.00,-0.775329698,,,,,,
13,4/18/1996,1996,APRIL,4,0.76,-0.637436181,-0.729365193,-7.096998503,0.253333333,,,
11,5/7/1996,1996,MAY,5,1.90,-0.430595906,,,,,,
12,5/7/1996,1996,MAY,5,1.81,-0.446925401,,,,,,
13,5/7/1996,1996,MAY,5,1.69,-0.468698062,-0.44873979,-7.545738292,1.8,,,
11,6/17/1996,1996,JUNE,6,1.17,-0.563046258,,,,,,
12,6/17/1996,1996,JUNE,6,2.55,-0.312660661,,,,,,
13,6/17/1996,1996,JUNE,6,0.51,-0.682795891,-0.519500937,-8.065239229,1.41,,,
11,7/23/1996,1996,JULY,7,4.34,0.012114859,,,,,,
12,7/23/1996,1996,JULY,7,3.70,-0.104005997,,,,,,
13,7/23/1996,1996,JULY,7,1.70,-0.466883674,-0.186258271,-8.251497499,3.246666667,,,
11,8/22/1996,1996,AUGUST,8,2.45,-0.330804545,,,,,,
12,8/22/1996,1996,AUGUST,8,3.59,-0.12396427,,,,,,
13,8/22/1996,1996,AUGUST,8,2.31,-0.356205982,-0.270324932,-8.521822432,2.783333333,,,
11,9/16/1996,1996,SEPTEMBER,9,5.37,0.198996862,,,,,,
12,9/16/1996,1996,SEPTEMBER,9,8.76,0.814074523,,,,,,
13,9/16/1996,1996,SEPTEMBER,9,7.97,0.670737841,0.561269742,-7.960552689,7.366666667,,,
11,10/22/1996,1996,OCTOBER,10,5.18,0.164523483,,,,,,
12,10/22/1996,1996,OCTOBER,10,4.40,0.023001189,,,,,,
13,10/22/1996,1996,OCTOBER,10,3.96,-0.056831899,0.043564258,-7.916988432,4.513333333,,,
11,11/14/1996,1996,NOVEMBER,11,1.72,-0.463254897,,,,,,
12,11/14/1996,1996,NOVEMBER,11,1.70,-0.466883674,,,,,,
13,11/14/1996,1996,NOVEMBER,11,1.80,-0.44873979,-0.45962612,-8.376614552,1.74,,,
11,12/30/1996,1996,DECEMBER,12,1.52,-0.499542664,,,,,,
12,12/30/1996,1996,DECEMBER,12,2.19,-0.377978643,,,,,,
13,12/30/1996,1996,DECEMBER,12,1.84,-0.441482236,-0.439667848,-8.816282399,1.85,,,
11,1/14/1997,1997,JANUARY,1,1.61,-0.483213169,,,,,,
12,1/14/1997,1997,JANUARY,1,0.31,-0.719083658,,,,,,
13,1/14/1997,1997,JANUARY,1,0.94,-0.60477719,-0.602358006,-9.418640405,0.953333333,,,
11,2/10/1997,1997,FEBRUARY,2,1.86,-0.437853459,,,,,,
12,2/10/1997,1997,FEBRUARY,2,1.86,-0.437853459,,,,,,
13,2/10/1997,1997,FEBRUARY,2,1.39,-0.523129713,-0.466278877,-9.884919283,1.703333333,,,
11,3/28/1997,1997,MARCH,3,0.86,-0.619292298,,,,,,
12,3/28/1997,1997,MARCH,3,0.94,-0.60477719,,,,,,
13,3/28/1997,1997,MARCH,3,1.68,-0.47051245,-0.564860646,-10.44977993,1.16,,,
11,4/22/1997,1997,APRIL,4,0.48,-0.688239056,,,,,,
12,4/22/1997,1997,APRIL,4,0.97,-0.599334025,,,,,,
13,4/22/1997,1997,APRIL,4,1.38,-0.524944102,-0.604172394,-11.05395232,0.943333333,2.034313725,,
11,5/20/1997,1997,MAY,5,0.79,-0.631993016,,,,,,
12,5/20/1997,1997,MAY,5,3.48,-0.143922542,,,,,,
13,5/20/1997,1997,MAY,5,0.55,-0.675538337,-0.483817965,-11.53777029,1.606666667,,,
11,6/10/1997,1997,JUNE,6,0.30,-0.720898047,,,,,,
12,6/10/1997,1997,JUNE,6,1.71,-0.465069285,,,,,,
13,6/10/1997,1997,JUNE,6,1.02,-0.590262083,-0.592076472,-12.12984676,1.01,,,
11,7/15/1997,1997,JULY,7,0.30,-0.720898047,,,,,,
12,7/15/1997,1997,JULY,7,0.94,-0.60477719,,,,,,
13,7/15/1997,1997,JULY,7,0.38,-0.70638294,-0.677352726,-12.80719949,0.54,,,
11,8/28/1997,1997,AUGUST,8,0.13,-0.751742649,,,,,,
12,8/28/1997,1997,AUGUST,8,1.09,-0.577561365,,,,,,
13,8/29/1997,1997,AUGUST,8,0.05,-0.767164951,-0.698822988,-13.50602247,0.421666667,,,
12,9/24/1997,1997,SEPTEMBER,9,1.37,-0.52675849,,,,,,
13,9/24/1997,1997,SEPTEMBER,9,3.58,-0.125778658,,,,,,
11,9/26/1997,1997,SEPTEMBER,9,2.15,-0.385236196,-0.345924448,-13.85194692,2.366666667,,,
11,10/8/1997,1997,OCTOBER,10,3.59 ,-0.12396427,,,,,,
12,10/8/1997,1997,OCTOBER,10,4.01 ,-0.047759958,,,,,,
13,10/8/1997,1997,OCTOBER,10,1.64 ,-0.477770004,-0.216498077,-14.068445,3.08,1.424047619,,
11,11/20/1997,1997,NOVEMBER,11,3.19 ,-0.196539805,,,,,,
12,11/20/1997,1997,NOVEMBER,11,3.77 ,-0.091305279,,,,,,
13,11/20/1997,1997,NOVEMBER,11,4.81 ,0.097391113,-0.063484657,-14.13192966,3.923333333,,,
11,12/15/1997,1997,DECEMBER,12,0.52 ,-0.680981502,,,,,,
12,12/15/1997,1997,DECEMBER,12,0.37 ,-0.708197328,,,,,,
13,12/15/1997,1997,DECEMBER,12,0.34 ,-0.713640493,-0.700939775,-14.83286943,0.41,,,
11,1/21/1998,1998,JANUARY,1,0.10 ,-0.756732217,,,,,,
12,1/21/1998,1998,JANUARY,1,3.32 ,-0.172952756,,,,,,
13,1/21/1998,1998,JANUARY,1,1.81 ,-0.446925401,-0.458870125,-15.29173956,1.744166667,,,
11,2/10/1998,1998,FEBRUARY,2,1.96,-0.419709576,,,,,,
12,2/10/1998,1998,FEBRUARY,2,0.61,-0.664652007,,,,,,
13,2/10/1998,1998,FEBRUARY,2,0.84,-0.622921074,-0.569094219,-15.86083377,1.136666667,,,
11,3/16/1998,1998,MARCH,3,1.26,-0.546716762,,,,,,
12,3/16/1998,1998,MARCH,3,3.55,-0.131221823,,,,,,
13,3/16/1998,1998,MARCH,3,0.10 ,-0.756732217,-0.478223601,-16.33905738,1.6375,,,
11,4/14/1998,1998,APRIL,4,1.07,-0.581190142,,,,,,
12,4/14/1998,1998,APRIL,4,3.08,-0.216498077,,,,,,
13,4/14/1998,1998,APRIL,4,2.05,-0.40338008,-0.4003561,-16.73941347,2.066666667,,,
11,5/20/1998,1998,MAY,5,2.07,-0.399751303,,,,,,
12,5/20/1998,1998,MAY,5,3.03,-0.225570019,,,,,,
13,5/20/1998,1998,MAY,5,1.8,-0.44873979,-0.358020371,-17.09743385,2.3,,,
11,6/17/1998,1998,JUNE,6,0.69,-0.6501369,,,,,,
12,6/17/1998,1998,JUNE,6,1.68,-0.47051245,,,,,,
13,6/17/1998,1998,JUNE,6,1.98,-0.416080799,-0.512243383,-17.60967723,1.45,,,
11,7/7/1998,1998,JULY,7,8.29,0.72879827,,,,,,
12,7/7/1998,1998,JULY,7,0.38,-0.70638294,,,,,,
13,7/7/1998,1998,JULY,7,0.96,-0.601148414,-0.192911028,-17.80258826,3.21,,,
11,8/12/1998,1998,AUGUST,8,2.47,-0.327175768,,,,,,
12,8/12/1998,1998,AUGUST,8,4.1,-0.031430462,,,,,,
13,8/12/1998,1998,AUGUST,8,1.96,-0.419709576,-0.259438602,-18.06202686,2.843333333,,,
11,9/16/1998,1998,SEPTEMBER,9,1.11,-0.573932588,,,,,,
12,9/16/1998,1998,SEPTEMBER,9,0.10 ,-0.756732217,,,,,,
13,9/16/1998,1998,SEPTEMBER,9,0.9,-0.612034744,-0.647566516,-18.70959338,0.704166667,,,
11,10/13/1998,1998,OCTOBER,10,3.55,-0.131221823,,,,,,
12,10/13/1998,1998,OCTOBER,10,3.29,-0.178395921,,,,,,
13,10/13/1998,1998,OCTOBER,10,3.8,-0.085862114,-0.131826619,-18.84141999,3.546666667,,,
11,11/19/1998,1998,NOVEMBER,11,0.63,-0.66102323,,,,,,
12,11/19/1998,1998,NOVEMBER,11,0.09,-0.759000203,,,,,,
13,11/19/1998,1998,NOVEMBER,11,0.01,-0.77351531,-0.731179581,-19.57259958,0.243333333,,,
11,12/15/1998,1998,DECEMBER,12,1.78,-0.452368566,,,,,,
12,12/15/1998,1998,DECEMBER,12,1.16,-0.564860646,,,,,,
13,12/15/1998,1998,DECEMBER,12,3.21,-0.192911028,-0.40338008,-19.97597966,2.05,,,
11,1/19/1999,1999,JANUARY,1,0.47,-0.690053444,,,,,,
12,1/19/1999,1999,JANUARY,1,0.44,-0.69549661,,,,,,
13,1/19/1999,1999,JANUARY,1,0.44,-0.69549661,-0.693682221,-20.66966188,0.45,,,
11,2/17/1999,1999,FEBRUARY,2,0.8,-0.630178628,,,,,,
12,2/17/1999,1999,FEBRUARY,2,0.23,-0.733598766,,,,,,
13,2/17/1999,1999,FEBRUARY,2,0.41,-0.700939775,-0.688239056,-21.35790093,0.48,,,
11,3/18/1999,1999,MARCH,3,0.36,-0.710011717,,,,,,
12,3/18/1999,1999,MARCH,3,0.29,-0.722712435,,,,,,
13,3/18/1999,1999,MARCH,3,0.2,-0.739041931,-0.723922027,-22.08182296,0.283333333,,,
11,4/14/1999,1999,APRIL,4,0.21,-0.737227542,,,,,,
12,4/14/1999,1999,APRIL,4,0.5,-0.684610279,,,,,,
13,4/14/1999,1999,APRIL,4,0.23,-0.733598766,-0.718478862,-22.80030182,0.313333333,,,
11,5/18/1999,1999,MAY,5,1.37,-0.52675849,,,,,,
12,5/18/1999,1999,MAY,5,0.34,-0.713640493,,,,,,
13,5/18/1999,1999,MAY,5,1.11,-0.573932588,-0.60477719,-23.40507901,0.94,,,
11,6/16/1999,1999,JUNE,6,8.15,0.703396832,,,,,,
12,6/16/1999,1999,JUNE,6,6.75,0.449382459,,,,,,
13,6/16/1999,1999,JUNE,6,6.39,0.384064477,0.512281256,-22.89279776,7.096666667,,,
11,7/15/1999,1999,JULY,7,3,-0.231013184,,,,,,
12,7/15/1999,1999,JULY,7,4.21,-0.01147219,,,,,,
13,7/15/1999,1999,JULY,7,4.15,-0.02235852,-0.088281298,-22.98107905,3.786666667,,,
12,8/17/1999,1999,AUGUST,8,0.57,-0.671909561,,,,,,
13,8/17/1999,1999,AUGUST,8,0.2,-0.739041931,,,,,,
11,8/19/1999,1999,AUGUST,8,2.98,-0.234641961,-0.548531151,-23.52961021,1.25,,,
11,9/14/1999,1999,SEPTEMBER,9,10.1,1.057202566,,,,,,
12,9/14/1999,1999,SEPTEMBER,9,13.3,1.637806848,,,,,,
13,9/14/1999,1999,SEPTEMBER,9,7.41,0.569132092,1.088047169,-22.44156304,10.27,2.404675926,,
11,10/13/1999,1999,OCTOBER,10,2.02,-0.408823245,,,,,,
12,10/13/1999,1999,OCTOBER,10,3.68,-0.107634774,,,,,,
13,10/13/1999,1999,OCTOBER,10,2.4,-0.339876487,-0.285444835,-22.72700787,2.7,,,
11,11/9/1999,1999,NOVEMBER,11,2.26 ,-0.365277924,,,,,,
12,11/9/1999,1999,NOVEMBER,11,2.68 ,-0.289073612,,,,,,
13,11/9/1999,1999,NOVEMBER,11,2.54 ,-0.31447505,-0.322942195,-23.04995007,2.493333333,,,
11,12/8/1999,1999,DECEMBER,12,2.38 ,-0.343505264,,,,,,
12,12/8/1999,1999,DECEMBER,12,0.83 ,-0.624735463,,,,,,
13,12/8/1999,1999,DECEMBER,12,0.73 ,-0.642879346,-0.537040024,-23.58699009,1.313333333,,,
11,1/6/2000,2000,JANUARY,1,2.18 ,-0.379793031,,,,,,
12,1/6/2000,2000,JANUARY,1,5.39 ,0.202625639,,,,,,
13,1/6/2000,2000,JANUARY,1,1.63 ,-0.479584392,-0.218917261,-23.80590735,3.066666667,,,
11,2/22/2000,2000,FEBRUARY,2,3.15 ,-0.203797358,,,,,,
12,2/22/2000,2000,FEBRUARY,2,2.28 ,-0.361649147,,,,,,
13,2/22/2000,2000,FEBRUARY,2,1.24 ,-0.550345539,-0.371930682,-24.17783803,2.223333333,,,
11,3/14/2000,2000,MARCH,3,1.7,-0.466883674,,,,,,
12,3/14/2000,2000,MARCH,3,1.36,-0.528572878,,,,,,
13,3/14/2000,2000,MARCH,3,2.88,-0.252785845,-0.416080799,-24.59391883,1.98,,,
11,4/10/2000,2000,APRIL,4,2.01 ,-0.410637634,,,,,,
12,4/10/2000,2000,APRIL,4,1.82 ,-0.445111013,,,,,,
13,4/10/2000,2000,APRIL,4,0.81 ,-0.628364239,-0.494704295,-25.08862313,1.546666667,,,
11,5/17/2000,2000,MAY,5,1.31 ,-0.53764482,,,,,,
12,5/17/2000,2000,MAY,5,1.47 ,-0.508614606,,,,,,
13,5/17/2000,2000,MAY,5,0.80 ,-0.630178628,-0.558812685,-25.64743581,1.193333333,,,
11,6/15/2000,2000,JUNE,6,0.37 ,-0.708197328,,,,,,
12,6/15/2000,2000,JUNE,6,0.40 ,-0.702754163,,,,,,
13,6/15/2000,2000,JUNE,6,0.12 ,-0.753557038,-0.721502843,-26.36893866,0.296666667,,,
11,7/12/2000,2000,JULY,7,1.65 ,-0.475955615,,,,,,
12,7/12/2000,2000,JULY,7,7.04 ,0.501999722,,,,,,
13,7/12/2000,2000,JULY,7,1.09 ,-0.577561365,-0.183839086,-26.55277774,3.26,,,
11,8/17/2000,2000,AUGUST,8,3.30 ,-0.176581533,,,,,,
12,8/17/2000,2000,AUGUST,8,6.25 ,0.35866304,,,,,,
13,8/17/2000,2000,AUGUST,8,4.91 ,0.115534997,0.099205501,-26.45357224,4.82,,,
11,9/14/2000,2000,SEPTEMBER,9,3.82 ,-0.082233337,,,,,,
12,9/14/2000,2000,SEPTEMBER,9,3.02 ,-0.227384407,,,,,,
13,9/14/2000,2000,SEPTEMBER,9,1.00 ,-0.59389086,-0.301169535,-26.75474178,2.613333333,,,
11,10/16/2000,2000,OCTOBER,10,3.37 ,-0.163880814,,,,,,
12,10/16/2000,2000,OCTOBER,10,2.13 ,-0.388864973,,,,,,
13,10/16/2000,2000,OCTOBER,10,1.98 ,-0.416080799,-0.322942195,-27.07768397,2.493333333,,,
11,11/16/2000,2000,NOVEMBER,11,2.47 ,-0.327175768,,,,,,
12,11/16/2000,2000,NOVEMBER,11,1.30 ,-0.539459209,,,,,,
13,11/16/2000,2000,NOVEMBER,11,3.02 ,-0.227384407,-0.364673128,-27.4423571,2.263333333,,,
11,12/13/2000,2000,DECEMBER,12,1.34 ,-0.532201655,,,,,,
12,12/13/2000,2000,DECEMBER,12,1.25 ,-0.548531151,,,,,,
13,12/13/2000,2000,DECEMBER,12,3.75 ,-0.094934055,-0.391888954,-27.83424605,2.113333333,2.381666667,,
11,1/11/2001,2001,JANUARY,1,,,,,,,,
12,1/11/2001,2001,JANUARY,1,,,,,,,,
13,1/11/2001,2001,JANUARY,1,,,,,,,,
11,2/7/2001,2001,FEBRUARY,2,,,,,,,,
12,2/7/2001,2001,FEBRUARY,2,,,,,,,,
13,2/7/2001,2001,FEBRUARY,2,,,,,,,,
11,3/12/2001,2001,MARCH,3,6.07,0.326004049,,,,,,
12,3/12/2001,2001,MARCH,3,9.56,0.959225594,,,,,,
13,3/12/2001,2001,MARCH,3,0.76,-0.637436181,0.215931154,-27.6183149,5.463333333,,,
11,4/17/2001,2001,APRIL,4,36.4,5.829044008,,,,,,
12,4/17/2001,2001,APRIL,4,33.0,5.212151959,,,,,,
13,4/17/2001,2001,APRIL,4,2.71,-0.283630447,3.585855173,-24.03245973,24.03666667,,,
11,5/14/2001,2001,MAY,5,14.4,1.83738957,,,,,,
12,5/14/2001,2001,MAY,5,11.8,1.365648591,,,,,,
13,5/14/2001,2001,MAY,5,1.94,-0.423338352,0.926566603,-23.10589312,9.38,,,
11,6/12/2001,2001,JUNE,6,4.58 ,0.054752986,,,,,,
12,6/12/2001,2001,JUNE,6,3.16 ,-0.20198297,,,,,,
13,6/12/2001,2001,JUNE,6,7.99 ,0.674366618,0.175712211,-22.93018091,5.241666667,,,
11,7/18/2001,2001,JULY,7,2.16 ,-0.383421808,,,,,,
12,7/18/2001,2001,JULY,7,1.74 ,-0.45962612,,,,,,
13,7/18/2001,2001,JULY,7,2.38 ,-0.343505264,-0.395517731,-23.32569864,2.093333333,,,
11,8/14/2001,2001,AUGUST,8,10.9 ,1.202353637,,,,,,
12,8/14/2001,2001,AUGUST,8,13.7 ,1.710382384,,,,,,
13,8/14/2001,2001,AUGUST,8,12.2 ,1.438224126,1.450320049,-21.87537859,12.26666667,,,
11,9/11/2001,2001,SEPTEMBER,9,0.10 ,-0.756641498,,,,,,
12,9/11/2001,2001,SEPTEMBER,9,0.10 ,-0.756641498,,,,,,
13,9/11/2001,2001,SEPTEMBER,9,3.91 ,-0.065903841,-0.526395612,-22.40177421,1.372,,,
11,10/18/2001,2001,OCTOBER,10,0.10 ,-0.756641498,,,,,,
12,10/18/2001,2001,OCTOBER,10,0.10 ,-0.756641498,,,,,,
13,10/18/2001,2001,OCTOBER,10,0.10 ,-0.756641498,-0.756641498,-23.1584157,0.103,,,
11,11/7/2001,2001,NOVEMBER,11,38.80 ,6.26449722,,,,,,
12,11/7/2001,2001,NOVEMBER,11,45.80 ,7.534569087,,,,,,
13,11/7/2001,2001,NOVEMBER,11,0.10 ,-0.756641498,4.347474936,-18.81094077,28.23433333,,,
11,12/5/2001,2001,DECEMBER,12,3.26 ,-0.183839086,,,,,,
12,12/5/2001,2001,DECEMBER,12,0.62 ,-0.662837619,,,,,,
13,12/5/2001,2001,DECEMBER,12,0.10 ,-0.756641498,-0.534439401,-19.34538017,1.327666667,,,
11,1/16/2002,2002,JANUARY,1,3.34,-0.169323979,,,,,,
12,1/16/2002,2002,JANUARY,1,0.61,-0.664652007,,,,,,
13,1/16/2002,2002,JANUARY,1,7.50,0.585461587,-0.082838133,-19.4282183,3.816666667,,,
11,2/14/2002,2002,FEBRUARY,2,1.42,-0.517686548,,,,,,
12,2/14/2002,2002,FEBRUARY,2,0.10,-0.756641498,,,,,,
13,2/14/2002,2002,FEBRUARY,2,0.86,-0.619292298,-0.631206781,-20.05942508,0.794333333,,,
11,3/21/2002,2002,MARCH,3,1.42,-0.517686548,,,,,,
12,3/21/2002,2002,MARCH,3,0.10,-0.756641498,,,,,,
13,3/21/2002,2002,MARCH,3,0.86,-0.619292298,-0.631206781,-20.69063186,0.794333333,,,
11,4/17/2002,2002,APRIL,4,0.10,-0.756641498,,,,,,
12,4/17/2002,2002,APRIL,4,0.10,-0.756641498,,,,,,
13,4/17/2002,2002,APRIL,4,0.10,-0.756641498,-0.756641498,-21.44727336,0.103,,,
11,5/16/2002,2002,MAY,5,0.10,-0.757185814,,,,,,
12,5/16/2002,2002,MAY,5,0.10,-0.756641498,,,,,,
13,5/16/2002,2002,MAY,5,0.10,-0.756641498,-0.756822937,-22.2040963,0.102,,,
11,6/13/2002,2002,JUNE,6,0.10,-0.756641498,,,,,,
12,6/13/2002,2002,JUNE,6,0.10,-0.756641498,,,,,,
13,6/13/2002,2002,JUNE,6,0.10,-0.756641498,-0.756641498,-22.9607378,0.103,,,
11,7/16/2002,2002,JULY,7,0.10,-0.756641498,,,,,,
12,7/16/2002,2002,JULY,7,0.10,-0.756641498,,,,,,
13,7/16/2002,2002,JULY,7,0.10,-0.756641498,-0.756641498,-23.71737929,0.103,,,
11,8/13/2002,2002,AUGUST,8,1.01 ,-0.592076472,,,,,,
12,8/13/2002,2002,AUGUST,8,1.88 ,-0.434224683,,,,,,
13,8/13/2002,2002,AUGUST,8,1.20 ,-0.557603093,-0.527968082,-24.24534738,1.363333333,5.366764706,,
11,9/19/2002,2002,SEPTEMBER,9,0.10 ,-0.756641498,,,,,,
12,9/19/2002,2002,SEPTEMBER,9,0.10 ,-0.756641498,,,,,,
13,9/19/2002,2002,SEPTEMBER,9,0.10 ,-0.756641498,-0.756641498,-25.00198887,0.103,,,
11,10/17/2002,2002,OCTOBER,10,10.6 ,1.147921986,,,,,,
12,10/17/2002,2002,OCTOBER,10,25.4 ,3.833216789,,,,,,
13,10/17/2002,2002,OCTOBER,10,9.47 ,0.942896098,1.974678291,-23.02731058,15.15666667,,,
11,11/14/2002,2002,NOVEMBER,11,1.54 ,-0.495913888,,,,,,
12,11/14/2002,2002,NOVEMBER,11,1.19 ,-0.559417481,,,,,,
13,11/14/2002,2002,NOVEMBER,11,1.41 ,-0.519500937,-0.524944102,-23.55225469,1.38,,,
11,12/18/2002,2002,DECEMBER,12,0.11 ,-0.755371426,,,,,,
12,12/18/2002,2002,DECEMBER,12,0.10 ,-0.756641498,,,,,,
13,12/18/2002,2002,DECEMBER,12,0.10 ,-0.756641498,-0.756218141,-24.30847283,0.105333333,,,
11,1/15/2003,2003,JANUARY,1,0.71 ,-0.647415317,,,,,,
12,1/15/2003,2003,JANUARY,1,1.11 ,-0.573932588,,,,,,
13,1/15/2003,2003,JANUARY,1,1.07 ,-0.581190142,-0.600846016,-24.90931884,0.961666667,,,
11,2/11/2003,2003,FEBRUARY,2,0.10 ,-0.756641498,,,,,,
12,2/11/2003,2003,FEBRUARY,2,0.26 ,-0.7281556,,,,,,
13,2/11/2003,2003,FEBRUARY,2,0.02 ,-0.771700922,-0.752166007,-25.66148485,0.127666667,,,
11,3/11/2003,2003,MARCH,3,0.10 ,-0.756641498,,,,,,
12,3/11/2003,2003,MARCH,3,0.56 ,-0.673723949,,,,,,
13,3/11/2003,2003,MARCH,3,0.96 ,-0.601148414,-0.677171287,-26.33865613,0.541,,,
11,4/16/2003,2003,APRIL,4,0.10 ,-0.756641498,,,,,,
12,4/16/2003,2003,APRIL,4,1.19 ,-0.559417481,,,,,,
13,4/16/2003,2003,APRIL,4,0.10 ,-0.756641498,-0.690900159,-27.02955629,0.465333333,,,
11,5/15/2003,2003,MAY,5,0.10 ,-0.756641498,,,,,,
12,5/15/2003,2003,MAY,5,1.45 ,-0.512243383,,,,,,
13,5/15/2003,2003,MAY,5,2.89 ,-0.250971456,-0.506618779,-27.53617507,1.481,,,
11,6/18/2003,2003,JUNE,6,5.30 ,0.186296144,,,,,,
12,6/18/2003,2003,JUNE,6,3.40 ,-0.158437649,,,,,,
13,6/18/2003,2003,JUNE,6,4.12 ,-0.027801685,1.89365E-05,-27.53615614,4.273333333,,,
11,7/16/2003,2003,JULY,7,9.31,0.913865884,,,,,,
12,7/16/2003,2003,JULY,7,18.8,2.635720458,,,,,,
13,7/16/2003,2003,JULY,7,24.3,3.633634067,2.394406803,-25.14174933,17.47,,,
11,8/13/2003,2003,AUGUST,8,3.89 ,-0.069532618,,,,,,
12,8/13/2003,2003,AUGUST,8,5.36 ,0.197182474,,,,,,
13,8/13/2003,2003,AUGUST,8,0.48 ,-0.688239056,-0.186863067,-25.3286124,3.243333333,,,
11,9/22/2003,2003,SEPTEMBER,9,22.8 ,3.36147581,,,,,,
12,9/22/2003,2003,SEPTEMBER,9,14.8 ,1.909965106,,,,,,
13,9/22/2003,2003,SEPTEMBER,9,2.61 ,-0.301774331,1.656555528,-23.67205687,13.40333333,,,
11,10/16/2003,2003,OCTOBER,10,1.78,-0.452368566,,,,,,
12,10/16/2003,2003,OCTOBER,10,4.07,-0.036873627,,,,,,
13,10/16/2003,2003,OCTOBER,10,5.25,0.177224202,-0.104005997,-23.77606287,3.7,,,
11,11/17/2003,2003,NOVEMBER,11,3.20 ,-0.194725416,,,,,,
12,11/17/2003,2003,NOVEMBER,11,5.5 ,0.222583911,,,,,,
13,11/17/2003,2003,NOVEMBER,11,1.8 ,-0.44873979,-0.140293765,-23.91635663,3.5,,,
11,12/16/2003,2003,DECEMBER,12,18.3 ,2.545001039,,,,,,
12,12/16/2003,2003,DECEMBER,12,6.94 ,0.483855838,,,,,,
13,12/16/2003,2003,DECEMBER,12,12.9 ,1.565231313,1.53136273,-22.3849939,12.71333333,,,
11,1/12/2004,2004,JANUARY,1,0.80 ,-0.630178628,,,,,,
12,1/12/2004,2004,JANUARY,1,10.6 ,1.147921986,,,,,,
13,1/12/2004,2004,JANUARY,1,4.18 ,-0.016915355,0.166942668,-22.21805124,5.193333333,,,
11,2/9/2004,2004,FEBRUARY,2,0.7 ,-0.657394454,,,,,,
12,2/9/2004,2004,FEBRUARY,2,4.06 ,-0.038688016,,,,,,
13,2/9/2004,2004,FEBRUARY,2,3.98 ,-0.053203123,-0.249761864,-22.4678131,2.896666667,,,
11,3/15/2004,2004,MARCH,3,1.00,-0.59389086,,,,,,
12,3/15/2004,2004,MARCH,3,2.16,-0.383421808,,,,,,
13,3/15/2004,2004,MARCH,3,1.35,-0.530387267,-0.502566645,-22.97037975,1.503333333,,,
11,4/16/2004,2004,APRIL,4,6.52,0.407651526,,,,,,
12,4/16/2004,2004,APRIL,4,1.29,-0.541273597,,,,,,
13,4/16/2004,2004,APRIL,4,9.34,0.91930905,0.261895659,-22.70848409,5.716666667,4.538015873,,
11,5/10/2004,2004,MAY,5,1.88,-0.434224683,,,,,,
12,5/10/2004,2004,MAY,5,5.06,0.142750822,,,,,,
13,5/10/2004,2004,MAY,5,3.57,-0.127593046,-0.139688969,-22.84817305,3.503333333,,,
11,6/22/2004,2004,JUNE,6,0.81 ,-0.628364239,,,,,,
12,6/22/2004,2004,JUNE,6,3.15 ,-0.203797358,,,,,,
13,6/22/2004,2004,JUNE,6,0.31 ,-0.719083658,-0.517081752,-23.36525481,1.423333333,,,
11,7/15/2004,2004,JULY,7,2.70,-0.285444835,,,,,,
12,7/15/2004,2004,JULY,7,3.42,-0.154808872,,,,,,
13,7/15/2004,2004,JULY,7,3.81,-0.084047725,-0.174767144,-23.54002195,3.31,,,
11,8/19/2004,2004,AUGUST,8,7.21,0.532844324,,,,,,
12,8/19/2004,2004,AUGUST,8,7.80,0.639893239,,,,,,
13,8/19/2004,2004,AUGUST,8,4.60,0.059288957,0.410675507,-23.12934644,6.536666667,,,
11,9/16/2004,2004,SEPTEMBER,9,3.21,-0.192911028,,,,,,
12,9/16/2004,2004,SEPTEMBER,9,5.81,0.278829951,,,,,,
13,9/16/2004,2004,SEPTEMBER,9,4.55,0.050217015,0.045378646,-23.0839678,4.523333333,,,
11,10/14/2004,2004,OCTOBER,10,8.31 ,0.732427046,,,,,,
12,10/14/2004,2004,OCTOBER,10,2.38 ,-0.343505264,,,,,,
13,10/14/2004,2004,OCTOBER,10,2.11 ,-0.39249375,-0.001190656,-23.08515845,4.266666667,,,
11,11/18/2004,2004,NOVEMBER,11,1.2 ,-0.564860646,,,,,,
12,11/18/2004,2004,NOVEMBER,11,0.70 ,-0.648322512,,,,,,
13,11/18/2004,2004,NOVEMBER,11,2.68 ,-0.289073612,-0.500752257,-23.58591071,1.513333333,,,
11,12/16/2004,2004,DECEMBER,12,0.87 ,-0.617477909,,,,,,
12,12/16/2004,2004,DECEMBER,12,1.91 ,-0.428781518,,,,,,
13,12/16/2004,2004,DECEMBER,12,0.69 ,-0.6501369,-0.565465442,-24.15137615,1.156666667,,,
11,1/12/2005,2005,JANUARY,1,4.93 ,0.119163774,,,,,,
12,1/12/2005,2005,JANUARY,1,2.01 ,-0.410637634,,,,,,
13,1/12/2005,2005,JANUARY,1,3.44 ,-0.151180095,-0.147551318,-24.29892747,3.46,,,
11,2/15/2005,2005,FEBRUARY,2,5.17 ,0.162709095,,,,,,
12,2/15/2005,2005,FEBRUARY,2,0.35 ,-0.711826105,,,,,,
13,2/15/2005,2005,FEBRUARY,2,0.09 ,-0.759000203,-0.436039071,-24.73496654,1.87,,,
11,3/16/2005,2005,MARCH,3,11.7 ,1.347504707,,,,,,
12,3/16/2005,2005,MARCH,3,0.76 ,-0.637436181,,,,,,
13,3/16/2005,2005,MARCH,3,4.32 ,0.008486082,0.239518203,-24.49544834,5.593333333,,,
11,4/28/2005,2005,APRIL,4,4.93 ,0.119163774,,,,,,
12,4/28/2005,2005,APRIL,4,19.7 ,2.799015412,,,,,,
13,4/28/2005,2005,APRIL,4,14.1 ,1.782957919,1.567045702,-22.92840264,12.91,,,
11,5/16/2005,2005,MAY,5,13.0 ,1.583375197,,,,,,
12,5/16/2005,2005,MAY,5,5.96 ,0.306045777,,,,,,
13,5/16/2005,2005,MAY,5,,,0.944710487,-21.98369215,9.48,,,
11,6/22/2005,2005,JUNE,6,0.07 ,-0.76262898,,,,,,
12,6/22/2005,2005,JUNE,6,11.00 ,1.220497521,,,,,,
13,6/22/2005,2005,JUNE,6,0.2 ,-0.737227542,-0.093119667,-22.07681182,3.76,,,
11,7/13/2005,2005,JULY,7,5.24 ,0.175409813,,,,,,
12,7/13/2005,2005,JULY,7,0.02 ,-0.771700922,,,,,,
13,7/13/2005,2005,JULY,7,0.21 ,-0.737227542,-0.444506217,-22.52131803,1.823333333,4.342,,
11,8/23/2005,2005,AUGUST,8,10.0 ,1.033615518,,,,,,
12,8/23/2005,2005,AUGUST,8,6.42 ,0.389507642,,,,,,
13,8/23/2005,2005,AUGUST,8,5.31 ,0.188110532,0.537077897,-21.98424014,7.233333333,,,
11,9/14/2005,2005,SEPTEMBER,9,2.5 ,-0.328990157,,,,,,
12,9/14/2005,2005,SEPTEMBER,9,3.55 ,-0.131221823,,,,,,
13,9/14/2005,2005,SEPTEMBER,9,0.72 ,-0.644693735,-0.368301905,-22.35254204,2.243333333,,,
11,10/18/2005,2005,OCTOBER,10,13.2 ,1.619662965,,,,,,
12,10/18/2005,2005,OCTOBER,10,14.5 ,1.855533454,,,,,,
13,10/18/2005,2005,OCTOBER,10,17.7 ,2.436137736,1.970444718,-20.38209732,15.13333333,,,
11,11/14/2005,2005,NOVEMBER,11,2.57 ,-0.309031884,,,,,,
12,11/14/2005,2005,NOVEMBER,11,0.2 ,-0.737953298,,,,,,
13,11/14/2005,2005,NOVEMBER,11,9.44 ,0.937452933,-0.03651075,-20.41860807,4.072,,,
11,12/20/2005,2005,DECEMBER,12,4.16 ,-0.020544132,,,,,,
12,12/20/2005,2005,DECEMBER,12,11.3 ,1.274929172,,,,,,
13,12/20/2005,2005,DECEMBER,12,15.20 ,1.982540641,1.078975227,-19.33963285,10.22,,,
11,1/20/2006,2006,JANUARY,1,19.2 ,2.708295993,,,,,,
12,1/23/2006,2006,JANUARY,1,4.91 ,0.115534997,,,,,,
13,1/23/2006,2006,JANUARY,1,10.2 ,1.07534645,1.299725813,-18.03990703,11.43666667,,,
11,2/15/2006,2006,February,2,21.8 ,3.180036972,,,,,,
12,2/15/2006,2006,February,2,29.30 ,4.540828258,,,,,,
13,2/15/2006,2006,February,2,25.9 ,3.923936208,3.88160048,-14.15830655,25.66666667,,,
11,3/16/2006,2006,March,3,6.5 ,0.404022749,,,,,,
12,3/16/2006,2006,March,3,18.2 ,2.526857155,,,,,,
13,3/16/2006,2006,March,3,12.0 ,1.401936359,1.444272088,-12.71403447,12.23333333,,,
11,4/19/2006,2006,April,4,9.4 ,0.93019538,,,,,,
12,4/19/2006,2006,April,4,9.8 ,1.002770915,,,,,,
13,4/19/2006,2006,April,4,5.6 ,0.240727795,0.724564697,-11.98946977,8.266666667,,,
11,5/16/2006,2006,May,5,13.6 ,1.6922385,,,,,,
12,5/16/2006,2006,May,5,0.2 ,-0.737953298,,,,,,
13,5/16/2006,2006,May,5,10.2 ,1.07534645,0.676543884,-11.31292588,8.002,,,
11,6/16/2006,2006,June,6,0.27 ,-0.726341212,,,,,,
12,6/16/2006,2006,June,6,1.23 ,-0.552159927,,,,,,
13,6/16/2006,2006,June,6,6.29 ,0.365920593,-0.304193515,-11.6171194,2.596666667,,,
11,7/17/2006,2006,July,7,6.7 ,0.440310517,,,,,,
12,7/17/2006,2006,July,7,12.9 ,1.565231313,,,,,,
13,7/17/2006,2006,July,7,3.5 ,-0.133036211,0.62416854,-10.99295086,7.713333333,,,
11,8/23/2006,2006,August,8,8.3 ,0.730612658,,,,,,
12,8/23/2006,2006,August,8,1.72 ,-0.463254897,,,,,,
13,8/23/2006,2006,August,8,15.6 ,2.055116176,0.774157979,-10.21879288,8.54,9.874733333,,
11,9/15/2006,2006,Septemeber,9,7.37 ,0.561874538,,,,,,
12,9/15/2006,2006,Septemeber,9,36.8 ,5.901619544,,,,,,
13,9/15/2006,2006,Septemeber,9,21.6 ,3.143749205,3.202414429,-7.016378453,21.92333333,,,
11,10/16/2006,2006,October,10,0.76,-0.637436181,,,,,,
12,10/16/2006,2006,October,10,11.60,1.329360824,,,,,,
13,10/16/2006,2006,October,10,2.30,-0.358020371,0.111301424,-6.905077029,4.886666667,,,
11,11/20/2006,2006,November,11,3.01,-0.229198796,,,,,,
12,11/20/2006,2006,November,11,2.11,-0.39249375,,,,,,
13,11/20/2006,2006,November,11,2.39,-0.341690875,-0.321127807,-7.226204836,2.503333333,,,
11,12/11/2006,2006,December,12,1.55,-0.494099499,,,,,,
12,12/11/2006,2006,December,12,1.99,-0.41426641,,,,,,
13,12/11/2006,2006,December,12,1.60,-0.485027557,-0.464464489,-7.690669325,1.713333333,,,
11,1/18/2007,2007,January,1,1.15,-0.566675034,,,,,,
12,1/18/2007,2007,January,1,0.58,-0.670095172,,,,,,
13,1/18/2007,2007,January,1,0.84,-0.622921074,-0.619897094,-8.310566418,0.856666667,,,
11,2/22/2007,2007,February,2,8.10,0.69432489,,,,,,
12,2/22/2007,2007,February,2,6.14,0.338704768,,,,,,
13,2/22/2007,2007,February,2,2.92,-0.245528291,0.262500456,-8.048065963,5.72,,,
11,3/12/2007,2007,March,3,3.31,-0.174767144,,,,,,
12,3/12/2007,2007,March,3,10.10,1.057202566,,,,,,
13,3/12/2007,2007,March,3,5.31,0.188110532,0.356848651,-7.691217311,6.24,,,
11,4/19/2007,2007,April,4,1.45,-0.512243383,,,,,,
12,4/19/2007,2007,April,4,2.89,-0.250971456,,,,,,
13,4/19/2007,2007,April,4,1.60,-0.485027557,-0.416080799,-8.10729811,1.98,5.727916667,,
11,5/14/2007,2007,May,5,2.30,-0.358020371,,,,,,
12,5/14/2007,2007,May,5,6.48,0.400393973,,,,,,
13,5/14/2007,2007,May,5,8.28,0.726983881,0.256452494,-7.850845616,5.686666667,,,
11,6/15/2007,2007,June,6,3.88,-0.071347006,,,,,,
12,6/15/2007,2007,June,6,2.96,-0.238270738,,,,,,
13,6/15/2007,2007,June,6,2.52,-0.318103826,-0.209240523,-8.060086139,3.12,,,
11,7/16/2007,2007,July,7,1,-0.59389086,,,,,,
12,7/16/2007,2007,July,7,1.81,-0.446925401,,,,,,
13,7/16/2007,2007,July,7,3.42,-0.154808872,-0.398541711,-8.458627851,2.076666667,,,
12,8/14/2007,2007,August,8,1.54,-0.495913888,,,,,,
13,8/14/2007,2007,August,8,0.76,-0.637436181,,,,,,
11,8/16/2007,2007,August,8,0.93,-0.606591579,-0.579980549,-9.0386084,1.076666667,,,
11,9/10/2007,2007,September,9,8.85,0.830404019,,,,,,
12,9/10/2007,2007,September,9,15.5,2.036972292,,,,,,
13,9/10/2007,2007,September,9,0.43,-0.697310998,0.723355104,-8.315253295,8.26,,,
11,10/15/2007,2007,October,10,0.84,-0.622921074,,,,,,
12,10/15/2007,2007,October,10,2.14,-0.387050585,,,,,,
13,10/15/2007,2007,October,10,4.73,0.082876006,-0.309031884,-8.62428518,2.57,,,
11,11/14/2007,2007,November,11,13.3,1.637806848,,,,,,
12,11/14/2007,2007,November,11,13.9,1.746670151,,,,,,
13,11/14/2007,2007,November,11,3.65,-0.113077939,1.090466353,-7.533818826,10.28333333,,,
11,12/18/2007,2007,December,12,2.04,-0.405194469,,,,,,
12,12/18/2007,2007,December,12,2.22,-0.372535478,,,,,,
13,12/18/2007,2007,December,12,6.05,0.322375272,-0.151784891,-7.685603718,3.436666667,,,
11,1/16/2008,2008,January,1,0.34,-0.713640493,,,,,,
12,1/16/2008,2008,January,1,0.4,-0.702754163,,,,,,
13,1/16/2008,2008,January,1,4.58,0.05566018,-0.453578159,-8.139181876,1.773333333,,,
11,2/15/2008,2008,February,2,1.63,-0.479584392,,,,,,
12,2/15/2008,2008,February,2,6.94,0.483855838,,,,,,
13,2/15/2008,2008,February,2,0.8,-0.630178628,-0.208635727,-8.347817604,3.123333333,,,
11,3/10/2008,2008,March,3,0.95,-0.602962802,,,,,,
12,3/10/2008,2008,March,3,1.97,-0.417895187,,,,,,
13,3/10/2008,2008,March,3,0.85,-0.621106686,-0.547321558,-8.895139162,1.256666667,,,
11,4/14/2008,2008,April,4,2.47,-0.327175768,,,,,,
12,4/14/2008,2008,April,4,4.49,0.039330685,,,,,,
13,4/14/2008,2008,April,4,1.6,-0.485027557,-0.257624214,-9.152763376,2.853333333,,,
11,5/15/2008,2008,May,5,6.68,0.43668174,,,,,,
12,5/15/2008,2008,May,5,6.89,0.474783896,,,,,,
13,5/15/2008,2008,May,5,8.76,0.814074523,0.575180053,-8.577583322,7.443333333,,,
11,6/18/2008,2008,June,6,5.24,0.175409813,,,,,,
12,6/18/2008,2008,June,6,6.61,0.423981022,,,,,,
13,6/18/2008,2008,June,6,0.24,-0.731784377,-0.044131181,-8.621714503,4.03,,,
11,7/16/2008,2008,July,7,4.05,-0.040502404,,,,,,
12,7/16/2008,2008,July,7,10.4,1.111634218,,,,,,
13,7/16/2008,2008,July,7,7.08,0.509257275,0.526796363,-8.09491814,7.176666667,,,
11,8/12/2008,2008,August,8,39.7,6.427792174,,,,,,
12,8/12/2008,2008,August,8,13.9,1.746670151,,,,,,
13,8/12/2008,2008,August,8,12.7,1.528943546,3.234468624,-4.860449516,22.1,,,
11,9/18/2008,2008,September,9,4.6,0.059288957,,,,,,
12,9/18/2008,2008,September,9,5.89,0.293345058,,,,,,
13,9/18/2008,2008,September,9,11.8,1.365648591,0.572760869,-4.287688648,7.43,,,
11,10/14/2008,2008,October,10,0.34,-0.713640493,,,,,,
12,10/14/2008,2008,October,10,0.75,-0.63925057,,,,,,
13,10/14/2008,2008,October,10,0.36,-0.710011717,-0.68763426,-4.975322907,0.483333333,5.232222222,,
11,11/17/2008,2008,November,11,12.8,1.547087429,,,,,,
12,11/17/2008,2008,November,11,4.05,-0.040502404,,,,,,
13,11/17/2008,2008,November,11,10.7,1.166065869,0.890883632,-4.084439276,9.183333333,,,
11,12/15/2008,2008,December,12,1.32,-0.535830432,,,,,,
12,12/15/2008,2008,December,12,1.1,-0.575746976,,,,,,
13,12/15/2008,2008,December,12,0.85,-0.621106686,-0.577561365,-4.662000641,1.09,,,
11,1/12/2009,2009,January,1,4.86,0.106463055,,,,,,
12,1/13/2009,2009,January,1,1.92,-0.426967129,,,,,,
13,1/13/2009,2009,January,1,3.36,-0.165695202,-0.162066426,-4.824067066,3.38,,,
11,2/10/2009,2009,February,2,0.36,-0.710011717,,,,,,
12,2/11/2009,2009,February,2,2.07,-0.399751303,,,,,,
13,2/11/2009,2009,February,2,0.45,-0.693682221,-0.601148414,-5.42521548,0.96,,,
11,3/18/2009,2009,March,3,2.55,-0.312660661,,,,,,
12,3/16/2009,2009,March,3,3.6,-0.122149881,,,,,,
13,3/16/2009,2009,March,3,0.5,-0.684610279,-0.373140274,-5.798355754,2.216666667,,,
11,4/17/2009,2009,April,4,3.55,-0.131221823,,,,,,
12,4/13/2009,2009,April,4,1.42,-0.517686548,,,,,,
13,4/13/2009,2009,April,4,1.44,-0.514057771,-0.387655381,-6.186011135,2.136666667,,,
11,5/12/2009,2009,May,5,3.33,-0.171138367,,,,,,
12,5/13/2009,2009,May,5,6.57,0.416723468,,,,,,
13,5/13/2009,2009,May,5,4.37,0.017558024,0.087714375,-6.09829676,4.756666667,,,
11,6/16/2009,2009,June,6,3.79,-0.087676502,,,,,,
12,6/19/2009,2009,June,6,2.79,-0.26911534,,,,,,
13,6/19/2009,2009,June,6,0.61,-0.664652007,-0.340481283,-6.438778043,2.396666667,,,
11,7/13/2009,2009,July,7,9.47,0.942896098,,,,,,
12,7/13/2009,2009,July,7,3.67,-0.109449162,,,,,,
13,7/13/2009,2009,July,7,1.07,-0.581190142,0.084085598,-6.354692445,4.736666667,,,
11,8/18/2009,2009,August,8,9.36,0.922937826,,,,,,
12,8/17/2009,2009,August,8,8.24,0.719726328,,,,,,
13,8/17/2009,2009,August,8,4.11,-0.029616074,0.537682693,-5.817009751,7.236666667,,,
11,9/14/2009,2009,September,9,10.1,1.057202566,,,,,,
12,9/15/2009,2009,September,9,13.9,1.746670151,,,,,,
13,9/15/2009,2009,September,9,6.91,0.478412673,1.09409513,-4.722914621,10.30333333,,,
11,10/13/2009,2009,October,10,1.34,-0.532201655,,,,,,
12,10/14/2009,2009,October,10,1.94,-0.423338352,,,,,,
13,10/14/2009,2009,October,10,8.51,0.768714814,-0.062275065,-4.785189685,3.93,,,
11,11/16/2009,2009,November,11,2.94,-0.241899514,,,,,,
12,11/16/2009,2009,November,11,3.52,-0.136664988,,,,,,
13,11/16/2009,2009,November,11,3.59,-0.12396427,-0.167509591,-4.952699276,3.35,,,
11,12/14/2009,2009,December,12,3.68,-0.107634774,,,,,,
12,12/14/2009,2009,December,12,5.01,0.133678881,,,,,,
13,12/14/2009,2009,December,12,3.76,-0.093119667,-0.02235852,-4.975057796,4.15,,,
11,1/19/2010,2010,January,1,1.05,-0.584818918,,,,,,
12,1/19/2010,2010,January,1,1.19,-0.559417481,,,,,,
13,1/19/2010,2010,January,1,0.48,-0.688239056,-0.610825152,-5.585882948,0.906666667,,,
11,2/17/2010,2010,February,2,,,,,,,,
12,2/17/2010,2010,February,2,,,,,,,,
13,2/17/2010,2010,February,2,,,,,,,,
11,3/17/2010,2010,March,3,0.21,-0.737227542,,,,,,
12,3/18/2010,2010,March,3,5.93,0.300602612,,,,,,
13,3/18/2010,2010,March,3,9.55,0.957411206,0.173595425,-5.412287523,5.23,,,
11,4/12/2010,2010,April,4,3.51,-0.138479377,,,,,,
12,4/13/2010,2010,April,4,4.65,0.068360899,,,,,,
13,4/13/2010,2010,April,4,2.29,-0.359834759,-0.143317746,-5.555605269,3.483333333,,,
11,5/17/2010,2010,May,5,3.36,-0.165695202,,,,,,
12,5/19/2010,2010,May,5,5.25,0.177224202,,,,,,
13,5/19/2010,2010,May,5,2.93,-0.243713903,-0.077394968,-5.633000236,3.846666667,,,
11,6/15/2010,2010,June,6,5.09,0.148193988,,,,,,
12,6/16/2010,2010,June,6,2.18,-0.379793031,,,,,,
13,6/16/2010,2010,June,6,2.65,-0.294516777,-0.17537194,-5.808372177,3.306666667,,,
11,7/15/2010,2010,July,7,3.44,-0.151180095,,,,,,
12,7/15/2010,2010,July,7,3.86,-0.074975783,,,,,,
13,7/15/2010,2010,July,7,2.40,-0.339876487,-0.188677455,-5.997049632,3.233333333,,,
11,8/17/2010,2010,August,8,10.7,1.166065869,,,,,,
12,8/19/2010,2010,August,8,17.0,2.309130549,,,,,,
13,8/19/2010,2010,August,8,0.21,-0.737227542,0.912656292,-5.08439334,9.303333333,,,
11,9/15/2010,2010,September,9,9.41,0.932009768,,,,,,
12,9/13/2010,2010,September,9,5.53,0.228027076,,,,,,
13,9/13/2010,2010,September,9,6.80,0.458454401,0.539497082,-4.544896258,7.246666667,,,
11,10/13/2010,2010,October,10,8.23 ,0.717186184,,,,,,
12,10/12/2010,2010,October,10,7.52 ,0.589416954,,,,,,
13,10/12/2010,2010,October,10,7.23 ,0.537017418,0.614540185,-3.930356073,7.660266667,,,
11,11/16/2010,2010,November,11,14.7,1.899550516,,,,,,
12,11/18/2010,2010,November,11,1.33 ,-0.534415209,,,,,,
13,11/18/2010,2010,November,11,5.36 ,0.197182474,0.520772594,-3.409583479,7.143466667,,,
11,12/8/2010,2010,December,12,3.99 ,-0.051352447,,,,,,
12,12/9/2010,2010,December,12,8.70 ,0.804040956,,,,,,
13,12/9/2010,2010,December,12,3.89 ,-0.069206028,0.227827494,-3.181755985,5.5289,,,
11,1/19/2011,2011,January,1,0.58 ,-0.670095172,,,,,,
12,1/20/2011,2011,January,1,1.42 ,-0.51839416,,,,,,
13,1/20/2011,2011,January,1,2.16 ,-0.383421808,-0.52397038,-3.705726365,1.385366667,,,
11,2/17/2011,2011,February,2,3.18 ,-0.198753359,,,,,,
12,2/24/2011,2011,February,2,6.52 ,0.408032548,,,,,,
13,2/24/2011,2011,February,2,4.85 ,0.104648666,0.104642619,-3.601083747,4.849966667,,,
11,3/17/2011,2011,March,3,0.46 ,-0.692266998,,,,,,
12,3/15/2011,2011,March,3,5.15 ,0.159443196,,,,,,
13,3/15/2011,2011,March,3,5.11 ,0.151822764,-0.127000346,-3.728084093,3.573266667,,,
11,4/13/2011,2011,April,4,6.95 ,0.485906097,,,,,,
12,4/14/2011,2011,April,4,7.48 ,0.582286408,,,,,,
13,4/14/2011,2011,April,4,8.77 ,0.815870768,0.628021091,-3.100063002,7.734566667,,,
11,5/18/2011,2011,May,5,4.87,0.108277443,,,,,,
12,5/19/2011,2011,May,5,8,0.676181006,,,,,,
13,5/19/2011,2011,May,5,6.4,0.385878866,0.390112438,-2.709950564,6.423333333,,,
11,6/15/2011,2011,June,6,0.8,-0.630178628,,,,,,
12,6/15/2011,2011,June,6,1.8,-0.44873979,,,,,,
13,6/15/2011,2011,June,6,0.44,-0.69549661,-0.591471676,-3.301422239,1.013333333,,,
11,7/11/2011,2011,July,7,9.78,0.999142138,,,,,,
12,7/12/2011,2011,July,7,8.48,0.763271649,,,,,,
13,7/12/2011,2011,July,7,1.28,-0.543087986,0.406441934,-2.894980305,6.513333333,,,
11,8/16/2011,2011,August,8,8.89,0.837661572,,,,,,
12,8/17/2011,2011,August,8,13,1.583375197,,,,,,
13,8/17/2011,2011,August,8,6.24,0.356848651,0.925961807,-1.969018498,9.376666667,,,
11,9/13/2011,2011,September,9,7.08,0.509257275,,,,,,
12,9/12/2011,2011,September,9,8.39,0.746942153,,,,,,
13,9/12/2011,2011,September,9,8.21,0.714283162,0.65682753,-1.312190968,7.893333333,,,
11,10/11/2011,2011,October,10,3.23,-0.189282251,,,,,,
12,10/13/2011,2011,October,10,7.18,0.527401159,,,,,,
13,10/13/2011,2011,October,10,18.2,2.526857155,0.954992021,-0.357198947,9.536666667,,,
11,11/15/2011,2011,November,11,24.7,3.706209603,,,,,,
12,11/18/2011,2011,November,11,1.79,-0.450554178,,,,,,
13,11/18/2011,2011,November,11,6.96,0.487484615,1.247713346,0.8905144,11.15,,,
11,12/14/2011,2011,December,12,0.58,-0.670095172,,,,,,
12,12/14/2011,2011,December,12,4.33,0.010300471,,,,,,
13,12/14/2011,2011,December,12,5.52,0.226212688,-0.144527338,0.745987062,3.476666667,,,
11,1/11/2012,2012,January,1,0.95,-0.602962802,,,,,,
12,1/11/2012,2012,January,1,3.88,-0.071347006,,,,,,
13,1/11/2012,2012,January,1,8.71,0.805002582,0.043564258,0.789551319,4.513333333,,,
11,2/23/2012,2012,February,2,0.89,-0.613849132,,,,,,
12,2/21/2012,2012,February,2,0.43,-0.697310998,,,,,,
13,2/21/2012,2012,February,2,0.42,-0.699125386,-0.670095172,0.119456147,0.58,,,
11,3/12/2012,2012,March,3,7.28,0.545545043,,,,,,
12,3/14/2012,2012,March,3,0.72,-0.644693735,,,,,,
13,3/14/2012,2012,March,3,5.34,0.193553697,0.031468335,0.150924482,4.446666667,,,
11,4/16/2012,2012,April,4,1.95,-0.421523964,,,,,,
12,4/17/2012,2012,April,4,7.26,0.541916266,,,,,,
13,4/17/2012,2012,April,4,10.3,1.093490334,0.404627545,0.555552028,6.503333333,,,
11,5/16/2012,2012,May,5,2.38,-0.343505264,,,,,,
12,5/22/2012,2012,May,5,11.1,1.238641405,,,,,,
13,5/22/2012,2012,May,5,0.54,-0.677352726,0.072594472,0.6281465,4.673333333,,,
11,6/13/2012,2012,June,6,12.6,1.510799662,,,,,,
12,6/20/2012,2012,June,6,11.5,1.31121694,,,,,,
13,6/20/2012,2012,June,6,13.2,1.619662965,1.480559855,2.108706355,12.43333333,,,
11,7/17/2012,2012,July,7,2.48,-0.32536138,,,,,,
12,7/16/2012,2012,July,7,27.6,4.232382233,,,,,,
13,7/16/2012,2012,July,7,15.2,1.982540641,1.963187165,4.07189352,15.09333333,,,
11,8/14/2012,2012,August,8,7.00,0.494742168,,,,,,
12,8/16/2012,2012,August,8,7.05,0.50381411,,,,,,
13,8/16/2012,2012,August,8,1.66,-0.474141227,0.174805017,4.246698537,5.236666667,,,
11,9/12/2012,2012,September,9,5.80,0.277015563,,,,,,
12,9/11/2012,2012,September,9,16.9,2.290986666,,,,,,
13,9/11/2012,2012,September,9,5.71,0.260686067,0.942896098,5.189594635,9.47,,,
11,10/17/2012,2012,October,10,4.67,0.071989676,,,,,,
12,10/17/2012,2012,October,10,1.91,-0.428781518,,,,,,
13,10/17/2012,2012,October,10,8.25,0.721540716,0.121582958,5.311177593,4.943333333,,,
11,11/12/2012,2012,November,11,15.8,2.091403944,,,,,,
12,11/12/2012,2012,November,11,21.3,3.089317553,,,,,,
13,11/12/2012,2012,November,11,3.54,-0.133036211,1.682561762,6.993739355,13.54666667,,,
11,12/11/2012,2012,December,12,3.2,-0.203797358,,,,,,
12,12/12/2012,2012,December,12,11.6,1.329360824,,,,,,
13,12/12/2012,2012,December,12,1.88,-0.434224683,0.230446261,7.224185616,5.543333333,,,
11,1/14/2013,2013,January,1,3.43,-0.152994484,,,,,,
12,1/23/2013,2013,January,1,3.68,-0.107634774,,,,,,
13,1/23/2013,2013,January,1,7.15,0.521957994,0.087109579,7.311295195,4.753333333,,,
11,2/13/2013,2013,February,2,0.34,-0.713640493,,,,,,
12,2/14/2013,2013,February,2,7.28,0.545545043,,,,,,
13,2/14/2013,2013,February,2,3.52,-0.136664988,-0.101586813,7.209708382,3.713333333,,,
11,3/11/2013,2013,March,3,9.87,1.015471634,,,,,,
12,3/13/2013,2013,March,3,9.69,0.982812643,,,,,,
13,3/13/2013,2013,March,3,11.2,1.256785288,1.085023188,8.29473157,10.25333333,,,
11,4/15/2013,2013,April,4,0.56,-0.673723949,,,,,,
12,4/16/2013,2013,April,4,1.37,-0.52675849,,,,,,
13,4/16/2013,2013,April,4,0.18,-0.742670707,-0.647717715,7.647013855,0.703333333,,,
11,5/14/2013,2013,May,5,4.64,0.06654651,,,,,,
12,5/13/2013,2013,May,5,1.76,-0.455997343,,,,,,
13,5/13/2013,2013,May,5,1.28,-0.543087986,-0.310846273,7.336167582,2.56,,,
11,6/11/2013,2013,June,6,4.02,-0.045945569,,,,,,
12,6/12/2013,2013,June,6,0.54,-0.677352726,,,,,,
13,6/12/2013,2013,June,6,0.71,-0.646508123,-0.456602139,6.879565443,1.756666667,,,
11,7/15/2013,2013,July,7,4.31,0.006671694,,,,,,
12,7/15/2013,2013,July,7,2.51,-0.319918215,,,,,,
13,7/15/2013,2013,July,7,0.48,-0.688239056,-0.333828526,6.545736917,2.433333333,,,
11,8/12/2013,2013,August,8,5.49,0.220769523,,,,,,
12,8/12/2013,2013,August,8,2.54,-0.31447505,,,,,,
13,8/12/2013,2013,August,8,0.65,-0.657394454,-0.25036666,6.295370257,2.893333333,,,
11,9/18/2013,2013,September,9,1.15,-0.566675034,,,,,,
12,9/18/2013,2013,September,9,0.56,-0.673723949,,,,,,
13,9/18/2013,2013,September,9,0.23,-0.733598766,-0.65799925,5.637371007,0.646666667,,,
11,10/22/2013,2013,October,10,8.36,0.741498988,,,,,,
12,10/21/3013,2013,October,10,8.64,0.792301863,,,,,,
13,10/21/3013,2013,October,10,9.21,0.895722001,0.809840951,6.447211958,8.736666667,,,
11,11/21/2013,2013,November,11,0.25,-0.729969989,,,,,,
12,11/21/2013,2013,November,11,0.24,-0.731784377,,,,,,
13,11/21/2013,2013,November,11,0.30,-0.720898047,-0.727550804,5.719661154,0.263333333,,,
11,12/16/2013,2013,December,12,0.88,-0.615663521,,,,,,
12,12/19/2013,2013,December,12,0.43,-0.697310998,,,,,,
13,12/19/2013,2013,December,12,0.54,-0.677352726,-0.663442415,5.056218739,0.616666667,,,
11,1/15/2014,2014,January,1,0.34,-0.713640493,,,,,,
12,1/16/2014,2014,January,1,0.22,-0.735413154,,,,,,
13,1/16/2014,2014,January,1,0.30,-0.720898047,-0.723317231,4.332901508,0.286666667,,,
11,2/18/2014,2014,February,2,0.24,-0.731784377,,,,,,
12,2/20/2014,2014,February,2,0.2,-0.739041931,,,,,,
13,2/20/2014,2014,February,2,0.2,-0.739041931,-0.736622746,3.596278761,0.213333333,,,
11,3/21/2014,2014,March,3,0.48,-0.688239056,,,,,,
12,3/20/2014,2014,March,3,0.54,-0.677352726,,,,,,
13,3/20/2014,2014,March,3,0.63,-0.66102323,-0.675538337,2.920740424,0.55,,,
11,4/18/2014,2014,April,4,0.99 ,-0.595705249,,,,,,
12,4/21/2014,2014,April,4,0.86 ,-0.619292298,,,,,,
13,4/21/2014,2014,April,4,0.75 ,-0.63925057,-0.618082705,2.302657719,0.866666667,,,
11,5/13/2014,2014,May,5,1.94 ,-0.423338352,,,,,,
12,5/12/2013,2014,May,5,2.01 ,-0.410637634,,,,,,
13,5/12/2013,2014,May,5,0.38 ,-0.70638294,-0.513452975,1.789204744,1.443333333,,,
11,6/18/2014,2014,June,6,1.94 ,-0.423338352,,,,,,
12,6/17/2014,2014,June,6,0.84 ,-0.622921074,,,,,,
13,6/17/2014,2014,June,6,1.06 ,-0.58300453,-0.543087986,1.246116758,1.28,,,
11,7/14/2014,2014,July,7,7.69 ,0.619934967,,,,,,
12,7/17/2014,2014,July,7,3.98 ,-0.053203123,,,,,,
13,7/17/2014,2014,July,7,1.53 ,-0.497728276,0.023001189,1.269117947,4.4,,,
11,8/11/2014,2014,August,8,0.54 ,-0.677352726,,,,,,
12,8/11/2014,2014,August,8,2.74 ,-0.278187282,,,,,,
13,8/11/2014,2014,August,8,4.09 ,-0.03324485,-0.329594953,0.939522995,2.456666667,,,
11,9/16/2014,2014,September,9,6.56 ,0.41490908,,,,,,
12,9/15/2014,2014,September,9,12.8 ,1.547087429,,,,,,
13,9/15/2014,2014,September,9,5.42 ,0.208068804,0.723355104,1.662878099,8.26,,,
11,10/17/2014,2014,October,10,2.63,-0.298145554,,,,,,
12,10/16/2014,2014,October,10,2.69,-0.287259224,,,,,,
13,10/16/2014,2014,October,10,2.26,-0.365277924,-0.316894234,1.345983865,2.526666667,,,
11,11/10/2014,2014,November,11,1.08,-0.579375753,,,,,,
12,11/12/2014,2014,November,11,1.13,-0.570303811,,,,,,
13,11/12/2014,2014,November,11,1.30,-0.539459209,-0.563046258,0.782937607,1.17,,,
11,12/15/2014,2014,December,12,,,,,,,,
12,12/19/2014,2014,December,12,,,,,,,,
13,12/19/2014,2014,December,12,,,,,,,,
11,1/15/2015,2015,January,1,0.22,-0.735413154,,,,,,
12,1/20/2015,2015,January,1,0.15,-0.748113873,,,,,,
13,1/20/2015,2015,January,1,0.29,-0.722712435,-0.735413154,0.047524453,0.22,,,
11,2/15/2015,2015,February,2,,,,,,,,
12,2/15/2015,2015,February,2,,,,,,,,
13,2/15/2015,2015,February,2,,,,,,,,
11,3/16/2015,2015,March,3,0.54,-0.677352726,,,,,,
12,3/17/2015,2015,March,3,2.74,-0.278187282,,,,,,
13,3/17/2015,2015,March,3,4.09,-0.03324485,-0.329594953,-0.282070499,2.456666667,,,
11,4/24/2015,2015,April,4,0.81,-0.628364239,,,,,,
12,4/27/2015,2015,April,4,1.07,-0.581190142,,,,,,
13,4/27/2015,2015,April,4,0.74,-0.641064958,-0.616873113,-0.898943612,0.873333333,,,
11,5/12/2015,2015,May,5,0.94,-0.60477719,,,,,,
12,5/14/2015,2015,May,5,1.53,-0.497728276,,,,,,
13,5/14/2015,2015,May,5,1.31,-0.53764482,-0.546716762,-1.445660375,1.26,,,
11,6/15/2015,2015,June,6,2.12,-0.390679362,,,,,,
12,6/16/2015,2015,June,6,1.66,-0.474141227,,,,,,
13,6/16/2015,2015,June,6,0.87,-0.617477909,-0.494099499,-1.939759874,1.55,,,
11,7/15/2015,2015,July,7,1.32,-0.535830432,,,,,,
12,7/15/2015,2015,July,7,1.81,-0.446925401,,,,,,
13,7/15/2015,2015,July,7,2.83,-0.261857786,-0.414871207,-2.35463108,1.986666667,,,
11,8/12/2015,2015,August,8,6.63,0.427609798,,,,,,
12,8/12/2015,2015,August,8,12.7,1.528943546,,,,,,
13,8/12/2015,2015,August,8,7.05,0.50381411,0.820122485,-1.534508596,8.793333333,,,
11,9/14/2015,2015,September,9,11.1,1.238641405,,,,,,
12,9/15/2015,2015,September,9,11.9,1.383792475,,,,,,
13,9/15/2015,2015,September,9,8.67,0.797745028,1.140059636,-0.39444896,10.55666667,,,
11,10/14/2015,2015,October,10,9.26,0.904793942,,,,,,
12,10/15/2015,2015,October,10,11,1.220497521,,,,,,
13,10/15/2015,2015,October,10,9.49,0.946524875,1.02393878,0.62948982,9.916666667,,,
11,11/16/2015,2015,November,11,2.11,-0.39249375,,,,,,
12,11/16/2015,2015,November,11,2.06,-0.401565692,,,,,,
13,11/16/2015,2015,November,11,1.94,-0.423338352,-0.405799265,0.223690555,2.036666667,,,
11,12/14/2015,2015,December,12,1.18,-0.561231869,,,,,,
12,12/15/2015,2015,December,12,0.6,-0.666466395,,,,,,
13,12/15/2015,2015,December,12,0.91,-0.610220356,-0.61263954,-0.388948985,0.896666667,,,
11,1/14/2016,2016,January,1,1.58,-0.488656334,,,,,,
12,1/15/2016,2016,January,1,0.79,-0.631993016,,,,,,
13,1/15/2016,2016,January,1,0.81,-0.628364239,-0.58300453,-0.971953515,1.06,,,
11,2/17/2016,2016,February,2,0.6,-0.666466395,,,,,,
12,2/17/2016,2016,February,2,1,-0.59389086,,,,,,
13,2/17/2016,2016,February,2,0.79,-0.631993016,-0.630783424,-1.602736939,0.796666667,,,
11,3/15/2016,2016,March,3,0.82,-0.626549851,,,,,,
12,3/16/2016,2016,March,3,1,-0.59389086,,,,,,
13,3/16/2016,2016,March,3,0.84,-0.622921074,-0.614453929,-2.217190868,0.886666667,,,
11,4/14/2016,2016,April,4,0.89,-0.613849132,,,,,,
12,4/15/2016,2016,April,4,0.7,-0.648322512,,,,,,
13,4/15/2016,2016,April,4,0.7,-0.648322512,-0.636831385,-2.854022253,0.763333333,,,
11,5/17/2016,2016,May,5,0.54,-0.677352726,,,,,,
12,5/19/2016,2016,May,5,0.32,-0.71726927,,,,,,
13,5/19/2016,2016,May,5,0.47,-0.690053444,-0.694891813,-3.548914066,0.443333333,,,
11,6/21/2016,2016,June,6,2.97,-0.236456349,,,,,,
12,6/22/2016,2016,June,6,1.05,-0.584818918,,,,,,
13,6/22/2016,2016,June,6,1.33,-0.534016044,-0.45176377,-4.000677836,1.783333333,,,
11,7/19/2016,2016,July,7,1.75,-0.457811732,,,,,,
12,7/19/2016,2016,July,7,2.83,-0.261857786,,,,,,
13,7/19/2016,2016,July,7,0.59,-0.668280784,-0.462650101,-4.463327937,1.723333333,,,
11,8/15/2016,2016,August,8,4,-0.049574346,,,,,,
12,8/15/2016,2016,August,8,6.46,0.396765196,,,,,,
13,8/15/2016,2016,August,8,0.55,-0.675538337,-0.109449162,-4.5727771,3.67,,,
11,9/13/2016,2016,September,9,9,0.857619845,,,,,,
12,9/13/2016,2016,September,9,8.43,0.754199707,,,,,,
13,9/13/2016,2016,September,9,6.82,0.462083178,0.69130091,-3.88147619,8.083333333,,,
11,10/12/2016,2016,October,10,9.11,0.877578117,,,,,,
12,10/12/2016,2016,October,10,11.4,1.293073056,,,,,,
13,10/12/2016,2016,October,10,10.1,1.057202566,1.075951246,-2.805524944,10.20333333,,,
11,11/14/2016,2016,November,11,4.09,-0.03324485,,,,,,
12,11/15/2016,2016,November,11,3.05,-0.221941242,,,,,,
13,11/15/2016,2016,November,11,2.98,-0.234641961,-0.163276018,-2.968800961,3.373333333,,,
11,12/13/16,2016,December,12,3.23,-0.189282251,,,,,,
12,12/13/16,2016,December,12,2.09,-0.396122527,,,,,,
13,12/13/16,2016,December,12,2.08,-0.397936915,-0.327780564,-3.296581526,2.466666667,,,
11,1/15/2017,2017,January,1,1.44,-0.514057771,,,,,,
12,1/16/2017,2017,January,1,0.65,-0.657394454,,,,,,
13,1/16/2017,2017,January,1,0.67,-0.653765677,-0.608405967,-3.904987493,0.92,,,
11,2/18/2017,2017,February,2,0.46,-0.691867833,,,,,,
12,2/20/2017,2017,February,2,0.86,-0.619292298,,,,,,
13,2/20/2017,2017,February,2,0.65,-0.657394454,-0.656184861,-4.561172354,0.656666667,,,
11,3/23/2017,2017,March,3,3.02,-0.227384407,,,,,,
12,3/29/2017,2017,March,3,0.66,-0.655580065,,,,,,
13,3/29/2017,2017,March,3,0.65,-0.657394454,-0.513452975,-5.074625329,1.443333333,,,
11,,2017,April,4,5.03,0.137307657,,,,,,
12,4/28/2017,2017,April,4,3.9,-0.06771823,,,,,,
13,4/28/2017,2017,April,4,4.2,-0.013286578,0.018767616,-5.055857713,4.376666667,,,
11,5/31/2017,2017,May,5,1.17,-0.563046258,,,,,,
12,6/1/2017,2017,May,5,2.02,-0.408823245,,,,,,
13,6/1/2017,2017,May,5,3.91,-0.065903841,-0.345924448,-5.401782161,2.366666667,,,
11,6/27/2017,2017,June,6,1.76,-0.455997343,,,,,,
12,6/27/2017,2017,June,6,1.36,-0.528572878,,,,,,
13,6/27/2017,2017,June,6,1.32,-0.535830432,-0.506800218,-5.908582379,1.48,,,
11,7/18/2017,2017,July,7,7.5,0.585461587,,,,,,
12,7/20/2017,2017,July,7,5,0.131864492,,,,,,
13,7/20/2017,2017,July,7,1.81,-0.446925401,0.090133559,-5.81844882,4.77,,,
11,,2017,August,8,,,,,,,,
12,,2017,August,8,,,,,,,,
13,,2017,August,8,,,,,,,,
11,10/2/2017,2017,September,9,3.87,-0.073161395,,,,,,
12,10/3/2017,2017,September,9,11.6,1.329360824,,,,,,
13,10/3/2017,2017,September,9,5.86,0.287901893,0.514700441,-5.303748379,7.11,,,
11,,2017,October,10,,,,,,,,
12,,2017,October,10,,,,,,,,
13,,2017,October,10,,,,,,,,
11,11/14/2017,2017,November,11,2.53,-0.316289438,,,,,,
12,11/15/2017,2017,November,11,3.12,-0.209240523,,,,,,
13,11/15/2017,2017,November,11,4.77,0.090133559,-0.145132134,-5.448880513,3.473333333,,,
11,12/20/2017,2017,December,12,10.2,1.07534645,,,,,,
12,12/21/2017,2017,December,12,1.59,-0.486841946,,,,,,
13,12/20/2017,2017,December,12,1.96,-0.419709576,0.056264976,-5.392615537,4.583333333,,,
11,1/26/2018,2018,January,1,0.98,-0.597519637,,,,,,
12,2/1/2018,2018,January,1,1.1,-0.575746976,,,,,,
13,2/1/2018,2018,January,1,14.3,1.819245686,0.215326358,-5.177289179,5.46,,,
11,2/21/2018,2018,February,2,1.21,-0.555788704,,,,,,
12,3/1/2018,2018,February,2,1.27,-0.544902374,,,,,,
13,3/1/2018,2018,February,2,1.58,-0.488656334,-0.529782471,-5.70707165,1.353333333,,,
11,3/27/2018,2018,March,3,1.02,-0.590262083,,,,,,
12,3/29/2018,2018,March,3,11.6,1.329360824,,,,,,
13,3/29/2018,2018,March,3,1.42,-0.517686548,0.073804064,-5.633267586,4.68,,,
11,4/26/2018,2018,April,4,1.65,-0.475955615,,,,,,
12,4/30/2018,2018,April,4,1.85,-0.439667848,,,,,,
13,4/26/2018,2018,April,4,2.21,-0.374349866,-0.42999111,-6.063258695,1.903333333,,,
11,5/23/2016,2018,May,5,0.64,-0.659208842,,,,,,
12,5/24/2018,2018,May,5,3.78,-0.08949089,,,,,,
13,5/23/2018,2018,May,5,2.25,-0.367092313,-0.371930682,-6.435189377,2.223333333,,,
11,6/21/2018,2018,June,6,1.55,-0.494099499,,,,,,
12,6/20/2018,2018,June,6,5.15,0.159080318,,,,,,
13,6/20/2018,2018,June,6,6.94,0.483855838,0.049612219,-6.385577158,4.546666667,,,
11,8/1/2018,2018,July,7,6.67,0.434867352,,,,,,
12,8/7/2018,2018,July,7,2.86,-0.256414621,,,,,,
13,8/7/2018,2018,July,7,2.79,-0.26911534,-0.03022087,-6.415798028,4.106666667,,,
11,8/28/2018,2018,August,8,12.7,1.528943546,,,,,,
12,8/31/2018,2018,August,8,4.63,0.064732122,,,,,,
13,8/31/2018,2018,August,8,5.05,0.140936434,0.578204034,-5.837593994,7.46,,,
11,9/21/2018,2018,September,9,8.35,0.7396846,,,,,,
12,9/21/2018,2018,September,9,10.1,1.057202566,,,,,,
13,9/21/2018,2018,September,9,6.72,0.443939294,0.746942153,-5.090651841,8.39,,,
11,10/25/2018,2018,October,10,4.72,0.081061618,,,,,,
12,11/1/2018,2018,October,10,2.98,-0.234641961,,,,,,
13,10/25/2018,2018,October,10,14.5,1.855533454,0.567317704,-4.523334137,7.4,,,
11,11/14/2018,2018,November,11,4.05,-0.040502404,,,,,,
12,11/15/2018,2018,November,11,3.01,-0.229198796,,,,,,
13,11/15/2018,2018,November,11,2.94,-0.241899514,-0.170533571,-4.693867708,3.333333333,,,
11,12/6/2018,2018,December,12,,,,,,,,
12,,2018,December,12,,,,,,,,
13,,2018,December,12,,,,,,,,
11,,2019,January,1,,,,,,,,
12,,2019,January,1,,,,,,,,
13,,2019,January,1,,,,,,,,
11,,2019,February,2,,,,,,,,
12,,2019,February,2,,,,,,,,
13,,2019,February,2,,,,,,,,
11,4/4/2019,2019,March,3,1.16,-0.564860646,,,,,,
12,4/9/2019,2019,March,3,0.8,-0.630178628,,,,,,
13,4/9/2019,2019,March,3,1.58,-0.488656334,-0.561231869,-5.255099578,1.18,,,
11,4/30/2019,2019,April,4,2.77,-0.272744117,,,,,,
12,5/1/2019,2019,April,4,3.27,-0.182024698,,,,,,
13,5/1/2019,2019,April,4,2.06,-0.401565692,-0.285444835,-5.540544413,2.7,,,
11,5/17/2019,2019,May,5,16.3,2.182123363,,,,,,
12,5/16/2019,2019,May,5,1.48,-0.506800218,,,,,,
13,5/16/2019,2019,May,5,6.72,0.443939294,0.706420813,-4.8341236,8.166666667,,,
11,6/26/2019,2019,June,6,1.02,-0.590262083,,,,,,
12,6/26/2019,2019,June,6,2.14,-0.387050585,,,,,,
13,6/26/2019,2019,June,6,0.77,-0.635621793,-0.53764482,-5.371768421,1.31,,,
11,,2019,July,7,3.23,-0.189282251,,,,,,
12,7/26/2019,2019,July,7,11.4,1.293073056,,,,,,
13,7/26/2019,2019,July,7,3.89,-0.069532618,0.344752729,-5.027015692,6.173333333,,,
11,9/3/2019,2019,August,8,,,,,,,,
12,,2019,August,8,,,,,,,,
13,,2019,August,8,,,,,,,,
11,9/25/2019,2019,September,9,,,,,,,,
12,9/25/2019,2019,September,9,,,,,,,,
13,9/25/2019,2019,September,9,,,,,,,,
11,10/29/2019,2019,October,10,4.01,-0.047759958,,,,,,
12,10/30/2019,2019,October,10,5.87,0.289716281,,,,,,
13,10/29/2019,2019,October,10,5.3,0.186296144,0.142750822,-4.884264869,5.06,,,
11,,2019,November,11,,,,,,,,
12,,2019,November,11,,,,,,,,
13,,2019,November,11,,,,,,,,
11,12/29/2019,2019,December,12,2.46,-0.328990157,,,,,,
12,12/29/2019,2019,December,12,4.43,0.028444354,,,,,,
13,12/29/2019,2019,December,12,7.4,0.567317704,0.088923967,-4.795340902,4.763333333,,,
11,,2020,January,1,,,,,,,,
12,,2020,January,1,,,,,,,,
13,,2020,January,1,,,,,,,,
11,,2020,February,2,,,,,,,,
12,,2020,February,2,,,,,,,,
13,,2020,February,2,,,,,,,,
11,,2020,March,3,,,,,,,,
12,,2020,March,3,,,,,,,,
13,,2020,March,3,,,,,,,,
11,,2020,April,4,,,,,,,,
12,,2020,April,4,,,,,,,,
13,,2020,April,4,,,,,,,,
11,,2020,May,5,,,,,,,,
12,,2020,May,5,,,,,,,,
13,,2020,May,5,,,,,,,,
11,6/23/20,2020,June,6,1.74,-0.45962612,,,,,,
12,6/23/20,2020,June,6,1.34,-0.532201655,,,,,,
13,6/23/20,2020,June,6,0.97,-0.599334025,-0.530387267,-5.325728169,1.35,,,
11,7/28/20,2020,July,7,13.9,1.746670151,,,,,,
12,7/28/20,2020,July,7,12.6,1.510799662,,,,,,
13,7/28/20,2020,July,7,7.56,0.596347918,1.28460591,-4.041122259,11.35333333,,,
11,8/26/20,2020,August,8,7.68,0.618120578,,,,,,
12,8/26/20,2020,August,8,18.5,2.581288807,,,,,,
13,8/26/20,2020,August,8,7.68,0.618120578,1.272509988,-2.768612271,11.28666667,,,
11,9/23/20,2020,September,9,2.49,-0.323546991,,,,,,
12,9/22/20,2020,September,9,6.68,0.43668174,,,,,,
13,9/22/20,2020,September,9,12.2,1.438224126,0.517119625,-2.251492646,7.123333333,,,
11,10/20/20,2020,October,10,4.23,-0.007843413,,,,,,
12,10/20/20,2020,October,10,13.5,1.674094616,,,,,,
13,10/20/20,2020,October,10,5.03,0.137307657,0.601186287,-1.650306359,7.586666667,,,
11,11/19/20,2020,November,11,6.84,0.465711954,,,,,,
12,11/19/20,2020,November,11,2.12,-0.390679362,,,,,,
13,11/19/20,2020,November,11,4,-0.049574346,0.008486082,-1.641820277,4.32,,,
11,,2020,December,12,,,,,,,,
12,,2020,Decemebr,12,,,,,,,,
13,,2020,December,12,,,,,,,,
11,,2021,January,1,,,,,,,,
12,,2021,January,1,,,,,,,,
13,,2021,January,1,,,,,,,,
11,2/4/2021,2021,February,2,3.44,-0.151180095,,,,,,
12,2/4/2021,2021,February,2,0.64,-0.659208842,,,,,,
13,2/4/2021,2021,February,2,3.45,-0.149365707,-0.319918215,-1.961738491,2.51,,,
11,3/26/2021,2021,March,3,0.64,-0.659208842,,,,,,
12,3/26/2021,2021,March,3,0.64,-0.659208842,,,,,,
13,3/26/2021,2021,March,3,0.64,-0.659208842,-0.659208842,-2.620947333,0.64,,,
11,4/28/2021,2021,April,4,1.61,-0.483213169,,,,,,
12,4/28/2021,2021,April,4,2.68,-0.289073612,,,,,,
13,4/28/2021,2021,April,4,0.64,-0.659208842,-0.477165208,-3.098112541,1.643333333,,,
11,5/19/2021,2021,May,5,4.97,0.126421327,,,,,,
12,5/19/2021,2021,May,5,9.28,0.908422719,,,,,,
13,5/19/2021,2021,May,5,0.64,-0.659208842,0.125211735,-2.972900806,4.963333333,,,
11,6/30/2021,2021,June,6,0.64,-0.659208842,,,,,,
12,6/30/2021,2021,June,6,0.64,-0.659208842,,,,,,
13,6/30/2021,2021,June,6,0.64,-0.659208842,-0.659208842,-3.632109648,0.64,,,
11,7/28/2021,2021,July,7,1.35,-0.530387267,,,,,,
12,7/28/2021,2021,July,7,9.36,0.922937826,,,,,,
13,7/28/2021,2021,July,7,11.66,1.340247154,0.577599238,-3.05451041,7.456666667,,,
11,8/25/2021,2021,August,8,35.76,5.712923152,,,,,,
12,8/25/2021,2021,August,8,3.43,-0.152994484,,,,,,
13,8/25/2021,2021,August,8,40.69,6.607416624,4.055781764,1.001271354,26.62666667,,,
11,9/29/2021,2021,September,9,2.53,-0.316289438,,,,,,
12,9/29/2021,2021,September,9,0.64,-0.659208842,,,,,,
13,9/29/2021,2021,September,9,0.64,-0.659208842,-0.544902374,0.45636898,1.27,,,
11,10/27/21,2021,October,10,1.85,-0.439667848,,,,,,
12,10/27/21,2021,October,10,3.99,-0.051388734,,,,,,
13,10/27/21,2021,October,10,19.07,2.684708944,0.731217454,1.187586434,8.303333333,,,
11,11/16/21,2021,November,11,0.64,-0.659208842,,,,,,
12,11/16/21,2021,November,11,0.64,-0.659208842,,,,,,
13,11/16/21,2021,November,11,8.08,0.690696114,-0.209240523,0.97834591,3.12,,,
11,12/15/21,2021,December,12,0.88,-0.615663521,,,,,,
12,12/15/21,2021,December,12,0.43,-0.697310998,,,,4.27,,
13,12/15/21,2021,December,12,0.54,-0.677352726,-0.663442415,0.314903496,0.616666667,5.51,,
