11,1/25/1995,1995,JANUARY,1,3.82,-0.429463912,,,,,,
12,1/25/1995,1995,JANUARY,1,2.24,-0.914819528,,,,,,
13,1/25/1995,1995,JANUARY,1,3.75,-0.450967009,-0.598416817,,3.27,,,
11,2/15/1995,1995,FEBRUARY,2,3.11,-0.647566752,,,,,,
12,2/15/1995,1995,FEBRUARY,2,3.05,-0.665997978,,,,,,
13,2/15/1995,1995,FEBRUARY,2,2.15,-0.942466367,-0.752010366,-1.350427182,2.77,,,
11,3/23/1995,1995,MARCH,3,1.35,-1.188216046,,,,,,
12,3/23/1995,1995,MARCH,3,1.54,-1.129850497,,,,,,
13,3/23/1995,1995,MARCH,3,0.71,-1.384815789,-1.234294111,-2.584721293,1.2,,,
11,4/25/1995,1995,APRIL,4,3.38,-0.564626236,,,,,,
12,4/25/1995,1995,APRIL,4,2.49,-0.838022754,,,,,,
13,4/25/1995,1995,APRIL,4,2.91,-0.709004172,-0.703884387,-3.28860568,2.926666667,,,
11,5/20/1995,1995,MAY,5,2.24,-0.914819528,,,,,,
12,5/20/1995,1995,MAY,5,1.68,-1.086844303,,,,,,
13,5/20/1995,1995,MAY,5,2.25,-0.911747657,-0.971137163,-4.259742843,2.056666667,,,
11,6/14/1995,1995,JUNE,6,3.11,-0.647566752,,,,,,
12,6/14/1995,1995,JUNE,6,2.86,-0.724363527,,,,,,
13,6/14/1995,1995,JUNE,6,4.03,-0.364954621,-0.578961634,-4.838704477,3.333333333,,,
11,7/6/1995,1995,JULY,7,3.78,-0.441751396,,,,,,
12,7/6/1995,1995,JULY,7,4.38,-0.257439137,,,,,,
13,7/6/1995,1995,JULY,7,6.70,0.455234932,-0.081318534,-4.920023011,4.953333333,,,
11,8/22/1995,1995,AUGUST,8,3.12,-0.644494881,,,,,,
12,8/22/1995,1995,AUGUST,8,3.27,-0.598416817,,,,,,
13,8/22/1995,1995,AUGUST,8,8.51,1.011243581,-0.077222706,-4.997245716,4.966666667,,,
11,9/21/1995,1995,SEPTEMBER,9,6.53,0.403013125,,,,,,
12,9/21/1995,1995,SEPTEMBER,9,4.22,-0.306589073,,,,,,
13,9/21/1995,1995,SEPTEMBER,9,9.27,1.244705776,0.447043276,-4.55020244,6.673333333,,,
11,10/12/1995,1995,OCTOBER,10,0.76,-1.369456434,,,,,,
12,10/12/1995,1995,OCTOBER,10,1.57,-1.120634884,,,,,,
13,10/12/1995,1995,OCTOBER,10,2.00,-0.988544432,-1.15954525,-5.70974769,1.443333333,,,
11,12/8/1995,1995,DECEMBER,12,8.49,1.0060214,,,,,,
12,12/8/1995,1995,DECEMBER,12,4.24,-0.301981266,,,,,,
13,12/8/1995,1995,DECEMBER,12,5.43,0.066336065,0.256792066,-5.452955624,6.054,3.60430303,,
11,1/23/1996,1996,JANUARY,1,13.87,2.658380804,,,,,,
12,1/23/1996,1996,JANUARY,1,13.42,2.520760984,,,,,,
13,1/23/1996,1996,JANUARY,1,7.01,0.549541371,1.909561053,-3.543394571,11.43433333,,,
11,2/12/1996,1996,FEBRUARY,2,11.44,1.910073032,,,,,,
12,2/12/1996,1996,FEBRUARY,2,4.64,-0.177570491,,,,,,
13,2/12/1996,1996,FEBRUARY,2,6.95,0.530495771,0.754332771,-2.7890618,7.673666667,,,
11,3/19/1996,1996,MARCH,3,14.26,2.776033463,,,,,,
12,3/19/1996,1996,MARCH,3,8.40,0.976224252,,,,,,
13,3/19/1996,1996,MARCH,3,9.85,1.421952732,1.724736815,-1.064324985,10.83266667,,,
11,4/18/1996,1996,APRIL,4,0.54,-1.436730409,,,,,,
12,4/18/1996,1996,APRIL,4,2.42,-0.859218663,,,,,,
13,4/18/1996,1996,APRIL,4,0.71,-1.384201415,-1.226716829,-2.291041814,1.224666667,,,
11,5/7/1996,1996,MAY,5,2.94,-0.698559811,,,,,,
12,5/7/1996,1996,MAY,5,1.19,-1.23859473,,,,,,
13,5/7/1996,1996,MAY,5,1.92,-1.014040961,-0.983731834,-3.274773648,2.015666667,,,
11,6/17/1996,1996,JUNE,6,1.83,-1.040766239,,,,,,
12,6/17/1996,1996,JUNE,6,1.98,-0.996224109,,,,,,
13,6/17/1996,1996,JUNE,6,8.09,0.881610625,-0.385126574,-3.659900222,3.964333333,,,
11,7/23/1996,1996,JULY,7,5.38,0.049440775,,,,,,
12,7/23/1996,1996,JULY,7,5.52,0.093675717,,,,,,
13,7/23/1996,1996,JULY,7,5.54,0.097976336,0.080364276,-3.579535946,5.479666667,,,
11,8/22/1996,1996,AUGUST,8,4.46,-0.232556982,,,,,,
12,8/22/1996,1996,AUGUST,8,4.36,-0.26450444,,,,,,
13,8/22/1996,1996,AUGUST,8,3.90,-0.403660196,-0.300240539,-3.879776486,4.240666667,,,
11,9/16/1996,1996,SEPTEMBER,9,2.74,-0.761840353,,,,,,
12,9/16/1996,1996,SEPTEMBER,9,1.98,-0.994380987,,,,,,
13,9/16/1996,1996,SEPTEMBER,9,3.99,-0.37785648,-0.711359273,-4.591135759,2.902333333,,,
11,10/22/1996,1996,OCTOBER,10,1.898,-1.019877516,,,,,,
12,10/22/1996,1996,OCTOBER,10,1.109,-1.262248137,,,,,,
13,10/22/1996,1996,OCTOBER,10,1.863,-1.030629064,-1.104251572,-5.695387331,1.623333333,,,
11,11/14/1996,1996,NOVEMBER,11,3.785,-0.440171921,,,,,,
12,11/14/1996,1996,NOVEMBER,11,2.487,-0.838795876,,,,,,
13,11/14/1996,1996,NOVEMBER,11,1.407,-1.170849,-0.816605599,-6.511992931,2.559720227,,,
11,12/30/1996,1996,DECEMBER,12,3.185,-0.62452772,,,,,,
12,12/30/1996,1996,DECEMBER,12,2.341,-0.883793631,,,,,,
13,12/30/1996,1996,DECEMBER,12,2.505,-0.833414947,-0.780578766,-7.292571697,2.677,4.719004463,,
11,1/14/1997,1997,JANUARY,1,4.991,-0.069620697,,,,,,
12,1/14/1997,1997,JANUARY,1,4.333,-0.27181902,,,,,,
13,1/14/1997,1997,JANUARY,1,2.936,-0.700931616,-0.347457111,-7.640028807,4.086960435,,,
11,2/10/1997,1997,FEBRUARY,2,4.660,-0.17146542,,,,,,
12,2/10/1997,1997,FEBRUARY,2,2.975,-0.688996198,,,,,,
13,2/10/1997,1997,FEBRUARY,2,2.030,-0.979406068,-0.613289229,-8.253318036,3.221585166,,,
11,3/28/1997,1997,MARCH,3,5.806,0.180609666,,,,,,
12,3/28/1997,1997,MARCH,3,4.598,-0.190472349,,,,,,
13,3/28/1997,1997,MARCH,3,2.693,-0.775663772,-0.261842152,-8.515160188,4.365666667,,,
11,4/22/1997,1997,APRIL,4,3.812,-0.431962198,,,,,,
12,4/22/1997,1997,APRIL,4,2.791,-0.74570843,,,,,,
13,4/22/1997,1997,APRIL,4,1.869,-1.028835244,-0.735501957,-9.250662145,2.823740567,,,
11,5/20/1997,1997,MAY,5,2.850,-0.727389761,,,,,,
12,5/20/1997,1997,MAY,5,2.346,-0.882165899,,,,,,
13,5/20/1997,1997,MAY,5,1.473,-1.150469543,-0.920008401,-10.17067055,2.22310843,,,
11,6/10/1997,1997,JUNE,6,6.795,0.484270638,,,,,,
12,6/10/1997,1997,JUNE,6,2.895,-0.713587804,,,,,,
13,6/10/1997,1997,JUNE,6,3.318,-0.583695968,-0.271004378,-10.44167492,4.33584046,,,
11,7/15/1997,1997,JULY,7,10.529,1.631557688,,,,,,
12,7/15/1997,1997,JULY,7,5.920,0.215555438,,,,,,
13,7/15/1997,1997,JULY,7,4.772,-0.136903019,0.570070036,-9.871604888,7.073827886,,,
11,8/28/1997,1997,AUGUST,8,5.574,0.109420192,,,,,,
12,8/28/1997,1997,AUGUST,8,7.450,0.685711442,,,,,,
13,8/29/1997,1997,AUGUST,8,6.899,0.516484615,0.437205416,-9.434399472,6.641307705,,,
12,9/24/1997,1997,SEPTEMBER,9,5.277,0.018094016,,,,,,
13,9/24/1997,1997,SEPTEMBER,9,5.643,0.130690685,,,,,,
11,9/26/1997,1997,SEPTEMBER,9,2.369,-0.875333456,-0.242182918,-9.67658239,4.429664255,,,
11,10/8/1997,1997,OCTOBER,10,,,,,,,,
12,10/8/1997,1997,OCTOBER,10,5.736,0.159234515,,,,,,
13,10/8/1997,1997,OCTOBER,10,5.665,0.137318544,0.14827653,-9.528305861,5.700744485,,,
11,11/20/1997,1997,NOVEMBER,11,0.772,-1.365809309,,,,,,
12,11/20/1997,1997,NOVEMBER,11,0.580,-1.424868703,,,,,,
13,11/20/1997,1997,NOVEMBER,11,0.794,-1.358882422,-1.383186812,-10.91149267,0.715302885,,,
11,12/15/1997,1997,DECEMBER,12,9.102,1.192990676,,,,,,
12,12/15/1997,1997,DECEMBER,12,3.477,-0.534768013,,,,,,
13,12/15/1997,1997,DECEMBER,12,3.941,-0.392353255,0.088623136,-10.82286954,5.506552105,4.26035842,,
11,1/21/1998,1998,JANUARY,1,1.458,-1.155110521,,,,,,
12,1/21/1998,1998,JANUARY,1,1.045,-1.28186605,,,,,,
13,1/21/1998,1998,JANUARY,1,4.343,-0.26883673,-0.901937767,-11.7248073,2.281934578,,,
11,2/10/1998,1998,FEBRUARY,2,5.781,0.172943076,,,,,,
12,2/10/1998,1998,FEBRUARY,2,5.005,-0.065440808,,,,,,
13,2/10/1998,1998,FEBRUARY,2,0.426,-1.471917254,-0.454804995,-12.1796123,3.73750603,,,
11,3/16/1998,1998,MARCH,3,9.203,1.224185793,,,,,,
12,3/16/1998,1998,MARCH,3,9.282,1.24851903,,,,,,
13,3/16/1998,1998,MARCH,3,7.190,0.605814628,1.02617315,-11.15343915,8.5586009,,,
11,4/14/1998,1998,APRIL,4,3.176,-0.627360719,,,,,,
12,4/14/1998,1998,APRIL,4,2.422,-0.858852463,,,,,,
13,4/14/1998,1998,APRIL,4,2.413,-0.861801092,-0.782671424,-11.93611057,2.670187675,,,
11,5/20/1998,1998,MAY,5,5.899,0.209185481,,,,,,
12,5/20/1998,1998,MAY,5,4.794,-0.13028935,,,,,,
13,5/20/1998,1998,MAY,5,4.871,-0.106700662,-0.009268177,-11.94537875,5.187882105,,,
11,6/17/1998,1998,JUNE,6,2.890,-0.71506136,,,,,,
12,6/17/1998,1998,JUNE,6,5.091,-0.038899178,,,,,,
13,6/17/1998,1998,JUNE,6,4.505,-0.218999079,-0.324319872,-12.26969862,4.162280129,,,
11,7/7/1998,1998,JULY,7,7.058,0.565170994,,,,,,
12,7/7/1998,1998,JULY,7,8.018,0.860140735,,,,,,
13,7/7/1998,1998,JULY,7,7.309,0.642460401,0.689257377,-11.58044125,7.461823806,,,
11,8/12/1998,1998,AUGUST,8,7.851,0.808669248,,,,,,
12,8/12/1998,1998,AUGUST,8,7.421,0.676841211,,,,,,
13,8/12/1998,1998,AUGUST,8,6.646,0.43851675,0.641342403,-10.93909884,7.305844033,,,
11,9/16/1998,1998,SEPTEMBER,9,11.358,1.886150627,,,,,,
12,9/16/1998,1998,SEPTEMBER,9,9.816,1.41231967,,,,,,
13,9/16/1998,1998,SEPTEMBER,9,4.255,-0.29593877,1.000843842,-9.938255001,8.476145263,,,
11,10/13/1998,1998,OCTOBER,10,4.633,-0.179628527,,,,,,
12,10/13/1998,1998,OCTOBER,10,5.330,0.0344546,,,,,,
13,10/13/1998,1998,OCTOBER,10,3.336,-0.578015843,-0.241063257,-10.17931826,4.433309141,,,
11,11/19/1998,1998,NOVEMBER,11,7.839,0.80518247,,,,,,
12,11/19/1998,1998,NOVEMBER,11,4.029,-0.365354438,,,,,,
13,11/19/1998,1998,NOVEMBER,11,3.754,-0.449779933,-0.0033173,-10.18263556,5.207254261,,,
11,12/15/1998,1998,DECEMBER,12,3.321,-0.582687607,,,,,,
12,12/15/1998,1998,DECEMBER,12,2.023,-0.981436336,,,,,,
13,12/15/1998,1998,DECEMBER,12,2.111,-0.954355491,-0.839493145,-11.0221287,2.485213369,5.163998441,,
11,1/19/1999,1999,JANUARY,1,7.965,0.843810805,,,,,,
12,1/19/1999,1999,JANUARY,1,7.719,0.768362043,,,,,,
13,1/19/1999,1999,JANUARY,1,7.270,0.630251882,0.74747491,-10.27465379,7.651341963,,,
11,2/17/1999,1999,FEBRUARY,2,4.879,-0.104172879,,,,,,
12,2/17/1999,1999,FEBRUARY,2,3.693,-0.468478447,,,,,,
13,2/17/1999,1999,FEBRUARY,2,3.620,-0.49093922,-0.354530182,-10.62918397,4.063935147,,,
11,3/18/1999,1999,MARCH,3,8.493,1.005959868,,,,,,
12,3/18/1999,1999,MARCH,3,5.756,0.165116256,,,,,,
13,3/18/1999,1999,MARCH,3,3.075,-0.658242745,0.17094446,-10.45823952,5.774536419,,,
11,4/14/1999,1999,APRIL,4,8.786,1.096071188,,,,,,
12,4/14/1999,1999,APRIL,4,5.936,0.220458132,,,,,,
13,4/14/1999,1999,APRIL,4,3.541,-0.515022212,0.267169036,-10.19107048,6.087780617,,,
11,5/18/1999,1999,MAY,5,6.237,0.313088866,,,,,,
12,5/18/1999,1999,MAY,5,5.552,0.102721139,,,,,,
13,5/18/1999,1999,MAY,5,6.716,0.460214137,0.292008048,-9.899062431,6.16864017,,,
11,6/16/1999,1999,JUNE,6,3.930,-0.395553713,,,,,,
12,6/16/1999,1999,JUNE,6,3.144,-0.637097041,,,,,,
13,6/16/1999,1999,JUNE,6,4.955,-0.080735704,-0.371128819,-10.27019125,4.009900856,,,
11,7/15/1999,1999,JULY,7,4.223,-0.305748113,,,,,,
12,7/15/1999,1999,JULY,7,3.059,-0.663245631,,,,,,
13,7/15/1999,1999,JULY,7,3.249,-0.604720539,-0.524571428,-10.79476268,3.510392221,,,
12,8/17/1999,1999,AUGUST,8,9.421,1.29101677,,,,,,
13,8/17/1999,1999,AUGUST,8,8.905,1.132705608,,,,,,
11,8/19/1999,1999,AUGUST,8,9.630,1.355177572,1.259633317,-9.535129361,9.318594296,,,
11,9/14/1999,1999,SEPTEMBER,9,4.334,-0.27163631,,,,,,
12,9/14/1999,1999,SEPTEMBER,9,3.240,-0.60769979,,,,,,
13,9/14/1999,1999,SEPTEMBER,9,8.865,1.120181739,0.08028188,-9.454847482,5.479398438,,,
11,10/13/1999,1999,OCTOBER,10,4.107,-0.341395335,,,,,,
12,10/13/1999,1999,OCTOBER,10,3.725,-0.458776244,,,,,,
13,10/13/1999,1999,OCTOBER,10,5.200,-0.005673845,-0.268615142,-9.723462623,4.343618249,,,
11,11/9/1999,1999,NOVEMBER,11,4.784,-0.133451563,,,,,,
12,11/9/1999,1999,NOVEMBER,11,3.370,-0.567618836,,,,,,
13,11/9/1999,1999,NOVEMBER,11,3.775,-0.443200775,-0.381423725,-10.10488635,3.976387387,,,
11,12/8/1999,1999,DECEMBER,12,5.113,-0.032211873,,,,,,
12,12/8/1999,1999,DECEMBER,12,2.455,-0.848851123,,,,,,
13,12/8/1999,1999,DECEMBER,12,2.831,-0.73327774,-0.538113579,-10.64299993,3.466307845,5.320902801,,
11,1/6/2000,2000,JANUARY,1,4.739,-0.147044216,,,,,,
12,1/6/2000,2000,JANUARY,1,2.340,-0.883971446,,,,,,
13,1/6/2000,2000,JANUARY,1,3.082,-0.656312488,-0.562442716,-11.20544264,3.387108109,,,
11,2/22/2000,2000,FEBRUARY,2,5.568,0.107583185,,,,,,
12,2/22/2000,2000,FEBRUARY,2,5.011,-0.063477736,,,,,,
13,2/22/2000,2000,FEBRUARY,2,4.330,-0.272769236,-0.076221262,-11.28166391,4.969926711,,,
11,3/14/2000,2000,MARCH,3,2.733,-0.763352409,,,,,,
12,3/14/2000,2000,MARCH,3,1.886,-1.02343888,,,,,,
13,3/14/2000,2000,MARCH,3,2.802,-0.742148621,-0.84297997,-12.12464388,2.47386255,,,
11,4/10/2000,2000,APRIL,4,4.406,-0.249309538,,,,,,
12,4/10/2000,2000,APRIL,4,1.544,-1.128550888,,,,,,
13,4/10/2000,2000,APRIL,4,3.897,-0.40574423,-0.594534885,-12.71917876,3.282637025,,,
11,5/17/2000,2000,MAY,5,1.331,-1.193957438,,,,,,
12,5/17/2000,2000,MAY,5,1.433,-1.162829802,,,,,,
13,5/17/2000,2000,MAY,5,2.148,-0.943205209,-1.099997483,-13.81917624,1.637181863,,,
11,6/15/2000,2000,JUNE,6,2.764,-0.753887779,,,,,,
12,6/15/2000,2000,JUNE,6,2.212,-0.923277099,,,,,,
13,6/15/2000,2000,JUNE,6,6.234,0.311966865,-0.455066004,-14.27424225,3.736656357,,,
11,7/12/2000,2000,JULY,7,8.345,0.960434332,,,,,,
12,7/12/2000,2000,JULY,7,8.184,0.910992244,,,,,,
13,7/12/2000,2000,JULY,7,10.885,1.740902098,1.204109558,-13.07013269,9.137845304,,,
11,8/17/2000,2000,AUGUST,8,2.300,-0.896248916,,,,,,
12,8/17/2000,2000,AUGUST,8,5.106,-0.034350906,,,,,,
13,8/17/2000,2000,AUGUST,8,3.153,-0.634316348,-0.521638723,-13.59177141,3.519939185,,,
11,9/14/2000,2000,SEPTEMBER,9,6.492,0.391394527,,,,,,
12,9/14/2000,2000,SEPTEMBER,9,5.080,-0.042512692,,,,,,
13,9/14/2000,2000,SEPTEMBER,9,7.330,0.648764158,0.332548664,-13.25922275,6.300613865,,,
11,10/16/2000,2000,OCTOBER,10,5.608,0.119910394,,,,,,
12,10/16/2000,2000,OCTOBER,10,2.315,-0.891887077,,,,,,
13,10/16/2000,2000,OCTOBER,10,4.072,-0.351983748,-0.374653477,-13.63387623,3.998426879,,,
11,11/16/2000,2000,NOVEMBER,11,0.963,-1.307182097,,,,,,
12,11/16/2000,2000,NOVEMBER,11,1.196,-1.235389241,,,,,,
13,11/16/2000,2000,NOVEMBER,11,1.279,-1.209945211,-1.25083885,-14.88471508,1.146141167,,,
11,12/13/2000,2000,DECEMBER,12,3.302,-0.588545702,,,,,,
12,12/13/2000,2000,DECEMBER,12,3.391,-0.561250499,,,,,,
13,12/13/2000,2000,DECEMBER,12,5.037,-0.055715671,-0.401837291,-15.28655237,3.909934186,3.9583561,,
11,1/11/2001,2001,JANUARY,1,3.125,-0.642812881,,,,,,
12,1/11/2001,2001,JANUARY,1,3.231,-0.610452463,,,,,,
13,1/11/2001,2001,JANUARY,1,3.021,-0.674934876,-0.642733407,-15.92928577,3.125734208,,,
11,2/7/2001,2001,FEBRUARY,2,3.881,-0.410818654,,,,,,
12,2/7/2001,2001,FEBRUARY,2,3.760,-0.447816415,,,,,,
13,2/7/2001,2001,FEBRUARY,2,1.863,-1.030776774,-0.629803947,-16.55908972,3.167824059,,,
11,3/12/2001,2001,MARCH,3,3.224,-0.61265599,,,,,,
12,3/12/2001,2001,MARCH,3,3.117,-0.645373804,,,,,,
13,3/12/2001,2001,MARCH,3,3.388,-0.562215775,-0.606748523,-17.16583824,3.24287742,,,
11,4/17/2001,2001,APRIL,4,0.773,-1.365603997,,,,,,
12,4/17/2001,2001,APRIL,4,0.808,-1.354832632,,,,,,
13,4/17/2001,2001,APRIL,4,1.545,-1.128451456,-1.282962695,-18.44880094,1.041566966,,,
11,5/14/2001,2001,MAY,5,0.564,-1.429808112,,,,,,
12,5/14/2001,2001,MAY,5,1.084,-1.269910786,,,,,,
13,5/14/2001,2001,MAY,5,1.508,-1.139554565,-1.279757821,-19.72855876,1.051999937,,,
11,6/12/2001,2001,JUNE,6,1.776,-1.057407275,,,,,,
12,6/12/2001,2001,JUNE,6,1.914,-1.014842023,,,,,,
13,6/12/2001,2001,JUNE,6,2.555,-0.818114473,-0.96345459,-20.69201335,2.081676091,,,
11,7/18/2001,2001,JULY,7,6.588,0.420973649,,,,,,
12,7/18/2001,2001,JULY,7,5.785,0.174121453,,,,,,
13,7/18/2001,2001,JULY,7,7.344,0.65315806,0.416084388,-20.27592896,6.572551469,,,
11,8/14/2001,2001,AUGUST,8,2.730,-0.764302446,,,,,,
12,8/14/2001,2001,AUGUST,8,4.796,-0.129652804,,,,,,
13,8/14/2001,2001,AUGUST,8,8.056,0.871742376,-0.007404291,-20.28333325,5.193949696,,,
11,9/11/2001,2001,SEPTEMBER,9,3.782,-0.441274747,,,,,,
12,9/11/2001,2001,SEPTEMBER,9,6.746,0.469241253,,,,,,
13,9/11/2001,2001,SEPTEMBER,9,7.186,0.604424617,0.210797041,-20.07253621,5.904270322,,,
11,10/18/2001,2001,OCTOBER,10,4.159,-0.325404278,,,,,,
12,10/18/2001,2001,OCTOBER,10,1.556,-1.124806458,,,,,,
13,10/18/2001,2001,OCTOBER,10,1.983,-0.993619327,-0.814610021,-20.88714623,2.566216523,,,
11,11/7/2001,2001,NOVEMBER,11,3.418,-0.552875976,,,,,,
12,11/7/2001,2001,NOVEMBER,11,1.180,-1.240431622,,,,,,
13,11/7/2001,2001,NOVEMBER,11,2.441,-0.852997632,-0.882101743,-21.76924798,2.34650768,,,
11,12/5/2001,2001,DECEMBER,12,4.808,-0.126003429,,,,,,
12,12/5/2001,2001,DECEMBER,12,1.572,-1.119952903,,,,,,
13,12/5/2001,2001,DECEMBER,12,4.685,-0.163877584,-0.469944639,-22.23919262,3.688221267,3.331949636,,
11,1/16/2002,2002,JANUARY,1,4.959,-0.079541208,,,,,,
12,1/16/2002,2002,JANUARY,1,3.801,-0.435181141,,,,,,
13,1/16/2002,2002,JANUARY,1,3.701,-0.465935744,-0.326886031,-22.56607865,4.153926397,,,
11,2/14/2002,2002,FEBRUARY,2,4.263,-0.293275858,,,,,,
12,2/14/2002,2002,FEBRUARY,2,1.995,-0.990225015,,,,,,
13,2/14/2002,2002,FEBRUARY,2,2.216,-0.922087354,-0.735196076,-23.30127472,2.824736317,,,
11,3/21/2002,2002,MARCH,3,2.365,-0.876306374,,,,,,
12,3/21/2002,2002,MARCH,3,3.050,-0.666107568,,,,,,
13,3/21/2002,2002,MARCH,3,2.249,-0.912067771,-0.818160571,-24.11943529,2.554658258,,,
11,4/17/2002,2002,APRIL,4,1.847,-1.035596013,,,,,,
12,4/17/2002,2002,APRIL,4,2.539,-0.822996141,,,,,,
13,4/17/2002,2002,APRIL,4,2.139,-0.945774109,-0.934788755,-25.05422405,2.174993278,,,
11,5/16/2002,2002,MAY,5,3.185,-0.624635914,,,,,,
12,5/16/2002,2002,MAY,5,3.156,-0.633441922,,,,,,
13,5/16/2002,2002,MAY,5,4.008,-0.371771131,-0.543282989,-25.59750704,3.449479631,,,
11,6/13/2002,2002,JUNE,6,5.614,0.121524292,,,,,,
12,6/13/2002,2002,JUNE,6,5.732,0.157842727,,,,,,
13,6/13/2002,2002,JUNE,6,7.993,0.852543534,0.377303518,-25.22020352,6.446306356,,,
11,7/16/2002,2002,JULY,7,7.835,0.80397302,,,,,,
12,7/16/2002,2002,JULY,7,6.769,0.476448487,,,,,,
13,7/16/2002,2002,JULY,7,7.137,0.58933191,0.623251139,-24.59695238,7.246950727,,,
11,8/13/2002,2002,AUGUST,8,9.049,1.176933312,,,,,,
12,8/13/2002,2002,AUGUST,8,6.400,0.363042687,,,,,,
13,8/13/2002,2002,AUGUST,8,8.023,0.861714585,0.800563528,-23.79638885,7.824163735,,,
11,9/19/2002,2002,SEPTEMBER,9,5.330,0.034492813,,,,,,
12,9/19/2002,2002,SEPTEMBER,9,5.591,0.11444263,,,,,,
13,9/19/2002,2002,SEPTEMBER,9,5.238,0.006137098,0.051690847,-23.74469801,5.386324761,,,
11,10/17/2002,2002,OCTOBER,10,2.617,-0.799120326,,,,,,
12,10/17/2002,2002,OCTOBER,10,1.786,-1.054396779,,,,,,
13,10/17/2002,2002,OCTOBER,10,6.164,0.290672631,-0.520948158,-24.26564616,3.522187214,,,
11,11/14/2002,2002,NOVEMBER,11,1.276,-1.211013995,,,,,,
12,11/14/2002,2002,NOVEMBER,11,0.876,-1.333770602,,,,,,
13,11/14/2002,2002,NOVEMBER,11,2.767,-0.753069238,-1.099284612,-25.36493078,1.639502503,,,
11,12/18/2002,2002,DECEMBER,12,3.697,-0.467274854,,,,,,
12,12/18/2002,2002,DECEMBER,12,2.291,-0.899083163,,,,,,
13,12/18/2002,2002,DECEMBER,12,1.841,-1.037247164,-0.801201727,-26.1661325,2.609865147,4.15275786,,
11,1/15/2003,2003,JANUARY,1,5.320,0.031383418,,,,,,
12,1/15/2003,2003,JANUARY,1,4.636,-0.178926635,,,,,,
13,1/15/2003,2003,JANUARY,1,3.378,-0.565390692,-0.237644636,-26.40377714,4.44443793,,,
11,2/11/2003,2003,FEBRUARY,2,3.337,-0.577894743,,,,,,
12,2/11/2003,2003,FEBRUARY,2,4.008,-0.371820313,,,,,,
13,2/11/2003,2003,FEBRUARY,2,4.191,-0.315345067,-0.421686707,-26.82546385,3.845317485,,,
11,3/11/2003,2003,MARCH,3,5.020,-0.060705726,,,,,,
12,3/11/2003,2003,MARCH,3,4.905,-0.096304403,,,,,,
13,3/11/2003,2003,MARCH,3,6.969,0.537717023,0.126902298,-26.69856155,5.631163986,,,
11,4/16/2003,2003,APRIL,4,11.254,1.854236434,,,,,,
12,4/16/2003,2003,APRIL,4,10.080,1.49350255,,,,,,
13,4/16/2003,2003,APRIL,4,8.438,0.98915104,1.445630008,-25.25293154,9.924077703,,,
11,5/15/2003,2003,MAY,5,5.484,0.081790975,,,,,,
12,5/15/2003,2003,MAY,5,2.948,-0.697324994,,,,,,
13,5/15/2003,2003,MAY,5,3.266,-0.599613106,-0.405049042,-25.65798058,3.899478828,,,
11,6/18/2003,2003,JUNE,6,3.243,-0.606825514,,,,,,
12,6/18/2003,2003,JUNE,6,3.529,-0.518955708,,,,,,
13,6/18/2003,2003,JUNE,6,2.832,-0.732892105,-0.619557776,-26.27753836,3.201178883,,,
11,7/16/2003,2003,JULY,7,6.505,0.395376669,,,,,,
12,7/16/2003,2003,JULY,7,6.054,0.256661987,,,,,,
13,7/16/2003,2003,JULY,7,6.583,0.41940328,0.357147312,-25.92039105,6.380690952,,,
11,8/13/2003,2003,AUGUST,8,4.541,-0.208048411,,,,,,
12,8/13/2003,2003,AUGUST,8,3.719,-0.460502829,,,,,,
13,8/13/2003,2003,AUGUST,8,10.711,1.687385949,0.33961157,-25.58077948,6.323606061,,,
11,9/22/2003,2003,SEPTEMBER,9,4.254,-0.296256709,,,,,,
12,9/22/2003,2003,SEPTEMBER,9,3.102,-0.649907012,,,,,,
13,9/22/2003,2003,SEPTEMBER,9,13.143,2.434320332,0.496052204,-25.08472727,6.832874303,,,
11,10/16/2003,2003,OCTOBER,10,3.807,-0.433518782,,,,,,
12,10/16/2003,2003,OCTOBER,10,3.687,-0.470319796,,,,,,
13,10/16/2003,2003,OCTOBER,10,3.174,-0.627845341,-0.510561306,-25.59528858,3.556,,,
11,11/17/2003,2003,NOVEMBER,11,4.841,-0.115733728,,,,,,
12,11/17/2003,2003,NOVEMBER,11,3.220,-0.613745453,,,,,,
13,11/17/2003,2003,NOVEMBER,11,5.569,0.107806323,-0.207224286,-25.80251286,4.543466667,,,
11,12/16/2003,2003,DECEMBER,12,3.920,-0.398745202,,,,,,
12,12/16/2003,2003,DECEMBER,12,4.341,-0.269480871,,,,,,
13,12/16/2003,2003,DECEMBER,12,4.511,-0.21713619,-0.295120754,-26.09763362,4.257333333,5.236635511,,
11,1/12/2004,2004,JANUARY,1,11.246,1.851830358,,,,,,
12,1/12/2004,2004,JANUARY,1,8.622,1.045709973,,,,,,
13,1/12/2004,2004,JANUARY,1,8.893,1.128834802,1.342125044,-24.75550857,9.587133333,,,
11,2/9/2004,2004,FEBRUARY,2,10.513,1.626600777,,,,,,
12,2/9/2004,2004,FEBRUARY,2,7.744,0.775999701,,,,,,
13,2/9/2004,2004,FEBRUARY,2,7.950,0.839126649,1.080575709,-23.67493287,8.7357,,,
11,3/15/2004,2004,MARCH,3,7.363,0.658930697,,,,,,
12,3/15/2004,2004,MARCH,3,7.060,0.565914444,,,,,,
13,3/15/2004,2004,MARCH,3,5.525,0.094290091,0.439711744,-23.23522112,6.649466667,,,
11,4/16/2004,2004,APRIL,4,2.261,-0.908368599,,,,,,
12,4/16/2004,2004,APRIL,4,1.802,-1.049398196,,,,,,
13,4/16/2004,2004,APRIL,4,3.460,-0.540174143,-0.832646979,-24.0678681,2.5075,,,
11,5/10/2004,2004,MAY,5,4.937,-0.086274486,,,,,,
12,5/10/2004,2004,MAY,5,2.965,-0.692016725,,,,,,
13,5/10/2004,2004,MAY,5,2.929,-0.703259773,-0.493850328,-24.56171843,3.6104,,,
11,6/22/2004,2004,JUNE,6,7.877,0.816794147,,,,,,
12,6/22/2004,2004,JUNE,6,7.377,0.663077723,,,,,,
13,6/22/2004,2004,JUNE,6,10.226,1.538376642,1.006082838,-23.55563559,8.4932,,,
11,7/15/2004,2004,JULY,7,14.690,2.909629132,,,,,,
12,7/15/2004,2004,JULY,7,8.727,1.077780306,,,,,,
13,7/15/2004,2004,JULY,7,10.593,1.651175745,1.879528394,-21.6761072,11.33656667,,,
11,8/19/2004,2004,AUGUST,8,11.211,1.840986653,,,,,,
12,8/19/2004,2004,AUGUST,8,9.389,1.281107447,,,,,,
13,8/19/2004,2004,AUGUST,8,13.036,2.401480233,1.841191445,-19.83491575,11.21176667,,,
11,9/16/2004,2004,SEPTEMBER,9,4.352,-0.266009657,,,,,,
12,9/16/2004,2004,SEPTEMBER,9,5.063,-0.04759963,,,,,,
13,9/16/2004,2004,SEPTEMBER,9,2.525,-0.827332642,-0.380313976,-20.21522973,3.98,,,
11,10/14/2004,2004,OCTOBER,10,7.829,0.802181257,,,,,,
12,10/14/2004,2004,OCTOBER,10,4.153,-0.327275052,,,,,,
13,10/14/2004,2004,OCTOBER,10,5.645,0.131207837,0.202038014,-20.01319172,5.875756667,,,
11,11/18/2004,2004,NOVEMBER,11,5.316,0.03012485,,,,,,
12,11/18/2004,2004,NOVEMBER,11,3.905,-0.403217847,,,,,,
13,11/18/2004,2004,NOVEMBER,11,4.265,-0.292857809,-0.221983602,-20.23517532,4.49542,,,
11,12/16/2004,2004,DECEMBER,12,10.831,1.724178759,,,,,,
12,12/16/2004,2004,DECEMBER,12,6.611,0.42804273,,,,,,
13,12/16/2004,2004,DECEMBER,12,7.457,0.687649619,0.946623703,-19.28855161,8.29964,7.0652125,,
11,1/12/2005,2005,JANUARY,1,8.183,0.9106951,,,,,,
12,1/12/2005,2005,JANUARY,1,6.323,0.339271802,,,,,,
13,1/12/2005,2005,JANUARY,1,4.994,-0.068700312,0.39375553,-18.89479608,6.499863333,,,
11,2/15/2005,2005,FEBRUARY,2,8.440,0.989801921,,,,,,
12,2/15/2005,2005,FEBRUARY,2,8.541,1.020668081,,,,,,
13,2/15/2005,2005,FEBRUARY,2,3.436,-0.547442189,0.487675938,-18.40712015,6.805606667,,,
11,3/16/2005,2005,MARCH,3,2.918,-0.706562035,,,,,,
12,3/16/2005,2005,MARCH,3,2.105,-0.956434164,,,,,,
13,3/16/2005,2005,MARCH,3,0.867,-1.33654748,-0.999847893,-19.40696804,1.963203333,,,
11,4/28/2005,2005,APRIL,4,5.620,0.123525087,,,,,,
12,4/28/2005,2005,APRIL,4,3.675,-0.473981467,,,,,,
13,4/28/2005,2005,APRIL,4,4.292,-0.28437023,-0.21160887,-19.61857691,4.529193333,,,
11,5/16/2005,2005,MAY,5,3.289,-0.592500393,,,,,,
12,5/16/2005,2005,MAY,5,1.829,-1.041137935,,,,,,
13,5/16/2005,2005,MAY,5,1.705,-1.079213776,-0.904284035,-20.52286094,2.274296667,,,
11,6/22/2005,2005,JUNE,6,6.025,0.247871353,,,,,,
12,6/22/2005,2005,JUNE,6,6.755,0.472194732,,,,,,
13,6/22/2005,2005,JUNE,6,6.413,0.367099882,0.362388655,-20.16047229,6.397753333,,,
11,7/13/2005,2005,JULY,7,11.096,1.805552621,,,,,,
12,7/13/2005,2005,JULY,7,16.865,3.577828653,,,,,,
13,7/13/2005,2005,JULY,7,17.256,3.697868156,3.027083143,-17.13338915,15.07225333,,,
11,8/23/2005,2005,AUGUST,8,10.531,1.632148576,,,,,,
12,8/23/2005,2005,AUGUST,8,9.800,1.407610166,,,,,,
13,8/23/2005,2005,AUGUST,8,11.509,1.932460827,1.657406523,-15.47598262,10.61348333,,,
11,9/14/2005,2005,SEPTEMBER,9,9.417,1.289849992,,,,,,
12,9/14/2005,2005,SEPTEMBER,9,7.867,0.81386051,,,,,,
13,9/14/2005,2005,SEPTEMBER,9,13.388,2.50965617,1.537788891,-13.93819373,10.22408667,,,
11,10/18/2005,2005,OCTOBER,10,5.6131,0.121353274,,,,,,
12,10/18/2005,2005,OCTOBER,10,5.6215,0.123933646,,,,,,
13,10/18/2005,2005,OCTOBER,10,6.0598,0.258573751,0.167953557,-13.77024017,5.7648,,,
11,11/14/2005,2005,NOVEMBER,11,4.7025,-0.158371298,,,,,,
12,11/14/2005,2005,NOVEMBER,11,4.1001,-0.343420806,,,,,,
13,11/14/2005,2005,NOVEMBER,11,3.3422,-0.576237908,-0.359343337,-14.12958351,4.048266667,,,
11,12/20/2005,2005,DECEMBER,12,4.9904,-0.069932132,,,,,,
12,12/20/2005,2005,DECEMBER,12,4.7717,-0.13711395,,,,,,
13,12/20/2005,2005,DECEMBER,12,5.3963,0.054755111,-0.050763657,-14.18034717,5.0528,6.603800556,,
11,1/20/2006,2006,JANUARY,1,3.8893,-0.408175846,,,,,,
12,1/23/2006,2006,JANUARY,1,4.3521,-0.266009657,,,,,,
13,1/23/2006,2006,JANUARY,1,4.3927,-0.253537861,-0.309241121,-14.48958829,4.211366667,,,
11,2/15/2006,2006,February,2,3.9405,-0.392447867,,,,,,
12,2/15/2006,2006,February,2,3.2297,-0.610796457,,,,,,
13,2/15/2006,2006,February,2,3.5844,-0.501837193,-0.501693839,-14.99128213,3.584866667,,,
11,3/16/2006,2006,March,3,4.5332,-0.210378073,,,,,,
12,3/16/2006,2006,March,3,4.0243,-0.366705588,,,,,,
13,3/16/2006,2006,March,3,4.0722,-0.351991326,-0.309691662,-15.30097379,4.2099,,,
11,4/19/2006,2006,April,4,4.0330,-0.36403306,,,,,,
12,4/19/2006,2006,April,4,3.0864,-0.654816368,,,,,,
13,4/19/2006,2006,April,4,2.5145,-0.83049667,-0.616448699,-15.91742249,3.2113,,,
11,5/16/2006,2006,May,5,5.1134,-0.032148119,,,,,,
12,5/16/2006,2006,May,5,4.5170,-0.215354504,,,,,,
13,5/16/2006,2006,May,5,5.2694,0.015773069,-0.077243185,-15.99466568,4.9666,,,
11,6/16/2006,2006,June,6,10.5736,1.645154878,,,,,,
12,6/16/2006,2006,June,6,9.7650,1.39676339,,,,,,
13,6/16/2006,2006,June,6,8.5839,1.033944707,1.358620992,-14.63604468,9.640833333,,,
11,7/17/2006,2006,July,7,12.3408,2.188015919,,,,,,
12,7/17/2006,2006,July,7,9.6376,1.357627753,,,,,,
13,7/17/2006,2006,July,7,6.1684,0.29193427,1.279192647,-13.35685204,9.382266667,,,
11,8/23/2006,2006,August,8,9.0381,1.173469088,,,,,,
12,8/23/2006,2006,August,8,10.0083,1.471502011,,,,,,
13,8/23/2006,2006,August,8,10.6065,1.655261333,1.433410811,-11.92344123,9.8843,,,
11,9/15/2006,2006,Septemeber,9,3.3115,-0.585668552,,,,,,
12,9/15/2006,2006,Septemeber,9,2.6203,-0.797996275,,,,,,
13,9/15/2006,2006,Septemeber,9,5.3053,0.026801086,-0.452287914,-12.37572914,3.7457,,,
11,10/16/2006,2006,October,10,6.237,0.313007305,,,,,,
12,10/16/2006,2006,October,10,2.208,-0.924649515,,,,,,
13,10/16/2006,2006,October,10,5.674,0.140060969,-0.157193747,-12.53292289,4.706333333,,,
11,11/20/2006,2006,November,11,4.780,-0.134564297,,,,,,
12,11/20/2006,2006,November,11,3.375,-0.566162171,,,,,,
13,11/20/2006,2006,November,11,3.223,-0.61285461,-0.43786036,-12.97078325,3.792666667,,,
11,12/11/2006,2006,December,12,2.618,-0.798702805,,,,,,
12,12/11/2006,2006,December,12,3.334,-0.578756842,,,,,,
13,12/11/2006,2006,December,12,5.502,0.087224788,-0.430078286,-13.40086153,3.818,5.429511111,,
11,1/18/2007,2007,January,1,2.627,-0.795938121,,,,,,
12,1/18/2007,2007,January,1,3.493,-0.529914094,,,,,,
13,1/18/2007,2007,January,1,4.421,-0.244844466,-0.52356556,-13.92442709,3.513666667,,,
11,2/22/2007,2007,February,2,4.931,-0.088179046,,,,,,
12,2/22/2007,2007,February,2,3.262,-0.600874313,,,,,,
13,2/22/2007,2007,February,2,1.911,-1.015884084,-0.568312481,-14.49273957,3.368,,,
11,3/12/2007,2007,March,3,3.690,-0.469398235,,,,,,
12,3/12/2007,2007,March,3,2.731,-0.763990663,,,,,,
13,3/12/2007,2007,March,3,2.993,-0.683507643,-0.638965514,-15.13170509,3.138,,,
11,4/19/2007,2007,April,4,4.233,-0.30259564,,,,,,
12,4/19/2007,2007,April,4,3.062,-0.662311733,,,,,,
13,4/19/2007,2007,April,4,2.748,-0.758768482,-0.574558619,-15.70626371,3.347666667,,,
11,5/14/2007,2007,May,5,10.527,1.630839959,,,,,,
12,5/14/2007,2007,May,5,12.195,2.14322804,,,,,,
13,5/14/2007,2007,May,5,3.374,-0.566469358,1.069199547,-14.63706416,8.698666667,,,
11,6/15/2007,2007,June,6,2.745,-0.759690043,,,,,,
12,6/15/2007,2007,June,6,3.775,-0.443287332,,,,,,
13,6/15/2007,2007,June,6,8.793,1.09817753,-0.034933282,-14.67199744,5.104333333,,,
11,7/16/2007,2007,July,7,8.226,0.924002445,,,,,,
12,7/16/2007,2007,July,7,8.648,1.0536354,,,,,,
13,7/16/2007,2007,July,7,10.461,1.61056561,1.196067818,-13.47592962,9.111666667,,,
12,8/14/2007,2007,August,8,14.623,2.889078315,,,,,,
13,8/14/2007,2007,August,8,17.205,3.682235404,,,,,,
11,8/16/2007,2007,August,8,13.513,2.548100636,3.039804785,-10.43612484,15.11366667,,,
11,9/10/2007,2007,September,9,9.256,1.240405156,,,,,,
12,9/10/2007,2007,September,9,8.805,1.101863775,,,,,,
13,9/10/2007,2007,September,9,9.291,1.251156705,1.197808545,-9.238316292,9.117333333,,,
11,10/15/2007,2007,October,10,6.575,0.416836545,,,,,,
12,10/15/2007,2007,October,10,3.244,-0.606403681,,,,,,
13,10/15/2007,2007,October,10,4.617,-0.184635795,-0.12473431,-9.363050602,4.812,,,
11,11/14/2007,2007,November,11,2.919,-0.706239488,,,,,,
12,11/14/2007,2007,November,11,1.588,-1.115105517,,,,,,
13,11/14/2007,2007,November,11,2.207,-0.924956702,-0.915433902,-10.2784845,2.238,,,
11,12/18/2007,2007,December,12,6.556,0.41099999,,,,,,
12,12/18/2007,2007,December,12,5.607,0.119479433,,,,,,
13,12/18/2007,2007,December,12,5.415,0.06049951,0.196992978,-10.08149153,5.859333333,6.118527778,,
11,1/16/2008,2008,January,1,3.371,-0.56739092,,,,,,
12,1/16/2008,2008,January,1,1.797,-1.050903413,,,,,,
13,1/16/2008,2008,January,1,2.057,-0.971034767,-0.8631097,-10.94460123,2.408333333,,,
11,2/15/2008,2008,February,2,2.914,-0.707775424,,,,,,
12,2/15/2008,2008,February,2,1.894,-1.021106264,,,,,,
13,2/15/2008,2008,February,2,2.540,-0.822663399,-0.850515029,-11.79511626,2.449333333,,,
11,3/10/2008,2008,March,3,1.501,-1.141830794,,,,,,
12,3/10/2008,2008,March,3,2.431,-0.856146792,,,,,,
13,3/10/2008,2008,March,3,3.151,-0.634972081,-0.877649889,-12.67276614,2.361,,,
11,4/14/2008,2008,April,4,1.153,-1.248731905,,,,,,
12,4/14/2008,2008,April,4,1.347,-1.189137607,,,,,,
13,4/14/2008,2008,April,4,2.635,-0.793480624,-1.077116712,-13.74988286,1.711666667,,,
11,5/15/2008,2008,May,5,1.796,-1.0512106,,,,,,
12,5/15/2008,2008,May,5,2.333,-0.886251128,,,,,,
13,5/15/2008,2008,May,5,2.107,-0.955675412,-0.964379047,-14.7142619,2.078666667,,,
11,6/18/2008,2008,June,6,2.118,-0.952296354,,,,,,
12,6/18/2008,2008,June,6,2.484,-0.839865876,,,,,,
13,6/18/2008,2008,June,6,8.838,1.112000949,-0.226720427,-14.94098233,4.48,,,
11,7/16/2008,2008,July,7,1.85,-1.034622497,,,,,,
12,7/16/2008,2008,July,7,3.04,-0.669069849,,,,,,
13,7/16/2008,2008,July,7,9.894,1.436390525,-0.089100607,-15.03008294,4.928,,,
11,8/12/2008,2008,August,8,5.279,0.018722065,,,,,,
12,8/12/2008,2008,August,8,5.004,-0.065754387,,,,,,
13,8/12/2008,2008,August,8,20.182,4.596731397,1.516566358,-13.51351658,10.155,,,
11,9/18/2008,2008,September,9,9.520,1.32150255,,,,,,
12,9/18/2008,2008,September,9,19.345,4.339615795,,,,,,
13,9/18/2008,2008,September,9,22.426,5.286059247,3.649059197,-9.864457382,17.097,,,
11,10/14/2008,2008,October,10,8.777,1.093262536,,,,,,
12,10/14/2008,2008,October,10,5.412,0.059577949,,,,,,
13,10/14/2008,2008,October,10,5.589,0.113950065,0.422263517,-9.442193865,6.592666667,,,
11,11/17/2008,2008,November,11,2.835,-0.732043204,,,,,,
12,11/17/2008,2008,November,11,1.167,-1.244431285,,,,,,
13,11/17/2008,2008,November,11,2.299,-0.896695489,-0.957723326,-10.39991719,2.100333333,,,
11,12/15/2008,2008,December,12,5.185,-0.010153522,,,,,,
12,12/15/2008,2008,December,12,4.309,-0.279249421,,,,,,
13,12/15/2008,2008,December,12,4.513,-0.216583253,-0.168662065,-10.56857926,4.669,5.085916667,,
11,1/12/2009,2009,January,1,4.407,-0.249145085,,,,,,
12,1/13/2009,2009,January,1,4.083,-0.348673705,,,,,,
13,1/13/2009,2009,January,1,3.765,-0.446359203,-0.348059331,-10.91663859,4.085,,,
11,2/10/2009,2009,February,2,4.828,-0.119819317,,,,,,
12,2/11/2009,2009,February,2,3.970,-0.383385847,,,,,,
13,2/11/2009,2009,February,2,2.053,-0.972263516,-0.491822893,-11.40846148,3.617,,,
11,3/18/2009,2009,March,3,5.677,0.14098253,,,,,,
12,3/16/2009,2009,March,3,5.387,0.051898271,,,,,,
13,3/16/2009,2009,March,3,5.391,0.05312702,0.082002607,-11.32645887,5.485,,,
11,4/17/2009,2009,April,4,1.388,-1.176542936,,,,,,
12,4/13/2009,2009,April,4,0.766,-1.367613312,,,,,,
13,4/13/2009,2009,April,4,0.743,-1.374678615,-1.306278288,-12.63273716,0.965666667,,,
11,5/12/2009,2009,May,5,1.453,-1.156575775,,,,,,
12,5/13/2009,2009,May,5,0.981,-1.301568085,,,,,,
13,5/13/2009,2009,May,5,1.733,-1.070563387,-1.176235749,-13.80897291,1.389,,,
11,6/16/2009,2009,June,6,2.092,-0.960283219,,,,,,
12,6/19/2009,2009,June,6,2.607,-0.802081863,,,,,,
13,6/19/2009,2009,June,6,5.784,0.17385155,-0.529504511,-14.33847742,3.494333333,,,
11,7/13/2009,2009,July,7,6.292,0.329902596,,,,,,
12,7/13/2009,2009,July,7,6.100,0.270922673,,,,,,
13,7/13/2009,2009,July,7,8.936,1.142105285,0.580976851,-13.75750057,7.109333333,,,
11,8/18/2009,2009,August,8,8.410,0.980524871,,,,,,
12,8/17/2009,2009,August,8,6.885,0.512064545,,,,,,
13,8/17/2009,2009,August,8,14.277,2.782791579,1.425126998,-12.33237357,9.857333333,,,
11,9/14/2009,2009,September,9,4.640,-0.177570491,,,,,,
12,9/15/2009,2009,September,9,4.350,-0.26665475,,,,,,
13,9/15/2009,2009,September,9,20.911,4.820670792,1.458815184,-10.87355839,9.967,,,
11,10/13/2009,2009,October,10,5.325,0.032852671,,,,,,
12,10/14/2009,2009,October,10,4.283,-0.287236286,,,,,,
13,10/14/2009,2009,October,10,5.326,0.033159858,-0.073741252,-10.94729964,4.978,,,
11,11/16/2009,2009,November,11,3.314,-0.584900584,,,,,,
12,11/16/2009,2009,November,11,3.054,-0.66476923,,,,,,
13,11/16/2009,2009,November,11,2.409,-0.862904909,-0.704191574,-11.65149121,2.925666667,,,
11,12/14/2009,2009,December,12,3.170,-0.629135526,,,,,,
12,12/14/2009,2009,December,12,3.009,-0.678592649,,,,,,
13,12/14/2009,2009,December,12,3.752,-0.450352635,-0.586026937,-12.23751815,3.310333333,4.765305556,,
11,1/19/2010,2010,January,1,6.298,0.331745718,,,,,,
12,1/19/2010,2010,January,1,5.344,0.038689226,,,,,,
13,1/19/2010,2010,January,1,4.014,-0.369869615,0.000188443,-12.23732971,5.218666667,,,
11,2/17/2010,2010,February,2,8.090,0.882224999,,,,,,
12,2/17/2010,2010,February,2,5.618,0.122858491,,,,,,
13,2/17/2010,2010,February,2,11.273,1.860001535,0.955028342,-11.28230137,8.327,,,
11,3/17/2010,2010,March,3,9.875,1.430553971,,,,,,
12,3/18/2010,2010,March,3,7.360,0.657978417,,,,,,
13,3/18/2010,2010,March,3,7.241,0.621423152,0.903318513,-10.37898285,8.158666667,,,
11,4/12/2010,2010,April,4,7.196,0.607599733,,,,,,
12,4/13/2010,2010,April,4,2.206,-0.92526389,,,,,,
13,4/13/2010,2010,April,4,3.167,-0.630057088,-0.315907081,-10.69488993,4.189666667,,,
11,5/17/2010,2010,May,5,2.110,-0.954753851,,,,,,
12,5/19/2010,2010,May,5,1.224,-1.22692162,,,,,,
13,5/19/2010,2010,May,5,2.804,-0.741566005,-0.974413825,-11.66930376,2.046,,,
11,6/15/2010,2010,June,6,7.009,0.550155746,,,,,,
12,6/16/2010,2010,June,6,7.449,0.685318069,,,,,,
13,6/16/2010,2010,June,6,9.287,1.249927956,0.828467257,-10.8408365,7.915,,,
11,7/15/2010,2010,July,7,9.111,1.195863027,,,,,,
12,7/15/2010,2010,July,7,9.879,1.431782719,,,,,,
13,7/15/2010,2010,July,7,11.994,2.081483433,1.569709726,-9.271126776,10.328,,,
11,8/17/2010,2010,August,8,8.529,1.017080136,,,,,,
12,8/19/2010,2010,August,8,4.714,-0.154838646,,,,,,
13,8/19/2010,2010,August,8,14.830,2.952666045,1.271635845,-7.999490931,9.357666667,,,
11,9/15/2010,2010,September,9,7.556,0.718187089,,,,,,
12,9/13/2010,2010,September,9,7.072,0.569508533,,,,,,
13,9/13/2010,2010,September,9,6.401,0.36338599,0.550360537,-7.449130394,7.009666667,,,
11,10/13/2010,2010,October,10,4.139,-0.331471228,,,,,,
12,10/12/2010,2010,October,10,4.903,-0.096780284,,,,,,
13,10/12/2010,2010,October,10,4.696,-0.160368014,-0.196206509,-7.645336903,4.579333333,,,
11,11/16/2010,2010,November,11,1.873,-1.027557193,,,,,,
12,11/18/2010,2010,November,11,2.181,-0.932943567,,,,,,
13,11/18/2010,2010,November,11,2.247,-0.912669219,-0.957723326,-8.603060229,2.100333333,,,
11,12/8/2010,2010,December,12,3.871,-0.41379737,,,,,,
12,12/9/2010,2010,December,12,2.985,-0.68596514,,,,,,
13,12/9/2010,2010,December,12,3.015,-0.676749527,-0.592170679,-9.195230908,3.290333333,6.043361111,,
11,1/19/2011,2011,January,1,4.737,-0.147773343,,,,,,
12,1/20/2011,2011,January,1,4.465,-0.231328234,,,,,,
13,1/20/2011,2011,January,1,2.935,-0.701324495,-0.360142024,-9.555372932,4.045666667,,,
11,2/17/2011,2011,February,2,4.572,-0.198459214,,,,,,
12,2/24/2011,2011,February,2,4.812,-0.12473431,,,,,,
13,2/24/2011,2011,February,2,3.635,-0.486293525,-0.269829017,-9.825201948,4.339666667,,,
11,3/17/2011,2011,March,3,4.766,-0.138864917,,,,,,
12,3/15/2011,2011,March,3,3.752,-0.450352635,,,,,,
13,3/15/2011,2011,March,3,4.410,-0.248223524,-0.279147025,-10.10434897,4.309333333,,,
11,4/13/2011,2011,April,4,4.559,-0.202452646,,,,,,
12,4/14/2011,2011,April,4,3.853,-0.419326738,,,,,,
13,4/14/2011,2011,April,4,2.294,-0.898231425,-0.50667027,-10.61101924,3.568666667,,,
11,5/18/2011,2011,May,5,2.020,-0.98240069,,,,,,
12,5/19/2011,2011,May,5,1.592,-1.113876768,,,,,,
13,5/19/2011,2011,May,5,2.578,-0.810990289,-0.969089249,-11.58010849,2.063333333,,,
11,6/15/2011,2011,June,6,4.022,-0.367412118,,,,,,
12,6/15/2011,2011,June,6,4.200,-0.312732815,,,,,,
13,6/15/2011,2011,June,6,7.654,0.748291424,0.022715497,-11.557393,5.292,,,
11,7/11/2011,2011,July,7,7.407,0.672416211,,,,,,
12,7/12/2011,2011,July,7,8.068,0.875466883,,,,,,
13,7/12/2011,2011,July,7,8.901,1.131353736,0.893078943,-10.66431405,8.125333333,,,
11,8/16/2011,2011,August,8,14.527,2.859588354,,,,,,
12,8/17/2011,2011,August,8,11.543,1.942942051,,,,,,
13,8/17/2011,2011,August,8,10.285,1.556500681,2.119677029,-8.544637023,12.11833333,,,
11,9/13/2011,2011,September,9,6.118,0.276452041,,,,,,
12,9/12/2011,2011,September,9,5.444,0.069407936,,,,,,
13,9/12/2011,2011,September,9,7.492,0.698527114,0.34812903,-8.196507993,6.351333333,,,
11,10/11/2011,2011,October,10,4.230,-0.303517202,,,,,,
12,10/13/2011,2011,October,10,4.702,-0.158524891,,,,,,
13,10/13/2011,2011,October,10,2.564,-0.815290908,-0.425777667,-8.62228566,3.832,,,
11,11/15/2011,2011,November,11,5.247,0.008892078,,,,,,
12,11/18/2011,2011,November,11,3.901,-0.404581757,,,,,,
13,11/18/2011,2011,November,11,4.969,-0.076505936,-0.157398538,-8.779684198,4.705666667,,,
11,12/14/2011,2011,December,12,5.828,0.187367782,,,,,,
12,12/14/2011,2011,December,12,3.768,-0.445437641,,,,,,
13,12/14/2011,2011,December,12,2.890,-0.715147914,-0.324405924,-9.104090123,4.162,5.242777778,,
11,1/11/2012,2012,January,1,3.166,-0.630364275,,,,,,
12,1/11/2012,2012,January,1,1.868,-1.029093129,,,,,,
13,1/11/2012,2012,January,1,1.752,-1.064726832,-0.908061412,-10.01215153,2.262,,,
11,2/23/2012,2012,February,2,10.074,1.491684203,,,,,,
12,2/21/2012,2012,February,2,3.772,-0.444208893,,,,,,
13,2/21/2012,2012,February,2,2.944,-0.698559811,0.116305166,-9.895846368,5.596666667,,,
11,3/12/2012,2012,March,3,4.539,-0.208596388,,,,,,
12,3/14/2012,2012,March,3,4.182,-0.318262182,,,,,,
13,3/14/2012,2012,March,3,4.262,-0.293687215,-0.273515262,-10.16936163,4.327666667,,,
11,4/16/2012,2012,April,4,2.231,-0.917584212,,,,,,
12,4/17/2012,2012,April,4,3.352,-0.573227474,,,,,,
13,4/17/2012,2012,April,4,3.385,-0.5630903,-0.684633996,-10.85399563,2.989333333,,,
11,5/16/2012,2012,May,5,4.116,-0.338536531,,,,,,
12,5/22/2012,2012,May,5,3.065,-0.661390172,,,,,,
13,5/22/2012,2012,May,5,3.484,-0.532678777,-0.510868493,-11.36486412,3.555,,,
11,6/13/2012,2012,June,6,6.065,0.260171124,,,,,,
12,6/20/2012,2012,June,6,7.391,0.667501217,,,,,,
13,6/20/2012,2012,June,6,3.951,-0.389222402,0.179483313,-11.18538081,5.802333333,,,
11,7/17/2012,2012,July,7,11.896,2.051379097,,,,,,
12,7/16/2012,2012,July,7,14.033,2.707837927,,,,,,
13,7/16/2012,2012,July,7,17.782,3.85948236,2.872899795,-8.312481011,14.57033333,,,
11,8/14/2012,2012,August,8,7.746,0.776552637,,,,,,
12,8/16/2012,2012,August,8,9.829,1.416423364,,,,,,
13,8/16/2012,2012,August,8,11.077,1.799792863,1.330922955,-6.981558056,9.550666667,,,
11,9/12/2012,2012,September,9,17.580,3.797430566,,,,,,
12,9/11/2012,2012,September,9,11.578,1.9536936,,,,,,
13,9/11/2012,2012,September,9,11.763,2.010523213,2.587215793,-4.394342263,13.64033333,,,
11,10/17/2012,2012,October,10,4.938,-0.086028736,,,,,,
12,10/17/2012,2012,October,10,7.007,0.549541371,,,,,,
13,10/17/2012,2012,October,10,3.952,-0.388915215,0.024865807,-4.369476457,5.299,,,
11,11/12/2012,2012,November,11,3.091,-0.653403307,,,,,,
12,11/12/2012,2012,November,11,2.972,-0.689958572,,,,,,
13,11/12/2012,2012,November,11,3.557,-0.510254119,-0.617871999,-4.987348456,3.206666667,,,
11,12/11/2012,2012,December,12,4.949,-0.082649678,,,,,,
12,12/12/2012,2012,December,12,3.136,-0.639579888,,,,,,
13,12/12/2012,2012,December,12,3.497,-0.528685345,-0.416971637,-5.404320093,3.860666667,6.221722222,,
11,1/14/2013,2013,January,1,4.662,-0.170812375,,,,,,
12,1/23/2013,2013,January,1,2.779,-0.749245682,,,,,,
13,1/23/2013,2013,January,1,5.946,0.22361586,-0.232147399,-5.636467492,4.462333333,,,
11,2/13/2013,2013,February,2,7.484,0.696069617,,,,,,
12,2/14/2013,2013,February,2,4.582,-0.195387343,,,,,,
13,2/14/2013,2013,February,2,1.888,-1.022949387,-0.174089037,-5.81055653,4.651333333,,,
11,3/11/2013,2013,March,3,13.848,2.651008314,,,,,,
12,3/13/2013,2013,March,3,9.689,1.37341717,,,,,,
13,3/13/2013,2013,March,3,5.937,0.220851176,1.41509222,-4.39546431,9.824666667,,,
11,4/15/2013,2013,April,4,1.549,-1.127085813,,,,,,
12,4/16/2013,2013,April,4,2.619,-0.798395618,,,,,,
13,4/16/2013,2013,April,4,2.412,-0.861983347,-0.929154926,-5.324619236,2.193333333,,,
11,5/14/2013,2013,May,5,2.394,-0.867512715,,,,,,
12,5/13/2013,2013,May,5,2.320,-0.89024456,,,,,,
13,5/13/2013,2013,May,5,5.344,0.038689226,-0.573022683,-5.897641919,3.352666667,,,
11,6/11/2013,2013,June,6,5.205,-0.00400978,,,,,,
12,6/12/2013,2013,June,6,8.955,1.14794184,,,,,,
13,6/12/2013,2013,June,6,9.271,1.245012963,0.796315007,-5.101326912,7.810333333,,,
11,7/15/2013,2013,July,7,8.009,0.857342844,,,,,,
12,7/15/2013,2013,July,7,14.608,2.884470509,,,,,,
13,7/15/2013,2013,July,7,14.583,2.876790831,2.206201395,-2.895125517,12.4,,,
11,8/12/2013,2013,August,8,7.483,0.69576243,,,,,,
12,8/12/2013,2013,August,8,11.888,2.0489216,,,,,,
13,8/12/2013,2013,August,8,14.918,2.979698509,1.908127513,-0.986998003,11.42966667,,,
11,9/18/2013,2013,September,9,8.304,0.947963038,,,,,,
12,9/18/2013,2013,September,9,8.327,0.955028342,,,,,,
13,9/18/2013,2013,September,9,10.844,1.728218269,1.210403216,0.223405213,9.158333333,,,
11,10/22/2013,2013,October,10,4.217,-0.307510634,,,,,,
12,10/21/3013,2013,October,10,3.310,-0.586129333,,,,,,
13,10/21/3013,2013,October,10,2.388,-0.869355838,-0.587665268,-0.364260055,3.305,,,
11,11/21/2013,2013,November,11,7.863,0.812493528,,,,,,
12,11/21/2013,2013,November,11,2.558,-0.817134031,,,,,,
13,11/21/2013,2013,November,11,3.818,-0.430078286,-0.144906263,-0.509166318,4.746333333,,,
11,12/16/2013,2013,December,12,6.587,0.42052279,,,,,,
12,12/19/2013,2013,December,12,4.481,-0.22641324,,,,,,
13,12/19/2013,2013,December,12,4.640,-0.177570491,0.00551302,-0.503653299,5.236,6.5475,,
11,1/15/2014,2014,January,1,8.546,1.022302316,,,,,,
12,1/16/2014,2014,January,1,5.734,0.158492195,,,,,,
13,1/16/2014,2014,January,1,5.601,0.117636311,0.432810274,-0.070843025,6.627,,,
11,2/18/2014,2014,February,2,10.320,1.567252229,,,,,,
12,2/20/2014,2014,February,2,11.166,1.827132515,,,,,,
13,2/20/2014,2014,February,2,8.500,1.00817171,1.467518818,1.396675793,9.995333333,,,
11,3/21/2014,2014,March,3,6.422,0.369836919,,,,,,
12,3/20/2014,2014,March,3,3.379,-0.564933423,,,,,,
13,3/20/2014,2014,March,3,2.870,-0.721291656,-0.30546272,1.091213073,4.223666667,,,
11,4/18/2014,2014,April,4,3.498,-0.528378158,,,,,,
12,4/21/2014,2014,April,4,3.829,-0.426699228,,,,,,
13,4/21/2014,2014,April,4,2.515,-0.830343076,-0.595140154,0.496072919,3.280666667,,,
11,5/13/2014,2014,May,5,3.577,-0.504110377,,,,,,
12,5/12/2013,2014,May,5,3.381,-0.564319049,,,,,,
13,5/12/2013,2014,May,5,4.517,-0.215354504,-0.427927977,0.068144942,3.825,,,
11,6/18/2014,2014,June,6,6.201,0.30194857,,,,,,
12,6/17/2014,2014,June,6,8.029,0.863486586,,,,,,
13,6/17/2014,2014,June,6,4.383,-0.256517576,0.302972527,0.371117469,6.204333333,,,
11,7/14/2014,2014,July,7,9.379,1.27818917,,,,,,
12,7/17/2014,2014,July,7,11.090,1.803786295,,,,,,
13,7/17/2014,2014,July,7,8.776,1.092955349,1.391643605,1.762761074,9.748333333,,,
11,8/11/2014,2014,August,8,5.738,0.159720943,,,,,,
12,8/11/2014,2014,August,8,7.403,0.671187462,,,,,,
13,8/11/2014,2014,August,8,5.235,0.005205832,0.278704746,2.04146582,6.125333333,,,
11,9/16/2014,2014,September,9,4.769,-0.137943356,,,,,,
12,9/15/2014,2014,September,9,3.356,-0.571998726,,,,,,
13,9/15/2014,2014,September,9,6.662,0.443561822,-0.08879342,1.9526724,4.929,,,
11,10/17/2014,2014,October,10,2.281,-0.902224857,,,,,,
12,10/16/2014,2014,October,10,3.640,-0.48475759,,,,,,
13,10/16/2014,2014,October,10,6.168,0.291811396,-0.365057017,1.587615383,4.029666667,,,
11,11/10/2014,2014,November,11,6.045,0.254027382,,,,,,
12,11/12/2014,2014,November,11,4.632,-0.180027988,,,,,,
13,11/12/2014,2014,November,11,5.871,0.200576827,0.091525407,1.67914079,5.516,,,
11,12/15/2014,2014,December,12,,,,,,,,
12,12/19/2014,2014,December,12,,,,,,,,
13,12/19/2014,2014,December,12,,,,,,5.864030303,,
11,1/15/2015,2015,January,1,13.555,2.561002494,,,,,,
12,1/20/2015,2015,January,1,10.689,1.680604269,,,,,,
13,1/20/2015,2015,January,1,7.84,0.805428225,1.682344996,3.361485786,10.69466667,,,
11,2/15/2015,2015,February,2,,,,,,,,
12,2/15/2015,2015,February,2,,,,,,,,
13,2/15/2015,2015,February,2,,,,,,,,
11,3/16/2015,2015,March,3,6.041,0.252798634,,,,,,
12,3/17/2015,2015,March,3,8.991,1.159000575,,,,,,
13,3/17/2015,2015,March,3,5.225,0.002133961,0.471311057,3.832796843,6.752333333,,,
11,4/24/2015,2015,April,4,3.560,-0.509332558,,,,,,
12,4/27/2015,2015,April,4,2.726,-0.765526598,,,,,,
13,4/27/2015,2015,April,4,1.620,-1.105275529,-0.793378229,3.039418614,2.635333333,,,
11,5/12/2015,2015,May,5,7.978,0.847820044,,,,,,
12,5/14/2015,2015,May,5,6.307,0.334510402,,,,,,
13,5/14/2015,2015,May,5,7.580,0.725559579,0.635963342,3.675381956,7.288333333,,,
11,6/15/2015,2015,June,6,7.241,0.621423152,,,,,,
12,6/16/2015,2015,June,6,7.249,0.623880649,,,,,,
13,6/16/2015,2015,June,6,12.542,2.249821963,1.165041922,4.840423878,9.010666667,,,
11,7/15/2015,2015,July,7,11.587,1.956458284,,,,,,
12,7/15/2015,2015,July,7,9.764,1.396456203,,,,,,
13,7/15/2015,2015,July,7,12.468,2.227090117,1.860001535,6.700425412,11.273,,,
11,8/12/2015,2015,August,8,8.310,0.949806161,,,,,,
12,8/12/2015,2015,August,8,3.102,-0.650024249,,,,,,
13,8/12/2015,2015,August,8,7.084,0.573194778,0.29099223,6.991417642,6.165333333,,,
11,9/14/2015,2015,September,9,3.824,-0.428235164,,,,,,
12,9/15/2015,2015,September,9,4.850,-0.113061201,,,,,,
13,9/15/2015,2015,September,9,6.004,0.241432711,-0.099954551,6.891463091,4.892666667,,,
11,10/14/2015,2015,October,10,5.885,0.204877447,,,,,,
12,10/15/2015,2015,October,10,3.806,-0.433764532,,,,,,
13,10/15/2015,2015,October,10,5.209,-0.002781032,-0.077222706,6.814240386,4.966666667,,,
11,11/16/2015,2015,November,11,1.725,-1.073020884,,,,,,
12,11/16/2015,2015,November,11,1.406,-1.171013569,,,,,,
13,11/16/2015,2015,November,11,0.945,-1.312626821,-1.185553758,5.628686628,1.358666667,,,
11,12/14/2015,2015,December,12,3.400,-0.558482494,,,,,,
12,12/15/2015,2015,December,12,4.452,-0.235321666,,,,,,
13,12/15/2015,2015,December,12,5.818,0.184295911,-0.203169416,5.425517212,4.556666667,6.326757576,,
11,1/14/2016,2016,January,1,5.215,-0.00093791,,,,,,
12,1/15/2016,2016,January,1,8.075,0.877617193,,,,,,
13,1/15/2016,2016,January,1,6.215,0.306249189,0.394309491,5.819826702,6.501666667,,,
11,2/17/2016,2016,February,2,5.535,0.097361962,,,,,,
12,2/17/2016,2016,February,2,6.856,0.503156119,,,,,,
13,2/17/2016,2016,February,2,7.143,0.591318817,0.397278966,6.217105668,6.511333333,,,
11,3/15/2016,2016,March,3,5.614,0.121629743,,,,,,
12,3/16/2016,2016,March,3,4.273,-0.290308157,,,,,,
13,3/16/2016,2016,March,3,2.732,-0.763683476,-0.310787296,5.906318372,4.206333333,,,
11,4/14/2016,2016,April,4,4.489,-0.223955743,,,,,,
12,4/15/2016,2016,April,4,4.502,-0.219962311,,,,,,
13,4/15/2016,2016,April,4,3.602,-0.4964307,-0.313449585,5.592868787,4.197666667,,,
11,5/17/2016,2016,May,5,7.366,0.65982154,,,,,,
12,5/19/2016,2016,May,5,7.154,0.594697875,,,,,,
13,5/19/2016,2016,May,5,8.922,1.137804665,0.79744136,6.390310148,7.814,,,
11,6/21/2016,2016,June,6,5.786,0.174465924,,,,,,
12,6/22/2016,2016,June,6,7.003,0.548312623,,,,,,
13,6/22/2016,2016,June,6,7.808,0.795598237,0.506125595,6.896435742,6.865666667,,,
11,7/19/2016,2016,July,7,8.672,1.061007891,,,,,,
12,7/19/2016,2016,July,7,8.919,1.136883104,,,,,,
13,7/19/2016,2016,July,7,18.025,3.934128825,2.044006607,8.940442349,11.872,,,
11,8/15/2016,2016,August,8,7.416,0.675180895,,,,,,
12,8/15/2016,2016,August,8,7.963,0.843212238,,,,,,
13,8/15/2016,2016,August,8,14.641,2.894607683,1.471000272,10.41144262,10.00666667,,,
11,9/13/2016,2016,September,9,6.089,0.267543615,,,,,,
12,9/13/2016,2016,September,9,7.117,0.583331952,,,,,,
13,9/13/2016,2016,September,9,10.360,1.579539713,0.810138427,11.22158105,7.855333333,,,
11,10/12/2016,2016,October,10,2.234,-0.916662651,,,,,,
12,10/12/2016,2016,October,10,3.147,-0.63620083,,,,,,
13,10/12/2016,2016,October,10,5.171,-0.014454142,-0.522439207,10.69914184,3.517333333,,,
11,11/14/2016,2016,November,11,4.285,-0.286621911,,,,,,
12,11/15/2016,2016,November,11,5.680,0.141904091,,,,,,
13,11/15/2016,2016,November,11,2.091,-0.960590406,-0.368436075,10.33070576,4.018666667,,,
11,12/13/16,2016,December,12,6.109,0.273687357,,,,,,
12,12/13/16,2016,December,12,3.918,-0.399359577,,,,,,
13,12/13/16,2016,December,12,3.784,-0.440522648,-0.188731623,10.14197414,4.603666667,6.497527778,,
11,1/15/2017,2017,January,1,4.58,-0.197537653,,,,,,
12,1/16/2017,2017,January,1,7.44,0.68101745,,,,,,
13,1/16/2017,2017,January,1,5.58,0.109649446,0.197709748,10.33968389,5.861666667,,,
11,2/18/2017,2017,February,2,4.90,-0.099237781,,,,,,
12,2/20/2017,2017,February,2,6.22,0.306556376,,,,,,
13,2/20/2017,2017,February,2,6.50,0.394719074,0.200679223,10.54036311,5.871333333,,,
11,3/23/2017,2017,March,3,4.887,-0.101695278,,,,,,
12,3/29/2017,2017,March,3,5.099,-0.036571613,,,,,,
13,3/29/2017,2017,March,3,4.291,-0.284778789,-0.141015227,10.39934789,4.759,,,
11,,2017,April,4,1.144,-1.251496588,,,,,,
12,4/28/2017,2017,April,4,1.263,-1.214941324,,,,,,
13,4/28/2017,2017,April,4,1.915,-1.014655335,-1.160364416,9.238983471,1.440666667,,,
11,5/31/2017,2017,May,5,3.423,-0.55141719,,,,,,
12,6/1/2017,2017,May,5,4.082,-0.348980892,,,,,,
13,6/1/2017,2017,May,5,4.61,-0.186786104,-0.362394729,8.876588742,4.038333333,,,
11,6/27/2017,2017,June,6,4.776,-0.135793046,,,,,,
12,6/27/2017,2017,June,6,4.581,-0.19569453,,,,,,
13,6/27/2017,2017,June,6,3.612,-0.493358829,-0.274948802,8.60163994,4.323,,,
11,7/18/2017,2017,July,7,3.966,-0.384614596,,,,,,
12,7/20/2017,2017,July,7,3.403,-0.557560932,,,,,,
13,7/20/2017,2017,July,7,8.162,0.90434247,-0.012611019,8.589028921,5.177,,,
11,,2017,August,8,,,,,,,,
12,,2017,August,8,,,,,,,,
13,,2017,August,8,,,,,,,,
11,10/2/2017,2017,September,9,3.472,-0.536365023,,,,,,
12,10/3/2017,2017,September,9,1.677,-1.087765865,,,,,,
13,10/3/2017,2017,September,9,2.499,-0.83525807,-0.819796319,7.769232602,2.549333333,,,
11,,2017,October,10,,,,,,,,
12,,2017,October,10,,,,,,,,
13,,2017,October,10,,,,,,,,
11,11/14/2017,2017,November,11,2.278,-0.903146418,,,,,,
12,11/15/2017,2017,November,11,0.954,-1.309862137,,,,,,
13,11/15/2017,2017,November,11,0.904,-1.325221492,-1.179410016,6.589822586,1.378666667,,,
11,12/20/2017,2017,December,12,1.828,-1.041380613,,,,,,
12,12/21/2017,2017,December,12,1.325,-1.195895724,,,,,,
13,12/20/2017,2017,December,12,1.806,-1.048138729,-1.095138355,5.494684231,1.653,3.7052,,
11,1/26/2018,2018,January,1,16.356,3.421433557,,,,,,
12,2/1/2018,2018,January,1,11.686,1.986869806,,,,,,
13,2/1/2018,2018,January,1,6.857,0.503463307,1.97058889,7.465273121,11.633,,,
11,2/21/2018,2018,February,2,4.845,-0.114597136,,,,,,
12,3/1/2018,2018,February,2,4.613,-0.185864543,,,,,,
13,3/1/2018,2018,February,2,5.042,-0.054081278,-0.118180986,7.347092135,4.833333333,,,
11,3/27/2018,2018,March,3,10.805,1.716237972,,,,,,
12,3/29/2018,2018,March,3,7.53,0.710200224,,,,,,
13,3/29/2018,2018,March,3,3.038,-0.669684223,0.585584658,7.932676793,7.124333333,,,
11,4/26/2018,2018,April,4,2.572,-0.812833411,,,,,,
12,4/30/2018,2018,April,4,1.689,-1.08407962,,,,,,
13,4/26/2018,2018,April,4,2.376,-0.873042083,-0.923318371,7.009358422,2.212333333,,,
11,5/23/2016,2018,May,5,6.671,0.446326506,,,,,,
12,5/24/2018,2018,May,5,6.763,0.474587719,,,,,,
13,5/23/2018,2018,May,5,6.694,0.453391809,0.458102012,7.467460433,6.709333333,,,
11,6/21/2018,2018,June,6,6.862,0.504999242,,,,,,
12,6/20/2018,2018,June,6,3.905,-0.403353009,,,,,,
13,6/20/2018,2018,June,6,7.604,0.732932069,0.278192768,7.745653201,6.123666667,,,
11,8/1/2018,2018,July,7,7.431,0.679788701,,,,,,
12,8/7/2018,2018,July,7,7.037,0.558756984,,,,,,
13,8/7/2018,2018,July,7,6.384,0.358163809,0.532236498,8.277889699,6.950666667,,,
11,8/28/2018,2018,August,8,5.214,-0.001245097,,,,,,
12,8/31/2018,2018,August,8,6.221,0.308092312,,,,,,
13,8/31/2018,2018,August,8,6.890,0.513600481,0.273482565,8.551372264,6.108333333,,,
11,9/21/2018,2018,September,9,3.496,-0.528992532,,,,,,
12,9/21/2018,2018,September,9,5.050,-0.051623781,,,,,,
13,9/21/2018,2018,September,9,4.213,-0.308739382,-0.296451898,8.254920366,4.253,,,
11,10/25/2018,2018,October,10,0.528,-1.440723841,,,,,,
12,11/1/2018,2018,October,10,0.907,-1.324299931,,,,,,
13,10/25/2018,2018,October,10,1.72,-1.07455682,-1.279860197,6.975060169,1.051666667,,,
11,11/14/2018,2018,November,11,4.38,-0.258975072,,,,,,
12,11/15/2018,2018,November,11,5.77,0.16955093,,,,,,
13,11/15/2018,2018,November,11,2.18,-0.932943567,-0.340789236,6.634270932,4.108666667,,,
11,12/6/2018,2018,December,12,,,,,,,,
12,,2018,December,12,,,,,,,,
13,,2018,December,12,,,,,,5.55530303,,
11,,2019,January,1,,,,,,,,
12,,2019,January,1,,,,,,,,
13,,2019,January,1,,,,,,,,
11,,2019,February,2,,,,,,,,
12,,2019,February,2,,,,,,,,
13,,2019,February,2,,,,,,,,
11,4/4/2019,2019,March,3,2.323,-0.889322999,,,,,,
12,4/9/2019,2019,March,3,2.004,-0.987315683,,,,,,
13,4/9/2019,2019,March,3,1.974,-0.996531296,-0.957723326,5.676547606,2.100333333,,,
11,4/30/2019,2019,April,4,3.576,-0.504417564,,,,,,
12,5/1/2019,2019,April,4,2.449,-0.850617425,,,,,,
13,5/1/2019,2019,April,4,2.714,-0.769212843,-0.708082611,4.968464995,2.913,,,
11,5/17/2019,2019,May,5,2.378,-0.872427709,,,,,,
12,5/16/2019,2019,May,5,2.951,-0.696409501,,,,,,
13,5/16/2019,2019,May,5,2.593,-0.806382482,-0.791739897,4.176725098,2.640666667,,,
11,6/26/2019,2019,June,6,4.956,-0.080499368,,,,,,
12,6/26/2019,2019,June,6,4.570,-0.199073588,,,,,,
13,6/26/2019,2019,June,6,5.279,0.018722065,-0.086950297,4.089774801,4.935,,,
11,,2019,July,7,5.939,0.22146555,,,,,,
12,7/26/2019,2019,July,7,6.395,0.361542867,,,,,,
13,7/26/2019,2019,July,7,7.703,0.763343592,0.448784003,4.538558804,6.679,,,
11,9/3/2019,2019,August,8,,,,,,,,
12,,2019,August,8,,,,,,,,
13,,2019,August,8,,,,,,,,
11,9/25/2019,2019,September,9,,,,,,,,
12,9/25/2019,2019,September,9,,,,,,,,
13,9/25/2019,2019,September,9,,,,,,,,
11,10/29/2019,2019,October,10,3.259,-0.601795875,,,,,,
12,10/30/2019,2019,October,10,2.676,-0.780885953,,,,,,
13,10/29/2019,2019,October,10,2.246,-0.912976406,-0.765219411,3.773339393,2.727,,,
11,,2019,November,11,,,,,,,,
12,,2019,November,11,,,,,,,,
13,,2019,November,11,,,,,,,,
11,12/29/2019,2019,December,12,1.533,-1.132000807,,,,,,
12,12/29/2019,2019,December,12,1.458,-1.155039839,,,,,,
13,12/29/2019,2019,December,12,2.193,-0.929257322,-1.072099323,2.70124007,1.728,3.389,,
11,,2020,January,1,,,,,,,,
12,,2020,January,1,,,,,,,,
13,,2020,January,1,,,,,,,,
11,,2020,February,2,,,,,,,,
12,,2020,February,2,,,,,,,,
13,,2020,February,2,,,,,,,,
11,,2020,March,3,,,,,,,,
12,,2020,March,3,,,,,,,,
13,,2020,March,3,,,,,,,,
11,,2020,April,4,,,,,,,,
12,,2020,April,4,,,,,,,,
13,,2020,April,4,,,,,,,,
11,,2020,May,5,,,,,,,,
12,,2020,May,5,,,,,,,,
13,,2020,May,5,,,,,,,,
11,6/23/20,2020,June,6,4.779,-0.134871485,,,,,,
12,6/23/20,2020,June,6,6.116,0.275837666,,,,,,
13,6/23/20,2020,June,6,6.056,0.257406441,0.132790874,2.834030944,5.650333333,,,
11,7/28/20,2020,July,7,8.254,0.932603683,,,,,,
12,7/28/20,2020,July,7,8.388,0.973766755,,,,,,
13,7/28/20,2020,July,7,9.016,1.166680253,1.02435023,3.858381174,8.552666667,,,
11,8/26/20,2020,August,8,5.327,0.033467046,,,,,,
12,8/26/20,2020,August,8,4.392,-0.253752892,,,,,,
13,8/26/20,2020,August,8,5.849,0.193818711,-0.008822378,3.849558796,5.189333333,,,
11,9/23/20,2020,September,9,1.492,-1.144595478,,,,,,
12,9/22/20,2020,September,9,3.505,-0.526227848,,,,,,
13,9/22/20,2020,September,9,4.734,-0.148694904,-0.606506077,3.243052719,3.243666667,,,
11,10/20/20,2020,October,10,2.233,-0.916969838,,,,,,
12,10/20/20,2020,October,10,3.413,-0.554489061,,,,,,
13,10/20/20,2020,October,10,3.637,-0.485679151,-0.65237935,2.590673369,3.094333333,,,
11,11/19/20,2020,November,11,1.639,-1.099438975,,,,,,
12,11/19/20,2020,November,11,1.468,-1.151967968,,,,,,
13,11/19/20,2020,November,11,1.540,-1.129850497,-1.127085813,1.463587556,1.549,,,
11,,2020,December,12,,,,,,,,
12,,2020,Decemebr,12,,,,,,,,
13,,2020,December,12,,,,,,4.546555556,,
11,,2021,January,1,,,,,,,,
12,,2021,January,1,,,,,,,,
13,,2021,January,1,,,,,,,,
11,2/4/2021,2021,February,2,4.201,-0.312425628,,,,,,
12,2/4/2021,2021,February,2,2.609,-0.801467489,,,,,,
13,2/4/2021,2021,February,2,3.862,-0.416562054,-0.510151723,0.953435832,3.557333333,,,
11,3/26/2021,2021,March,3,4.039,-0.362189938,,,,,,
12,3/26/2021,2021,March,3,2.865,-0.722827592,,,,,,
13,3/26/2021,2021,March,3,2.631,-0.794709373,-0.626575634,0.326860198,3.178333333,,,
11,4/28/2021,2021,April,4,4.244,-0.299216582,,,,,,
12,4/28/2021,2021,April,4,2.375,-0.87334927,,,,,,
13,4/28/2021,2021,April,4,3.040,-0.669069849,-0.613878567,-0.287018369,3.219666667,,,
11,5/19/2021,2021,May,5,4.924,-0.090329355,,,,,,
12,5/19/2021,2021,May,5,5.173,-0.013839768,,,,,,
13,5/19/2021,2021,May,5,6.799,0.485646455,0.127159111,-0.159859258,5.632,,,
11,6/30/2021,2021,June,6,6.560,0.412228738,,,,,,
12,6/30/2021,2021,June,6,10.156,1.516873545,,,,,,
13,6/30/2021,2021,June,6,9.198,1.222588305,1.050563529,0.890704271,8.638,,,
11,7/28/2021,2021,July,7,6.198,0.301027009,,,,,,
12,7/28/2021,2021,July,7,6.235,0.312392931,,,,,,
13,7/28/2021,2021,July,7,7.234,0.619272843,0.410897594,1.301601865,6.555666667,,,
11,8/25/2021,2021,August,8,3.887,-0.408882377,,,,,,
12,8/25/2021,2021,August,8,6.116,0.275837666,,,,,,
13,8/25/2021,2021,August,8,3.469,-0.537286584,-0.223443765,1.078158101,4.490666667,,,
11,9/29/2021,2021,September,9,3.416,-0.5535675,,,,,,
12,9/29/2021,2021,September,9,3.673,-0.474620416,,,,,,
13,9/29/2021,2021,September,9,4.320,-0.275870363,-0.434686093,0.643472008,3.803,,,
11,10/27/21,2021,October,10,5.613,0.121322556,,,,,,
12,10/27/21,2021,October,10,4.907,-0.095551536,,,,,,
13,10/27/21,2021,October,10,1.738,-1.069027452,-0.347752144,0.295719864,4.086,,,
11,11/16/21,2021,November,11,3.187,-0.623913346,,,,,,
12,11/16/21,2021,November,11,1.943,-1.006054097,,,,,,
13,11/16/21,2021,November,11,1.001,-1.295424344,-0.975130595,-0.679410731,2.043666667,,,
11,12/15/21,2021,December,12,4.892,-0.100159342,,,,,,
12,12/15/21,2021,December,12,5.669,0.138525033,,,,,5.22,
13,12/15/21,2021,December,12,12.211,2.148143033,0.728836241,0.04942551,7.590666667,4.799545455,3.26,
