3,Oct-99,1999,OCTOBER,10,11.588,0.878,,,,,,,,,,,,,,,,,,
4,Oct-99,1999,OCTOBER,10,14.373,1.629,12.980,1.253,0.0965472212392345,0.588712636536302,0.588712636536302,,,graphs not updated for 2020-2024 data,,,,,,,,,0.116183027542321,0.116183027542321
3,Nov-99,1999,NOVEMBER,11,4.107,0.063,,,,,,,,,,,,,,,,,,
4,Nov-99,1999,NOVEMBER,11,4.563,0.064,4.335,0.063,0.0146388761759798,-0.717856117389081,-0.129143480852779,,,,,,,,,,,,-0.74256336873687,-0.626380341194549
3,Dec-99,1999,DECEMBER,12,3.612,0.022,,,,,,,,,,,,,,,,,,
4,Dec-99,1999,DECEMBER,12,7.686,0.046,5.649,0.034,0.00595411621030411,-0.856391891707693,-0.985535372560472,,,,,,,,,,,,-0.612009135916321,-1.23838947711087
3,Jan-00,2000,JANUARY,1,5.243,0.019,,,,,,,,,,,,,,,,,,
4,Jan-00,2000,JANUARY,1,9.203,0.041,7.223,0.030,0.00415420715658569,-0.885103312109115,-1.87063868466959,,,,,,,,,,,,-0.455677103455349,-1.69406658056622
3,Feb-00,2000,FEBRUARY,2,4.364,0.064,,,,,,,,,,,,,,,,,,
4,Feb-00,2000,FEBRUARY,2,6.768,0.092,5.566,0.078,0.0140136148656902,-0.727830032628512,-2.5984687172981,,,,,,,,,,,,-0.620277889287535,-2.31434446985375
3,Mar-00,2000,MARCH,3,3.953,0.038,,,,,,,,,,,,,,,,,,
4,Mar-00,2000,MARCH,3,15.295,0.111,9.624,0.075,0.00774725723999999,-0.827788432084953,-3.42625714938305,,,,,,,,,,,,-0.217192749523619,-2.53153721937737
3,Apr-00,2000,APRIL,4,20.474,0.301,,,,,,,,,,,,,,,,,,
4,Apr-00,2000,APRIL,4,31.833,0.490,26.154,0.396,0.0151291542392353,-0.710035400248601,-4.13629254963165,,,,,,,,,,,,1.42472797893981,-1.10680924043756
3,May-00,2000,MAY,5,12.217,0.462,,,,,,,,,,,,,,,,,,
4,May-00,2000,MAY,5,13.170,0.688,12.694,0.575,0.0453232786351164,-0.228390954162819,-4.36468350379447,,,,,,,,,,,,0.0877248760863794,-1.01908436435118
3,Jun-00,2000,JUNE,6,18.425,1.454,,,,,,,,,,,,,,,,,,
4,Jun-00,2000,JUNE,6,32.977,4.470,25.701,2.962,0.115248905310688,0.887034328113324,-3.47764917568115,,,,,,,,,,,,1.3797469331818,0.360662568830616
3,Jul-00,2000,JULY,7,20.025,2.346,,,,,,,,,,,,,,,,,,
4,Jul-00,2000,JULY,7,31.953,2.906,25.989,2.626,0.101050102185059,0.660540770066728,-2.81710840561442,,,,,,,,,,,,1.40838981071424,1.76905237954486
3,Aug-00,2000,AUGUST,8,28.157,3.489,,,,,,,,,,,,,,,,,,
4,Aug-00,2000,AUGUST,8,35.418,4.439,31.787,3.964,0.124698892400746,1.03777669566248,-1.77933170995194,,,,,,,,,,,,1.98430465654603,3.75335703609089
3,Sep-00,2000,SEPTEMBER,9,5.505,0.761,,,,,,,,,,,,,,,,,,
4,Sep-00,2000,SEPTEMBER,9,10.028,1.212,7.766,0.987,0.127049447802235,1.0752718036345,-0.70405990631744,,,,,,,,,,,,-0.401704544367092,3.3516524917238
3,Oct-00,2000,OCTOBER,10,5.155,0.050,,,,,,,,,,,,,,,,,,
4,Oct-00,2000,OCTOBER,10,7.620,0.519,6.388,0.285,0.0445610794675608,-0.240549246652149,-0.944609152969589,,,,,,,,,,,,-0.538633831522289,2.81301866020151
3,Nov-00,2000,NOVEMBER,11,2.148,0.246,,,,,,,,,,,,,,,,,,
4,Nov-00,2000,NOVEMBER,11,5.097,0.658,3.623,0.452,0.124678805475277,1.03745627716105,0.0928471241914606,,,,,,,,,,,,-0.813286861858541,1.99973179834297
3,Dec-00,2000,DECEMBER,12,1.871,0.026,,,,,,,,,,,,,,,,,,
4,Dec-00,2000,DECEMBER,12,3.762,0.058,2.816,0.042,0.0149311431843791,-0.713193992416555,-0.620346868225094,,,,,,,,,,,,-0.89339454377306,1.10633725456991
3,Jan-01,2001,JANUARY,1,3.660,0.062,,,,,,,,,,,,,,,,,,
4,Jan-01,2001,JANUARY,1,7.178,0.110,5.419,0.086,0.0159009413085087,-0.697724165433424,-1.31807103365852,,,,,,,,,,,,-0.634861088977097,0.471476165592809
3,Feb-01,2001,FEBRUARY,2,3.838,0.068,,,,,,,,,,,,,,,,,,
4,Feb-01,2001,FEBRUARY,2,4.647,0.105,4.243,0.086,0.0203588632614991,-0.626613199551777,-1.9446842332103,,,,,,,,,,,,-0.751712362735221,-0.280236197142413
3,Mar-01,2001,MARCH,3,3.065,0.023,,,,,,,,,,,,,,,,,,
4,Mar-01,2001,MARCH,3,15.923,0.082,9.494,0.052,0.0055088294822907,-0.863494925286392,-2.80817915849669,,,,,,,,,,,,-0.230112817263187,-0.510349014405599
3,Apr-01,2001,APRIL,4,1.787,0.023,,,,,,,,,,,,,,,,,,
4,Apr-01,2001,APRIL,4,5.694,0.143,3.741,0.083,0.0222591389009756,-0.596300772015019,-3.40447993051171,,,,,,,,,,,,-0.801570413452557,-1.31191942785816
3,May-01,2001,MAY,5,6.227,0.252,,,,,,,,,,,,,,,,,,
4,May-01,2001,MAY,5,13.686,0.861,9.957,0.557,0.0559009300471562,-0.0596605419659548,-3.46414047247766,,,,,,,,,,,,-0.184156911945586,-1.49607633980374
3,Jun-01,2001,JUNE,6,23.472,1.297,,,,,,,,,,,,,,,,,,
4,Jun-01,2001,JUNE,6,17.031,2.471,20.252,1.884,0.0930407119047721,0.532778219497133,-2.93136225298053,,,,,,,,,,,,0.838462637320026,-0.657613702483716
3,Jul-01,2001,JULY,7,25.751,1.666,,,,,,,,,,,,,,,,,,
4,Jul-01,2001,JULY,7,42.768,2.888,34.260,2.277,0.0664732585411606,0.108984961197778,-2.82237729178275,,,,,,,,,,,,2.22989791710432,1.5722842146206
3,Aug-01,2001,AUGUST,8,23.004,2.021,,,,,,,,,,,,,,,,,,
4,Aug-01,2001,AUGUST,8,36.365,3.584,29.684,2.803,0.0944123445614035,0.55465794823093,-2.26771934355182,,,,,,,,,,,,1.77543253930884,3.34771675392945
3,Sep-01,2001,SEPTEMBER,9,8.899,0.498,,,,,,,,,,,,,,,,,,
4,Sep-01,2001,SEPTEMBER,9,12.061,1.568,10.480,1.033,0.0985682993211184,0.620952055718726,-1.64676728783309,,,,,,,,,,,,-0.132144550015656,3.21557220391379
3,Oct-01,2001,OCTOBER,10,3.249,0.063,,,,,,,,,,,,,,,,,,
4,Oct-01,2001,OCTOBER,10,4.284,0.117,3.767,0.090,0.0239635571492143,-0.569112582276243,-2.21587987010934,,,,,,,,,,,,-0.798987952574321,2.41658425133947
3,Nov-01,2001,NOVEMBER,11,1.362,0.057,,,,,,,,,,,,,,,,,,
4,Nov-01,2001,NOVEMBER,11,4.095,0.113,2.728,0.085,0.0310897970033764,-0.455437689696793,-2.67131755980613,,,,,,,,,,,,-0.902133647189213,1.51445060415026
3,Dec-01,2001,DECEMBER,12,4.051,0.083,,,,,,,,,,,,,,,,,,
4,Dec-01,2001,DECEMBER,12,7.164,0.108,5.607,0.095,0.017031306688733,-0.679693034598347,-3.35101059440448,,,,,,,,,,,,-0.616181363710077,0.898269240440181
3,Jan-02,2002,JANUARY,1,4.251,0.045,,,,,,,,,,,,,,,,,,
4,Jan-02,2002,JANUARY,1,5.230,0.034,4.741,0.040,0.00838624336051518,-0.817595584230288,-4.16860617863477,,,,,,,,,,,,-0.702228850480695,0.196040389959486
3,Feb-02,2002,FEBRUARY,2,2.532,0.045,,,,,,,,,,,,,,,,,,
4,Feb-02,2002,FEBRUARY,2,1.741,0.048,2.137,0.047,0.0217711766002488,-0.604084549049348,-4.77269072768412,,,,,,,,,,,,-0.960915082895499,-0.764874692936013
3,Mar-02,2002,MARCH,3,3.100,0.034,,,,,,,,,,,,,,,,,,
4,Mar-02,2002,MARCH,3,5.229,0.096,4.165,0.065,0.0155563144035505,-0.703221514274164,-5.47591224195828,,,,,,,,,,,,-0.759476557185099,-1.52435125012111
3,Apr-02,2002,APRIL,4,4.039,0.065,,,,,,,,,,,,,,,,,,
4,Apr-02,2002,APRIL,4,11.334,0.193,7.686,0.129,0.0168257309893547,-0.682972294912624,-6.1588845368709,,,,,,,,,,,,-0.409662558498172,-1.93401380861928
3,May-02,2002,MAY,5,16.987,,,,,,,,,,,,,,,,,,,
4,May-02,2002,MAY,5,14.556,,15.772,#DIV/0!,,,,,,,,,,,,,,,0.393466485185237,-1.54054732343405
3,Jun-02,2002,JUNE,6,27.636,,,,,,,,,,,,,,,,,,,
4,Jun-02,2002,JUNE,6,25.568,,26.602,#DIV/0!,,,,,,,,,,,,,,,1.46924838300714,-0.0712989404269087
3,Jul-02,2002,JULY,7,11.141,,,,,,,,,,,,,,,,,,,
4,Jul-02,2002,JULY,7,15.213,,13.177,#DIV/0!,,,,,,,,,,,,,,,0.13577701734541,0.0644780769185011
3,Aug-02,2002,AUGUST,8,16.191,,,,,,,,,,,,,,,,,,,
4,Aug-02,2002,AUGUST,8,25.602,,20.896,#DIV/0!,,,,,,,,,,,,,,,0.902474040082077,0.966952117000578
3,Sep-02,2002,SEPTEMBER,9,18.391,,,,,,,,,,,,,,,,,,,
4,Sep-02,2002,SEPTEMBER,9,14.537,,16.464,#DIV/0!,,,,,,,,,,,,,,,0.462224031182034,1.42917614818261
3,Oct-02,2002,OCTOBER,10,8.362,0.815,,,,,,,,,,,,,,,,,,
4,Oct-02,2002,OCTOBER,10,13.582,1.419,10.972,1.117,0.101810849073084,0.672675896381047,-5.48620864048986,,,,,,,,,,,,-0.0833296300317092,1.3458465181509
3,Nov-02,2002,NOVEMBER,11,2.773,0.028,,,,,,,,,,,,,,,,,,
4,Nov-02,2002,NOVEMBER,11,5.057,0.052,3.915,0.040,0.0101458064704958,-0.789527745986395,-6.27573638647625,,,,,,,,,,,,-0.784260375706398,0.561586142444504
3,Dec-02,2002,DECEMBER,12,13.677,0.038,,,,,,,,,,,,,,,,,,
4,Dec-02,2002,DECEMBER,12,23.256,0.040,18.467,0.039,0.0021094775509193,-0.917720010821886,-7.19345639729814,,,,,,,,,,,,0.661148626867911,1.22273476931242
3,Jan-03,2003,JANUARY,1,28.241,0.135,,,,,,,,,,,,,,,,,,
4,Jan-03,2003,JANUARY,1,22.579,0.124,25.410,0.129,0.00508833356814094,-0.870202505840694,-8.06365890313883,,,,,,,,,,,,1.3508604034506,2.57359517276301
3,Feb-03,2003,FEBRUARY,2,11.599,0.118,,,,,,,,,,,,,,,,,,
4,Feb-03,2003,FEBRUARY,2,6.568,0.068,9.084,0.093,0.010257800016142,-0.787741270294942,-8.85140017343377,,,,,,,,,,,,-0.270867804859722,2.30272736790329
3,Mar-03,2003,MARCH,3,13.908,0.076,,,,,,,,,,,,,,,,,,
4,Mar-03,2003,MARCH,3,23.075,0.116,18.492,0.096,0.00520751890874093,-0.868301309548257,-9.71970148298203,,,,,,,,,,,,0.663651699735609,2.9663790676389
3,Apr-03,2003,APRIL,4,7.858,0.086,,,,,,,,,,,,,,,,,,
4,Apr-03,2003,APRIL,4,6.401,0.086,7.129,0.086,0.0120920964591339,-0.758481316184053,-10.4781827991661,,,,,,,,,,,,-0.46499375077854,2.50138531686036
3,May-03,2003,MAY,5,10.796,0.432,,,,,,,,,,,,,,,,,,
4,May-03,2003,MAY,5,10.656,0.876,10.726,0.654,0.0609524459519172,0.0209191942748488,-10.4572636048912,,,,,,,,,,,,-0.107732724162791,2.39365259269757
3,Jun-03,2003,JUNE,6,28.831,2.625,,,,,,,,,,,,,,,,,,
4,Jun-03,2003,JUNE,6,31.751,4.732,30.291,3.679,0.121442473591578,0.985831621415561,-9.47143198347567,,,,,,,,,,,,1.83565697650243,4.2293095692
3,Jul-03,2003,JULY,7,22.778,3.185,,,,,,,,,,,,,,,,,,
4,Jul-03,2003,JULY,7,23.060,3.742,22.919,3.463,0.151103090872374,1.45896577803048,-8.01246620544519,,,,,,,,,,,,1.10341395124402,5.33272352044402
3,Aug-03,2003,AUGUST,8,41.826,2.575,,,,,,,,,,,,,,,,,,
4,Aug-03,2003,AUGUST,8,78.047,2.759,59.937,2.667,0.0444946337134212,-0.24160916241681,-8.254075367862,,,,,,,,,,,,4.78040286298127,10.1131263834253
3,Sep-03,2003,SEPTEMBER,9,11.322,1.119,,,,,,,,,,,,,,,,,,
4,Sep-03,2003,SEPTEMBER,9,19.523,1.960,15.423,1.539,0.0998113208300849,0.640780231502508,-7.6132951363595,,,,,,,,,,,,0.358818330713288,10.4719447141386
3,Oct-03,2003,OCTOBER,10,9.764,0.600,,,,,,,,,,,,,,,,,,
4,Oct-03,2003,OCTOBER,10,9.993,1.775,9.878,1.187,0.120186154112244,0.965791321793119,-6.64750381456638,,,,,,,,,,,,-0.191917819845184,10.2800268942934
3,Nov-03,2003,NOVEMBER,11,3.208,0.065,,,,,,,,,,,,,,,,,,
4,Nov-03,2003,NOVEMBER,11,5.418,0.195,4.313,0.130,0.0301285399427058,-0.470771273094096,-7.11827508766047,,,,,,,,,,,,-0.744772147377664,9.53525474691573
3,Dec-03,2003,DECEMBER,12,11.693,0.061,,,,,,,,,,,,,,,,,,
4,Dec-03,2003,DECEMBER,12,10.947,0.099,11.320,0.080,0.007040146936008,-0.839067969329432,-7.9573430569899,,,,,,,,,,,,-0.048727774235488,9.48652697268024
3,Jan-04,2004,JANUARY,1,5.385,0.046,,,,,,,,,,,,,,,,,,
4,,2004,JANUARY,1,,,5.385,0.046,0.00847385430972796,-0.816198049844082,-8.77354110683399,,,,,,,,,,,,-0.638240064608145,8.8482869080721
3,Feb-04,2004,FEBRUARY,2,5.337,0.086,,,,,,,,,,,,,,,,,,
4,Feb-04,2004,FEBRUARY,2,2.609,0.116,3.973,0.101,0.0254883876109678,-0.544789104188362,-9.31833021102235,,,,,,,,,,,,-0.778524689778673,8.06976221829343
3,Mar-04,2004,MARCH,3,13.438,0.047,,,,,,,,,,,,,,,,,,
4,Mar-04,2004,MARCH,3,12.304,0.072,12.871,0.059,0.00462077891218938,-0.87766074838908,-10.1959909594114,,,,,,,,,,,,0.105363806184422,8.17512602447785
3,Apr-04,2004,APRIL,4,5.412,0.070,,,,,,,,,,,,,,,,,,
4,Apr-04,2004,APRIL,4,5.742,0.074,5.577,0.072,0.0129530618620757,-0.744747544700502,-10.9407385041119,,,,,,,,,,,,-0.619183486445598,7.55594253803225
3,May-04,2004,MAY,5,3.628,0.382,,,,,,,,,,,,,,,,,,
4,May-04,2004,MAY,5,4.985,0.943,4.307,0.663,0.153890175712809,1.50342422685202,-9.43731427725991,,,,,,,,,,,,-0.745343298404167,6.81059923962808
3,Jun-04,2004,JUNE,6,18.753,2.301,,,,,,,,,,,,,,,,,,
4,Jun-04,2004,JUNE,6,13.935,3.045,16.344,2.673,0.163556365170764,1.65761536702868,-7.77969891023122,,,,,,,,,,,,0.450319160069721,7.2609183996978
3,Jul-04,2004,JULY,7,20.092,2.337,,,,,,,,,,,,,,,,,,
4,Jul-04,2004,JULY,7,15.782,2.307,17.937,2.322,0.129466595585106,1.11382916630958,-6.66586974392165,,,,,,,,,,,,0.608523027880454,7.86944142757826
3,Aug-04,2004,AUGUST,8,10.998,,,,,,,,,,,,,,,,,,,
4,Aug-04,2004,AUGUST,8,45.217,,28.107,#DIV/0!,,,,,,,,,,,,,,,1.61878489662072,9.48822632419898
3,Sep-04,2004,SEPTEMBER,9,12.751,1.525,,,,,,,,,,,,,,,,,,
4,Sep-04,2004,SEPTEMBER,9,14.037,1.694,13.394,1.610,0.120176904868732,0.965643781605842,-5.7002259623158,,,,,,,,,,,,0.157249152044243,9.64547547624322
3,Oct-04,2004,OCTOBER,10,7.877,0.966,,,,,,,,,,,,,,,,,,
4,Oct-04,2004,OCTOBER,10,6.269,1.353,7.073,1.159,0.163870488792636,1.6626261398491,-4.03759982246671,,,,,,,,,,,,-0.470572969267853,9.17490250697537
3,Nov-04,2004,NOVEMBER,11,6.083,0.074,,,,,,,,,,,,,,,,,,
4,Nov-04,2004,NOVEMBER,11,6.759,0.111,6.421,0.092,0.0143879928547185,-0.721858106541566,-4.75945792900827,,,,,,,,,,,,-0.535366328326647,8.63953617864872
3,Dec-04,2004,DECEMBER,12,4.230,0.041,,,,,,,,,,,,,,,,,,
4,Dec-04,2004,DECEMBER,12,12.045,0.112,8.137,0.077,0.00942191211535634,-0.80107501561854,-5.56053294462681,,,,,,,,,,,,-0.364862847323433,8.27467333132529
3,Jan-05,2005,JANUARY,1,6.465,0.025,,,,,,,,,,,,,,,,,,
4,Jan-05,2005,JANUARY,1,7.880,0.024,7.172,0.024,0.00337609238303795,-0.897515483900647,-6.45804842852746,,,,,,,,,,,,-0.460702486223744,7.81397084510155
3,Feb-05,2005,FEBRUARY,2,3.340,0.031,,,,,,,,,,,,,,,,,,
4,Feb-05,2005,FEBRUARY,2,3.955,0.044,3.648,0.038,0.0103354977907958,-0.786501866855234,-7.2445502953827,,,,,,,,,,,,-0.810815085551834,7.00315575954971
3,Mar-05,2005,MARCH,3,1.163,0.008,,,,,,,,,,,,,,,,,,
4,Mar-05,2005,MARCH,3,2.825,0.027,1.994,0.018,0.00899690259381229,-0.807854595410335,-8.05240489079303,,,,,,,,,,,,-0.975046334977909,6.0281094245718
3,Apr-05,2005,APRIL,4,3.216,0.069,,,,,,,,,,,,,,,,,,
4,Apr-05,2005,APRIL,4,5.284,0.148,4.250,0.108,0.0255006631695103,-0.54459328944914,-8.59699818024217,,,,,,,,,,,,-0.751036432505738,5.27707299206606
3,May-05,2005,MAY,5,10.451,0.315,,,,,,,,,,,,,,,,,,
4,May-05,2005,MAY,5,10.210,0.513,10.331,0.414,0.0400990764191996,-0.311725312514625,-8.9087234927568,,,,,,,,,,,,-0.146991080100439,5.13008191196562
3,Jun-05,2005,JUNE,6,13.370,1.302,,,,,,,,,,,,,,,,,,
4,Jun-05,2005,JUNE,6,16.138,2.794,14.754,2.048,0.138790161633059,1.26255491658579,-7.64616857617101,,,,,,,,,,,,0.292348719200254,5.42243063116588
3,Jul-05,2005,JULY,7,21.922,1.890,,,,,,,,,,,,,,,,,,
4,Jul-05,2005,JULY,7,23.778,1.987,22.850,1.939,0.0848383446278645,0.401937378018145,-7.24423119815287,,,,,,,,,,,,1.09654029088429,6.51897092205016
3,Aug-05,2005,AUGUST,8,22.434,1.644,,,,,,,,,,,,,,,,,,
4,Aug-05,2005,AUGUST,8,33.628,1.904,28.031,1.774,0.0632965627523305,0.058311596289641,-7.18591960186322,,,,,,,,,,,,1.61115531221277,8.13012623426294
3,Sep-05,2005,SEPTEMBER,9,21.672,3.847,,,,,,,,,,,,,,,,,,
4,Sep-05,2005,SEPTEMBER,9,22.488,4.241,22.080,4.044,0.183148852738311,1.97014679526911,-5.21577280659411,,,,,,,,,,,,1.02010091406856,9.15022714833149
3,Oct-05,2005,OCTOBER,10,21.387,0.967,,,,,,,,,,,,,,,,,,
4,Oct-05,2005,OCTOBER,10,27.835,1.953,24.611,1.460,0.0593138728840418,-0.00521865980895924,-5.22099146640307,,,,,,,,,,,,1.27144064148544,10.4216677898169
3,Nov-05,2005,NOVEMBER,11,6.752,0.118,,,,,,,,,,,,,,,,,,
4,Nov-05,2005,NOVEMBER,11,8.980,0.251,7.866,0.185,0.0234742977733424,-0.576917049728071,-5.79790851613114,,,,,,,,,,,,-0.391805779529324,10.0298620102876
3,Dec-05,2005,DECEMBER,12,5.894,0.035,,,,,,,,,,,,,,,,,,
4,Dec-05,2005,DECEMBER,12,9.671,0.058,7.783,0.047,0.00598125317212004,-0.855959013881169,-6.65386753001231,,,,,,,,,,,,-0.400089952678954,9.62977205760866
3,Jan-06,2006,JANUARY,1,4.346,0.045,,,,,,,,,,,,,,,,,,
4,Jan-06,2006,JANUARY,1,9.391,0.097,6.868,0.071,0.0103007228705166,-0.787056582302383,-7.4409241123147,,,,,,,,,,,,-0.490897999362304,9.13887405824635
3,Feb-06,2006,February,2,6.347,0.091,,,,,,,,,,,,,,,,,,
4,Feb-06,2006,February,2,3.626,0.076,4.986,0.084,0.0167557431788783,-0.684088712125712,-8.12501282444041,,,,,,,,,,,,-0.677848146663479,8.46102591158287
3,Mar-06,2006,March,3,4.982,0.036,,,,,,,,,,,,,,,,,,
4,Mar-06,2006,March,3,5.057,0.037,5.020,0.036,0.00724146861366217,-0.83585656744715,-8.96086939188756,,,,,,,,,,,,-0.67453547070976,7.78649044087311
3,Apr-06,2006,April,4,6.578,0.224,,,,,,,,,,,,,,,,,,
4,Apr-06,2006,April,4,9.234,0.435,7.906,0.330,0.0416766800318741,-0.286560018492281,-9.24742941037984,,,,,,,,,,,,-0.387827588466462,7.39866285240665
3,May-06,2006,May,5,4.887,0.348,,,,,,,,,,,,,,,,,,
4,May-06,2006,May,5,8.372,0.704,6.629,0.526,0.0793731003326068,0.31475801402003,-8.93267139635981,,,,,,,,,,,,-0.514638015942178,6.88402483646447
3,Jun-06,2006,June,6,18.697,1.275,,,,,,,,,,,,,,,,,,
4,Jun-06,2006,June,6,25.343,1.960,22.020,1.618,0.0734593874107899,0.220424860086036,-8.71224653627377,,,,,,,,,,,,1.01407998894308,7.89810482540755
3,Jul-06,2006,July,7,17.189,2.217,,,,,,,,,,,,,,,,,,
4,Jul-06,2006,July,7,27.237,2.936,22.213,2.576,0.115979381443299,0.898686587594592,-7.81355994867918,,,,,,,,,,,,1.03328556302558,8.93139038843314
3,Aug-06,2006,August,8,12.100,1.295,,,,,,,,,,,,,,,,,,
4,Aug-06,2006,August,8,25.657,2.659,18.879,1.977,0.104737084650956,0.719354021420933,-7.09420592725825,,,,,,,,,,,,0.702087499083016,9.63347788751615
3,Sep-06,2006,Septemeber,9,12.825,0.742,,,,,,,,,,,,,,,,,,
4,Sep-06,2006,Septemeber,9,21.658,1.044,17.241,0.893,0.0517916386330418,-0.125210294659767,-7.21941622191801,,,,,,,,,,,,0.539433619796223,10.1729115073124
3,Oct-06,2006,October,10,17.082,1.395,,,,,,,,,,,,,,,,,,
4,Oct-06,2006,October,10,17.042,1.655,17.062,1.525,0.0893799085687493,0.474382567022168,-6.74503365489585,,,,,,,,,,,,0.521633573891982,10.6945450812044
3,Nov-06,2006,November,11,15.142,0.233,,,,,,,,,,,,,,,,,,
4,Nov-06,2006,November,11,27.632,0.285,21.387,0.259,0.0121101603777996,-0.758193167867983,-7.50322682276383,,,,,,,,,,,,0.951238476435727,11.6457835576401
3,Dec-06,2006,December,12,10.353,0.306,,,,,,,,,,,,,,,,,,
4,Dec-06,2006,December,12,10.072,0.313,10.213,0.310,0.0303059975520196,-0.467940541166883,-7.97116736393071,,,,,,,,,,,,-0.158731461940013,11.4870520957001
3,Jan-07,2007,January,1,19.911,0.409,,,,,,,,,,,,,,,,,,
4,Jan-07,2007,January,1,22.295,0.471,21.103,0.440,0.0208501160972374,-0.618776933235357,-8.58994429716607,,,,,,,,,,,,0.923028582257132,12.4100806779572
3,Feb-07,2007,February,2,3.710,0.063,,,,,,,,,,,,,,,,,,
4,Feb-07,2007,February,2,4.238,0.062,3.974,0.063,0.0157272269753397,-0.70049518613531,-9.29043948330138,,,,,,,,,,,,-0.778405493042707,11.6316751849145
3,Mar-07,2007,March,3,4.948,0.039,,,,,,,,,,,,,,,,,,
4,Mar-07,2007,March,3,4.407,0.076,4.678,0.058,0.0122928915018707,-0.755278314968727,-10.0457177982701,,,,,,,,,,,,-0.708526406582701,10.9231487783318
3,Apr-07,2007,April,4,17.379,0.084,,,,,,,,,,,,,,,,,,
4,Apr-07,2007,April,4,31.898,0.217,24.639,0.151,0.00610832639974024,-0.853931993208967,-10.8996497914791,,,,,,,,,,,,1.27421196559665,12.1973607439284
3,May-07,2007,May,5,10.681,0.151,,,,,,,,,,,,,,,,,,
4,May-07,2007,May,5,14.287,0.247,12.484,0.199,0.0159404037167575,-0.697094677076252,-11.5967444685553,,,,,,,,,,,,0.0668980261820948,12.2642587701105
3,Jun-07,2007,June,6,28.220,1.235,,,,,,,,,,,,,,,,,,
4,Jun-07,2007,June,6,24.822,3.354,26.521,2.295,0.0865163455374986,0.428704169068473,-11.1680402994869,,,,,,,,,,,,1.46120184514315,13.7254606152537
3,Jul-07,2007,July,7,18.838,2.510,,,,,,,,,,,,,,,,,,
4,Jul-07,2007,July,7,30.203,3.092,24.521,2.801,0.114230949613589,0.870796311026266,-10.2972439884606,,,,,,,,,,,,1.26249095322667,14.9879515684804
3,Aug-07,2007,August,8,18.851,2.600,,,,,,,,,,,,,,,,,,
4,Aug-07,2007,August,8,20.166,3.219,19.509,2.910,0.149140118409924,1.427653236161,-8.86959075229959,,,,,,,,,,,,0.76464591934245,15.7525974878228
3,Sep-07,2007,September,9,20.366,2.109,,,,,,,,,,,,,,,,,,
4,Sep-07,2007,September,9,21.111,2.614,20.739,2.362,0.113870337777563,0.865043977037802,-8.00454677526179,,,,,,,,,,,,0.886822573707492,16.6394200615303
3,Oct-07,2007,October,10,8.282,1.259,,,,,,,,,,,,,,,,,,
4,Oct-07,2007,October,10,14.773,2.576,11.528,1.918,0.166341357623075,1.70204043892212,-6.30250633633966,,,,,,,,,,,,-0.0281117054440536,16.6113083560862
3,Nov-07,2007,November,11,6.133,0.147,,,,,,,,,,,,,,,,,,
4,Nov-07,2007,November,11,7.927,0.271,7.030,0.209,0.0297297297297297,-0.477132932124301,-6.77963926846396,,,,,,,,,,,,-0.474851138782896,16.1364572173033
3,Dec-07,2007,December,12,5.831,0.035,,,,,,,,,,,,,,,,,,
4,Dec-07,2007,December,12,9.112,0.042,7.472,0.039,0.00515291440808405,-0.86917233843215,-7.64881160689611,,,,,,,,,,,,-0.430996673008777,15.7054605442946
3,Jan-08,2008,January,1,3.843,0.084,,,,,,,,,,,,,,,,,,
4,Jan-08,2008,January,1,8.276,0.081,6.060,0.083,0.0136149847347141,-0.734188819063573,-8.38300042595969,,,,,,,,,,,,-0.571251498995313,15.1342090452993
3,Feb-08,2008,February,2,6.859,0.154,,,,,,,,,,,,,,,,,,
4,Feb-08,2008,February,2,16.058,0.288,11.459,0.221,0.0192869921892045,-0.643711252872412,-9.0267116788321,,,,,,,,,,,,-0.0349655177620924,15.0992435275372
3,Mar-08,2008,March,3,4.541,0.090,,,,,,,,,,,,,,,,,,
4,Mar-08,2008,March,3,9.725,0.139,7.133,0.115,0.0160521519697182,-0.695312114194393,-9.72202379302649,,,,,,,,,,,,-0.46462008561249,14.6346234419247
3,Apr-08,2008,April,4,6.337,0.095,,,,,,,,,,,,,,,,,,
4,Apr-08,2008,April,4,14.290,0.143,10.314,0.119,0.0115382750763562,-0.767315650627439,-10.4893394436539,,,,,,,,,,,,-0.148699069996217,14.4859243719285
3,May-08,2008,May,5,15.234,0.456,,,,,,,,,,,,,,,,,,
4,May-08,2008,May,5,14.628,0.496,14.931,0.476,0.0318799812470699,-0.442832990604696,-10.9321724342586,,,,,,,,,,,,0.309960036939215,14.7958844088677
3,Jun-08,2008,June,6,16.321,1.857,,,,,,,,,,,,,,,,,,
4,Jun-08,2008,June,6,20.049,3.933,18.185,2.895,0.159197140500412,1.58807878023495,-9.34409365402368,,,,,,,,,,,,0.633181852633399,15.4290662615011
3,Jul-08,2008,July,7,40.933,1.744,,,,,,,,,,,,,,,,,,
4,Jul-08,2008,July,7,47.482,1.791,44.208,1.768,0.0399819035231578,-0.313594407106352,-9.65768806113003,,,,,,,,,,,,3.21801273736047,18.6470789988615
3,Aug-08,2008,August,8,15.821,1.323,,,,,,,,,,,,,,,,,,
4,Aug-08,2008,August,8,42.738,1.229,29.280,1.276,0.0435799791663109,-0.256199361388199,-9.91388742251823,,,,,,,,,,,,1.73520534194475,20.3822843408063
3,Sep-08,2008,September,9,20.940,2.161,,,,,,,,,,,,,,,,,,
4,Sep-08,2008,September,9,20.312,2.541,20.626,2.351,0.113982352370794,0.8668307884718,-9.04705663404643,,,,,,,,,,,,0.875647879710689,21.257932220517
3,Oct-08,2008,October,10,12.947,1.252,,,,,,,,,,,,,,,,,,
4,Oct-08,2008,October,10,21.136,2.929,17.042,2.091,0.122671126367984,1.00543059299575,-8.04162604105067,,,,,,,,,,,,0.519597296319232,21.7775295168362
3,Nov-08,2008,November,11,11.272,0.504,,,,,,,,,,,,,,,,,,
4,Nov-08,2008,November,11,14.859,0.578,13.066,0.541,0.041406758256477,-0.290865701356044,-8.33249174240672,,,,,,,,,,,,0.124658777818901,21.9021882946551
3,Dec-07,2008,December,12,19.263,0.094,,,,,,,,,,,,,,,,,,
4,Dec-07,2008,December,12,23.683,0.112,21.473,0.103,0.0047967214641643,-0.874854184043057,-9.20734592644977,,,,,,,,,,,,0.959780909179949,22.8619692038351
3,Jan-09,2009,January,1,12.114,0.069,,,,,,,,,,,,,,,,,,
4,Jan-09,2009,January,1,12.620,0.098,12.367,0.084,0.00675183957305733,-0.843666931641112,-10.0510128580909,,,,,,,,,,,,0.0552763444254202,22.9172455482605
3,Feb-09,2009,February,2,5.971,0.027,,,,,,,,,,,,,,,,,,
4,Feb-09,2009,February,2,5.592,0.033,5.782,0.030,0.0051889648015221,-0.868597277153639,-10.9196101352445,,,,,,,,,,,,-0.598865409494078,22.3183801387664
3,Mar-09,2009,March,3,10.291,0.077,,,,,,,,,,,,,,,,,,
4,Mar-09,2009,March,3,8.166,0.086,9.229,0.082,0.0088313377038522,-0.810495619494046,-11.7301057547386,,,,,,,,,,,,-0.256472785432046,22.0619073533344
3,Apr-09,2009,April,4,3.796,0.040,,,,,,,,,,,,,,,,,,
4,Apr-09,2009,April,4,7.909,0.065,5.853,0.053,0.00897052541648868,-0.808275353462291,-12.5383811082009,,,,,,,,,,,,-0.59181293594943,21.4700944173849
3,May-09,2009,May,5,7.683,0.242,,,,,,,,,,,,,,,,,,
4,May-09,2009,May,5,18.114,0.647,12.899,0.445,0.0344613714773036,-0.401655698914735,-12.9400368071156,,,,,,,,,,,,0.108070565396981,21.5781649827819
3,Jun-09,2009,June,6,18.402,1.430,,,,,,,,,,,,,,,,,,
4,Jun-09,2009,June,6,21.108,2.625,19.755,2.028,0.102632245001265,0.685778471625794,-12.2542583354898,,,,,,,,,,,,0.789130915522111,22.367295898304
3,Jul-09,2009,July,7,11.356,2.590,,,,,,,,,,,,,,,,,,
4,Jul-09,2009,July,7,16.303,2.608,13.830,2.599,0.187931595502368,2.04643917120167,-10.2078191642881,,,,,,,,,,,,0.200547366383854,22.5678432646879
3,Aug-09,2009,August,8,21.183,1.588,,,,,,,,,,,,,,,,,,
4,Aug-09,2009,August,8,33.268,1.656,27.226,1.622,0.0595764999724523,-0.00102933883822671,-10.2088485031264,,,,,,,,,,,,1.53118026221646,24.0990235269043
3,Sep-09,2009,September,9,15.383,0.962,,,,,,,,,,,,,,,,,,
4,Sep-09,2009,September,9,12.561,1.076,13.972,1.019,0.0729315774405955,0.212005449163574,-9.99684305396279,,,,,,,,,,,,0.214701978779804,24.3137255056841
3,Oct-09,2009,October,10,8.768,1.431,,,,,,,,,,,,,,,,,,
4,Oct-09,2009,October,10,11.911,2.405,10.340,1.918,0.185502200299821,2.00768644264717,-7.98915661131562,,,,,,,,,,,,-0.146116474050289,24.1676090316338
3,Nov-09,2009,November,11,3.383,0.056,,,,,,,,,,,,,,,,,,
4,Nov-09,2009,November,11,2.602,0.065,2.993,0.061,0.0202172096908939,-0.628872799951367,-8.61802941126698,,,,,,,,,,,,-0.875898490001478,23.2917105416324
3,Dec-09,2009,December,12,7.405,0.043,,,,,,,,,,,,,,,,,,
4,Dec-09,2009,December,12,6.621,0.081,7.013,0.062,0.00884072436902895,-0.810345887212017,-9.428375298479,,,,,,,,,,,,-0.476539759209079,22.8151707824233
3,Jan-10,2010,January,1,7.458,0.036,,,,,,,,,,,,,,,,,,
4,Jan-10,2010,January,1,9.936,0.058,8.697,0.047,0.00539976428653559,-0.865234689126137,-10.2936099876051,,,,,,,,,,,,-0.309267006403607,22.5059037760197
3,Feb-10,2010,February,2,7.367,0.025,,,,,,,,,,,,,,,,,,
4,Feb-10,2010,February,2,8.023,0.059,7.695,0.042,0.00542607212475633,-0.864815037143472,-11.1584250247486,,,,,,,,,,,,-0.408796280935129,22.0971074950846
3,Mar-10,2010,March,3,6.298,0.114,,,,,,,,,,,,,,,,,,
4,Mar-10,2010,March,3,5.424,0.057,5.861,0.086,0.0146127580617642,-0.71827274297124,-11.8766977677198,,,,,,,,,,,,-0.590968625736338,21.5061388693482
3,Apr-10,2010,April,4,9.465,0.228,,,,,,,,,,,,,,,,,,
3,Apr-10,2010,April,4,9.465,0.231,9.465,0.229,0.0242427231907026,-0.564659438623006,-12.4413572063429,,,,,,,,,,,,-0.232981095385435,21.2731577739628
4,Apr-10,2010,April,4,15.437,0.799,,,,,,,,,,,,,,,,,,
3,May-10,2010,May,5,5.571,1.692,10.504,1.245,0.118543513185453,0.939588578871057,-11.5017686274718,,,,,,,,,,,,-0.129776588161631,21.1433811858011
4,May-10,2010,May,5,7.584,2.784,,,,,,,,,,,,,,,,,,
3,Jun-10,2010,June,6,12.952,3.418,10.268,3.101,0.30204362461044,3.86670805301695,-7.63506057445485,,,,,,,,,,,,-0.15321861290159,20.9901625728996
4,Jun-10,2010,June,6,11.233,2.978,,,,,,,,,,,,,,,,,,
4,Jun-10,2010,June,6,11.233,4.357,11.233,3.667,0.326475924730704,4.2564422113498,-3.37861836310505,,,,,,,,,,,,-0.0573645710623501,20.9327980018372
3,Jul-10,2010,July,7,17.330,2.698,,,,,,,,,,,,,,,,,,
4,Jul-10,2010,July,7,42.161,2.745,29.746,2.721,0.0914795242137466,0.50787478560976,-2.87074357749529,,,,,,,,,,,,1.78149340774483,22.714291409582
3,Aug-10,2010,August,8,36.511,2.432,,,,,,,,,,,,,,,,,,
4,Aug-10,2010,August,8,39.277,2.061,37.894,2.246,0.059278357061804,-0.00578519382414595,-2.87652877131943,,,,,,,,,,,,2.59088891025991,25.305180319842
3,Sep-10,2010,September,9,12.305,2.395,,,,,,,,,,,,,,,,,,
4,Sep-10,2010,September,9,11.909,2.863,12.107,2.629,0.217135520773106,2.51228836179698,-0.364240409522456,,,,,,,,,,,,0.0294503849661429,25.3346307048081
3,Oct-10,2010,October,10,7.347,1.143,,,,,,,,,,,,,,,,,,
3,Oct-10,2010,October,10,7.347,1.384,,,,,,,,,,,,,,,,,,
4,Oct-10,2010,October,10,6.298,0.017,6.997,0.848,0.121198980564024,0.981947519235802,0.617707109713346,,,,,,,,,,,,-0.478095938817523,24.8565347659906
3,Nov-10,2010,November,11,2.459,0.147,,,,,,,,,,,,,,,,,,
4,Nov-10,2010,November,11,3.305,0.290,2.882,0.218,0.0758075338306731,0.257881540958929,0.875588650672275,,,,,,,,,,,,-0.886874522771671,23.9696602432189
3,Dec-10,2010,December,12,4.070,0.248,,,,,,,,,,,,,,,,,,
4,Dec-10,2010,December,12,5.391,0.630,4.731,0.439,0.0927446755099884,0.52805596679931,1.40364461747158,,,,,,,,,,,,-0.703261884077541,23.2663983591414
3,Jan-11,2011,January,1,2.028,0.017,,,,,,,,,,,,,,,,,,
4,Jan-11,2011,January,1,3.573,0.059,2.801,0.038,0.0136113194072487,-0.734247286883128,0.669397330588457,,,,,,,,,,,,-0.894969967756021,22.3714283913853
3,Feb-11,2011,February,2,3.334,0.032,,,,,,,,,,,,,,,,,,
4,Feb-11,2011,February,2,3.585,0.041,3.460,0.037,0.0106169786096257,-0.782011798811148,-0.112614468222691,,,,,,,,,,,,-0.829511093588084,21.5419172977973
3,Mar-11,2011,March,3,1.425,0.015,,,,,,,,,,,,,,,,,,
4,Mar-11,2011,March,3,1.968,0.026,1.697,0.021,0.0121075007368111,-0.758235593384083,-0.870850061606775,,,,,,,,,,,,-1.00463096484464,20.5372863329526
3,Apr-11,2011,April,4,1.224,0.014,,,,,,,,,,,,,,,,,,
4,Apr-11,2011,April,4,2.076,0.021,1.650,0.018,0.0107755303030303,-0.77948264639909,-1.65033270800586,,,,,,,,,,,,-1.00924983836332,19.5280364945893
3,May-11,2011,May,5,8.269,0.853,,,,,,,,,,,,,,,,,,
4,May-11,2011,May,5,9.657,1.145,8.963,0.999,0.111429780765369,0.826113199815474,-0.82421950819039,,,,,,,,,,,,-0.282845063264501,19.2451914313248
3,Jun-11,2011,June,6,13.473,3.297,,,,,,,,,,,,,,,,,,
4,Jun-11,2011,June,6,23.322,4.162,18.398,3.730,0.202737610409023,2.28261872570554,1.45839921751515,,,,,,,,,,,,0.654289607960693,19.8994810392855
3,Jul-11,2011,July,7,13.723,1.977,,,,,,,,,,,,,,,,,,
4,Jul-11,2011,July,7,24.536,2.130,19.130,2.054,0.10734891136726,0.761016823612274,2.21941604112742,,,,,,,,,,,,0.726999616899888,20.6264806561854
3,Aug-11,2011,August,8,25.713,2.772,,,,,,,,,,,,,,,,,,
4,Aug-11,2011,August,8,36.333,2.623,31.023,2.697,0.0869513667279115,0.435643450948115,2.65505949207554,,,,,,,,,,,,1.90838826624186,22.5348689224272
3,Sep-11,2011,September,9,12.509,2.294,,,,,,,,,,,,,,,,,,
4,Sep-11,2011,September,9,13.537,2.410,13.023,2.352,0.180615670352453,1.9297384955922,4.58479798766773,,,,,,,,,,,,0.120437226753442,22.6553061491807
3,Oct-11,2011,October,10,6.357,0.807,,,,,,,,,,,,,,,,,,
4,Oct-11,2011,October,10,7.474,0.945,6.916,0.876,0.126675240401996,1.06930259871084,5.65410058637857,,,,,,,,,,,,-0.486224494006308,22.1690816551744
3,Nov-11,2011,November,11,4.608,0.108,,,,,,,,,,,,,,,,,,
4,Nov-11,2011,November,11,6.594,0.307,5.601,0.208,0.0370804990180325,-0.359876436928436,5.29422414945014,,,,,,,,,,,,-0.616794585195615,21.5522870699787
3,Dec-11,2011,December,12,5.193,0.029,,,,,,,,,,,,,,,,,,
4,Dec-11,2011,December,12,10.424,0.071,7.809,0.050,0.0064426746494205,-0.848598605315164,4.44562554413497,,,,,,,,,,,,-0.397522256325022,21.1547648136537
3,Jan-12,2012,January,1,6.711,0.030,,,,,,,,,,,,,,,,,,
4,Jan-12,2012,January,1,9.388,0.064,8.050,0.047,0.00584222622523138,-0.858176715442812,3.58744882869216,,,,,,,,,,,,-0.373583578518538,20.7811812351352
3,Feb-12,2012,February,2,2.651,0.050,,,,,,,,,,,,,,,,,,
4,Feb-12,2012,February,2,6.096,0.072,4.374,0.061,0.0139476391905796,-0.728882449882847,2.85856637880932,,,,,,,,,,,,-0.738722913027395,20.0424583221078
3,Mar-12,2012,March,3,6.547,0.122,,,,,,,,,,,,,,,,,,
4,Mar-12,2012,March,3,15.337,0.157,10.942,0.140,0.0127502399012977,-0.747982878491677,2.11058350031764,,,,,,,,,,,,-0.0862697795340796,19.9561885425737
3,Apr-12,2012,April,4,2.462,0.025,,,,,,,,,,,,,,,,,,
4,Apr-12,2012,April,4,5.941,0.093,4.202,0.059,0.0141163275020826,-0.726191602243427,1.38439189807421,,,,,,,,,,,,-0.755807778515839,19.2003807640579
3,May-12,2012,May,5,12.733,0.491,,,,,,,,,,,,,,,,,,
4,May-12,2012,May,5,10.210,1.317,11.472,0.904,0.0788164363858257,0.30587833614668,1.69027023422089,,,,,,,,,,,,-0.0336742197891286,19.1667065442687
3,Jun-12,2012,June,6,22.740,2.144,,,,,,,,,,,,,,,,,,
4,Jun-12,2012,June,6,24.302,2.725,23.521,2.435,0.103504238233919,0.699688154583485,2.38995838880438,,,,,,,,,,,,1.16321000522841,20.3299165494972
3,Jul-12,2012,July,7,27.895,2.079,,,,,,,,,,,,,,,,,,
4,Jul-12,2012,July,7,43.258,2.119,35.577,2.099,0.059000130001546,-0.0102233592290128,2.37973502957536,,,,,,,,,,,,2.36069021392578,22.6906067634229
3,Aug-12,2012,August,8,19.334,1.301,,,,,,,,,,,,,,,,,,
4,Aug-12,2012,August,8,33.441,2.837,26.388,2.069,0.0784144481288489,0.299465982245435,2.6792010118208,,,,,,,,,,,,1.44794120826694,24.1385479716899
3,Sep-12,2012,September,9,19.472,1.286,,,,,,,,,,,,,,,,,,
4,Sep-12,2012,September,9,18.593,1.929,,,,,,,,,,,,,,,,,,
4,Sep-12,2012,September,9,18.593,1.894,18.886,1.703,0.0901820219562992,0.487177554986687,3.16637856680749,,,,,,,,,,,,0.702812612560142,24.84136058425
3,Oct-12,2012,October,10,6.848,0.298,,,,,,,,,,,,,,,,,,
4,Oct-12,2012,October,10,7.244,0.553,7.046,0.425,0.0603745742265115,0.0117012185043836,3.17807978531187,,,,,,,,,,,,-0.473261848970017,24.36809873528
3,Nov-12,2012,November,11,4.142,0.034,,,,,,,,,,,,,,,,,,
4,Nov-12,2012,November,11,9.039,0.060,6.591,0.047,0.00712037212654579,-0.83778824957495,2.34029153573692,,,,,,,,,,,,-0.518506943330405,23.8495917919496
3,Dec-12,2012,December,12,3.298,0.018,,,,,,,,,,,,,,,,,,
4,Dec-12,2012,December,12,3.276,0.010,3.287,0.014,0.00427749467599635,-0.883136679521355,1.45715485621556,,,,,,,,,,,,-0.846645624383182,23.0029461675664
3,Jan-13,2013,January,1,6.784,0.020,,,,,,,,,,,,,,,,,,
4,Jan-13,2013,January,1,9.735,0.027,8.260,0.023,0.00284493613414856,-0.905988273305868,0.551166582909696,,,,,,,,,,,,-0.352724149724506,22.6502220178419
3,Feb-13,2013,February,2,16.471,0.046,,,,,,,,,,,,,,,,,,
4,Feb-13,2013,February,2,18.884,0.079,17.678,0.063,0.00353762551265733,-0.894938772825341,-0.343772189915645,,,,,,,,,,,,0.582771566381156,23.2329935842231
3,Mar-13,2013,March,3,9.081,0.061,,,,,,,,,,,,,,,,,,
4,Mar-13,2013,March,3,11.224,0.109,10.153,0.085,0.00841334646638759,-0.817163246460066,-1.16093543637571,,,,,,,,,,,,-0.164691298738308,23.0683022854848
3,Apr-13,2013,April,4,2.968,0.025,,,,,,,,,,,,,,,,,,
4,Apr-13,2013,April,4,7.630,0.101,5.299,0.063,0.0118565295338743,-0.762238984389469,-1.92317442076518,,,,,,,,,,,,-0.646792430413699,22.4215098550711
3,May-13,2013,May,5,3.608,0.601,,,,,,,,,,,,,,,,,,
4,May-13,2013,May,5,8.813,1.647,6.211,1.124,0.180947739714999,1.9350355316012,0.0118611108360176,,,,,,,,,,,,-0.556252576386271,21.8652572786848
3,Jun-13,2013,June,6,10.775,1.219,,,,,,,,,,,,,,,,,,
4,Jun-13,2013,June,6,14.151,3.735,12.463,2.477,0.198774954818644,2.21940804829582,2.23126915913184,,,,,,,,,,,,0.0648120833026918,21.9300693619875
3,Jul-13,2013,July,7,32.316,1.694,,,,,,,,,,,,,,,,,,
4,Jul-13,2013,July,7,52.093,2.476,42.205,2.085,0.049404780592117,-0.163284487636313,2.06798467149553,,,,,,,,,,,,3.01905351891073,24.9491228808982
3,Aug-13,2013,August,8,12.627,1.310,,,,,,,,,,,,,,,,,,
4,Aug-13,2013,August,8,19.396,1.673,16.012,1.492,0.093162314096547,0.534717968420874,2.6027026399164,,,,,,,,,,,,0.417286764615172,25.3664096455134
3,Sep-13,2013,September,9,8.641,0.518,,,,,,,,,,,,,,,,,,
4,Sep-13,2013,September,9,9.059,1.154,8.850,0.836,0.0945035028248588,0.556112067937545,3.15881470785395,,,,,,,,,,,,-0.294069422567956,25.0723402229454
3,Oct-13,2013,October,10,4.384,0.073,,,,,,,,,,,,,,,,,,
4,Oct-13,2013,October,10,7.371,0.296,5.878,0.184,0.0313375478519779,-0.451485668479771,2.70732903937418,,,,,,,,,,,,-0.589329670616807,24.4830105523286
3,Nov-13,2013,November,11,2.261,0.019,,,,,,,,,,,,,,,,,,
4,Nov-13,2013,November,11,2.401,0.077,2.331,0.048,0.0206067138567139,-0.622659587217168,2.08466945215701,,,,,,,,,,,,-0.941605690702678,23.5414048616259
3,Dec-13,2013,December,12,3.767,0.024,,,,,,,,,,,,,,,,,,
4,Dec-13,2013,December,12,5.137,0.030,4.452,0.027,0.00604316880053908,-0.854971360847653,1.22969809130936,,,,,,,,,,,,-0.730925459882959,22.810479401743
3,Jan-14,2014,January,1,3.335,0.032,,,,,,,,,,,,,,,,,,
4,Jan-14,2014,January,1,1.752,0.018,2.544,0.025,0.00995839885983881,-0.792517196306055,0.4371808950033,,,,,,,,,,,,-0.920497935375384,21.8899814663676
3,Feb-14,2014,February,2,4.544,0.036,,,,,,,,,,,,,,,,,,
4,Feb-14,2014,February,2,5.325,0.069,4.935,0.052,0.0106132460229,-0.782071339523188,-0.344890444519888,,,,,,,,,,,,-0.682998438963339,21.2069830274043
3,Mar-14,2014,March,3,3.126,0.044,,,,,,,,,,,,,,,,,,
3,Mar-14,2014,March,3,3.126,0.052,3.126,0.048,0.0153417906269994,-0.706643510692224,-1.05153395521211,,,,,,,,,,,,-0.862637853125272,20.344345174279
4,Mar-14,2014,March,3,3.191,0.055,,,,,,,,,,,,,,,,,,
3,Apr-14,2014,April,4,2.645,0.024,2.918,0.039,0.0135085246744345,-0.735887026837089,-1.7874209820492,,,,,,,,,,,,-0.883298620692694,19.4610465535863
4,Apr-14,2014,April,4,6.687,0.116,,,,,,,,,,,,,,,,,,
3,May-14,2014,May,5,4.240,0.312,5.464,0.214,0.0390968930172966,-0.327711736335273,-2.11513271838447,,,,,,,,,,,,-0.63045254452504,18.8305940090613
4,May-14,2014,May,5,3.763,0.615,,,,,,,,,,,,,,,,,,
3,Jun-14,2014,June,6,8.355,2.880,6.059,1.748,0.288458697804918,3.65000680145643,1.53487408307195,,,,,,,,,,,,-0.571301164301965,18.2592928447593
4,Jun-14,2014,June,6,10.062,3.427,,,,,,,,,,,,,,,,,,
3,Jul-14,2014,July,7,14.663,1.655,12.363,2.541,0.205563488372093,2.32769598671114,3.8625700697831,,,,,,,,,,,,0.0548293566655481,18.3141222014248
4,Jul-14,2014,July,7,17.714,3.066,,,,,,,,,,,,,,,,,,
3,Aug-14,2014,August,8,17.298,1.197,17.506,2.132,0.121771681851936,0.991083018280995,4.85365308806409,,,,,,,,,,,,0.565736366199363,18.8798585676242
4,Aug-14,2014,August,8,17.458,1.121,,,,,,,,,,,,,,,,,,
3,Sep-14,2014,September,9,10.043,0.356,13.751,0.739,0.0537110059634195,-0.0945933242004067,4.75905976386369,,,,,,,,,,,,0.192700247932766,19.072558815557
4,Sep-14,2014,September,9,12.870,1.114,,,,,,,,,,,,,,,,,,
3,Oct-14,2014,October,10,1.676,0.058,7.273,0.586,0.0805442905266053,0.33344036575355,5.09250012961723,,,,,,,,,,,,-0.450713799749802,18.6218450158072
4,Oct-14,2014,October,10,4.027,0.390,,,,,,,,,,,,,,,,,,
3,Nov-14,2014,November,11,1.635,0.020,2.831,0.205,0.0724373454609679,0.204121660750153,5.29662179036739,,,,,,,,,,,,-0.891940384050222,17.7299046317569
3,Nov-14,2014,November,11,1.635,0.024,,,,,,,,,,,,,,,,,,
4,Nov-14,2014,November,11,2.011,0.039,1.823,0.031,0.0172685134393856,-0.675909208562264,4.62071258180512,,,,,,,,,,,,-0.992065642261573,16.7378389894954
3,Dec-14,2014,December,12,5.565,0.021,,,,,,,,,,,,,,,,,,
4,Dec-14,2014,December,12,3.942,0.041,4.754,0.031,0.00651221468391711,-0.847489330843191,3.77322325096193,,,,,,,,,,,,-0.700977279971528,16.0368617095238
3,Jan-15,,,1,3.779,0.028,,,,,,,,,,,,,,,,,,
4,Jan-15,,,1,2.902,0.049,3.341,0.039,0.011525220775333,-0.767523887551382,3.00569936341055,,,,,,,,,,,,-0.841331436571369,15.1955302729525
3,Feb-15,,,2,,,,,,,,,,,,,,,,,,,,
4,Feb-15,,,2,,,,,,,,,,,,,,,,,,,,
3,Mar-15,,,3,8.708,0.063,,,,,,,,,,,,,,,,,,
3,Mar-15,,,3,9.909,0.115,9.309,0.089,0.00956115378417575,-0.798853888899603,2.20684547451095,,,,,,,,,,,,-0.248526336367653,14.9470039365848
4,Apr-15,,,4,3.075,0.028,,,,,,,,,,,,,,,,,,
3,Apr-15,,,4,6.286,0.118,4.681,0.073,0.0155966242922765,-0.702578507251583,1.50426696725936,,,,,,,,,,,,-0.708228414742787,14.238775521842
4,May-15,,,5,5.448,0.022,,,,,,,,,,,,,,,,,,
3,May-15,,,5,10.345,0.083,7.897,0.053,0.0066485151649465,-0.845315120760928,0.658951846498436,,,,,,,,,,,,-0.388781162354189,13.8499943594878
4,Jun-15,,,6,7.983,0.260,,,,,,,,,,,,,,,,,,
3,Jun-15,,,6,12.726,1.107,10.355,0.684,0.0660099473658796,0.101594408934767,0.760546255433203,,,,,,,,,,,,-0.144626514850715,13.7053678446371
4,Jul-15,,,7,13.734,2.164,,,,,,,,,,,,,,,,,,
3,Jul-15,,,7,11.562,2.383,12.648,2.274,0.17975173940544,1.91595741895043,2.67650367438363,,,,,,,,,,,,0.0831882467641004,13.7885560914012
4,Aug-15,,,8,16.381,0.513,,,,,,,,,,,,,,,,,,
3,Aug-15,,,8,25.787,1.361,21.084,0.937,0.0444412824890913,-0.242460199544215,2.43404347483941,,,,,,,,,,,,0.921141300604339,14.7096973920056
4,Sep-15,,,9,11.849,1.737,,,,,,,,,,,,,,,,,,
3,Sep-15,,,9,14.278,2.662,13.064,2.200,0.168369885559,1.7343986951596,4.16844216999902,,,,,,,,,,,,0.124460116592292,14.8341575085979
4,Oct-15,,,10,4.944,0.070,,,,,,,,,,,,,,,,,,
3,Oct-15,,,10,4.356,0.198,4.650,0.134,0.0288172043010753,-0.49168916826021,3.6767530017388,,,,,,,,,,,,-0.711257998448586,14.1228995101493
4,Nov-15,,,11,1.528,0.016,,,,,,,,,,,,,,,,,,
3,Nov-15,,,11,2.060,0.044,1.794,0.030,0.0167224080267559,-0.68462046097422,2.99213254076459,,,,,,,,,,,,-0.994946230047415,13.1279532801019
3,Dec-15,,,12,3.909,0.006,,,,,,,,,,,,,,,,,,
4,Dec-15,,,12,21.616,0.028,12.763,0.017,0.00133202742409403,-0.930121580438032,2.06201096032655,,,,,,,,,,,,0.0945616019875128,13.2225148820894
3,Jan-16,,,1,3.625,0.024,,,,,,,,,,,,,,,,,,
4,Jan-16,,,1,5.08,0.04,4.353,0.032,0.00735209649626651,-0.834091876259553,1.227919084067,,,,,,,,,,,,-0.740808855906798,12.4817060261826
3,Feb-16,,,2,13.26,0.041,,,,,,,,,,,,,,,,,,
4,Feb-16,,,2,24.976,0.082,19.118,0.062,0.00321686368867036,-0.900055435557934,0.327863648509066,,,,,,,,,,,,0.725857314846881,13.2075633410295
3,Mar-16,,,3,2.076,0.008,,,,,,,,,,,,,,,,,,
4,Mar-16,,,3,2.532,0.024,2.304,0.016,0.00694444444444444,-0.840594576722771,-0.512730928213705,,,,,,,,,,,,-0.94428761726191,12.2632757237676
3,Apr-16,are these dups? Or is the,,4,2.333,0.047,,,,,,,,,,,,,,,,,,
3,Apr-16,2nd one sta 4?,,4,3.211,0.062,2.772,0.055,0.0196608946608947,-0.637746912045497,-1.1504778402592,,,,,,,,,,,,-0.897800890235211,11.3654748335323
4,May-16,from here to Dec-16 sta #s,,5,9.443,0.192,,,,,,,,,,,,,,,,,,
3,May-16,transposed. Is it correct?,,5,9.174,0.191,9.309,0.192,0.0205725949401085,-0.623203838359343,-1.77368167861855,,,,,,,,,,,,-0.248526336367654,11.1169484971647
4,Jun-16,,,6,13.496,2.513,,,,,,,,,,,,,,,,,,
3,Jun-16,,,6,12.191,3.872,12.844,3.193,0.248569315217814,3.01370752253148,1.24002584391293,,,,,,,,,,,,0.102607381665211,11.2195558788299
4,Jul-16,,,7,15.342,1.291,,,,,,,,,,,,,,,,,,
3,Jul-16,,,7,11.294,1.47,13.318,1.381,0.103656705210993,0.702120246064475,1.9421460899774,,,,,,,,,,,,0.149739757678392,11.3692956365083
4,Aug-16,,,8,24.283,2.073,,,,,,,,,,,,,,,,,,
3,Aug-16,,,8,37.298,2.445,30.791,2.259,0.0733667852097238,0.218947707271334,2.16109379724874,,,,,,,,,,,,1.88529389864847,13.2545895351568
4,Sep-16,,,9,19.1,0.654,,,,,,,,,,,,,,,,,,
3,Sep-16,,,9,18.978,1.421,19.039,1.038,0.0544934082672409,-0.0821127594620662,2.07898103778667,,,,,,,,,,,,0.718010196395794,13.9725997315525
4,Oct-16,,,10,6.383,0.049,,,,,,,,,,,,,,,,,,
3,Oct-16,,,10,2.382,0.075,4.383,0.062,0.0141471762692527,-0.725699515200886,1.35328152258579,,,,,,,,,,,,-0.73782893750765,13.2347707940449
4,Nov-16,,,11,6.407,0.048,,,,,,,,,,,,,,,,,,
3,Nov-16,,,11,4.009,0.054,5.208,0.051,0.0097926267281106,-0.795161526226535,0.558119996359252,,,,,,,,,,,,-0.655831516224445,12.5789392778205
4,Dec-16,,,12,6.296,0.012,,,,,,,,,,,,,,,,,,
3,Dec-16,,,12,8.63,0.018,7.463,0.015,0.00200991558354549,-0.919308183010563,-0.36118818665131,,,,,,,,,,,,-0.431840983221869,12.1470982945986
3,Jan-17,,,1,,,,,,,,,,,,,,,,,,,,
4,Jan-17,,,1,,,,,,,,,,,,,,,,,,,,
3,Feb-17,,,2,,,,,,,,,,,,,,,,,,,,
4,Feb-17,,,2,,,,,,,,,,,,,,,,,,,,
3,Mar-17,,,3,2.089,0.042,,,,,,,,,,,,,,,,,,
4,Mar-17,,,3,2.786,0.061,2.438,0.052,0.0211282051282051,-0.614340969617837,-0.975529156269147,,,,,,,,,,,,-0.931026980385704,11.2160713142129
3,Apr-17,,,4,,,,,,,,,,,,,,,,,,,,
4,Apr-17,,,4,,,,,,,,,,,,,,,,,,,,
3,May-17,are these dups? Or is the,,5,24.266,1.518,,,,,,,,,,,,,,,,,,
3,May-17,2nd one sta 4?,,5,26.532,2.219,25.399,1.869,0.073565888420804,0.222123721073136,-0.753405435196011,,,,,,,,,,,,1.34975289701503,12.5658242112279
4,Jun-17,from here to Jan-18 sta #s,,6,8.993,1.786,,,,,,,,,,,,,,,,,,
3,Jun-17,transposed. Is it correct?,,6,12.998,2.54,10.996,2.163,0.196716838706744,2.18657781345611,1.43317237826009,,,,,,,,,,,,-0.0809555917222668,12.4848686195056
4,Jul-17,,,7,16.434,1.991,,,,,,,,,,,,,,,,,,
3,Jul-17,,,7,27.914,2.425,22.174,2.208,0.0995760800938036,0.637027766531591,2.07020014479168,,,,,,,,,,,,1.02941166910669,13.5142802886123
4,Aug-17,,,8,,,,,,,,,,,,,,,,,,,,
3,Aug-17,,,8,,,,,,,,,,,,,,,,,,,,
4,Sep-17,,,9,7.688,0.729,,,,,,,,,,,,,,,,,,
3,Sep-17,,,9,7.234,0.981,7.461,0.855,0.1145958986731,0.876617830647544,2.94681797543923,,,,,,,,,,,,-0.432039644448479,13.0822406441639
4,Oct-17,,,10,3.287,0.042,,,,,,,,,,,,,,,,,,
3,Oct-17,,,10,4.769,0.076,4.028,0.059,0.0146474677259186,-0.71771906846337,2.22909890697586,,,,,,,,,,,,-0.773041639924242,12.3091990042396
4,Nov-17,,,11,,,,,,,,,,,,,,,,,,,,
3,Nov-17,,,11,,,,,,,,,,,,,,,,,,,,
4,Dec-17,,,12,6.294,0.011,,,,,,,,,,,,,,,,,,
3,Dec-17,,,12,9.395,0.018,7.845,0.015,0.00184842883548983,-0.921884154225945,1.30721475274991,,,,,,,,,,,,-0.393946354246045,11.9152526499936
4,Jan-18,,,1,3.175,0.033,,,,,,,,,,,,,,,,,,
3,Jan-18,,,1,7.515,0.043,5.345,0.038,0.00710944808231993,-0.837962505505051,0.469252247244863,,,,,,,,,,,,-0.642223222201673,11.2730294277919
3,Feb-18,,,2,3.467,0.033,,,,,,,,,,,,,,,,,,
4,Feb-18,,,2,3.64,0.035,3.5535,0.034,0.00956803151822147,-0.798744178071054,-0.329491930826191,,,,,,,,,,,,-0.820174015937423,10.4528554118545
3,Mar-18,,,3,8.575,0.017,,,,,,,,,,,,,,,,,,
4,Mar-18,,,3,6.432,0.018,7.5035,0.0175,0.00233224495235557,-0.914166515437686,-1.24365844626388,,,,,,,,,,,,-0.42781809338302,10.0250373184715
3,Apr-18,,,4,5.197,0.101,,,,,,,,,,,,,,,,,,
4,Apr-18,,,4,4.839,0.036,5.018,0.0685,0.0136508569151056,-0.733616600567417,-1.97727504683129,,,,,,,,,,,,-0.674704332752379,9.35033298571908
3,May-18,,,5,30.202,1.259,,,,,,,,,,,,,,,,,,
4,May-18,,,5,36.225,1.291,33.2135,1.275,0.0383880048775347,-0.339019632896067,-2.31629467972736,,,,,,,,,,,,2.12597197468627,11.4763049604054
3,Jun-18,are these dups? Or is the,,6,7.29,1.217,,,,,,,,,,,,,,,,,,
3,Jun-18,2nd one sta 4?,,6,9.279,1.233,8.2845,1.225,0.147866497676384,1.40733695393713,-0.908957725790233,,,,,,,,,,,,-0.350240884391883,11.1260640760135
4,Jul-18,from here to Feb-19 sta #s,,7,36.166,1.209,,,,,,,,,,,,,,,,,,
3,Jul-18,transposed. Is it correct?,,7,27.066,1.309,31.616,1.259,0.0398216093117409,-0.316151355460159,-1.22510908125039,,,,,,,,,,,,1.96729131993167,13.0933553959451
4,Aug-18,,,8,8.996,2.012,,,,,,,,,,,,,,,,,,
3,Aug-18,,,8,15.891,2.355,12.4435,2.1835,0.175473138586411,1.84770691118659,0.622597829936194,,,,,,,,,,,,0.0628751363432459,13.1562305322884
4,Sep-18,,,9,12.447,0.79,,,,,,,,,,,,,,,,,,
3,Sep-18,,,9,12.887,1.406,12.667,1.098,0.0866819294229099,0.43134549615993,1.05394332609612,,,,,,,,,,,,0.0850755284168937,13.2413060607053
4,Oct-18,,,10,5.799,0.247,,,,,,,,,,,,,,,,,,
3,Oct-18,,,10,5.647,0.356,5.723,0.3015,0.0526821597064477,-0.111005063088726,0.942938263007398,,,,,,,,,,,,-0.604676250372416,12.6366298103329
4,Nov-18,,,11,3.045,0.01,,,,,,,,,,,,,,,,,,
3,Nov-18,,,11,5.355,0.016,4.2,0.013,0.0030952380952381,-0.901995557775438,0.0409427052319594,,,,,,,,,,,,-0.755956774435797,11.8806730358971
4,Dec-18,,,12,,,,,,,,,,,,,,,,,,,,
3,Dec-18,,,12,,,,,,,,,,,,,,,,,,,,
4,Jan-19,,,1,,,,,,,,,,,,,,,,,,,,
3,Jan-19,,,1,,,,,,,,,,,,,,,,,,,,
4,Feb-19,,,2,,,,,,,,,,,,,,,,,,,,
3,Feb-19,,,2,,,,,,,,,,,,,,,,,,,,
3,Mar-19,,,3,4.222,0.017,,,,,,,,,,,,,,,,,,
4,Mar-19,,,3,6.854,0.026,5.538,0.022,0.00388226796677501,-0.889441175950706,-0.848498470718746,,,,,,,,,,,,-0.623052413833824,11.2576206220632
3,Apr-19,,,4,1.816,0.089,,,,,,,,,,,,,,,,,,
4,Apr-19,,,4,4.661,0.497,3.239,0.293,0.0904739848695384,0.491834829156355,-0.356663641562392,,,,,,,,,,,,-0.85146315912847,10.4061574629348
3,May-19,,,5,7.88,0.74,,,,,,,,,,,,,,,,,,
4,May-19,,,5,7.353,1.29,7.617,1.015,0.133263309919254,1.17439281599323,0.817729174430841,,,,,,,,,,,,-0.416593734079565,9.98956372885521
3,Jun-19,,,6,9.16,1.349,,,,,,,,,,,,,,,,,,
4,Jun-19,,,6,11.101,1.531,10.131,1.440,0.142145007650165,1.31607006179837,2.13379923622921,,,,,,,,,,,,-0.166876572231016,9.8226871566242
3,Jul-19,are these dups? Or is the,,7,8.938,0.767,,,,,,,,,,,,,,,,,,
3,Jul-19,2nd one sta 4?,,7,16.071,0.718,12.505,0.743,0.0593786236954696,-0.00418578108411723,2.12961345514509,,,,,,,,,,,,0.0689343037548456,9.89162146037904
4,Aug-19,from here to Dec-19 sta #s,,8,8.671,1.424,,,,,,,,,,,,,,,,,,
3,Aug-19,transposed. Is it correct?,,8,9.99,1.169,9.331,1.297,0.138952896414983,1.26515079593208,3.39476425107717,,,,,,,,,,,,-0.246341062874945,9.6452803975041
4,Sep-19,,,9,6.004,1.031,,,,,,,,,,,,,,,,,,
3,Sep-19,,,9,7.366,1.241,6.685,1.136,0.169932685115931,1.75932784087922,5.15409209195639,,,,,,,,,,,,-0.50912020037309,9.13616019713101
4,Oct-19,,,10,3.508,0.13,,,,,,,,,,,,,,,,,,
3,Oct-19,,,10,4.067,0.146,3.788,0.138,0.0364356435643564,-0.370162910009059,4.78392918194733,,,,,,,,,,,,-0.796930652424073,8.33922954470693
4,Nov-19,,,11,,,,,,,,,,,,,,,,,,,,
3,Nov-19,,,11,,,,,,,,,,,,,,,,,,,,
4,Dec-19,,,12,5.933,0.052,,,,,,,,,,,,,,,,,,
3,Dec-19,,,12,,,5.933,0.052,0.00876453733355806,-0.811561191952012,3.97236798999532,,,,,,,,,,,,-0.583816821578384,7.75541272312855
3,Jan-20,2020,January,1,,,,,,,,,,,,,,,,,,,,
4,Jan-20,2020,January,1,,,,,,,,,,,,,,,,,,,,
3,Feb-20,2020,February,2,1.099,0.003,,,,,,,,,,,,,,,,,,
4,Feb-20,2020,February,2,2.064,0.010,1.582,0.007,0.0041100221308884,-0.885808133747532,3.08655985624778,,,,,,,,,,,,,
3,Mar-20,2020,March,3,,,,,,,,,,,,,,,,,,,,
4,Mar-20,2020,March,3,,,,,,,,,,,,,,,,,,,,
3,Apr-20,2020,April,4,,,,,,,,,,,,,,,,,,,,
4,Apr-20,2020,April,4,,,,,,,,,,,,,,,,,,,,
3,May-20,2020,May,5,,,,,,,,,,,,,,,,,,,,
4,May-20,2020,May,5,,,,,,,,,,,,,,,,,,,,
3,Jun-20,2020,June,6,7.609,1.384,,,,,,,,,,,,,,,,,,
4,Jun-20,2020,June,6,15.394,2.649,11.502,2.017,0.175324957614224,1.84534318832006,4.93190304456785,,,,,,,,,,,,,
3,Jul-20,2020,July,7,18.829,1.021,,,,,,,,,,,,,,,,,,
4,Jul-20,2020,July,7,29.629,0.899,24.229,0.96,0.0396219406496347,-0.319336389107762,4.61256665546009,,,,,,,,,,,,,
3,Aug-20,2020,August,8,18.225,0.815,,,,,,,,,,,,,,,,,,
4,Aug-20,2020,August,8,39.006,0.868,28.6155,0.8415,0.0294071394873408,-0.482278761046874,4.13028789441321,,,,,,,,,,,,,
3,Sep-20,2020,September,9,6.507,0.151,,,,,,,,,,,,,,,,,,
4,Sep-20,2020,September,9,6.900,0.623,6.7035,0.387,0.0577310360259566,-0.0304674324430359,4.09982046197018,,,,,,,,,,,,,
3,Oct-20,2020,October,10,4.202,0.059,,,,,,,,,,,,,,,,,,
4,Oct-20,2020,October,10,6.747,0.122,5.4745,0.0905,0.0165311900630195,-0.687670692503306,3.41214976946687,,,,,,,,,,,,,
3,Nov-20,2020,November,11,4.172,0.014,,,,,,,,,,,,,,,,,,
4,Nov-20,2020,November,11,7.788,0.028,5.98,0.021,0.00351170568561873,-0.895352235410743,2.51679753405613,,,,,,,,,,,,,
3,Dec-20,2020,December,12,,,,,,,,,,,,,,,,,,,,
4,Dec-20,2020,December,12,,,,,,,,,,,,,,,,,,,,
3,Jan-21,2021,January,1,,,,,,,,,,,,,,,,,,,,
4,Jan-21,2021,January,1,,,,,,,,,,,,,,,,,,,,
3,Feb-21,2021,February,2,2.474,0.026,,,,,,,,,,,,,,,,,,
4,Feb-21,2021,February,2,1.571,0.010,2.023,0.018,0.00889987639060569,-0.809402318115804,1.70739521594032,,,,,,,,,,,,,
3,Mar-21,2021,March,3,1.220,0.022,,,,,,,,,,,,,,,,,,
4,Mar-21,2021,March,3,2.097,0.009,1.659,0.016,0.00934579439252336,-0.8022892147114,0.905106001228924,,,,,,,,,,,,,
3,Apr-21,2021,April,4,1.103,0.034,,,,,,,,,,,,,,,,,,
4,Apr-21,2021,April,4,3.827,0.004,2.465,0.019,0.0077079107505071,-0.828416071353069,0.0766899298758554,,,,,,,,,,,,,
3,May-21,2021,May,5,2.650,0.593,,,,,,,,,,,,,,,,,,
4,May-21,2021,May,5,5.237,0.012,3.944,0.303,0.0767085076708508,0.272253510832953,0.348943440708809,,,,,,,,,,,,,
3,Jun-21,2021,June,6,9.424,3.060,,,,,,,,,,,,,,,,,,
4,Jun-21,2021,June,6,16.711,0.088,13.068,1.574,0.120451501817486,0.970024040941912,1.31896748165072,,,,,,,,,,,,,
3,Jul-21,2021,July,7,,,,,,,,,,,,,,,,,,,,
4,Jul-21,2021,July,7,,,,,,,,,,,,,,,,,,,,
3,Aug-21,2021,August,8,9.828,1.157,,,,,,,,,,,,,,,,,,
4,Aug-21,2021,August,8,13.459,1.151,,,,,,,,,,,,,,,,,,
3,Sep-21,2021,September,9,5.997,0.608,,,,,,,,,,,,,,,,,,
4,Sep-21,2021,September,9,7.983,1.042,,,,,,,,,,,,,,,,,,
3,Oct-21,2021,October,10,17.080,0.476,,,,,,,,,,,,,,,,,,
4,Oct-21,2021,October,10,17.717,0.506,,,,,,,,,,,,,,,,,,
3,Nov-21,2021,November,11,13.411,0.580,,,,,,,,,,,,,,,,,,
4,Nov-21,2021,November,11,13.924,0.544,,,,,,,,,,,,,,,,,,
3,Dec-21,2021,December,12,45.394,0.189,,,,,,,,,,,,,,,,,,
4,Dec-21,2021,December,12,64.753,0.361,,,,,,,,,,,,,,,,,,
3,Jan-22,2022,January,1,,,,,,,,,,,,,,,,,,,,
4,Jan-22,2022,January,1,,,,,,,,,,,,,,,,,,,,
3,Feb-22,2022,February,2,,,,,,,,,,,,,,,,,,,,
4,Feb-22,2022,February,2,,,,,,,,,,,,,,,,,,,,
3,Mar-22,2022,March,3,,,,,,,,,,,,,,,,,,,,
4,Mar-22,2022,March,3,,,,,,,,,,,,,,,,,,,,
3,Apr-22,2022,April,4,,,,,,,,,,,,,,,,,,,,
4,Apr-22,2022,April,4,,,,,,,,,,,,,,,,,,,,
3,May-22,2022,May,5,,,,,,,,,,,,,,,,,,,,
4,May-22,2022,May,5,,,,,,,,,,,,,,,,,,,,
3,Jun-22,2022,June,6,,,,,,,,,,,,,,,,,,,,
4,Jun-22,2022,June,6,,,,,,,,,,,,,,,,,,,,
3,Jul-22,2022,July,7,,,,,,,,,,,,,,,,,,,,
4,Jul-22,2022,July,7,,,,,,,,,,,,,,,,,,,,
3,Aug-22,2022,August,8,,,,,,,,,,,,,,,,,,,,
4,Aug-22,2022,August,8,,,,,,,,,,,,,,,,,,,,
3,Sep-22,2022,September,9,,,,,,,,,,,,,,,,,,,,
4,Sep-22,2022,September,9,,,,,,,,,,,,,,,,,,,,
3,Oct-22,2022,October,10,,,,,,,,,,,,,,,,,,,,
4,Oct-22,2022,October,10,,,,,,,,,,,,,,,,,,,,
3,Nov-22,2022,November,11,,,,,,,,,,,,,,,,,,,,
4,Nov-22,2022,November,11,,,,,,,,,,,,,,,,,,,,
3,Dec-22,2022,December,12,,,,,,,,,,,,,,,,,,,,
4,Dec-22,2022,December,12,,,,,,,,,,,,,,,,,,,,
3,Jan-23,2023,January,1,3.532,0.031,,,,,,,,,,,,,,,,,,
4,Jan-23,2023,January,1,3.020,0.047,3.276,0.039,0.0119047619047619,-0.761469601139437,0.557497880511283,,,,,,,,,,,,,
3,Feb-23,2023,February,2,2.027,0.022,,,,,,,,,,,,,,,,,,
4,Feb-23,2023,February,2,2.39,0.025,2.209,0.024,0.010640706361784,-0.781633303316617,-0.224135422805334,,,,,,,,,,,,,
3,Mar-23,2023,March,3,6.65,0.055,,,,,,,,,,,,,,,,,,
4,Mar-23,2023,March,3,10.439,0.088,8.545,0.072,0.00836795599508456,-0.817887296878674,-1.04202271968401,,,,,,,,,,,,,
3,Apr-23,2023,April,4,6.671,0.053,,,,,,,,,,,,,,,,,,
4,Apr-23,2023,April,4,10.95,0.062,8.811,0.058,0.0065263038420067,-0.847264586298362,-1.88928730598237,,,,,,,,,,,,,
3,May-23,2023,May,5,2.271,0.246,,,,,,,,,,,,,,,,,,
4,May-23,2023,May,5,3.111,0.466,2.691,0.356,0.132292827945002,1.15891208050985,-0.73037522547252,,,,,,,,,,,,,
3,Jun-23,2023,June,6,10.451,0.918,,,,,,,,,,,,,,,,,,
4,Jun-23,2023,June,6,10.366,0.853,10.409,0.886,0.0850746985636739,0.405707600297174,-0.324667625175347,,,,,,,,,,,,,
3,Jul-23,2023,July,7,7.263,1.357,,,,,,,,,,,,,,,,,,
4,Jul-23,2023,July,7,10.723,2.081,8.993,1.719,0.191148671188702,2.09775665988406,1.77308903470872,,,,,,,,,,,,,
3,Aug-23,2023,August,8,16.826,1.001,,,,,,,,,,,,,,,,,,
4,Aug-23,2023,August,8,33.788,1.467,25.307,1.234,0.0487612123127988,-0.173550428232784,1.59953860647593,,,,,,,,,,,,,
3,Sep-23,2023,September,9,2.583,0.140,,,,,,,,,,,,,,,,,,
4,Sep-23,2023,September,9,3.571,0.193,3.077,0.167,0.0541111472213195,-0.0882104328805451,1.51132817359539,,,,,,,,,,,,,
3,Oct-23,2023,October,10,1.594,0.083,,,,,,,,,,,,,,,,,,
4,Oct-23,2023,October,10,1.729,0.14,1.662,0.112,0.0671080349082155,0.119110656769866,1.63043883036525,,,,,,,,,,,,,
3,Nov-23,2023,November,11,0.718,0.011,,,,,,,,,,,,,,,,,,
4,Nov-23,2023,November,11,1.911,0.113,1.315,0.062,0.0471662228984405,-0.198993053523687,1.43144577684157,,,,,,,,,,,,,
3,Dec-23,2023,December,12,2.25,0.104,,,,,,,,,,,,,,,,,,
4,Dec-23,2023,December,12,2.544,0.144,2.397,0.124,0.0517313308302044,-0.126172300310648,1.30527347653092,,,,,,,,,,,,,
3,Jan-24,2024,January,1,0.794,0.011,,,,,,,,,,,,,,,,,,
4,Jan-24,2024,January,1,1.02,0.019,0.907,0.015,0.0165380374862183,-0.687561465181113,0.617712011349806,,,,,,,,,,,,,
3,Feb-24,2024,February,2,1.082,0.004,,,,,,,,,,,,,,,,,,
4,Feb-24,2024,February,2,1.197,0.004,1.140,0.004,0.00351031154014919,-0.895374474254752,-0.277662462904946,,,,,,,,,,,,,
3,Mar-24,2024,March,3,,,,,,,,,,,,,,,,,,,,
4,Mar-24,2024,March,3,,,,,,,,,,,,,,,,,,,,
3,Apr-24,2024,April,4,0.676,0.010,,,,,,,,,,,,,,,,,,
4,Apr-24,2024,April,4,5.643,0.036,3.160,0.023,0.00727963285329957,-0.835247786950009,-1.11291024985496,,,,,,,,,,,,,
3,May-24,2024,May,5,8.457,0.912,,,,,,,,,,,,,,,,,,
4,May-24,2024,May,5,8.497,1.282,8.477,1.097,0.129408989029138,1.11291024985496,0,,,,,,,,,,,,,
3,Jun-24,2024,June,6,,,,,,,,,,,,,,,,,,,,
4,Jun-24,2024,June,6,,,,,,,,,,,,,,,,,,,,
3,Jul-24,2024,July,7,,,,,,,,,,,,,,,,,,,,
4,Jul-24,2024,July,7,,,,,,,,,,,,,,,,,,,,
3,Aug-24,2024,August,8,,,,,,,,,,,,,,,,,,,,
4,Aug-24,2024,August,8,,,,,,,,,,,,,,,,,,,,
3,Sep-24,2024,September,9,,,,,,,,,,,,,,,,,,,,
4,Sep-24,2024,September,9,,,,,,,,,,,,,,,,,,,,
3,Oct-24,2024,October,10,,,,,,,,,,,,,,,,,,,,
4,Oct-24,2024,October,10,,,,,,,,,,,,,,,,,,,,
3,Nov-24,2024,November,11,,,,,,,,,,,,,,,,,,,,
4,Nov-24,2024,November,11,,,,,,,,,,,,,,,,,,,,
3,Dec-24,2024,December,12,,,,,,,,,,,,,,,,,,,,
4,Dec-24,2024,December,12,,,,,,,,,,,,,,,,,,,,
