6,1/24/1995,1995,JANUARY,1,0.14,-0.537914318,,,,,,,
15,1/24/1995,1995,JANUARY,1,0.04,-0.728495345,,,,,,,
8,1/25/1995,1995,JANUARY,1,0.14,-0.537914318,-0.601441327,,0.106666667,,,,
8,2/15/1995,1995,FEBRUARY,2,0.07,-0.671321037,,,,,,,
6,2/16/1995,1995,FEBRUARY,2,,-0.804727756,,,,,,,
15,2/16/1995,1995,FEBRUARY,2,0.04,-0.728495345,-1.102272069,-1.703713397,0.055,,,,
6,3/22/1995,1995,MARCH,3,0.08,-0.652262935,,,,,,,
15,3/22/1995,1995,MARCH,3,0.08,-0.652262935,,,,,,,
8,3/23/1995,1995,MARCH,3,0.06,-0.69037914,-0.664968336,-2.368681733,0.073333333,,,,
8,4/20/1995,1995,APRIL,4,0.07,-0.671321037,,,,,,,
6,4/25/1995,1995,APRIL,4,0.02,-0.766611551,,,,,,,
15,4/25/1995,1995,APRIL,4,0.03,-0.747553448,-0.728495345,-3.097177078,0.04,,,,
6,5/16/1995,1995,MAY,5,0.06,-0.69037914,,,,,,,
15,5/16/1995,1995,MAY,5,0.07,-0.671321037,,,,,,,
8,5/20/1995,1995,MAY,5,0.04,-0.728495345,-0.696731841,-3.793908919,0.056666667,,,,
8,6/14/1995,1995,JUNE,6,0.35,-0.137694162,,,,,,,
6,6/15/1995,1995,JUNE,6,0.13,-0.556972421,,,,,,,
15,6/15/1995,1995,JUNE,6,0.13,-0.556972421,-0.417213002,-4.211121921,0.203333333,,,,
6,7/5/1995,1995,JULY,7,0.22,-0.385449497,,,,,,,
15,7/5/1995,1995,JULY,7,0.23,-0.366391394,,,,,,,
8,7/6/1995,1995,JULY,7,0.12,-0.576030524,-0.442623805,-4.653745726,0.19,,,,
8,8/22/1995,1995,AUGUST,8,0.35,-0.137694162,,,,,,,
6,8/23/1995,1995,AUGUST,8,0.08,-0.652262935,,,,,,,
15,8/23/1995,1995,AUGUST,8,0.10,-0.614146729,-0.468034609,-5.121780334,0.176666667,,,,
6,9/20/1995,1995,SEPTEMBER,9,0.08,-0.652262935,,,,,,,
15,9/20/1995,1995,SEPTEMBER,9,0.10,-0.614146729,,,,,,,
8,9/21/1995,1995,SEPTEMBER,9,0.30,-0.232984676,-0.499798113,-5.621578447,0.16,,,,
8,10/12/1995,1995,OCTOBER,10,0.32,-0.19486847,,,,,,,
6,10/13/1995,1995,OCTOBER,10,0.10,-0.614146729,,,,,,,
15,10/13/1995,1995,OCTOBER,10,0.13,-0.556972421,-0.455329207,-6.076907654,0.183333333,,,,
15,12/6/1995,1995,DECEMBER,12,0.01,-0.785669653,,,,,,,
8,12/8/1995,1995,DECEMBER,12,0.05,-0.709437243,-0.747553448,-6.824461102,0.03,0.115909091,,,
6,1/22/1996,1996,JANUARY,1,0.14,-0.537914318,,,,,,,
15,1/22/1996,1996,JANUARY,1,0.10,-0.614146729,,,,,,,
8,1/23/1996,1996,JANUARY,1,0.14,-0.537914318,-0.563325122,-7.387786224,0.126666667,,,,
8,2/12/1996,1996,FEBRUARY,2,0.31,-0.213926573,,,,,,,
6,2/15/1996,1996,FEBRUARY,2,0.08,-0.652262935,,,,,,,
15,2/15/1996,1996,FEBRUARY,2,0.11,-0.595088627,-0.487092711,-7.874878936,0.166666667,,,,
6,3/18/1996,1996,MARCH,3,0.07,-0.671321037,,,,,,,
15,3/18/1996,1996,MARCH,3,0.13,-0.556972421,,,,,,,
8,3/19/1996,1996,MARCH,3,0.05,-0.709437243,-0.645910234,-8.520789169,0.083333333,,,,
8,4/18/1996,1996,APRIL,4,0.15,-0.518856216,,,,,,,
6,4/19/1996,1996,APRIL,4,0.08,-0.652262935,,,,,,,
15,4/19/1996,1996,APRIL,4,0.08,-0.652262935,-0.607794028,-9.128583198,0.103333333,,,,
8,5/7/1996,1996,MAY,5,0.12,-0.576030524,,,,,,,
6,5/8/1996,1996,MAY,5,0.09,-0.633204832,,,,,,,
15,5/8/1996,1996,MAY,5,0.08,-0.652262935,-0.62049943,-9.749082628,0.096666667,,,,
8,6/17/1996,1996,JUNE,6,0.41,-0.023345546,,,,,,,
6,6/20/1996,1996,JUNE,6,0.14,-0.537914318,,,,,,,
15,6/20/1996,1996,JUNE,6,0.14,-0.537914318,-0.366391394,-10.11547402,0.23,,,,
6,7/22/1996,1996,JULY,7,0.13,-0.556972421,,,,,,,
15,7/22/1996,1996,JULY,7,0.04,-0.728495345,,,,,,,
8,7/23/1996,1996,JULY,7,0.55,0.243467891,-0.347333292,-10.46280731,0.24,,,,
6,8/20/1996,1996,AUGUST,8,0.13,-0.556972421,,,,,,,
15,8/20/1996,1996,AUGUST,8,0.04,-0.728495345,,,,,,,
8,8/22/1996,1996,AUGUST,8,0.42,-0.004287443,-0.429918403,-10.89272572,0.196666667,,,,
8,9/16/1996,1996,SEPTEMBER,9,0.38,-0.080519854,,,,,,,
6,9/19/1996,1996,SEPTEMBER,9,0.21,-0.4045076,,,,,,,
15,9/19/1996,1996,SEPTEMBER,9,0.17,-0.48074001,-0.321922488,-11.21464821,0.253333333,,,,
8,10/22/1996,1996,OCTOBER,10,0.38,-0.080519854,,,,,,,
6,10/23/1996,1996,OCTOBER,10,0.06,-0.69037914,,,,,,,
15,10/23/1996,1996,OCTOBER,10,0.06,-0.69037914,-0.487092711,-11.70174092,0.166666667,,,,
6,11/13/1996,1996,NOVEMBER,11,0.14,-0.537914318,,,,,,,
15,11/13/1996,1996,NOVEMBER,11,0.12,-0.576030524,,,,,,,
8,11/14/1996,1996,NOVEMBER,11,0.27,-0.290158984,-0.468034609,-12.16977553,0.176666667,,,,
6,12/16/1996,1996,DECEMBER,12,0.09,-0.633204832,,,,,,,
8,12/18/1996,1996,DECEMBER,12,0.09,-0.633204832,,,,,,,
15,12/18/1996,1996,DECEMBER,12,0.09,-0.633204832,-0.633204832,-12.80298036,0.09,,,,
15,1/13/1997,1997,JANUARY,1,0.05,-0.709437243,,,,,,,
8,1/14/1997,1997,JANUARY,1,0.03,-0.747553448,,,,,,,
6,1/15/1997,1997,JANUARY,1,0.03,-0.747553448,-0.734848046,-13.5378284,0.036666667,,,,
8,2/10/1997,1997,FEBRUARY,2,0.09,-0.633204832,,,,,,,
6,2/12/1997,1997,FEBRUARY,2,0.06,-0.69037914,,,,,,,
15,2/12/1997,1997,FEBRUARY,2,0.09,-0.633204832,-0.652262935,-14.19009134,0.08,,,,
6,3/17/1997,1997,MARCH,3,0.04,-0.728495345,,,,,,,
15,3/17/1997,1997,MARCH,3,0.06,-0.69037914,,,,,,,
8,3/28/1997,1997,MARCH,3,0.10,-0.614146729,-0.677673738,-14.86776508,0.066666667,,,,
6,4/21/1997,1997,APRIL,4,0.08,-0.652262935,,,,,,,
15,4/21/1997,1997,APRIL,4,0.02,-0.766611551,,,,,,,
8,4/22/1997,1997,APRIL,4,0.06,-0.69037914,-0.703084542,-15.57084962,0.053333333,0.129215686,,,
8,5/20/1997,1997,MAY,5,0.15,-0.518856216,,,,,,,
6,5/22/1997,1997,MAY,5,0.06,-0.69037914,,,,,,,
15,5/22/1997,1997,MAY,5,0.05,-0.709437243,-0.639557533,-16.21040715,0.086666667,,,,
8,6/10/1997,1997,JUNE,6,0.13,-0.556972421,,,,,,,
6,6/12/1997,1997,JUNE,6,0.06,-0.69037914,,,,,,,
15,6/12/1997,1997,JUNE,6,0.23,-0.366391394,-0.537914318,-16.74832147,0.14,,,,
8,7/15/1997,1997,JULY,7,0.67,0.472165124,,,,,,,
6,7/16/1997,1997,JULY,7,0.78,0.681804253,,,,,,,
15,7/16/1997,1997,JULY,7,0.18,-0.461681908,0.23076249,-16.51755898,0.543333333,,,,
6,8/27/1997,1997,AUGUST,8,0.33,-0.175810368,,,,,,,
8,9/3/1997,1997,AUGUST,8,0.94,0.986733896,,,,,,,
15,9/8/1997,1997,AUGUST,8,0.23,-0.366391394,0.148177378,-16.3693816,0.5,,,,
15,9/22/1997,1997,SEPTEMBER,9,0.37,-0.099577957,,,,,,,
6,9/26/1997,1997,SEPTEMBER,9,0.14,-0.537914318,,,,,,,
8,9/26/1997,1997,SEPTEMBER,9,0.73,0.58651374,-0.016992845,-16.38637445,0.413333333,,,,
6,10/6/1997,1997,OCTOBER,10,0.24 ,-0.347333292,,,,,,,
15,10/6/1997,1997,OCTOBER,10,0.58 ,0.300642199,,,,,,,
8,10/8/1997,1997,OCTOBER,10,0.55 ,0.243467891,0.065592266,-16.32078218,0.456666667,0.31,,,
6,11/21/1997,1997,NOVEMBER,11,0.04 ,-0.728495345,,,,,,,
8,11/21/1997,1997,NOVEMBER,11,0.09 ,-0.633204832,,,,,,,
15,11/21/1997,1997,NOVEMBER,11,0.04 ,-0.728495345,-0.696731841,-17.01751402,0.056666667,,,,
8,12/15/1997,1997,DECEMBER,12,0.18 ,-0.461681908,,,,,,,
6,12/17/1997,1997,DECEMBER,12,0.02 ,-0.766611551,,,,,,,
15,12/17/1997,1997,DECEMBER,12,0.04 ,-0.728495345,-0.652262935,-17.66977696,0.08,,,,
8,1/21/1998,1998,JANUARY,1,0.04 ,-0.728495345,,,,,,,
6,1/22/1998,1998,JANUARY,1,0.06 ,-0.69037914,,,,,,,
15,1/22/1998,1998,JANUARY,1,0.09 ,-0.633204832,-0.684026439,-18.35380339,0.063333333,,,,
6,2/9/1998,1998,FEBRUARY,2,0.2,-0.423565702,,,,,,,
15,2/9/1998,1998,FEBRUARY,2,0.13,-0.556972421,,,,,,,
8,2/10/1998,1998,FEBRUARY,2,0.01,-0.785669653,-0.588735926,-18.94253932,0.113333333,,,,
6,3/12/1998,1998,MARCH,3,0.16,-0.499798113,,,,,,,
15,3/12/1998,1998,MARCH,3,0.13,-0.556972421,,,,,,,
8,3/16/1998,1998,MARCH,3,0.06,-0.69037914,-0.582383225,-19.52492254,0.116666667,,,,
8,4/14/1998,1998,APRIL,4,0.28,-0.271100881,,,,,,,
6,4/15/1998,1998,APRIL,4,0.04,-0.728495345,,,,,,,
15,4/15/1998,1998,APRIL,4,0.04,-0.728495345,-0.576030524,-20.10095307,0.12,,,,
6,5/19/1998,1998,MAY,5,0.08,-0.652262935,,,,,,,
15,5/19/1998,1998,MAY,5,0.03,-0.747553448,,,,,,,
8,5/20/1998,1998,MAY,5,0.13,-0.556972421,-0.652262935,-20.753216,0.08,,,,
6,6/16/1998,1998,JUNE,6,0.17,-0.48074001,,,,,,,
15,6/16/1998,1998,JUNE,6,0.08,-0.652262935,,,,,,,
8,6/17/1998,1998,JUNE,6,0.45,0.052886865,-0.360038693,-21.1132547,0.233333333,,,,
8,7/7/1998,1998,JULY,7,1.14,1.36789595,,,,,,,
6,7/9/1998,1998,JULY,7,0.24,-0.347333292,,,,,,,
15,7/9/1998,1998,JULY,7,0.49,0.129119275,0.383227311,-20.73002739,0.623333333,,,,
6,8/11/1998,1998,AUGUST,8,0.47,0.09100307,,,,,,,
15,8/11/1998,1998,AUGUST,8,0.21,-0.4045076,,,,,,,
8,8/12/1998,1998,AUGUST,8,1.49,2.034929543,0.573808338,-20.15621905,0.723333333,,,,
8,9/16/1998,1998,SEPTEMBER,9,1.22,1.520360771,,,,,,,
6,9/17/1998,1998,SEPTEMBER,9,0.1,-0.614146729,,,,,,,
15,9/17/1998,1998,SEPTEMBER,9,0.14,-0.537914318,0.122766574,-20.03345247,0.486666667,,,,
6,10/12/1998,1998,OCTOBER,10,0.07,-0.671321037,,,,,,,
15,10/12/1998,1998,OCTOBER,10,0.45,0.052886865,,,,,,,
8,10/13/1998,1998,OCTOBER,10,0.96,1.024850101,0.135471976,-19.8979805,0.493333333,,,,
6,11/16/1998,1998,NOVEMBER,11,0.12,-0.576030524,,,,,,,
15,11/16/1998,1998,NOVEMBER,11,0.08,-0.652262935,,,,,,,
8,11/19/1998,1998,NOVEMBER,11,0.71,0.548397534,-0.226631975,-20.12461247,0.303333333,,,,
8,12/15/1998,1998,DECEMBER,12,0.32,-0.19486847,,,,,,,
6,12/16/1998,1998,DECEMBER,12,0.05,-0.709437243,,,,,,,
15,12/16/1998,1998,DECEMBER,12,0.13,-0.556972421,-0.487092711,-20.61170518,0.166666667,,,,
8,1/19/1999,1999,JANUARY,1,0.13,-0.556972421,,,,,,,
6,1/20/1999,1999,JANUARY,1,0.06,-0.69037914,,,,,,,
15,1/20/1999,1999,JANUARY,1,0.04,-0.728495345,-0.658615635,-21.27032082,0.076666667,,,,
6,2/16/1999,1999,FEBRUARY,2,0.01 ,-0.788528369,,,,,,,
15,2/16/1999,1999,FEBRUARY,2,0.09,-0.633204832,,,,,,,
8,2/17/1999,1999,FEBRUARY,2,0.1,-0.614146729,-0.678626643,-21.94894746,0.066166667,,,,
6,3/16/1999,1999,MARCH,3,0.05,-0.709437243,,,,,,,
15,3/16/1999,1999,MARCH,3,0.11,-0.595088627,,,,,,,
8,3/18/1999,1999,MARCH,3,0.06,-0.69037914,-0.664968336,-22.6139158,0.073333333,,,,
6,4/13/1999,1999,APRIL,4,0.04,-0.728495345,,,,,,,
15,4/13/1999,1999,APRIL,4,0.03,-0.747553448,,,,,,,
8,4/14/1999,1999,APRIL,4,0.42,-0.004287443,-0.493445412,-23.10736121,0.163333333,,,,
6,5/17/1999,1999,MAY,5,0.1,-0.614146729,,,,,,,
15,5/17/1999,1999,MAY,5,0.14,-0.537914318,,,,,,,
8,5/18/1999,1999,MAY,5,0.34,-0.156752265,-0.436271104,-23.54363231,0.193333333,,,,
8,6/16/1999,1999,JUNE,6,0.7,0.529339432,,,,,,,
6,6/22/1999,1999,JUNE,6,0.31,-0.213926573,,,,,,,
15,6/22/1999,1999,JUNE,6,0.07,-0.671321037,-0.11863606,-23.66226837,0.36,,,,
8,7/15/1999,1999,JULY,7,1.14,1.36789595,,,,,,,
6,7/17/1999,1999,JULY,7,0.46,0.071944967,,,,,,,
15,7/17/1999,1999,JULY,7,0.37,-0.099577957,0.44675432,-23.21551405,0.656666667,,,,
6,8/17/1999,1999,AUGUST,8,0.03,-0.747553448,,,,,,,
15,8/17/1999,1999,AUGUST,8,1.02,1.139198717,,,,,,,
8,8/19/1999,1999,AUGUST,8,1.82,2.663846932,1.0184974,-22.19701665,0.956666667,,,,
8,9/14/1999,1999,SEPTEMBER,9,1,1.101082512,,,,,,,
6,9/20/1999,1999,SEPTEMBER,9,0.005,-0.795198705,,,,,,,
15,9/20/1999,1999,SEPTEMBER,9,0.005,-0.795198705,-0.163104966,-22.36012162,0.336666667,0.34,,,
6,10/12/1999,1999,OCTOBER,10,0.005,-0.795198705,,,,,,,
15,10/12/1999,1999,OCTOBER,10,0.02,-0.766611551,,,,,,,
8,10/13/1999,1999,OCTOBER,10,0.5,0.148177378,-0.471210959,-22.83133258,0.175,,,,
6,11/8/1999,1999,NOVEMBER,11,0.14 ,-0.537914318,,,,,,,
15,11/8/1999,1999,NOVEMBER,11,0.30 ,-0.232984676,,,,,,,
8,11/9/1999,1999,NOVEMBER,11,0.50 ,0.148177378,-0.207573872,-23.03890645,0.313333333,,,,
6,12/7/1999,1999,DECEMBER,12,0.35 ,-0.137694162,,,,,,,
15,12/7/1999,1999,DECEMBER,12,0.12 ,-0.576030524,,,,,,,
8,12/8/1999,1999,DECEMBER,12,0.24 ,-0.347333292,-0.353685993,-23.39259244,0.236666667,,,,
6,1/5/2000,2000,JANUARY,1,0.15 ,-0.518856216,,,,,,,
15,1/5/2000,2000,JANUARY,1,0.27 ,-0.290158984,,,,,,,
8,1/6/2000,2000,JANUARY,1,0.40 ,-0.042403649,-0.283806283,-23.67639873,0.273333333,,,,
8,2/22/2000,2000,FEBRUARY,2,0.01 ,-0.795198705,,,,,,,
6,2/23/2000,2000,FEBRUARY,2,0.42 ,-0.004287443,,,,,,,
15,2/23/2000,2000,FEBRUARY,2,0.04 ,-0.728495345,-0.509327164,-24.18572589,0.155,,,,
6,3/13/2000,2000,MARCH,3,0.44,0.033828762,,,,,,,
15,3/13/2000,2000,MARCH,3,0.98,1.062966307,,,,,,,
8,3/14/2000,2000,MARCH,3,0.17,-0.48074001,0.205351686,-23.9803742,0.53,,,,
8,4/10/2000,2000,APRIL,4,0.23 ,-0.366391394,,,,,,,
6,4/11/2000,2000,APRIL,4,0.10 ,-0.614146729,,,,,,,
15,4/11/2000,2000,APRIL,4,0.04 ,-0.728495345,-0.569677823,-24.55005203,0.123333333,,,,
6,5/16/2000,2000,MAY,5,0.16 ,-0.499798113,,,,,,,
15,5/16/2000,2000,MAY,5,0.01 ,-0.785669653,,,,,,,
8,5/17/2000,2000,MAY,5,0.40 ,-0.042403649,-0.442623805,-24.99267583,0.19,,,,
6,6/13/2000,2000,JUNE,6,0.10 ,-0.614146729,,,,,,,
15,6/13/2000,2000,JUNE,6,0.16 ,-0.499798113,,,,,,,
8,6/15/2000,2000,JUNE,6,0.64 ,0.414990816,-0.232984676,-25.22566051,0.3,,,,
6,7/11/2000,2000,JULY,7,0.35 ,-0.137694162,,,,,,,
15,7/11/2000,2000,JULY,7,0.01 ,-0.785669653,,,,,,,
8,7/12/2000,2000,JULY,7,0.84 ,0.796152869,-0.042403649,-25.26806416,0.4,,,,
6,8/15/2000,2000,AUGUST,8,0.01 ,-0.785669653,,,,,,,
15,8/15/2000,2000,AUGUST,8,0.23 ,-0.366391394,,,,,,,
8,8/17/2000,2000,AUGUST,8,0.52 ,0.186293583,-0.321922488,-25.58998664,0.253333333,,,,
6,9/12/2000,2000,SEPTEMBER,9,0.01 ,-0.785669653,,,,,,,
15,9/12/2000,2000,SEPTEMBER,9,0.20 ,-0.423565702,,,,,,,
8,9/14/2000,2000,SEPTEMBER,9,1.33 ,1.7299999,0.173588182,-25.41639846,0.513333333,,,,
8,10/16/2000,2000,OCTOBER,10,0.75 ,0.624629945,,,,,,,
6,10/18/2000,2000,OCTOBER,10,0.09 ,-0.633204832,,,,,,,
15,10/18/2000,2000,OCTOBER,10,0.14 ,-0.537914318,-0.182163068,-25.59856153,0.326666667,,,,
6,11/15/2000,2000,NOVEMBER,11,0.29 ,-0.252042778,,,,,,,
15,11/15/2000,2000,NOVEMBER,11,0.26 ,-0.309217086,,,,,,,
8,11/16/2000,2000,NOVEMBER,11,0.42 ,-0.004287443,-0.188515769,-25.7870773,0.323333333,,,,
6,12/11/2000,2000,DECEMBER,12,0.14 ,-0.537914318,,,,,,,
15,12/11/2000,2000,DECEMBER,12,0.26 ,-0.309217086,,,,,,,
8,12/13/2000,2000,DECEMBER,12,0.31 ,-0.213926573,-0.353685993,-26.14076329,0.236666667,0.32,,,
6,1/10/2001,2001,JANUARY,1,,,,,,,,,
15,1/10/2001,2001,JANUARY,1,,,,,,,,,
8,1/11/2001,2001,JANUARY,1,,,,,,,,,
6,2/6/2001,2001,FEBRUARY,2,,,,,,,,,
15,2/6/2001,2001,FEBRUARY,2,,,,,,,,,
8,2/7/2001,2001,FEBRUARY,2,,,,,,,,,
8,3/12/2001,2001,MARCH,3,0.01 ,-0.785669653,,,,,,,
15,3/14/2001,2001,MARCH,3,1.31 ,1.691883695,,,,,,,
6,3/15/2001,2001,MARCH,3,0.01 ,-0.785669653,0.040181463,-26.10058183,0.443333333,,,,
15,4/16/2001,2001,APRIL,4,0.64 ,0.414990816,,,,,,,
8,4/17/2001,2001,APRIL,4,1.98 ,2.968776575,,,,,,,
6,4/19/2001,2001,APRIL,4,0.37 ,-0.099577957,1.094729811,-25.00585202,0.996666667,,,,
8,5/14/2001,2001,MAY,5,1.05 ,1.196373025,,,,,,,
6,5/15/2001,2001,MAY,5,0.01 ,-0.785669653,,,,,,,
15,5/15/2001,2001,MAY,5,0.01 ,-0.785669653,-0.12498876,-25.13084078,0.356666667,,,,
8,6/12/2001,2001,JUNE,6,1.95 ,2.911602267,,,,,,,
6,6/13/2001,2001,JUNE,6,0.06 ,-0.69037914,,,,,,,
15,6/13/2001,2001,JUNE,6,2.77 ,4.474366686,2.231863271,-22.89897751,1.593333333,,,,
8,7/18/2001,2001,JULY,7,1.93 ,2.873486061,,,,,,,
6,7/20/2001,2001,JULY,7,0.25 ,-0.328275189,,,,,,,
15,7/20/2001,2001,JULY,7,0.76 ,0.643688048,1.062966307,-21.8360112,0.98,,,,
8,8/14/2001,2001,AUGUST,8,2.18 ,3.349938628,,,,,,,
6,8/15/2001,2001,AUGUST,8,0.19 ,-0.442623805,,,,,,,
15,8/15/2001,2001,AUGUST,8,0.30 ,-0.232984676,0.891443383,-20.94456782,0.89,,,,
8,9/11/2001,2001,SEPTEMBER,9,2.45 ,3.864507401,,,,,,,
15,9/11/2001,2001,SEPTEMBER,9,0.47 ,0.09100307,,,,,,,
6,9/18/2001,2001,SEPTEMBER,9,0.12 ,-0.576030524,1.126493316,-19.8180745,1.013333333,,,,
6,10/16/2001,2001,OCTOBER,10,0.23 ,-0.366391394,,,,,,,
15,10/16/2001,2001,OCTOBER,10,0.26 ,-0.309217086,,,,,,,
8,10/18/2001,2001,OCTOBER,10,1.55 ,2.149278159,0.491223226,-19.32685128,0.68,,,,
6,11/6/2001,2001,NOVEMBER,11,3.76 ,6.361118852,,,,,,,
15,11/6/2001,2001,NOVEMBER,11,0.36 ,-0.11863606,,,,,,,
8,11/7/2001,2001,NOVEMBER,11,4.29 ,7.371198294,4.537893695,-14.78895758,2.803333333,,,,
6,12/4/2001,2001,DECEMBER,12,0.56 ,0.262525994,,,,,,,
15,12/4/2001,2001,DECEMBER,12,0.55 ,0.243467891,,,,,,,
8,12/5/2001,2001,DECEMBER,12,0.47 ,0.09100307,0.198998985,-14.5899586,0.526666667,,,,
6,1/15/2002,2002,JANUARY,1,0.01 ,-0.785669653,,,,,,,
15,1/15/2002,2002,JANUARY,1,0.47 ,0.09100307,,,,,,,
8,1/16/2002,2002,JANUARY,1,1.16 ,1.406012155,0.237115191,-14.35284341,0.546666667,,,,
8,2/14/2002,2002,FEBRUARY,2,2.61 ,4.169437044,,,,,,,
6,2/19/2002,2002,FEBRUARY,2,0.08 ,-0.652262935,,,,,,,
15,2/19/2002,2002,FEBRUARY,2,0.01 ,-0.785669653,0.910501485,-13.44234192,0.9,,,,
6,3/19/2002,2002,MARCH,3,0.08 ,-0.652262935,,,,,,,
8,3/21/2002,2002,MARCH,3,2.61 ,4.169437044,,,,,,,
15,3/21/2002,2002,MARCH,3,0.01 ,-0.785669653,0.910501485,-12.53184044,0.9,,,,
6,4/16/2002,2002,APRIL,4,0.01 ,-0.785669653,,,,,,,
15,4/16/2002,2002,APRIL,4,0.01 ,-0.785669653,,,,,,,
8,4/17/2002,2002,APRIL,4,0.62 ,0.37687461,-0.398154899,-12.92999534,0.213333333,,,,
6,5/16/2002,2002,MAY,5,0.02 ,-0.766611551,,,,,,,
8,5/16/2002,2002,MAY,5,0.74 ,0.605571842,,,,,,,
15,5/16/2002,2002,MAY,5,0.10 ,-0.614146729,-0.258395479,-13.18839081,0.286666667,,,,
6,6/12/2002,2002,JUNE,6,0.04 ,-0.728495345,,,,,,,
15,6/12/2002,2002,JUNE,6,0.12 ,-0.576030524,,,,,,,
8,6/13/2002,2002,JUNE,6,1.30 ,1.672825592,0.122766574,-13.06562424,0.486666667,,,,
8,7/16/2002,2002,JULY,7,1.85 ,2.72102124,,,,,,,
6,7/17/2002,2002,JULY,7,0.22 ,-0.385449497,,,,,,,
15,7/17/2002,2002,JULY,7,0.50 ,0.148177378,0.827916374,-12.23770787,0.856666667,,,,
8,8/13/2002,2002,AUGUST,8,1.74 ,2.51138211,,,,,,,
6,8/14/2002,2002,AUGUST,8,2.02 ,3.045008985,,,,,,,
15,8/14/2002,2002,AUGUST,8,2.24 ,3.464287244,3.00689278,-9.230815086,2,0.94,,,
6,9/18/2002,2002,SEPTEMBER,9,0.26 ,-0.309217086,,,,,,,
15,9/18/2002,2002,SEPTEMBER,9,0.46 ,0.071944967,,,,,,,
8,9/19/2002,2002,SEPTEMBER,9,2.37 ,3.712042579,1.15825682,-8.072558266,1.03,,,,
6,10/15/2002,2002,OCTOBER,10,0.53 ,0.205351686,,,,,,,
8,10/17/2002,2002,OCTOBER,10,0.99 ,1.082024409,,,,,,,
15,10/17/2002,2002,OCTOBER,10,0.22 ,-0.385449497,0.300642199,-7.771916067,0.58,,,,
8,11/14/2002,2002,NOVEMBER,11,0.67 ,0.472165124,,,,,,,
15,11/14/2002,2002,NOVEMBER,11,0.19 ,-0.442623805,,,,,,,
6,11/15/2002,2002,NOVEMBER,11,0.11 ,-0.595088627,-0.188515769,-7.960431836,0.323333333,,,,
8,12/18/2002,2002,DECEMBER,12,0.32 ,-0.19486847,,,,,,,
15,12/18/2002,2002,DECEMBER,12,0.21 ,-0.4045076,,,,,,,
6,12/19/2002,2002,DECEMBER,12,0.26 ,-0.309217086,-0.302864385,-8.263296221,0.263333333,,,,
6,1/14/2003,2003,JANUARY,1,0.33 ,-0.175810368,,,,,,,
8,1/15/2003,2003,JANUARY,1,0.11 ,-0.595088627,,,,,,,
15,1/15/2003,2003,JANUARY,1,0.01 ,-0.785669653,-0.518856216,-8.782152437,0.15,,,,
8,2/11/2003,2003,FEBRUARY,2,0.10 ,-0.614146729,,,,,,,
15,2/11/2003,2003,FEBRUARY,2,0.08 ,-0.652262935,,,,,,,
6,2/13/2003,2003,FEBRUARY,2,0.57 ,0.281584097,-0.328275189,-9.110427626,0.25,,,,
8,3/11/2003,2003,MARCH,3,0.12 ,-0.576030524,,,,,,,
6,3/12/2003,2003,MARCH,3,0.09 ,-0.633204832,,,,,,,
15,3/12/2003,2003,MARCH,3,0.10 ,-0.614146729,-0.607794028,-9.718221655,0.103333333,,,,
6,4/15/2003,2003,APRIL,4,0.15 ,-0.518856216,,,,,,,
15,4/15/2003,2003,APRIL,4,0.08 ,-0.652262935,,,,,,,
8,4/16/2003,2003,APRIL,4,0.27 ,-0.290158984,-0.487092711,-10.20531437,0.166666667,,,,
8,5/15/2003,2003,MAY,5,0.34 ,-0.156752265,,,,,,,
6,5/20/2003,2003,MAY,5,0.08 ,-0.652262935,,,,,,,
15,5/20/2003,2003,MAY,5,0.06 ,-0.69037914,-0.499798113,-10.70511248,0.16,,,,
8,6/18/2003,2003,JUNE,6,0.86 ,0.834269075,,,,,,,
15,6/18/2003,2003,JUNE,6,0.62 ,0.37687461,,,,,,,
6,6/20/2003,2003,JUNE,6,0.25 ,-0.328275189,0.294289499,-10.41082298,0.576666667,,,,
8,7/16/2003,2003,JULY,7,3.02 ,4.950819253,,,,,,,
6,7/17/2003,2003,JULY,7,0.54 ,0.224409789,,,,,,,
15,7/17/2003,2003,JULY,7,0.33 ,-0.175810368,1.666472892,-8.744350089,1.296666667,,,,
8,8/13/2003,2003,AUGUST,8,1.74 ,2.51138211,,,,,,,
6,8/14/2003,2003,AUGUST,8,0.21 ,-0.4045076,,,,,,,
15,8/14/2003,2003,AUGUST,8,0.25 ,-0.328275189,0.592866441,-8.151483648,0.733333333,,,,
8,9/22/2003,2003,SEPTEMBER,9,0.91 ,0.929559588,,,,,,,
15,9/22/2003,2003,SEPTEMBER,9,0.29 ,-0.252042778,,,,,,,
6,9/24/2003,2003,SEPTEMBER,9,0.58 ,0.300642199,0.326053003,-7.825430645,0.593333333,,,,
6,10/16/2003,2003,OCTOBER,10,0.52 ,0.186293583,,,,,,,
8,10/16/2003,2003,OCTOBER,10,0.86 ,0.834269075,,,,,,,
15,10/16/2003,2003,OCTOBER,10,0.38 ,-0.080519854,0.313347601,-7.512083044,0.586666667,,,,
8,11/17/2003,2003,NOVEMBER,11,0.59 ,0.319700302,,,,,,,
15,11/17/2003,2003,NOVEMBER,11,0.30 ,-0.232984676,,,,,,,
6,11/18/2003,2003,NOVEMBER,11,0.05 ,-0.709437243,-0.207573872,-7.719656916,0.313333333,,,,
8,12/16/2003,2003,DECEMBER,12,0.16 ,-0.499798113,,,,,,,
15,12/16/2003,2003,DECEMBER,12,0.09 ,-0.633204832,,,,,,,
6,12/18/2003,2003,DECEMBER,12,0.31 ,-0.213926573,-0.448976506,-8.168633422,0.186666667,,,,
6,1/13/2004,2004,JANUARY,1,0.25 ,-0.328275189,,,,,,,
8,,2004,JANUARY,1,,,,,,,,,
15,,2004,JANUARY,1,,,-0.328275189,-8.496908611,0.25,,,,
8,2/9/2004,2004,FEBRUARY,2,0.15 ,-0.518856216,,,,,,,
15,2/9/2004,2004,FEBRUARY,2,0.02 ,-0.766611551,,,,,,,
6,2/10/2004,2004,FEBRUARY,2,0.11 ,-0.595088627,-0.626852131,-9.123760742,0.093333333,,,,
8,3/15/2004,2004,MARCH,3,0.11 ,-0.595088627,,,,,,,
6,3/17/2004,2004,MARCH,3,0.09 ,-0.633204832,,,,,,,
15,3/17/2004,2004,MARCH,3,0.50 ,0.148177378,-0.360038693,-9.483799436,0.233333333,,,,
8,4/16/2004,2004,APRIL,4,0.17,-0.48074001,,,,,,,
6,4/17/2004,2004,APRIL,4,0.41,-0.023345546,,,,,,,
15,4/17/2004,2004,APRIL,4,0.28,-0.271100881,-0.258395479,-9.742194915,0.286666667,0.48,,,
8,5/10/2004,2004,MAY,5,0.79 ,0.700862356,,,,,,,
6,5/11/2004,2004,MAY,5,0.36 ,-0.11863606,,,,,,,
15,5/11/2004,2004,MAY,5,0.33 ,-0.175810368,0.135471976,-9.606722938,0.493333333,,,,
6,6/15/2004,2004,JUNE,6,0.20 ,-0.423565702,,,,,,,
15,6/17/2004,2004,JUNE,6,0.77 ,0.66274615,,,,,,,
8,6/22/2004,2004,JUNE,6,1.79 ,2.606672624,0.948617691,-8.658105248,0.92,,,,
6,7/13/2004,2004,JULY,7,0.75 ,0.624629945,,,,,,,
8,7/14/2004,2004,JULY,7,1.69 ,2.416091597,,,,,,,
15,7/14/2004,2004,JULY,7,0.49 ,0.129119275,1.056613606,-7.601491642,0.976666667,,,,
6,8/18/2004,2004,AUGUST,8,0.21 ,-0.4045076,,,,,,,
8,8/19/2004,2004,AUGUST,8,1.73 ,2.492324008,,,,,,,
15,8/19/2004,2004,AUGUST,8,0.43 ,0.014770659,0.700862356,-6.900629286,0.79,,,,
6,9/14/2004,2004,SEPTEMBER,9,0.69 ,0.510281329,,,,,,,
8,9/16/2004,2004,SEPTEMBER,9,1.82 ,2.663846932,,,,,,,
15,9/16/2004,2004,SEPTEMBER,9,0.41 ,-0.023345546,1.050260905,-5.850368381,0.973333333,,,,
6,10/13/2004,2004,OCTOBER,10,0.08 ,-0.652262935,,,,,,,
15,10/13/2004,2004,OCTOBER,10,0.15 ,-0.518856216,,,,,,,
8,10/14/2004,2004,OCTOBER,10,0.84 ,0.796152869,-0.12498876,-5.975357142,0.356666667,,,,
6,11/16/2004,2004,NOVEMBER,11,0.14 ,-0.537914318,,,,,,,
15,11/16/2004,2004,NOVEMBER,11,0.15 ,-0.518856216,,,,,,,
8,11/18/2004,2004,NOVEMBER,11,0.21 ,-0.4045076,-0.487092711,-6.462449853,0.166666667,,,,
6,12/16/2004,2004,DECEMBER,12,0.15 ,-0.518856216,,,,,,,
8,12/16/2004,2004,DECEMBER,12,0.40 ,-0.042403649,,,,,,,
15,12/16/2004,2004,DECEMBER,12,0.13 ,-0.556972421,-0.372744095,-6.835193948,0.226666667,,,,
6,1/11/2005,2005,JANUARY,1,,,,,,,,,
15,1/11/2005,2005,JANUARY,1,,,,,,,,,
8,1/12/2005,2005,JANUARY,1,,,,,,,,,
8,2/15/2005,2005,FEBRUARY,2,0.15 ,-0.518856216,,,,,,,
15,2/15/2005,2005,FEBRUARY,2,0.11 ,-0.595088627,,,,,,,
6,2/16/2005,2005,FEBRUARY,2,0.22 ,-0.385449497,-0.499798113,-7.334992062,0.16,,,,
8,3/16/2005,2005,MARCH,3,0.11 ,-0.595088627,,,,,,,
15,3/16/2005,2005,MARCH,3,0.16 ,-0.499798113,,,,,,,
6,3/17/2005,2005,MARCH,3,0.12 ,-0.576030524,-0.556972421,-7.891964483,0.13,,,,
6,4/27/2005,2005,APRIL,4,0.41 ,-0.023345546,,,,,,,
15,4/27/2005,2005,APRIL,4,0.30 ,-0.232984676,,,,,,,
8,4/28/2005,2005,APRIL,4,0.50 ,0.148177378,-0.036050948,-7.928015431,0.403333333,,,,
8,5/16/2005,2005,MAY,5,0.87 ,0.853327177,,,,,,,
15,5/16/2005,2005,MAY,5,0.75 ,0.624629945,,,,,,,
6,5/18/2005,2005,MAY,5,0.62 ,0.37687461,0.618277244,-7.309738187,0.746666667,,,,
6,6/15/2005,2005,JUNE,6,0.47 ,0.09100307,,,,,,,
8,6/22/2005,2005,JUNE,6,1.39 ,1.844348517,,,,,,,
15,6/22/2005,2005,JUNE,6,0.36 ,-0.11863606,0.605571842,-6.704166344,0.74,,,,
8,7/13/2005,2005,JULY,7,2.24 ,3.464287244,,,,,,,
15,7/13/2005,2005,JULY,7,0.34 ,-0.156752265,,,,,,,
6,7/14/2005,2005,JULY,7,0.27 ,-0.290158984,1.005791999,-5.698374346,0.95,0.55,,,
6,8/23/2005,2005,AUGUST,8,0.22 ,-0.385449497,,,,,,,
8,8/23/2005,2005,AUGUST,8,0.98 ,1.062966307,,,,,,,
15,8/23/2005,2005,AUGUST,8,0.32 ,-0.19486847,0.16088278,-5.537491566,0.506666667,,,,
6,9/13/2005,2005,SEPTEMBER,9,0.13 ,-0.556972421,,,,,,,
8,9/14/2005,2005,SEPTEMBER,9,1.79 ,2.606672624,,,,,,,
15,9/14/2005,2005,SEPTEMBER,9,2.16 ,3.311822423,1.787174209,-3.750317357,1.36,,,,
6,10/11/2005,2005,OCTOBER,10,1.91 ,2.835369856,,,,,,,
15,10/12/2005,2005,OCTOBER,10,2.38 ,3.731100682,,,,,,,
8,10/17/2005,2005,OCTOBER,10,1.73 ,2.492324008,3.019598182,-0.730719175,2.006666667,,,,
8,11/14/2005,2005,NOVEMBER,11,1.18 ,1.44412836,,,,,,,
15,11/14/2005,2005,NOVEMBER,11,0.37 ,-0.099577957,,,,,,,
6,11/15/2005,2005,NOVEMBER,11,0.10 ,-0.614146729,0.243467891,-0.487251284,0.55,,,,
8,12/20/2005,2005,DECEMBER,12,0.44 ,0.033828762,,,,,,,
15,12/20/2005,2005,DECEMBER,12,0.38 ,-0.080519854,,,,,,,
6,12/21/2005,2005,DECEMBER,12,1.02 ,1.139198717,0.364169208,-0.123082076,0.613333333,,,,
6,1/17/2006,2006,JANUARY,1,0.28 ,-0.271100881,,,,,,,
15,1/20/2006,2006,JANUARY,1,0.21 ,-0.4045076,,,,,,,
8,1/23/2006,2006,JANUARY,1,0.30 ,-0.232984676,-0.302864385,-0.425946461,0.263333333,,,,
6,2/14/2006,2006,February,2,0.18 ,-0.461681908,,,,,,,
8,2/15/2006,2006,February,2,0.21 ,-0.4045076,,,,,,,
15,2/15/2006,2006,February,2,0.12 ,-0.576030524,-0.48074001,-0.906686471,0.17,,,,
6,3/13/2006,2006,March,3,0.80 ,0.719920458,,,,,,,
8,3/16/2006,2006,March,3,0.43 ,0.014770659,,,,,,,
15,3/16/2006,2006,March,3,0.20 ,-0.423565702,0.103708472,-0.802978,0.476666667,,,,
6,4/18/2006,2006,April,4,0.37 ,-0.099577957,,,,,,,
8,4/19/2006,2006,April,4,0.76 ,0.643688048,,,,,,,
15,4/19/2006,2006,April,4,0.17 ,-0.48074001,0.02112336,-0.78185464,0.433333333,,,,
6,5/15/2006,2006,May,5,0.35 ,-0.137694162,,,,,,,
8,5/16/2006,2006,May,5,0.58 ,0.300642199,,,,,,,
15,5/16/2006,2006,May,5,0.38 ,-0.080519854,0.027476061,-0.754378579,0.436666667,,,,
6,6/15/2006,2006,June,6,0.97 ,1.043908204,,,,,,,
8,6/16/2006,2006,June,6,0.61 ,0.357816507,,,,,,,
15,6/16/2006,2006,June,6,0.48 ,0.110061173,0.503928628,-0.25044995,0.686666667,,,,
8,7/17/2006,2006,July,7,2.64 ,4.226611352,,,,,,,
15,7/17/2006,2006,July,7,1.66 ,2.358917289,,,,,,,
6,7/18/2006,2006,July,7,0.95 ,1.005791999,2.530440213,2.279990263,1.75,,,,
8,8/23/2006,2006,August,8,3.01 ,4.931761151,,,,,,,
15,8/23/2006,2006,August,8,1.41 ,1.882464722,,,,,,,
6,8/24/2006,2006,August,8,0.62 ,0.37687461,2.397033494,4.677023757,1.68,0.71,,,
6,9/12/2006,2006,Septemeber,9,0.45 ,0.052886865,,,,,,,
8,9/15/2006,2006,Septemeber,9,1.17 ,1.425070258,,,,,,,
15,9/15/2006,2006,Septemeber,9,0.47 ,0.09100307,0.522986731,5.200010488,0.696666667,,,,
8,10/16/2006,2006,October,10,1.20,1.482244566,,,,,,,
15,10/16/2006,2006,October,10,0.02,-0.766611551,,,,,,,
6,10/18/2006,2006,October,10,0.41,-0.023345546,0.23076249,5.430772977,0.543333333,,,,
6,11/14/2006,2006,November,11,0.10,-0.614146729,,,,,,,
8,11/20/2006,2006,November,11,0.76,0.643688048,,,,,,,
15,11/20/2006,2006,November,11,0.21,-0.4045076,-0.12498876,5.305784217,0.356666667,,,,
8,12/11/2006,2006,December,12,0.10,-0.614146729,,,,,,,
15,12/11/2006,2006,December,12,0.62,0.37687461,,,,,,,
6,12/12/2006,2006,December,12,0.06,-0.69037914,-0.309217086,4.99656713,0.26,,,,
6,1/18/2007,2007,January,1,0.10,-0.614146729,,,,,,,
8,1/18/2007,2007,January,1,0.29,-0.252042778,,,,,,,
15,1/18/2007,2007,January,1,0.10,-0.614146729,-0.493445412,4.503121718,0.163333333,,,,
6,2/21/2007,2007,February,2,0.14,-0.537914318,,,,,,,
8,2/22/2007,2007,February,2,0.49,0.129119275,,,,,,,
15,2/22/2007,2007,February,2,0.26,-0.309217086,-0.239337376,4.263784342,0.296666667,,,,
8,3/12/2007,2007,March,3,0.20,-0.423565702,,,,,,,
15,3/12/2007,2007,March,3,0.12,-0.576030524,,,,,,,
6,3/13/2007,2007,March,3,0.12,-0.576030524,-0.525208917,3.738575425,0.146666667,,,,
6,4/18/2007,2007,April,4,0.33,-0.175810368,,,,,,,
8,4/19/2007,2007,April,4,0.24,-0.347333292,,,,,,,
15,4/19/2007,2007,April,4,0.31,-0.213926573,-0.245690077,3.492885348,0.293333333,0.49,,,
8,5/14/2007,2007,May,5,0.32,-0.19486847,,,,,,,
15,5/14/2007,2007,May,5,0.20,-0.423565702,,,,,,,
6,5/15/2007,2007,May,5,0.24,-0.347333292,-0.321922488,3.17096286,0.253333333,,,,
6,6/13/2007,2007,June,6,0.84,0.796152869,,,,,,,
8,6/15/2007,2007,June,6,0.79,0.700862356,,,,,,,
15,6/15/2007,2007,June,6,1.1,1.291663539,0.929559588,4.100522448,0.91,,,,
8,7/16/2007,2007,July,7,1.96,2.930660369,,,,,,,
15,7/16/2007,2007,July,7,0.73,0.58651374,,,,,,,
6,7/17/2007,2007,July,7,0.76,0.643688048,1.386954052,5.4874765,1.15,,,,
6,8/14/2007,2007,August,8,0.73,0.58651374,,,,,,,
8,8/14/2007,2007,August,8,1.5,2.053987646,,,,,,,
15,8/14/2007,2007,August,8,0.7,0.529339432,1.056613606,6.544090106,0.976666667,,,,
8,9/10/2007,2007,September,9,2.15,3.29276432,,,,,,,
15,9/10/2007,2007,September,9,0.38,-0.080519854,,,,,,,
6,9/11/2007,2007,September,9,0.58,0.300642199,1.170962222,7.715052327,1.036666667,,,,
6,10/15/2007,2007,October,10,0.26,-0.309217086,,,,,,,
8,10/15/2007,2007,October,10,1.23,1.539418874,,,,,,,
15,10/15/2007,2007,October,10,0.3,-0.232984676,0.332405704,8.047458031,0.596666667,,,,
6,11/14/2007,2007,November,11,0.23,-0.366391394,,,,,,,
8,11/14/2007,2007,November,11,0.34,-0.156752265,,,,,,,
15,11/14/2007,2007,November,11,0.22,-0.385449497,-0.302864385,7.744593646,0.263333333,,,,
6,12/11/2007,2007,December,12,0.28,-0.271100881,,,,,,,
8,12/18/2007,2007,December,12,0.32,-0.19486847,,,,,,,
15,12/18/2007,2007,December,12,0.26,-0.309217086,-0.258395479,7.486198167,0.286666667,,,,
6,1/15/2008,2008,January,1,0.13,-0.556972421,,,,,,,
8,1/16/2008,2008,January,1,0.23,-0.366391394,,,,,,,
15,1/16/2008,2008,January,1,0.18,-0.461681908,-0.461681908,7.024516259,0.18,,,,
6,2/12/2008,2008,February,2,0.14,-0.537914318,,,,,,,
8,2/15/2008,2008,February,2,0.13,-0.556972421,,,,,,,
15,2/15/2008,2008,February,2,0.08,-0.652262935,-0.582383225,6.442133034,0.116666667,,,,
6,3/10/2008,2008,March,3,0.11,-0.595088627,,,,,,,
8,3/10/2008,2008,March,3,0.22,-0.385449497,,,,,,,
15,3/10/2008,2008,March,3,0.16,-0.499798113,-0.493445412,5.948687622,0.163333333,,,,
8,4/14/2008,2008,April,4,0.29,-0.252042778,,,,,,,
15,4/14/2008,2008,April,4,0.15,-0.518856216,,,,,,,
6,4/15/2008,2008,April,4,0.08,-0.652262935,-0.47438731,5.474300312,0.173333333,,,,
6,5/14/2008,2008,May,5,0.18,-0.461681908,,,,,,,
8,5/15/2008,2008,May,5,0.15,-0.518856216,,,,,,,
15,5/15/2008,2008,May,5,0.24,-0.347333292,-0.442623805,5.031676507,0.19,,,,
6,6/17/2008,2008,June,6,0.18,-0.461681908,,,,,,,
8,6/18/2008,2008,June,6,0.87,0.853327177,,,,,,,
15,6/18/2008,2008,June,6,0.91,0.929559588,0.440401619,5.472078126,0.653333333,,,,
6,7/15/2008,2008,July,7,0.29,-0.252042778,,,,,,,
8,7/16/2008,2008,July,7,0.99,1.082024409,,,,,,,
15,7/16/2008,2008,July,7,0.24,-0.347333292,0.16088278,5.632960906,0.506666667,,,,
6,8/12/2008,2008,August,8,0.22,-0.385449497,,,,,,,
8,8/12/2008,2008,August,8,0.63,0.395932713,,,,,,,
15,8/12/2008,2008,August,8,0.14,-0.537914318,-0.175810368,5.457150539,0.33,,,,
6,9/18/2008,2008,September,9,1.12,1.329779744,,,,,,,
8,9/18/2008,2008,September,9,1.37,1.806232311,,,,,,,
15,9/18/2008,2008,September,9,0.43,0.014770659,1.050260905,6.507411444,0.973333333,,,,
8,10/14/2008,2008,October,10,0.18,-0.461681908,,,,,,,
15,10/14/2008,2008,October,10,1,1.101082512,,,,,,,
6,10/16/2008,2008,October,10,0.26,-0.309217086,0.110061173,6.617472616,0.48,0.50,,,
6,11/11/2008,2008,November,11,0.2,-0.423565702,,,,,,,
8,11/17/2008,2008,November,11,0.38,-0.080519854,,,,,,,
15,11/17/2008,2008,November,11,0.14,-0.537914318,-0.347333292,6.270139325,0.24,,,,
6,12/15/2008,2008,December,12,0.12,-0.576030524,,,,,,,
8,12/15/2008,2008,December,12,0.1,-0.614146729,,,,,,,
15,12/15/2008,2008,December,12,0.09,-0.633204832,-0.607794028,5.662345296,0.103333333,,,,
6,1/12/2009,2009,January,1,0.22,-0.385449497,,,,,,,
8,1/13/2009,2009,January,1,0.2,-0.423565702,,,,,,,
15,1/13/2009,2009,January,1,0.12,-0.576030524,-0.461681908,5.200663389,0.18,,,,
6,2/10/2009,2009,February,2,0.06,-0.69037914,,,,,,,
8,2/11/2009,2009,February,2,0.1,-0.614146729,,,,,,,
15,2/11/2009,2009,February,2,0.08,-0.652262935,-0.652262935,4.548400454,0.08,,,,
6,3/18/2009,2009,March,3,0.08,-0.652262935,,,,,,,
8,3/16/2009,2009,March,3,0.08,-0.652262935,,,,,,,
15,3/16/2009,2009,March,3,0.28,-0.271100881,-0.525208917,4.023191537,0.146666667,,,,
6,4/17/2009,2009,April,4,0.1,-0.614146729,,,,,,,
8,4/13/2009,2009,April,4,0.12,-0.576030524,,,,,,,
15,4/13/2009,2009,April,4,0.1,-0.614146729,-0.601441327,3.42175021,0.106666667,,,,
6,5/12/2009,2009,May,5,0.08,-0.652262935,,,,,,,
8,5/13/2009,2009,May,5,0.23,-0.366391394,,,,,,,
15,5/13/2009,2009,May,5,0.09,-0.633204832,-0.55061972,2.87113049,0.133333333,,,,
6,6/16/2009,2009,June,6,0.78,0.681804253,,,,,,,
8,6/19/2009,2009,June,6,0.7,0.529339432,,,,,,,
15,6/19/2009,2009,June,6,0.22,-0.385449497,0.275231396,3.146361885,0.566666667,,,,
6,7/13/2009,2009,July,7,0.3,-0.232984676,,,,,,,
8,7/13/2009,2009,July,7,0.52,0.186293583,,,,,,,
15,7/13/2009,2009,July,7,0.4,-0.042403649,-0.029698247,3.116663638,0.406666667,,,,
6,8/18/2009,2009,August,8,0.27,-0.290158984,,,,,,,
8,8/17/2009,2009,August,8,1.81,2.644788829,,,,,,,
15,8/17/2009,2009,August,8,0.31,-0.213926573,0.713567758,3.830231396,0.796666667,,,,
6,9/14/2009,2009,September,9,0.11,-0.595088627,,,,,,,
8,9/15/2009,2009,September,9,0.8,0.719920458,,,,,,,
15,9/15/2009,2009,September,9,0.09,-0.633204832,-0.169457667,3.660773729,0.333333333,,,,
6,10/13/2009,2009,October,10,0.24,-0.347333292,,,,,,,
8,10/14/2009,2009,October,10,0.89,0.891443383,,,,,,,
15,10/14/2009,2009,October,10,0.12,-0.576030524,-0.010640144,3.650133585,0.416666667,,,,
6,11/16/2009,2009,November,11,0.12,-0.576030524,,,,,,,
8,11/16/2009,2009,November,11,0.17,-0.48074001,,,,,,,
15,11/16/2009,2009,November,11,0.13,-0.556972421,-0.537914318,3.112219267,0.14,,,,
6,12/14/2009,2009,December,12,0.14,-0.537914318,,,,,,,
8,12/14/2009,2009,December,12,0.44,0.033828762,,,,,,,
15,12/14/2009,2009,December,12,0.12,-0.576030524,-0.360038693,2.752180573,0.233333333,,,,
6,1/19/2010,2010,January,1,0.15,-0.518856216,,,,,,,
8,1/19/2010,2010,January,1,0.11,-0.595088627,,,,,,,
15,1/19/2010,2010,January,1,0.08,-0.652262935,-0.588735926,2.163444647,0.113333333,,,,
6,2/17/2010,2010,February,2,,,,,,,,,
8,2/17/2010,2010,February,2,,,,,,,,,
15,2/17/2010,2010,February,2,,,,,,,,,
6,3/17/2010,2010,March,3,0.12,-0.576030524,,,,,,,
8,3/18/2010,2010,March,3,0.10,-0.614146729,,,,,,,
15,3/18/2010,2010,March,3,0.15,-0.518856216,-0.569677823,1.593766825,0.123333333,,,,
6,4/12/2010,2010,April,4,0.13,-0.556972421,,,,,,,
8,4/13/2010,2010,April,4,0.51,0.167235481,,,,,,,
15,4/13/2010,2010,April,4,0.14,-0.537914318,-0.309217086,1.284549738,0.26,,,,
6,5/17/2010,2010,May,5,0.09,-0.633204832,,,,,,,
8,5/19/2010,2010,May,5,0.52,0.186293583,,,,,,,
15,5/19/2010,2010,May,5,0.15,-0.518856216,-0.321922488,0.96262725,0.253333333,,,,
6,6/15/2010,2010,June,6,0.12,-0.576030524,,,,,,,
8,6/16/2010,2010,June,6,1.01,1.120140615,,,,,,,
15,6/16/2010,2010,June,6,0.29,-0.252042778,0.097355771,1.059983021,0.473333333,,,,
6,7/15/2010,2010,July,7,0.39,-0.061461751,,,,,,,
8,7/15/2010,2010,July,7,1.12,1.329779744,,,,,,,
15,7/15/2010,2010,July,7,0.16,-0.499798113,0.256173293,1.316156314,0.556666667,,,,
6,8/17/2010,2010,August,8,0.22,-0.385449497,,,,,,,
8,8/19/2010,2010,August,8,1.33,1.7299999,,,,,,,
15,8/19/2010,2010,August,8,0.26,-0.309217086,0.345111106,1.66126742,0.603333333,,,,
6,9/15/2010,2010,September,9,0.19,-0.442623805,,,,,,,
8,9/13/2010,2010,September,9,0.71,0.548397534,,,,,,,
15,9/13/2010,2010,September,9,0.36,-0.11863606,-0.004287443,1.656979976,0.42,,,,
6,10/13/2010,2010,October,10,0.19,-0.451199951,,,,,,,
8,10/12/2010,2010,October,10,0.47,0.081855181,,,,,,,
15,10/12/2010,2010,October,10,0.16,-0.498654627,-0.289333133,1.367646844,0.270433333,,,,
6,11/16/2010,2010,November,11,0.28,-0.280439351,,,,,,,
8,11/18/2010,2010,November,11,0.34,-0.165328411,,,,,,,
15,11/18/2010,2010,November,11,0.37,-0.101293186,-0.182353649,1.185293194,0.326566667,,,,
6,12/8/2010,2010,December,12,0.56,0.268052844,,,,,,,
8,12/9/2010,2010,December,12,0.42,-0.005621511,,,,,,,
15,12/9/2010,2010,December,12,0.39,-0.054981997,0.069149779,1.254442973,0.458533333,,,,
6,1/19/2011,2011,January,1,0.24,-0.338757145,,,,,,,
8,1/20/2011,2011,January,1,0.20,-0.421659892,,,,,,,
15,1/20/2011,2011,January,1,0.22,-0.380684971,-0.380367336,0.874075637,0.222666667,,,,
6,2/17/2011,2011,February,2,0.19,-0.450437627,,,,,,,
8,2/24/2011,2011,February,2,0.28,-0.269576233,,,,,,,
15,2/24/2011,2011,February,2,0.22,-0.394978548,-0.371664136,0.502411501,0.227233333,,,,
6,3/17/2011,2011,March,3,0.14,-0.545346979,,,,,,,
8,3/15/2011,2011,March,3,0.32,-0.196774281,,,,,,,
15,3/15/2011,2011,March,3,0.15,-0.516188081,-0.419436447,0.082975054,0.202166667,,,,
6,4/13/2011,2011,April,4,0.17,-0.479787105,,,,,,,
8,4/14/2011,2011,April,4,0.42,-0.01114836,,,,,,,
15,4/14/2011,2011,April,4,0.12,-0.567454378,-0.352796614,-0.26982156,0.237133333,,,,
6,5/18/2011,2011,May,5,0.56,0.262525994,,,,,,,
8,5/19/2011,2011,May,5,0.64,0.414990816,,,,,,,
15,5/19/2011,2011,May,5,0.52,0.186293583,0.287936798,0.018115237,0.573333333,,,,
6,6/15/2011,2011,June,6,0.28,-0.271100881,,,,,,,
8,6/15/2011,2011,June,6,1.61,2.263626776,,,,,,,
15,6/15/2011,2011,June,6,0.53,0.205351686,0.73262586,0.750741098,0.806666667,,,,
6,7/11/2011,2011,July,7,0.58,0.300642199,,,,,,,
8,7/12/2011,2011,July,7,1.55,2.149278159,,,,,,,
15,7/12/2011,2011,July,7,0.91,0.929559588,1.126493316,1.877234413,1.013333333,,,,
6,8/16/2011,2011,August,8,0.49,0.129119275,,,,,,,
8,8/17/2011,2011,August,8,1.45,1.958697133,,,,,,,
15,8/17/2011,2011,August,8,0.85,0.815210972,0.967675793,2.844910206,0.93,,,,
6,9/13/2011,2011,September,9,0.29,-0.252042778,,,,,,,
8,9/12/2011,2011,September,9,2.95,4.817412535,,,,,,,
15,9/12/2011,2011,September,9,0.89,0.891443383,1.818937713,4.663847919,1.376666667,,,,
6,10/11/2011,2011,October,10,0.39,-0.061461751,,,,,,,
8,10/13/2011,2011,October,10,1.01,1.120140615,,,,,,,
15,10/13/2011,2011,October,10,0.66,0.453107021,0.503928628,5.167776547,0.686666667,,,,
6,11/15/2011,2011,November,11,0.25,-0.328275189,,,,,,,
8,11/18/2011,2011,November,11,0.61,0.357816507,,,,,,,
15,11/18/2011,2011,November,11,0.40,-0.042403649,-0.004287443,5.163489104,0.42,,,,
6,12/14/2011,2011,December,12,0.07,-0.671321037,,,,,,,
8,12/14/2011,2011,December,12,0.33,-0.175810368,,,,,,,
15,12/14/2011,2011,December,12,0.18,-0.461681908,-0.436271104,4.727218,0.193333333,,,,
6,1/11/2012,2012,January,1,0.27,-0.290158984,,,,,,,
8,1/11/2012,2012,January,1,0.17,-0.48074001,,,,,,,
15,1/11/2012,2012,January,1,0.37,-0.099577957,-0.290158984,4.437059016,0.27,,,,
6,2/23/2012,2012,February,2,0.21,-0.4045076,,,,,,,
8,2/21/2012,2012,February,2,0.40,-0.042403649,,,,,,,
15,2/21/2012,2012,February,2,0.18,-0.461681908,-0.302864385,4.134194631,0.263333333,,,,
6,3/12/2012,2012,March,3,0.15,-0.518856216,,,,,,,
8,3/14/2012,2012,March,3,0.23,-0.366391394,,,,,,,
15,3/14/2012,2012,March,3,0.18,-0.461681908,-0.448976506,3.685218125,0.186666667,,,,
6,4/16/2012,2012,April,4,0.46,0.071944967,,,,,,,
8,4/17/2012,2012,April,4,0.53,0.205351686,,,,,,,
15,4/17/2012,2012,April,4,0.25,-0.328275189,-0.016992845,3.66822528,0.413333333,,,,
6,5/16/2012,2012,May,5,0.13,-0.556972421,,,,,,,
8,5/22/2012,2012,May,5,0.33,-0.175810368,,,,,,,
15,5/22/2012,2012,May,5,0.18,-0.461681908,-0.398154899,3.270070381,0.213333333,,,,
6,6/13/2012,2012,June,6,1.26,1.596593182,,,,,,,
8,6/20/2012,2012,June,6,0.69,0.510281329,,,,,,,
15,6/20/2012,2012,June,6,0.41,-0.023345546,0.694509655,3.964580036,0.786666667,,,,
6,7/17/2012,2012,July,7,0.35,-0.137694162,,,,,,,
8,7/16/2012,2012,July,7,1.08,1.253547333,,,,,,,
15,7/16/2012,2012,July,7,1.16,1.406012155,0.840621775,4.805201811,0.863333333,,,,
6,8/14/2012,2012,August,8,0.36,-0.11863606,,,,,,,
8,8/16/2012,2012,August,8,1.55,2.149278159,,,,,,,
15,8/16/2012,2012,August,8,0.65,0.434048918,0.821563673,5.626765484,0.853333333,,,,
6,9/12/2012,2012,September,9,0.19,-0.442623805,,,,,,,
8,9/11/2012,2012,September,9,0.62,0.37687461,,,,,,,
15,9/11/2012,2012,September,9,0.19,-0.442623805,-0.169457667,5.457307817,0.333333333,,,,
6,10/17/2012,2012,October,10,0.69,0.510281329,,,,,,,
8,10/17/2012,2012,October,10,0.90,0.910501485,,,,,,,
15,10/17/2012,2012,October,10,0.25,-0.328275189,0.364169208,5.821477025,0.613333333,,,,
6,11/12/2012,2012,November,11,0.44,0.033828762,,,,,,,
8,11/12/2012,2012,November,11,0.25,-0.328275189,,,,,,,
15,11/12/2012,2012,November,11,0.33,-0.175810368,-0.156752265,5.664724761,0.34,,,,
6,12/11/2012,2012,December,12,0.15,-0.518856216,,,,,,,
8,12/12/2012,2012,December,12,0.23,-0.366391394,,,,,,,
15,12/12/2012,2012,December,12,0.12,-0.576030524,-0.487092711,5.177632049,0.166666667,,,,
6,1/14/2013,2013,January,1,0.13,-0.556972421,,,,,,,
8,1/23/2013,2013,January,1,0.21,-0.4045076,,,,,,,
15,1/23/2013,2013,January,1,0.16,-0.499798113,-0.487092711,4.690539338,0.166666667,,,,
6,2/13/2013,2013,February,2,0.23,-0.366391394,,,,,,,
8,2/14/2013,2013,February,2,0.25,-0.328275189,,,,,,,
15,2/14/2013,2013,February,2,0.41,-0.023345546,-0.239337376,4.451201961,0.296666667,,,,
6,3/11/2013,2013,March,3,0.23,-0.366391394,,,,,,,
8,3/13/2013,2013,March,3,0.20,-0.423565702,,,,,,,
15,3/13/2013,2013,March,3,0.22,-0.385449497,-0.391802198,4.059399763,0.216666667,,,,
6,4/15/2013,2013,April,4,0.13,-0.556972421,,,,,,,
8,4/16/2013,2013,April,4,0.41,-0.023345546,,,,,,,
15,4/16/2013,2013,April,4,0.20,-0.423565702,-0.33462789,3.724771874,0.246666667,,,,
6,5/14/2013,2013,May,5,0.21,-0.4045076,,,,,,,
8,5/13/2013,2013,May,5,0.32,-0.19486847,,,,,,,
15,5/13/2013,2013,May,5,0.15,-0.518856216,-0.372744095,3.352027778,0.226666667,,,,
6,6/11/2013,2013,June,6,0.36,-0.11863606,,,,,,,
8,6/12/2013,2013,June,6,0.85,0.815210972,,,,,,,
15,6/12/2013,2013,June,6,0.19,-0.442623805,0.084650369,3.436678147,0.466666667,,,,
6,7/15/2013,2013,July,7,0.17,-0.48074001,,,,,,,
8,7/15/2013,2013,July,7,0.85,0.815210972,,,,,,,
15,7/15/2013,2013,July,7,0.20,-0.423565702,-0.029698247,3.4069799,0.406666667,,,,
6,8/12/2013,2013,August,8,0.22,-0.385449497,,,,,,,
8,8/12/2013,2013,August,8,1.31,1.691883695,,,,,,,
15,8/12/2013,2013,August,8,0.23,-0.366391394,0.313347601,3.720327502,0.586666667,,,,
6,9/18/2013,2013,September,9,0.55,0.243467891,,,,,,,
8,9/18/2013,2013,September,9,1.62,2.282684878,,,,,,,
15,9/18/2013,2013,September,9,0.63,0.395932713,0.974028494,4.694355996,0.933333333,,,,
6,10/22/2013,2013,October,10,0.25,-0.328275189,,,,,,,
8,10/21/3013,2013,October,10,0.61,0.357816507,,,,,,,
15,10/21/3013,2013,October,10,0.41,-0.023345546,0.002065257,4.696421253,0.423333333,,,,
6,11/21/2013,2013,November,11,0.31,-0.213926573,,,,,,,
8,11/21/2013,2013,November,11,0.44,0.033828762,,,,,,,
15,11/21/2013,2013,November,11,0.29,-0.252042778,-0.144046863,4.55237439,0.346666667,,,,
6,12/16/2013,2013,December,12,0.17,-0.48074001,,,,,,,
8,12/19/2013,2013,December,12,0.17,-0.48074001,,,,,,,
15,12/19/2013,2013,December,12,0.15,-0.518856216,-0.493445412,4.058928978,0.163333333,,,,
6,1/15/2014,2014,January,1,0.19,-0.442623805,,,,,,,
8,1/16/2014,2014,January,1,0.26,-0.309217086,,,,,,,
15,1/16/2014,2014,January,1,0.17,-0.48074001,-0.410860301,3.648068677,0.206666667,,,,
6,2/18/2014,2014,February,2,0.19,-0.442623805,,,,,,,
8,2/20/2014,2014,February,2,0.16,-0.499798113,,,,,,,
15,2/20/2014,2014,February,2,0.15,-0.518856216,-0.487092711,3.160975966,0.166666667,,,,
6,3/21/2014,2014,March,3,0.13,-0.556972421,,,,,,,
8,3/20/2014,2014,March,3,0.16,-0.499798113,,,,,,,
15,3/20/2014,2014,March,3,0.17,-0.48074001,-0.512503515,2.648472451,0.153333333,,,,
6,4/18/2014,2014,April,4,0.21 ,-0.4045076,,,,,,,
8,4/21/2014,2014,April,4,0.20 ,-0.423565702,,,,,,,
15,4/21/2014,2014,April,4,0.18 ,-0.461681908,-0.429918403,2.218554048,0.196666667,,,,
6,5/13/2014,2014,May,5,0.16 ,-0.499798113,,,,,,,
8,5/12/2013,2014,May,5,0.77 ,0.66274615,,,,,,,
15,5/12/2013,2014,May,5,0.15 ,-0.518856216,-0.11863606,2.099917988,0.36,,,,
6,6/18/2014,2014,June,6,0.16 ,-0.499798113,,,,,,,
8,6/17/2014,2014,June,6,0.68 ,0.491223226,,,,,,,
15,6/17/2014,2014,June,6,0.17 ,-0.48074001,-0.163104966,1.936813023,0.336666667,,,,
6,7/14/2014,2014,July,7,0.24 ,-0.347333292,,,,,,,
8,7/17/2014,2014,July,7,1.19 ,1.463186463,,,,,,,
15,7/17/2014,2014,July,7,0.32 ,-0.19486847,0.3069949,2.243807923,0.583333333,,,,
6,8/11/2014,2014,August,8,0.19 ,-0.442623805,,,,,,,
8,8/11/2014,2014,August,8,1.12 ,1.329779744,,,,,,,
15,8/11/2014,2014,August,8,0.51 ,0.167235481,0.351463807,2.59527173,0.606666667,,,,
6,9/16/2014,2014,September,9,0.22 ,-0.385449497,,,,,,,
8,9/15/2014,2014,September,9,0.78 ,0.681804253,,,,,,,
15,9/15/2014,2014,September,9,0.34 ,-0.156752265,0.046534164,2.641805893,0.446666667,,,,
6,10/17/2014,2014,October,10,0.45,0.052886865,,,,,,,
8,10/16/2014,2014,October,10,0.70,0.529339432,,,,,,,
15,10/16/2014,2014,October,10,0.44,0.033828762,0.205351686,2.847157579,0.53,,,,
6,11/10/2014,2014,November,11,0.34,-0.156752265,,,,,,,
8,11/12/2014,2014,November,11,0.60,0.338758405,,,,,,,
15,11/12/2014,2014,November,11,0.23,-0.366391394,-0.061461751,2.785695828,0.39,,,,
6,12/15/2014,2014,December,12,0.21,-0.4045076,,,,,,,
8,12/19/2014,2014,December,12,0.19,-0.442623805,,,,,,,
15,12/19/2014,2014,December,12,0.12,-0.576030524,-0.47438731,2.311308518,0.173333333,,,,
6,1/15/2015,2015,January,1,0.14 ,-0.537914318,,,,,,,
8,1/20/2015,2015,January,1,0.17 ,-0.48074001,,,,,,,
15,1/20/2015,2015,January,1,0.10 ,-0.614146729,-0.544267019,1.767041499,0.136666667,,,,
6,2/15/2015,2015,February,2,,,,,,,,,
8,2/15/2015,2015,February,2,,,,,,,,,
15,2/15/2015,2015,February,2,,,,,,,,,
6,3/16/2015,2015,March,3,0.19 ,-0.442623805,,,,,,,
8,3/17/2015,2015,March,3,1.12 ,1.329779744,,,,,,,
15,3/17/2015,2015,March,3,0.47 ,0.09100307,0.326053003,2.093094502,0.593333333,,,,
6,4/24/2015,2015,April,4,0.22 ,-0.385449497,,,,,,,
8,4/27/2015,2015,April,4,0.49 ,0.129119275,,,,,,,
15,4/27/2015,2015,April,4,0.15 ,-0.518856216,-0.258395479,1.834699023,0.286666667,,,,
6,5/12/2015,2015,May,5,0.20 ,-0.423565702,,,,,,,
8,5/14/2015,2015,May,5,0.71 ,0.548397534,,,,,,,
15,5/14/2015,2015,May,5,0.15 ,-0.518856216,-0.131341461,1.703357561,0.353333333,,,,
6,6/15/2015,2015,June,6,0.16 ,-0.499798113,,,,,,,
8,6/16/2015,2015,June,6,1.03 ,1.15825682,,,,,,,
15,6/16/2015,2015,June,6,0.19 ,-0.442623805,0.071944967,1.775302529,0.46,,,,
6,7/15/2015,2015,July,7,0.17 ,-0.48074001,,,,,,,
8,7/15/2015,2015,July,7,1.78 ,2.587614521,,,,,,,
15,7/15/2015,2015,July,7,0.28 ,-0.271100881,0.611924543,2.387227072,0.743333333,,,,
6,8/12/2015,2015,August,8,0.17 ,-0.48074001,,,,,,,
8,8/12/2015,2015,August,8,1.15 ,1.386954052,,,,,,,
15,8/12/2015,2015,August,8,0.43 ,0.014770659,0.3069949,2.694221972,0.583333333,,,,
6,9/14/2015,2015,September,9,0.19 ,-0.442623805,,,,,,,
8,9/15/2015,2015,September,9,1.27 ,1.615651284,,,,,,,
15,9/15/2015,2015,September,9,0.20 ,-0.423565702,0.249820592,2.944042565,0.553333333,,,,
6,10/14/2015,2015,October,10,0.15 ,-0.518856216,,,,,,,
8,10/15/2015,2015,October,10,0.40 ,-0.042403649,,,,,,,
15,10/15/2015,2015,October,10,0.16 ,-0.499798113,-0.353685993,2.590356572,0.236666667,,,,
6,11/16/2015,2015,November,11,0.19 ,-0.442623805,,,,,,,
8,11/16/2015,2015,November,11,0.53 ,0.205351686,,,,,,,
15,11/16/2015,2015,November,11,0.24 ,-0.347333292,-0.19486847,2.395488102,0.32,,,,
6,12/14/2015,2015,December,12,0.16 ,-0.499798113,,,,,,,
8,12/15/2015,2015,December,12,0.38 ,-0.080519854,,,,,,,
15,12/15/2015,2015,December,12,0.18 ,-0.461681908,-0.347333292,2.04815481,0.24,,,,
6,1/14/2016,2016,January,1,0.17 ,-0.48074001,,,,,,,
8,1/15/2016,2016,January,1,0.19 ,-0.442623805,,,,,,,
15,1/15/2016,2016,January,1,0.19 ,-0.442623805,-0.455329207,1.592825603,0.183333333,,,,
6,2/17/2016,2016,February,2,0.18 ,-0.461681908,,,,,,,
8,2/17/2016,2016,February,2,0.17 ,-0.48074001,,,,,,,
15,2/17/2016,2016,February,2,0.15 ,-0.518856216,-0.487092711,1.105732892,0.166666667,,,,
6,3/15/2016,2016,March,3,0.14 ,-0.537914318,,,,,,,
8,3/16/2016,2016,March,3,0.19 ,-0.442623805,,,,,,,
15,3/16/2016,2016,March,3,0.13 ,-0.556972421,-0.512503515,0.593229377,0.153333333,,,,
6,4/14/2016,2016,April,4,0.17 ,-0.48074001,,,,,,,
8,4/15/2016,2016,April,4,0.27 ,-0.290158984,,,,,,,
15,4/15/2016,2016,April,4,0.15 ,-0.518856216,-0.429918403,0.163310974,0.196666667,,,,
6,5/17/2016,2016,May,5,0.16 ,-0.499798113,,,,,,,
8,5/19/2016,2016,May,5,0.42 ,-0.004287443,,,,,,,
15,5/19/2016,2016,May,5,0.21 ,-0.4045076,-0.302864385,-0.139553412,0.263333333,,,,
6,6/21/2016,2016,June,6,0.26 ,-0.309217086,,,,,,,
8,6/22/2016,2016,June,6,0.77 ,0.66274615,,,,,,,
15,6/22/2016,2016,June,6,0.23 ,-0.366391394,-0.004287443,-0.143840855,0.42,,,,
6,7/19/2016,2016,July,7,0.34 ,-0.156752265,,,,,,,
8,7/19/2016,2016,July,7,0.86 ,0.834269075,,,,,,,
15,7/19/2016,2016,July,7,0.36 ,-0.11863606,0.186293583,0.042452728,0.52,,,,
6,8/15/2016,2016,August,8,0.28 ,-0.271100881,,,,,,,
8,8/15/2016,2016,August,8,1.86 ,2.740079343,,,,,,,
15,8/15/2016,2016,August,8,0.28 ,-0.271100881,0.73262586,0.775078589,0.806666667,,,,
6,9/13/2016,2016,September,9,0.21 ,-0.4045076,,,,,,,
8,9/13/2016,2016,September,9,1.38 ,1.825290414,,,,,,,
15,9/13/2016,2016,September,9,0.27 ,-0.290158984,0.37687461,1.151953199,0.62,,,,
6,10/12/2016,2016,October,10,0.32 ,-0.19486847,,,,,,,
8,10/12/2016,2016,October,10,0.35 ,-0.137694162,,,,,,,
15,10/12/2016,2016,October,10,0.18 ,-0.461681908,-0.26474818,0.887205019,0.283333333,,,,
6,11/14/2016,2016,November,11,0.14 ,-0.537914318,,,,,,,
8,11/15/2016,2016,November,11,0.32 ,-0.19486847,,,,,,,
15,11/15/2016,2016,November,11,0.17 ,-0.48074001,-0.4045076,0.482697419,0.21,,,,
6,12/13/16,2016,December,12,0.14 ,-0.537914318,,,,,,,
8,12/13/16,2016,December,12,0.28 ,-0.271100881,,,,,,,
15,12/13/16,2016,December,12,0.18 ,-0.461681908,-0.423565702,0.059131717,0.2,,,,
6,1/15/2017,2017,January,1,0.16,-0.499798113,,,,,,,
8,1/16/2017,2017,January,1,0.18,-0.461681908,,,,,,,
15,1/16/2017,2017,January,1,0.18,-0.461681908,-0.47438731,-0.415255593,0.173333333,,,,
6,2/18/2017,2017,February,2,0.17,-0.48074001,,,,,,,
8,2/20/2017,2017,February,2,0.16,-0.499798113,,,,,,,
15,2/20/2017,2017,February,2,0.14,-0.537914318,-0.506150814,-0.921406407,0.156666667,,,,
6,3/23/2017,2017,March,3,0.17,-0.48074001,,,,,,,
8,3/29/2017,2017,March,3,0.22,-0.385449497,,,,,,,
15,3/29/2017,2017,March,3,0.17,-0.48074001,-0.448976506,-1.370382913,0.186666667,,,,
6,,2017,April,4,,,,,,,,,
8,4/28/2017,2017,April,4,0.26,-0.309217086,,,,,,,
15,4/28/2017,2017,April,4,0.2,-0.423565702,-0.366391394,-1.736774307,0.23,,,,
6,5/31/2017,2017,May,5,0.2,-0.423565702,,,,,,,
8,6/1/2017,2017,May,5,0.24,-0.347333292,,,,,,,
15,6/1/2017,2017,May,5,0.2,-0.423565702,-0.398154899,-2.134929206,0.213333333,,,,
6,6/27/2017,2017,June,6,0.32,-0.19486847,,,,,,,
8,6/27/2017,2017,June,6,0.74,0.605571842,,,,,,,
15,6/27/2017,2017,June,6,0.24,-0.347333292,0.02112336,-2.113805846,0.433333333,,,,
6,7/18/2017,2017,July,7,0.35,-0.137694162,,,,,,,
8,7/20/2017,2017,July,7,1.39,1.844348517,,,,,,,
15,7/20/2017,2017,July,7,0.27,-0.290158984,0.472165124,-1.641640722,0.67,,,,
6,,2017,August,8,,,,,,,,,
8,,2017,August,8,,,,,,,,,
15,,2017,August,8,,,,,,,,,
6,10/2/2017,2017,September,9,0.23,-0.366391394,,,,,,,
8,10/3/2017,2017,September,9,0.88,0.87238528,,,,,,,
15,10/3/2017,2017,September,9,0.14,-0.537914318,-0.010640144,-1.652280867,0.416666667,,,,
6,,2017,October,10,,,,,,,,,
8,,2017,October,10,,,,,,,,,
15,,2017,October,10,,,,,,,,,
6,11/14/2017,2017,November,11,0.23,-0.366391394,,,,,,,
8,11/15/2017,2017,November,11,0.48,0.110061173,,,,,,,
15,11/15/2017,2017,November,11,0.22,-0.385449497,-0.213926573,-1.86620744,0.31,,,,
6,12/20/2017,2017,December,12,0.17,-0.48074001,,,,,,,
8,12/21/2017,2017,December,12,0.19,-0.442623805,,,,,,,
15,12/20/2017,2017,December,12,0.84,0.796152869,-0.042403649,-1.908611088,0.4,,,,
6,1/26/2018,2018,January,1,0.18,-0.461681908,,,,,,,
8,2/1/2018,2018,January,1,0.32,-0.19486847,,,,,,,
15,2/1/2018,2018,January,1,0.31,-0.213926573,-0.290158984,-2.198770072,0.27,,,,
6,2/21/2018,2018,February,2,0.2,-0.423565702,,,,,,,
8,3/1/2018,2018,February,2,0.37,-0.099577957,,,,,,,
15,3/1/2018,2018,February,2,0.16,-0.499798113,-0.340980591,-2.539750663,0.243333333,,,,
6,3/27/2018,2018,March,3,0.27,-0.290158984,,,,,,,
8,3/29/2018,2018,March,3,0.22,-0.385449497,,,,,,,
15,3/29/2018,2018,March,3,0.19,-0.442623805,-0.372744095,-2.912494758,0.226666667,,,,
6,4/26/2018,2018,April,4,0.19,-0.442623805,,,,,,,
8,4/30/2018,2018,April,4,0.26,-0.309217086,,,,,,,
15,4/26/2018,2018,April,4,0.19,-0.442623805,-0.398154899,-3.310649657,0.213333333,,,,
6,5/23/2016,2018,May,5,0.22,-0.385449497,,,,,,,
8,5/24/2018,2018,May,5,0.38,-0.080519854,,,,,,,
15,5/23/2018,2018,May,5,0.52,0.186293583,-0.093225256,-3.403874913,0.373333333,,,,
6,6/21/2018,2018,June,6,0.28,-0.271100881,,,,,,,
8,6/20/2018,2018,June,6,0.64,0.414990816,,,,,,,
15,6/20/2018,2018,June,6,0.16,-0.499798113,-0.11863606,-3.522510972,0.36,,,,
6,8/1/2018,2018,July,7,0.33,-0.175810368,,,,,,,
8,8/7/2018,2018,July,7,1.25,1.577535079,,,,,,,
15,8/7/2018,2018,July,7,0.26,-0.309217086,0.364169208,-3.158341764,0.613333333,,,,
6,8/28/2018,2018,August,8,0.23,-0.366391394,,,,,,,
8,8/31/2018,2018,August,8,0.76,0.643688048,,,,,,,
15,8/31/2018,2018,August,8,0.32,-0.19486847,0.027476061,-3.130865703,0.436666667,,,,
6,9/21/2018,2018,September,9,0.24,-0.347333292,,,,,,,
8,9/21/2018,2018,September,9,1.04,1.177314923,,,,,,,
15,9/21/2018,2018,September,9,0.2,-0.423565702,0.135471976,-2.995393727,0.493333333,,,,
6,10/25/2018,2018,October,10,0.2,-0.423565702,,,,,,,
8,11/1/2018,2018,October,10,0.44,0.033828762,,,,,,,
15,10/25/2018,2018,October,10,0.25,-0.328275189,-0.239337376,-3.234731103,0.296666667,,,,
6,11/14/2018,2018,November,11,0.15,-0.518856216,,,,,,,
8,11/15/2018,2018,November,11,0.33,-0.175810368,,,,,,,
15,11/15/2018,2018,November,11,0.18,-0.461681908,-0.385449497,-3.6201806,0.22,,,,
6,12/6/2018,2018,December,12,0.13,-0.556972421,,,,,,,
8,,2018,December,12,,,,,,,,,
15,,2018,December,12,,,-0.556972421,-4.177153021,0.13,,,,
6,,2019,January,1,,,,,,,,,
8,,2019,January,1,,,,,,,,,
15,,2019,January,1,,,,,,,,,
6,,2019,February,2,,,,,,,,,
8,,2019,February,2,,,,,,,,,
15,,2019,February,2,,,,,,,,,
6,4/4/2019,2019,March,3,0.19,-0.442623805,,,,,,,
8,4/9/2019,2019,March,3,0.25,-0.328275189,,,,,,,
15,4/9/2019,2019,March,3,0.14,-0.537914318,-0.436271104,-4.613424126,0.193333333,,,,
6,4/30/2019,2019,April,4,0.11 ,-0.595088627,,,,,,,
8,5/1/2019,2019,April,4,0.46 ,0.071944967,,,,,,,
15,5/1/2019,2019,April,4,0.18 ,-0.461681908,-0.328275189,-4.941699315,0.25,,,,
6,5/17/2019,2019,May,5,0.22 ,-0.385449497,,,,,,,
8,5/16/2019,2019,May,5,0.37 ,-0.099577957,,,,,,,
15,5/16/2019,2019,May,5,0.18 ,-0.461681908,-0.315569787,-5.257269102,0.256666667,,,,
6,6/26/2019,2019,June,6,0.20 ,-0.423565702,,,,,,,
8,6/26/2019,2019,June,6,0.64 ,0.414990816,,,,,,,
15,6/26/2019,2019,June,6,0.17 ,-0.48074001,-0.163104966,-5.420374068,0.336666667,,,,
6,,2019,July,7,,,,,,,,,
8,7/26/2019,2019,July,7,0.66 ,0.453107021,,,,,,,
15,7/26/2019,2019,July,7,0.24 ,-0.347333292,0.052886865,-5.367487203,0.45,,,,
6,9/3/2019,2019,August,8,0.27 ,-0.290158984,,,,,,,
8,,2019,August,8,,,,,,,,,
15,,2019,August,8,,,-0.290158984,-5.657646187,0.27,,,,
6,9/25/2019,2019,September,9,0.92 ,0.948617691,,,,,,,
8,9/25/2019,2019,September,9,1.35 ,1.768116106,,,,,,,
15,9/25/2019,2019,September,9,0.30 ,-0.232984676,0.827916374,-4.829729813,0.856666667,,,,
6,10/29/2019,2019,October,10,0.27 ,-0.290158984,,,,,,,
8,10/30/2019,2019,October,10,0.21 ,-0.4045076,,,,,,,
15,10/29/2019,2019,October,10,0.15 ,-0.518856216,-0.4045076,-5.234237413,0.21,,,,
6,,2019,November,11,,,,,,,,,
8,,2019,November,11,,,,,,,,,
15,,2019,November,11,,,,,,,,,
6,12/29/2019,2019,December,12,0.37 ,-0.099577957,,,,,,,
8,12/29/2019,2019,December,12,0.14 ,-0.537914318,,,,,,,
15,12/29/2019,2019,December,12,0.49 ,0.129119275,-0.169457667,-5.403695079,0.333333333,,,,
6,,2020,January,1,,,,,,,,,
8,,2020,January,1,,,,,,,,,
15,,2020,January,1,,,,,,,,,
6,,2020,February,2,,,,,,,,,
8,,2020,February,2,,,,,,,,,
15,,2020,February,2,,,,,,,,,
6,,2020,March,3,,,,,,,,,
8,,2020,March,3,,,,,,,,,
15,,2020,March,3,,,,,,,,,
6,,2020,April,4,,,,,,,,,
8,,2020,April,4,,,,,,,,,
15,,2020,April,4,,,,,,,,,
6,,2020,May,5,,,,,,,,,
8,,2020,May,5,,,,,,,,,
15,,2020,May,5,,,,,,,,,
6,6/23/20,2020,June,6,0.03 ,-0.747553448,,,,,,,
8,6/23/20,2020,June,6,0.41 ,-0.023345546,,,,,,,
15,6/23/20,2020,June,6,0.10 ,-0.614146729,-0.461681908,-5.865376987,0.18,,,,
6,7/28/20,2020,July,7,0.06 ,-0.69037914,,,,,,,
8,7/28/20,2020,July,7,1.76 ,2.549498316,,,,,,,
15,7/28/20,2020,July,7,0.26 ,-0.309217086,0.51663403,-5.348742957,0.693333333,,,,
6,8/26/20,2020,August,8,0.08 ,-0.652262935,,,,,,,
8,8/26/20,2020,August,8,1.20 ,1.482244566,,,,,,,
15,8/26/20,2020,August,8,0.18 ,-0.461681908,0.122766574,-5.225976383,0.486666667,,,,
6,9/23/20,2020,September,9,0.13 ,-0.556972421,,,,,,,
8,9/22/20,2020,September,9,0.34 ,-0.156752265,,,,,,,
15,9/22/20,2020,September,9,0.31 ,-0.213926573,-0.309217086,-5.535193469,0.26,,,,
6,10/20/20,2020,October,10,0.08 ,-0.652262935,,,,,,,
8,10/20/20,2020,October,10,0.22 ,-0.385449497,,,,,,,
15,10/20/20,2020,October,10,0.06 ,-0.69037914,-0.576030524,-6.111223993,0.12,,,,
6,11/19/20,2020,November,11,0.42 ,-0.004287443,,,,,,,
8,11/19/20,2020,November,11,0.33 ,-0.175810368,,,,,,,
15,11/19/20,2020,November,11,0.51 ,0.167235481,-0.004287443,-6.115511436,0.42,,,,
6,,2020,December,12,,,,,,,,,
8,,2020,Decemebr,12,,,,,,,,,
15,,2020,December,12,,,,,,,,,
6,,2021,January,1,,,,,,,,,
8,,2021,January,1,,,,,,,,,
15,,2021,January,1,,,,,,,,,
6,2/4/2021,2021,February,2,0.13,-0.556972421,,,,,,,
8,2/4/2021,2021,February,2,0.26,-0.309217086,,,,,,,
15,2/4/2021,2021,February,2,0.30,-0.232984676,-0.366391394,-6.481902831,0.23,,,,
6,3/26/2021,2021,March,3,1.23,1.539418874,,,,,,,
8,3/26/2021,2021,March,3,0.17,-0.48074001,,,,,,,
15,3/26/2021,2021,March,3,0.11,-0.595088627,0.154530079,-6.327372752,0.503333333,,,,
6,4/28/2021,2021,April,4,0.11,-0.595088627,,,,,,,
8,4/28/2021,2021,April,4,1.49,2.034929543,,,,,,,
15,4/28/2021,2021,April,4,0.14,-0.537914318,0.300642199,-6.026730552,0.58,,,,
6,5/19/2021,2021,May,5,0.28,-0.271100881,,,,,,,
8,5/19/2021,2021,May,5,0.18,-0.461681908,,,,,,,
15,5/19/2021,2021,May,5,0.74,0.605571842,-0.042403649,-6.069134201,0.4,,,,
6,6/30/2021,2021,June,6,0.14,-0.537914318,,,,,,,
8,6/30/2021,2021,June,6,1.26,1.596593182,,,,,,,
15,6/30/2021,2021,June,6,0.25,-0.328275189,0.243467891,-5.82566631,0.55,,,,
6,7/28/2021,2021,July,7,0.11,-0.595088627,,,,,,,
8,7/28/2021,2021,July,7,0.57,0.281584097,,,,,,,
15,7/28/2021,2021,July,7,0.25,-0.328275189,-0.213926573,-6.039592883,0.31,,,,
6,8/25/2021,2021,August,8,0.13,-0.556972421,,,,,,,
8,8/25/2021,2021,August,8,0.88,0.87238528,,,,,,,
15,8/25/2021,2021,August,8,0.13,-0.556972421,-0.080519854,-6.120112737,0.38,,,,
6,9/29/2021,2021,September,9,0.16,-0.499798113,,,,,,,
8,9/29/2021,2021,September,9,1.30,1.672825592,,,,,,,
15,9/29/2021,2021,September,9,0.11,-0.595088627,0.192646284,-5.927466453,0.523333333,,,,
6,10/27/21,2021,October,10,4.73,8.209754812,,,,,,,
8,10/27/21,2021,October,10,2.04,3.083125191,,,,,,,
15,10/27/21,2021,October,10,1.19,1.463186463,4.252022155,-1.675444297,2.653333333,,,,
6,11/16/21,2021,November,11,0.79,0.700862356,,,,,,,
8,11/16/21,2021,November,11,0.60,0.338758405,,,,,,,
15,11/16/21,2021,November,11,0.50,0.148177378,0.395932713,-1.279511585,0.63,,,,
6,12/15/21,2021,December,12,0.17,-0.48074001,,,,,,,
8,12/15/21,2021,December,12,0.17,-0.48074001,,,,0.42,,,
15,12/15/21,2021,December,12,0.15,-0.518856216,-0.493445412,-1.772956997,0.163333333,0.52,,,
